claim_id,policy_id,event_id,date_of_loss,reported_date,peril_type,claim_status,incurred_amount,paid_to_date,snapshot_date
CLM-000001,POL-004854,CYC-2025-01,2025-02-10,2025-02-17,Riverine Flood,Open,52549.93,0.0,2025-02-17
CLM-000001,POL-004854,CYC-2025-01,2025-02-10,2025-02-17,Riverine Flood,Closed,111473.93,109695.57,2025-03-13
CLM-000002,POL-003028,CYC-2025-02,2025-11-28,2025-12-10,Wind,Open,363369.13,0.0,2025-12-10
CLM-000002,POL-003028,CYC-2025-02,2025-11-28,2025-12-10,Wind,Closed,786830.36,747730.86,2026-06-06
CLM-000003,POL-000247,CYC-2024-01,2024-01-22,2024-02-01,Wind,Open,487268.49,0.0,2024-02-01
CLM-000003,POL-000247,CYC-2024-01,2024-01-22,2024-02-01,Wind,Closed,1136876.21,1001163.58,2024-07-27
CLM-000004,POL-003743,CYC-2025-01,2025-02-09,2025-02-10,Storm Surge,Open,49088.42,0.0,2025-02-10
CLM-000004,POL-003743,CYC-2025-01,2025-02-09,2025-02-10,Storm Surge,Closed,132168.9,119760.84,2025-07-10
CLM-000005,POL-003446,CYC-2024-01,2024-01-22,2024-02-03,Riverine Flood,Open,130007.74,0.0,2024-02-03
CLM-000005,POL-003446,CYC-2024-01,2024-01-22,2024-02-03,Riverine Flood,Closed,262745.33,239227.22,2024-03-03
CLM-000006,POL-000767,CYC-2024-01,2024-01-24,2024-02-05,Riverine Flood,Open,257872.27,0.0,2024-02-05
CLM-000006,POL-000767,CYC-2024-01,2024-01-24,2024-02-05,Riverine Flood,Reopened,558764.63,477001.95,2024-10-10
CLM-000007,POL-002888,CYC-2025-01,2025-02-08,2025-02-13,Riverine Flood,Open,15272.25,0.0,2025-02-13
CLM-000008,POL-001648,CYC-2025-01,2025-02-09,2025-02-17,Riverine Flood,Open,36774.51,0.0,2025-02-17
CLM-000008,POL-001648,CYC-2025-01,2025-02-09,2025-02-17,Riverine Flood,Closed,115838.98,99394.05,2025-03-17
CLM-000009,POL-003200,CYC-2025-02,2025-11-27,2025-12-02,Riverine Flood,Open,340159.52,0.0,2025-12-02
CLM-000009,POL-003200,CYC-2025-02,2025-11-27,2025-12-02,Riverine Flood,Closed,591132.25,521422.42,2026-05-15
CLM-000010,POL-003491,CYC-2025-02,2025-11-27,2025-12-04,Wind,Open,150451.68,0.0,2025-12-04
CLM-000010,POL-003491,CYC-2025-02,2025-11-27,2025-12-04,Wind,Reopened,370358.63,351555.81,2026-07-29
CLM-000011,POL-002536,CYC-2024-01,2024-01-23,2024-02-03,Storm Surge,Open,67221.38,0.0,2024-02-03
CLM-000011,POL-002536,CYC-2024-01,2024-01-23,2024-02-03,Storm Surge,Closed,152530.24,144067.12,2024-05-25
CLM-000012,POL-003968,CYC-2024-02,2024-03-17,2024-03-22,Riverine Flood,Open,84900.77,0.0,2024-03-22
CLM-000012,POL-003968,CYC-2024-02,2024-03-17,2024-03-22,Riverine Flood,Closed,147759.52,139747.27,2024-07-13
CLM-000013,POL-002228,CYC-2024-02,2024-03-17,2024-03-18,Wind,Open,165298.56,0.0,2024-03-18
CLM-000013,POL-002228,CYC-2024-02,2024-03-17,2024-03-18,Wind,Closed,315901.34,274712.6,2024-06-29
CLM-000014,POL-003578,CYC-2024-01,2024-01-22,2024-01-30,Storm Surge,Open,44442.15,0.0,2024-01-30
CLM-000014,POL-003578,CYC-2024-01,2024-01-22,2024-01-30,Storm Surge,Closed,102694.02,95029.81,2024-07-06
CLM-000015,POL-002163,CYC-2024-01,2024-01-23,2024-02-04,Wind,Open,44147.78,0.0,2024-02-04
CLM-000015,POL-002163,CYC-2024-01,2024-01-23,2024-02-04,Wind,Closed,111200.38,103052.24,2024-03-06
CLM-000016,POL-003222,CYC-2025-01,2025-02-08,2025-02-13,Storm Surge,Open,11751.36,0.0,2025-02-13
CLM-000016,POL-003222,CYC-2025-01,2025-02-08,2025-02-13,Storm Surge,Closed,25629.06,25616.55,2025-04-19
CLM-000017,POL-002705,CYC-2024-01,2024-01-23,2024-01-31,Wind,Open,45954.81,0.0,2024-01-31
CLM-000017,POL-002705,CYC-2024-01,2024-01-23,2024-01-31,Wind,Closed,120029.89,104231.42,2024-07-18
CLM-000018,POL-000665,CYC-2023-02,2023-12-04,2023-12-11,Wind,Open,25149.82,0.0,2023-12-11
CLM-000019,POL-003349,CYC-2025-02,2025-11-29,2025-12-13,Wind,Open,12613.2,0.0,2025-12-13
CLM-000019,POL-003349,CYC-2025-02,2025-11-29,2025-12-13,Wind,Closed,32274.56,28506.24,2026-06-05
CLM-000020,POL-003408,CYC-2025-02,2025-11-28,2025-11-29,Riverine Flood,Open,784.2,0.0,2025-11-29
CLM-000020,POL-003408,CYC-2025-02,2025-11-28,2025-11-29,Riverine Flood,Closed,1479.82,1333.04,2026-05-18
CLM-000021,POL-001582,CYC-2025-01,2025-02-08,2025-02-10,Wind,Open,7130.75,0.0,2025-02-10
CLM-000021,POL-001582,CYC-2025-01,2025-02-08,2025-02-10,Wind,Closed,12107.92,11306.87,2025-06-05
CLM-000022,POL-000743,CYC-2025-01,2025-02-10,2025-02-23,Wind,Open,95123.55,0.0,2025-02-23
CLM-000023,POL-001672,CYC-2025-02,2025-11-29,2025-11-30,Wind,Open,60707.22,0.0,2025-11-30
CLM-000024,POL-001803,CYC-2023-02,2023-12-03,2023-12-04,Riverine Flood,Open,144159.3,0.0,2023-12-04
CLM-000025,POL-002173,CYC-2023-01,2023-02-11,2023-02-18,Riverine Flood,Open,30348.93,0.0,2023-02-18
CLM-000025,POL-002173,CYC-2023-01,2023-02-11,2023-02-18,Riverine Flood,Closed,87625.06,74572.06,2023-07-26
CLM-000026,POL-000269,CYC-2025-02,2025-11-27,2025-11-29,Wind,Open,86126.8,0.0,2025-11-29
CLM-000026,POL-000269,CYC-2025-02,2025-11-27,2025-11-29,Wind,Closed,245791.8,210695.17,2026-04-08
CLM-000027,POL-001492,CYC-2024-01,2024-01-24,2024-01-31,Wind,Open,26455.11,0.0,2024-01-31
CLM-000027,POL-001492,CYC-2024-01,2024-01-24,2024-01-31,Wind,Closed,49318.91,47957.66,2024-05-02
CLM-000028,POL-003527,CYC-2025-01,2025-02-10,2025-02-20,Riverine Flood,Open,73633.52,0.0,2025-02-20
CLM-000028,POL-003527,CYC-2025-01,2025-02-10,2025-02-20,Riverine Flood,Closed,144049.6,138924.53,2025-08-05
CLM-000029,POL-001004,CYC-2024-02,2024-03-15,2024-03-29,Riverine Flood,Open,41275.35,0.0,2024-03-29
CLM-000029,POL-001004,CYC-2024-02,2024-03-15,2024-03-29,Riverine Flood,Closed,131975.39,125874.01,2024-05-07
CLM-000030,POL-000838,CYC-2024-01,2024-01-24,2024-02-07,Wind,Open,64431.15,0.0,2024-02-07
CLM-000030,POL-000838,CYC-2024-01,2024-01-24,2024-02-07,Wind,Closed,152976.98,149044.73,2024-05-22
CLM-000031,POL-001079,CYC-2025-02,2025-11-28,2025-12-09,Storm Surge,Open,20406.21,0.0,2025-12-09
CLM-000032,POL-000333,CYC-2024-02,2024-03-17,2024-03-25,Wind,Open,136093.58,0.0,2024-03-25
CLM-000033,POL-003532,CYC-2023-02,2023-12-03,2023-12-10,Wind,Open,74351.56,0.0,2023-12-10
CLM-000034,POL-000785,CYC-2024-02,2024-03-16,2024-03-21,Storm Surge,Open,234276.24,0.0,2024-03-21
CLM-000034,POL-000785,CYC-2024-02,2024-03-16,2024-03-21,Storm Surge,Closed,466975.21,419355.56,2024-08-20
CLM-000035,POL-003174,CYC-2023-02,2023-12-04,2023-12-11,Riverine Flood,Open,63760.15,0.0,2023-12-11
CLM-000035,POL-003174,CYC-2023-02,2023-12-04,2023-12-11,Riverine Flood,Closed,210872.59,195755.98,2024-05-31
CLM-000036,POL-003277,CYC-2025-01,2025-02-10,2025-02-24,Riverine Flood,Open,241869.32,0.0,2025-02-24
CLM-000036,POL-003277,CYC-2025-01,2025-02-10,2025-02-24,Riverine Flood,Closed,538335.57,461203.27,2025-05-30
CLM-000037,POL-000711,CYC-2025-02,2025-11-28,2025-12-12,Storm Surge,Open,178309.84,0.0,2025-12-12
CLM-000037,POL-000711,CYC-2025-02,2025-11-28,2025-12-12,Storm Surge,Reopened,379164.83,316618.05,2026-07-22
CLM-000038,POL-002531,CYC-2025-01,2025-02-08,2025-02-12,Wind,Open,62479.76,0.0,2025-02-12
CLM-000038,POL-002531,CYC-2025-01,2025-02-08,2025-02-12,Wind,Closed,156536.98,149938.76,2025-04-21
CLM-000039,POL-001225,CYC-2023-02,2023-12-05,2023-12-15,Riverine Flood,Open,43829.84,0.0,2023-12-15
CLM-000039,POL-001225,CYC-2023-02,2023-12-05,2023-12-15,Riverine Flood,Closed,114960.44,110227.59,2024-03-01
CLM-000040,POL-000616,CYC-2024-01,2024-01-24,2024-02-07,Storm Surge,Open,17394.54,0.0,2024-02-07
CLM-000041,POL-004457,CYC-2023-02,2023-12-04,2023-12-08,Riverine Flood,Open,13503.82,0.0,2023-12-08
CLM-000042,POL-001234,CYC-2024-01,2024-01-23,2024-01-30,Wind,Open,40320.04,0.0,2024-01-30
CLM-000042,POL-001234,CYC-2024-01,2024-01-23,2024-01-30,Wind,Closed,74222.7,68699.81,2024-05-21
CLM-000043,POL-001045,CYC-2024-02,2024-03-17,2024-03-30,Wind,Open,57799.35,0.0,2024-03-30
CLM-000044,POL-002638,CYC-2023-02,2023-12-03,2023-12-12,Wind,Open,90205.98,0.0,2023-12-12
CLM-000044,POL-002638,CYC-2023-02,2023-12-03,2023-12-12,Wind,Closed,293283.45,260366.72,2024-03-04
CLM-000045,POL-004185,CYC-2024-02,2024-03-16,2024-03-17,Wind,Open,32675.15,0.0,2024-03-17
CLM-000045,POL-004185,CYC-2024-02,2024-03-16,2024-03-17,Wind,Closed,71081.91,63610.08,2024-08-10
CLM-000046,POL-004101,CYC-2024-02,2024-03-17,2024-03-31,Wind,Open,37392.75,0.0,2024-03-31
CLM-000046,POL-004101,CYC-2024-02,2024-03-17,2024-03-31,Wind,Closed,68426.59,63863.69,2024-07-28
CLM-000047,POL-000842,CYC-2024-01,2024-01-24,2024-02-07,Riverine Flood,Open,12337.45,0.0,2024-02-07
CLM-000048,POL-002158,CYC-2023-02,2023-12-03,2023-12-06,Wind,Open,7837.12,0.0,2023-12-06
CLM-000049,POL-001750,CYC-2023-01,2023-02-13,2023-02-18,Riverine Flood,Open,23301.55,0.0,2023-02-18
CLM-000050,POL-003541,CYC-2025-01,2025-02-08,2025-02-18,Wind,Open,44985.21,0.0,2025-02-18
CLM-000050,POL-003541,CYC-2025-01,2025-02-08,2025-02-18,Wind,Closed,100212.03,95717.76,2025-07-26
CLM-000051,POL-004348,CYC-2025-01,2025-02-09,2025-02-12,Wind,Open,18229.32,0.0,2025-02-12
CLM-000051,POL-004348,CYC-2025-01,2025-02-09,2025-02-12,Wind,Closed,54467.73,50375.63,2025-04-12
CLM-000052,POL-002364,CYC-2025-01,2025-02-08,2025-02-14,Storm Surge,Open,137301.16,0.0,2025-02-14
CLM-000052,POL-002364,CYC-2025-01,2025-02-08,2025-02-14,Storm Surge,Closed,362070.05,308507.95,2025-06-26
CLM-000053,POL-004304,CYC-2023-02,2023-12-05,2023-12-06,Riverine Flood,Open,135272.03,0.0,2023-12-06
CLM-000053,POL-004304,CYC-2023-02,2023-12-05,2023-12-06,Riverine Flood,Closed,309042.9,281744.99,2024-04-02
CLM-000054,POL-000985,CYC-2023-02,2023-12-05,2023-12-19,Riverine Flood,Open,121084.72,0.0,2023-12-19
CLM-000055,POL-003939,CYC-2025-01,2025-02-09,2025-02-13,Riverine Flood,Open,270989.92,0.0,2025-02-13
CLM-000056,POL-004803,CYC-2024-02,2024-03-17,2024-03-18,Riverine Flood,Open,169956.75,0.0,2024-03-18
CLM-000056,POL-004803,CYC-2024-02,2024-03-17,2024-03-18,Riverine Flood,Closed,300153.23,259384.95,2024-06-05
CLM-000057,POL-002786,CYC-2025-01,2025-02-09,2025-02-20,Riverine Flood,Open,91910.08,0.0,2025-02-20
CLM-000058,POL-003186,CYC-2025-02,2025-11-29,2025-12-11,Wind,Open,54692.9,0.0,2025-12-11
CLM-000058,POL-003186,CYC-2025-02,2025-11-29,2025-12-11,Wind,Closed,105635.46,93789.82,2026-04-06
CLM-000059,POL-002770,CYC-2025-01,2025-02-09,2025-02-19,Wind,Open,94415.03,0.0,2025-02-19
CLM-000059,POL-002770,CYC-2025-01,2025-02-09,2025-02-19,Wind,Closed,162892.59,144487.62,2025-08-17
CLM-000060,POL-001709,CYC-2024-02,2024-03-17,2024-03-24,Wind,Open,51832.27,0.0,2024-03-24
CLM-000060,POL-001709,CYC-2024-02,2024-03-17,2024-03-24,Wind,Closed,113692.18,106324.18,2024-07-15
CLM-000061,POL-003978,CYC-2024-01,2024-01-22,2024-01-31,Storm Surge,Open,50640.2,0.0,2024-01-31
CLM-000061,POL-003978,CYC-2024-01,2024-01-22,2024-01-31,Storm Surge,Closed,102157.49,93459.08,2024-04-05
CLM-000062,POL-001643,CYC-2025-01,2025-02-10,2025-02-11,Riverine Flood,Open,97184.9,0.0,2025-02-11
CLM-000062,POL-001643,CYC-2025-01,2025-02-10,2025-02-11,Riverine Flood,Closed,296121.12,256422.93,2025-08-06
CLM-000063,POL-001629,CYC-2024-02,2024-03-16,2024-03-17,Storm Surge,Open,45593.2,0.0,2024-03-17
CLM-000064,POL-004939,CYC-2025-01,2025-02-09,2025-02-19,Storm Surge,Open,51164.31,0.0,2025-02-19
CLM-000064,POL-004939,CYC-2025-01,2025-02-09,2025-02-19,Storm Surge,Closed,123505.63,113355.15,2025-06-18
CLM-000065,POL-001587,CYC-2024-02,2024-03-16,2024-03-26,Wind,Open,34411.48,0.0,2024-03-26
CLM-000066,POL-004006,CYC-2024-02,2024-03-15,2024-03-23,Wind,Open,1452589.29,0.0,2024-03-23
CLM-000066,POL-004006,CYC-2024-02,2024-03-15,2024-03-23,Wind,Closed,2889125.39,2772184.05,2024-05-28
CLM-000067,POL-003474,CYC-2025-01,2025-02-10,2025-02-23,Wind,Open,21222.91,0.0,2025-02-23
CLM-000068,POL-002244,CYC-2024-01,2024-01-22,2024-02-02,Storm Surge,Open,18297.42,0.0,2024-02-02
CLM-000069,POL-003173,CYC-2024-02,2024-03-17,2024-03-31,Riverine Flood,Open,76870.64,0.0,2024-03-31
CLM-000069,POL-003173,CYC-2024-02,2024-03-17,2024-03-31,Riverine Flood,Closed,157358.27,153904.31,2024-06-29
CLM-000070,POL-001063,CYC-2024-01,2024-01-23,2024-02-04,Wind,Open,79331.49,0.0,2024-02-04
CLM-000071,POL-002120,CYC-2024-01,2024-01-22,2024-01-23,Storm Surge,Open,56484.34,0.0,2024-01-23
CLM-000071,POL-002120,CYC-2024-01,2024-01-22,2024-01-23,Storm Surge,Closed,106202.39,96239.5,2024-02-13
CLM-000072,POL-004372,CYC-2024-01,2024-01-24,2024-01-31,Storm Surge,Open,16085.46,0.0,2024-01-31
CLM-000072,POL-004372,CYC-2024-01,2024-01-24,2024-01-31,Storm Surge,Closed,41151.58,39278.94,2024-03-01
CLM-000073,POL-001814,CYC-2024-02,2024-03-16,2024-03-17,Wind,Open,38647.96,0.0,2024-03-17
CLM-000074,POL-004367,CYC-2024-02,2024-03-16,2024-03-29,Riverine Flood,Open,29649.54,0.0,2024-03-29
CLM-000074,POL-004367,CYC-2024-02,2024-03-16,2024-03-29,Riverine Flood,Closed,50581.37,48650.93,2024-08-06
CLM-000075,POL-000914,CYC-2024-01,2024-01-22,2024-01-23,Riverine Flood,Open,2340918.03,0.0,2024-01-23
CLM-000075,POL-000914,CYC-2024-01,2024-01-22,2024-01-23,Riverine Flood,Closed,4156919.16,3838436.61,2024-07-21
CLM-000075,POL-000914,CYC-2024-01,2024-01-22,2024-01-23,Riverine Flood,Reopened,4225617.45,4078261.37,2024-09-28
CLM-000076,POL-003210,CYC-2024-01,2024-01-23,2024-02-01,Storm Surge,Open,69506.5,0.0,2024-02-01
CLM-000076,POL-003210,CYC-2024-01,2024-01-23,2024-02-01,Storm Surge,Closed,193668.77,177026.31,2024-02-26
CLM-000077,POL-001761,CYC-2024-01,2024-01-24,2024-02-07,Wind,Open,30206.05,0.0,2024-02-07
CLM-000078,POL-000260,CYC-2023-02,2023-12-03,2023-12-11,Riverine Flood,Open,36579.5,0.0,2023-12-11
CLM-000078,POL-000260,CYC-2023-02,2023-12-03,2023-12-11,Riverine Flood,Closed,114979.71,109464.13,2024-05-17
CLM-000079,POL-003783,CYC-2024-01,2024-01-24,2024-01-28,Wind,Open,214750.54,0.0,2024-01-28
CLM-000080,POL-002740,CYC-2025-02,2025-11-27,2025-12-04,Wind,Open,72270.34,0.0,2025-12-04
CLM-000080,POL-002740,CYC-2025-02,2025-11-27,2025-12-04,Wind,Closed,130568.14,127016.75,2025-12-31
CLM-000081,POL-001680,CYC-2025-01,2025-02-09,2025-02-10,Riverine Flood,Open,52304.5,0.0,2025-02-10
CLM-000081,POL-001680,CYC-2025-01,2025-02-09,2025-02-10,Riverine Flood,Closed,141977.69,130529.46,2025-05-30
CLM-000082,POL-002149,CYC-2025-01,2025-02-08,2025-02-17,Wind,Open,100725.07,0.0,2025-02-17
CLM-000082,POL-002149,CYC-2025-01,2025-02-08,2025-02-17,Wind,Closed,179628.68,174336.51,2025-06-16
CLM-000083,POL-004035,CYC-2025-02,2025-11-29,2025-11-30,Wind,Open,44874.26,0.0,2025-11-30
CLM-000083,POL-004035,CYC-2025-02,2025-11-29,2025-11-30,Wind,Closed,96452.4,96401.99,2026-03-10
CLM-000084,POL-003046,CYC-2024-02,2024-03-17,2024-03-21,Wind,Open,90499.44,0.0,2024-03-21
CLM-000084,POL-003046,CYC-2024-02,2024-03-17,2024-03-21,Wind,Closed,164538.01,154839.77,2024-05-13
CLM-000085,POL-003295,CYC-2024-02,2024-03-15,2024-03-20,Wind,Open,67954.05,0.0,2024-03-20
CLM-000085,POL-003295,CYC-2024-02,2024-03-15,2024-03-20,Wind,Reopened,128897.19,102529.6,2024-10-02
CLM-000086,POL-003793,CYC-2023-02,2023-12-03,2023-12-05,Storm Surge,Open,17316.44,0.0,2023-12-05
CLM-000086,POL-003793,CYC-2023-02,2023-12-03,2023-12-05,Storm Surge,Reopened,37749.56,31918.05,2024-07-10
CLM-000087,POL-000267,CYC-2025-01,2025-02-08,2025-02-16,Wind,Open,82298.7,0.0,2025-02-16
CLM-000087,POL-000267,CYC-2025-01,2025-02-08,2025-02-16,Wind,Closed,156180.47,153485.8,2025-06-30
CLM-000088,POL-002683,CYC-2023-02,2023-12-03,2023-12-14,Wind,Open,43392.06,0.0,2023-12-14
CLM-000088,POL-002683,CYC-2023-02,2023-12-03,2023-12-14,Wind,Closed,121772.14,111481.01,2024-02-07
CLM-000089,POL-001513,CYC-2024-01,2024-01-23,2024-01-25,Wind,Open,141097.32,0.0,2024-01-25
CLM-000089,POL-001513,CYC-2024-01,2024-01-23,2024-01-25,Wind,Closed,351896.06,311974.07,2024-02-24
CLM-000090,POL-001016,CYC-2025-01,2025-02-10,2025-02-19,Wind,Open,99965.63,0.0,2025-02-19
CLM-000090,POL-001016,CYC-2025-01,2025-02-10,2025-02-19,Wind,Closed,229255.41,195379.24,2025-06-05
CLM-000091,POL-003594,CYC-2024-01,2024-01-23,2024-01-26,Wind,Open,253916.33,0.0,2024-01-26
CLM-000092,POL-003665,CYC-2023-02,2023-12-05,2023-12-06,Storm Surge,Open,58696.22,0.0,2023-12-06
CLM-000092,POL-003665,CYC-2023-02,2023-12-05,2023-12-06,Storm Surge,Closed,192378.45,188747.28,2024-03-07
CLM-000093,POL-004485,CYC-2024-01,2024-01-24,2024-01-26,Riverine Flood,Open,34894.02,0.0,2024-01-26
CLM-000093,POL-004485,CYC-2024-01,2024-01-24,2024-01-26,Riverine Flood,Closed,80976.94,72971.39,2024-07-08
CLM-000094,POL-001262,CYC-2024-01,2024-01-22,2024-01-30,Wind,Open,46688.89,0.0,2024-01-30
CLM-000094,POL-001262,CYC-2024-01,2024-01-22,2024-01-30,Wind,Closed,123172.7,111636.42,2024-02-24
CLM-000095,POL-001269,CYC-2023-02,2023-12-05,2023-12-19,Wind,Open,543293.15,0.0,2023-12-19
CLM-000095,POL-001269,CYC-2023-02,2023-12-05,2023-12-19,Wind,Closed,1323989.55,1165499.71,2024-06-16
CLM-000096,POL-002777,CYC-2024-01,2024-01-23,2024-01-29,Storm Surge,Open,82598.16,0.0,2024-01-29
CLM-000096,POL-002777,CYC-2024-01,2024-01-23,2024-01-29,Storm Surge,Closed,145850.93,141506.47,2024-06-08
CLM-000097,POL-003474,CYC-2025-01,2025-02-10,2025-02-17,Storm Surge,Open,12556.85,0.0,2025-02-17
CLM-000097,POL-003474,CYC-2025-01,2025-02-10,2025-02-17,Storm Surge,Closed,29585.32,26727.92,2025-08-12
CLM-000097,POL-003474,CYC-2025-01,2025-02-10,2025-02-17,Storm Surge,Reopened,29718.32,26999.75,2025-08-28
CLM-000098,POL-004744,CYC-2024-02,2024-03-15,2024-03-26,Riverine Flood,Open,118275.18,0.0,2024-03-26
CLM-000099,POL-000885,CYC-2024-01,2024-01-22,2024-01-26,Riverine Flood,Open,77270.93,0.0,2024-01-26
CLM-000099,POL-000885,CYC-2024-01,2024-01-22,2024-01-26,Riverine Flood,Closed,152772.23,151407.16,2024-04-10
CLM-000100,POL-000349,CYC-2023-02,2023-12-05,2023-12-08,Storm Surge,Open,788520.61,0.0,2023-12-08
CLM-000101,POL-004361,CYC-2025-01,2025-02-09,2025-02-16,Wind,Open,35575.97,0.0,2025-02-16
CLM-000101,POL-004361,CYC-2025-01,2025-02-09,2025-02-16,Wind,Closed,66887.54,64356.49,2025-05-10
CLM-000102,POL-000065,CYC-2025-01,2025-02-10,2025-02-17,Wind,Open,55481.52,0.0,2025-02-17
CLM-000102,POL-000065,CYC-2025-01,2025-02-10,2025-02-17,Wind,Closed,143129.87,128250.53,2025-06-22
CLM-000103,POL-002111,CYC-2024-02,2024-03-15,2024-03-22,Riverine Flood,Open,162373.7,0.0,2024-03-22
CLM-000103,POL-002111,CYC-2024-02,2024-03-15,2024-03-22,Riverine Flood,Closed,384826.94,357020.3,2024-07-03
CLM-000104,POL-003635,CYC-2024-01,2024-01-24,2024-01-29,Wind,Open,24821.49,0.0,2024-01-29
CLM-000104,POL-003635,CYC-2024-01,2024-01-24,2024-01-29,Wind,Closed,59781.06,56343.09,2024-07-12
CLM-000105,POL-002706,CYC-2024-02,2024-03-17,2024-03-30,Wind,Open,16795.82,0.0,2024-03-30
CLM-000105,POL-002706,CYC-2024-02,2024-03-17,2024-03-30,Wind,Closed,55370.94,53753.03,2024-09-10
CLM-000106,POL-001140,CYC-2025-01,2025-02-08,2025-02-11,Riverine Flood,Open,11470.39,0.0,2025-02-11
CLM-000106,POL-001140,CYC-2025-01,2025-02-08,2025-02-11,Riverine Flood,Closed,30194.23,26506.33,2025-04-07
CLM-000107,POL-004572,CYC-2024-01,2024-01-23,2024-02-01,Wind,Open,97873.76,0.0,2024-02-01
CLM-000107,POL-004572,CYC-2024-01,2024-01-23,2024-02-01,Wind,Closed,166141.63,142502.78,2024-04-23
CLM-000108,POL-002701,CYC-2024-01,2024-01-24,2024-01-31,Riverine Flood,Open,399497.44,0.0,2024-01-31
CLM-000108,POL-002701,CYC-2024-01,2024-01-24,2024-01-31,Riverine Flood,Closed,806222.11,785140.37,2024-05-25
CLM-000109,POL-001080,CYC-2024-02,2024-03-16,2024-03-20,Riverine Flood,Open,279808.03,0.0,2024-03-20
CLM-000110,POL-003368,CYC-2023-01,2023-02-12,2023-02-13,Wind,Open,14871.3,0.0,2023-02-13
CLM-000110,POL-003368,CYC-2023-01,2023-02-12,2023-02-13,Wind,Closed,38372.42,35099.02,2023-07-13
CLM-000111,POL-002045,CYC-2024-01,2024-01-24,2024-01-25,Wind,Open,19321.65,0.0,2024-01-25
CLM-000111,POL-002045,CYC-2024-01,2024-01-24,2024-01-25,Wind,Closed,35692.27,30880.68,2024-07-23
CLM-000112,POL-000718,CYC-2025-02,2025-11-27,2025-12-04,Wind,Open,63167.16,0.0,2025-12-04
CLM-000112,POL-000718,CYC-2025-02,2025-11-27,2025-12-04,Wind,Closed,123117.2,117052.78,2026-04-28
CLM-000113,POL-000391,CYC-2024-01,2024-01-22,2024-01-24,Wind,Open,30149.81,0.0,2024-01-24
CLM-000113,POL-000391,CYC-2024-01,2024-01-22,2024-01-24,Wind,Closed,57868.73,52344.84,2024-02-22
CLM-000114,POL-002421,CYC-2025-01,2025-02-09,2025-02-10,Riverine Flood,Open,163098.39,0.0,2025-02-10
CLM-000114,POL-002421,CYC-2025-01,2025-02-09,2025-02-10,Riverine Flood,Closed,319182.97,291855.22,2025-08-07
CLM-000115,POL-002594,CYC-2025-01,2025-02-08,2025-02-20,Riverine Flood,Open,85563.62,0.0,2025-02-20
CLM-000115,POL-002594,CYC-2025-01,2025-02-08,2025-02-20,Riverine Flood,Closed,165864.9,151636.35,2025-03-22
CLM-000115,POL-002594,CYC-2025-01,2025-02-08,2025-02-20,Riverine Flood,Reopened,188185.07,165326.45,2025-09-08
CLM-000116,POL-004504,CYC-2025-01,2025-02-09,2025-02-12,Wind,Open,32285.63,0.0,2025-02-12
CLM-000116,POL-004504,CYC-2025-01,2025-02-09,2025-02-12,Wind,Closed,103110.07,89596.34,2025-08-07
CLM-000117,POL-000713,CYC-2023-02,2023-12-04,2023-12-06,Wind,Open,93119.57,0.0,2023-12-06
CLM-000118,POL-003717,CYC-2024-01,2024-01-22,2024-01-29,Wind,Open,40300.21,0.0,2024-01-29
CLM-000118,POL-003717,CYC-2024-01,2024-01-22,2024-01-29,Wind,Closed,82461.24,71872.89,2024-03-03
CLM-000119,POL-000582,CYC-2023-02,2023-12-05,2023-12-18,Wind,Open,26432.61,0.0,2023-12-18
CLM-000119,POL-000582,CYC-2023-02,2023-12-05,2023-12-18,Wind,Closed,74653.96,69887.49,2024-02-24
CLM-000120,POL-004774,CYC-2025-02,2025-11-27,2025-11-30,Wind,Open,77844.93,0.0,2025-11-30
CLM-000120,POL-004774,CYC-2025-02,2025-11-27,2025-11-30,Wind,Closed,139455.59,119208.04,2026-02-16
CLM-000121,POL-004329,CYC-2024-01,2024-01-24,2024-01-29,Riverine Flood,Open,116238.06,0.0,2024-01-29
CLM-000121,POL-004329,CYC-2024-01,2024-01-24,2024-01-29,Riverine Flood,Closed,362510.77,325697.46,2024-03-05
CLM-000122,POL-000409,CYC-2025-01,2025-02-09,2025-02-13,Wind,Open,46773.7,0.0,2025-02-13
CLM-000122,POL-000409,CYC-2025-01,2025-02-09,2025-02-13,Wind,Closed,88388.04,84525.5,2025-07-06
CLM-000123,POL-002480,CYC-2023-02,2023-12-03,2023-12-11,Wind,Open,39821.03,0.0,2023-12-11
CLM-000123,POL-002480,CYC-2023-02,2023-12-03,2023-12-11,Wind,Closed,68808.47,59476.93,2024-02-06
CLM-000124,POL-002209,CYC-2024-02,2024-03-15,2024-03-26,Wind,Open,78251.03,0.0,2024-03-26
CLM-000124,POL-002209,CYC-2024-02,2024-03-15,2024-03-26,Wind,Closed,142170.62,140473.65,2024-06-08
CLM-000125,POL-004632,CYC-2025-02,2025-11-28,2025-12-06,Wind,Open,112841.07,0.0,2025-12-06
CLM-000125,POL-004632,CYC-2025-02,2025-11-28,2025-12-06,Wind,Closed,272841.52,246427.98,2026-01-04
CLM-000126,POL-004611,CYC-2023-02,2023-12-05,2023-12-09,Wind,Open,44909.67,0.0,2023-12-09
CLM-000126,POL-004611,CYC-2023-02,2023-12-05,2023-12-09,Wind,Closed,120013.68,112612.28,2024-05-01
CLM-000127,POL-004253,CYC-2025-01,2025-02-09,2025-02-23,Riverine Flood,Open,104821.39,0.0,2025-02-23
CLM-000127,POL-004253,CYC-2025-01,2025-02-09,2025-02-23,Riverine Flood,Closed,257874.0,241277.25,2025-06-08
CLM-000128,POL-000176,CYC-2025-02,2025-11-28,2025-12-09,Wind,Open,54605.91,0.0,2025-12-09
CLM-000128,POL-000176,CYC-2025-02,2025-11-28,2025-12-09,Wind,Closed,137858.43,126488.56,2026-02-13
CLM-000129,POL-004597,CYC-2024-02,2024-03-15,2024-03-25,Wind,Open,118452.41,0.0,2024-03-25
CLM-000129,POL-004597,CYC-2024-02,2024-03-15,2024-03-25,Wind,Closed,239391.66,203608.17,2024-09-07
CLM-000130,POL-000198,CYC-2024-01,2024-01-24,2024-02-01,Storm Surge,Open,71138.95,0.0,2024-02-01
CLM-000130,POL-000198,CYC-2024-01,2024-01-24,2024-02-01,Storm Surge,Closed,132853.67,122175.14,2024-07-20
CLM-000131,POL-004614,CYC-2024-01,2024-01-24,2024-02-01,Wind,Open,108570.37,0.0,2024-02-01
CLM-000131,POL-004614,CYC-2024-01,2024-01-24,2024-02-01,Wind,Closed,249656.25,225764.78,2024-07-22
CLM-000132,POL-000985,CYC-2023-02,2023-12-03,2023-12-11,Wind,Open,370313.05,0.0,2023-12-11
CLM-000132,POL-000985,CYC-2023-02,2023-12-03,2023-12-11,Wind,Closed,686878.95,601847.6,2024-06-04
CLM-000132,POL-000985,CYC-2023-02,2023-12-03,2023-12-11,Wind,Reopened,723653.53,627575.44,2024-08-11
CLM-000133,POL-003874,CYC-2023-02,2023-12-03,2023-12-12,Wind,Open,61701.66,0.0,2023-12-12
CLM-000134,POL-003063,CYC-2025-01,2025-02-10,2025-02-14,Storm Surge,Open,104923.14,0.0,2025-02-14
CLM-000134,POL-003063,CYC-2025-01,2025-02-10,2025-02-14,Storm Surge,Closed,254758.64,234492.94,2025-08-04
CLM-000135,POL-001640,CYC-2023-01,2023-02-12,2023-02-14,Riverine Flood,Open,116730.27,0.0,2023-02-14
CLM-000135,POL-001640,CYC-2023-01,2023-02-12,2023-02-14,Riverine Flood,Closed,246683.16,230964.36,2023-08-02
CLM-000136,POL-004548,CYC-2024-02,2024-03-15,2024-03-27,Riverine Flood,Open,92986.84,0.0,2024-03-27
CLM-000136,POL-004548,CYC-2024-02,2024-03-15,2024-03-27,Riverine Flood,Closed,173846.75,156360.13,2024-06-15
CLM-000137,POL-003470,CYC-2025-02,2025-11-27,2025-12-05,Wind,Open,57311.75,0.0,2025-12-05
CLM-000137,POL-003470,CYC-2025-02,2025-11-27,2025-12-05,Wind,Closed,127005.46,110957.88,2026-05-16
CLM-000138,POL-002379,CYC-2025-02,2025-11-28,2025-12-02,Wind,Open,16353.92,0.0,2025-12-02
CLM-000138,POL-002379,CYC-2025-02,2025-11-28,2025-12-02,Wind,Closed,50349.01,46055.51,2026-05-01
CLM-000139,POL-003600,CYC-2024-01,2024-01-24,2024-02-07,Riverine Flood,Open,68349.24,0.0,2024-02-07
CLM-000139,POL-003600,CYC-2024-01,2024-01-24,2024-02-07,Riverine Flood,Closed,145807.62,125558.53,2024-04-19
CLM-000140,POL-002707,CYC-2024-02,2024-03-17,2024-03-26,Wind,Open,198057.36,0.0,2024-03-26
CLM-000140,POL-002707,CYC-2024-02,2024-03-17,2024-03-26,Wind,Closed,638088.18,598991.64,2024-07-21
CLM-000141,POL-001635,CYC-2025-01,2025-02-10,2025-02-19,Wind,Open,41767.12,0.0,2025-02-19
CLM-000141,POL-001635,CYC-2025-01,2025-02-10,2025-02-19,Wind,Closed,90575.16,84768.79,2025-06-21
CLM-000142,POL-003988,CYC-2025-02,2025-11-28,2025-12-07,Riverine Flood,Open,89488.01,0.0,2025-12-07
CLM-000142,POL-003988,CYC-2025-02,2025-11-28,2025-12-07,Riverine Flood,Closed,192983.02,181731.02,2026-04-12
CLM-000143,POL-000931,CYC-2023-02,2023-12-05,2023-12-16,Storm Surge,Open,34062.03,0.0,2023-12-16
CLM-000143,POL-000931,CYC-2023-02,2023-12-05,2023-12-16,Storm Surge,Closed,105367.38,90156.29,2024-05-11
CLM-000144,POL-002346,CYC-2025-02,2025-11-27,2025-12-01,Wind,Open,23927.53,0.0,2025-12-01
CLM-000144,POL-002346,CYC-2025-02,2025-11-27,2025-12-01,Wind,Closed,59446.57,56084.72,2026-03-30
CLM-000145,POL-001181,CYC-2025-02,2025-11-28,2025-12-09,Wind,Open,6543.05,0.0,2025-12-09
CLM-000145,POL-001181,CYC-2025-02,2025-11-28,2025-12-09,Wind,Closed,16840.48,16620.89,2026-04-06
CLM-000146,POL-000407,CYC-2025-02,2025-11-28,2025-11-30,Riverine Flood,Open,6283.09,0.0,2025-11-30
CLM-000146,POL-000407,CYC-2025-02,2025-11-28,2025-11-30,Riverine Flood,Closed,15054.55,13382.95,2026-01-08
CLM-000147,POL-000700,CYC-2025-02,2025-11-27,2025-12-04,Wind,Open,272957.3,0.0,2025-12-04
CLM-000148,POL-002751,CYC-2024-01,2024-01-22,2024-01-25,Wind,Open,38089.06,0.0,2024-01-25
CLM-000149,POL-000552,CYC-2024-01,2024-01-24,2024-01-26,Storm Surge,Open,656278.62,0.0,2024-01-26
CLM-000149,POL-000552,CYC-2024-01,2024-01-24,2024-01-26,Storm Surge,Closed,1312308.37,1149011.69,2024-07-04
CLM-000150,POL-000841,CYC-2025-02,2025-11-29,2025-12-04,Wind,Open,61618.41,0.0,2025-12-04
CLM-000150,POL-000841,CYC-2025-02,2025-11-29,2025-12-04,Wind,Closed,203999.39,202820.61,2026-05-04
CLM-000151,POL-004761,CYC-2023-02,2023-12-04,2023-12-05,Riverine Flood,Open,45592.25,0.0,2023-12-05
CLM-000151,POL-004761,CYC-2023-02,2023-12-04,2023-12-05,Riverine Flood,Closed,137151.81,119709.12,2024-01-04
CLM-000152,POL-004146,CYC-2025-02,2025-11-28,2025-12-05,Wind,Open,61777.69,0.0,2025-12-05
CLM-000152,POL-004146,CYC-2025-02,2025-11-28,2025-12-05,Wind,Closed,150973.3,143976.41,2026-01-12
CLM-000153,POL-001529,CYC-2025-01,2025-02-10,2025-02-12,Wind,Open,1527769.98,0.0,2025-02-12
CLM-000153,POL-001529,CYC-2025-01,2025-02-10,2025-02-12,Wind,Closed,2661887.92,2539646.85,2025-05-12
CLM-000154,POL-000806,CYC-2023-02,2023-12-04,2023-12-08,Wind,Open,18244.05,0.0,2023-12-08
CLM-000154,POL-000806,CYC-2023-02,2023-12-04,2023-12-08,Wind,Closed,47148.83,45219.97,2023-12-31
CLM-000155,POL-002063,CYC-2024-02,2024-03-16,2024-03-17,Wind,Open,147235.32,0.0,2024-03-17
CLM-000155,POL-002063,CYC-2024-02,2024-03-16,2024-03-17,Wind,Closed,246008.32,214971.64,2024-06-09
CLM-000156,POL-003672,CYC-2024-02,2024-03-16,2024-03-27,Wind,Open,202005.11,0.0,2024-03-27
CLM-000156,POL-003672,CYC-2024-02,2024-03-16,2024-03-27,Wind,Closed,348226.66,321769.79,2024-08-31
CLM-000157,POL-001976,CYC-2023-02,2023-12-04,2023-12-07,Riverine Flood,Open,26497.04,0.0,2023-12-07
CLM-000157,POL-001976,CYC-2023-02,2023-12-04,2023-12-07,Riverine Flood,Closed,68806.1,62042.45,2024-01-31
CLM-000158,POL-002838,CYC-2024-01,2024-01-23,2024-02-02,Storm Surge,Open,95675.59,0.0,2024-02-02
CLM-000159,POL-001917,CYC-2025-01,2025-02-10,2025-02-23,Riverine Flood,Open,23299.42,0.0,2025-02-23
CLM-000159,POL-001917,CYC-2025-01,2025-02-10,2025-02-23,Riverine Flood,Closed,40284.51,38158.12,2025-06-20
CLM-000160,POL-003494,CYC-2025-01,2025-02-10,2025-02-21,Wind,Open,41104.06,0.0,2025-02-21
CLM-000160,POL-003494,CYC-2025-01,2025-02-10,2025-02-21,Wind,Closed,111303.98,100739.27,2025-08-14
CLM-000161,POL-003493,CYC-2025-02,2025-11-27,2025-12-05,Riverine Flood,Open,83305.97,0.0,2025-12-05
CLM-000161,POL-003493,CYC-2025-02,2025-11-27,2025-12-05,Riverine Flood,Closed,161453.68,161051.8,2026-04-24
CLM-000162,POL-003928,CYC-2024-01,2024-01-24,2024-02-03,Wind,Open,60477.05,0.0,2024-02-03
CLM-000162,POL-003928,CYC-2024-01,2024-01-24,2024-02-03,Wind,Closed,125256.28,110184.56,2024-06-04
CLM-000163,POL-003397,CYC-2023-02,2023-12-03,2023-12-05,Riverine Flood,Open,44008.45,0.0,2023-12-05
CLM-000164,POL-002941,CYC-2024-01,2024-01-22,2024-01-24,Riverine Flood,Open,66037.83,0.0,2024-01-24
CLM-000164,POL-002941,CYC-2024-01,2024-01-22,2024-01-24,Riverine Flood,Closed,162933.41,143581.05,2024-05-28
CLM-000165,POL-000899,CYC-2025-02,2025-11-27,2025-12-01,Riverine Flood,Open,15785.15,0.0,2025-12-01
CLM-000166,POL-001167,CYC-2023-02,2023-12-03,2023-12-11,Wind,Open,181605.73,0.0,2023-12-11
CLM-000167,POL-001414,CYC-2023-02,2023-12-05,2023-12-19,Riverine Flood,Open,23600.47,0.0,2023-12-19
CLM-000167,POL-001414,CYC-2023-02,2023-12-05,2023-12-19,Riverine Flood,Closed,51540.84,49608.96,2024-06-01
CLM-000168,POL-002517,CYC-2025-02,2025-11-29,2025-12-11,Wind,Open,122861.72,0.0,2025-12-11
CLM-000168,POL-002517,CYC-2025-02,2025-11-29,2025-12-11,Wind,Closed,310922.57,299609.03,2026-03-03
CLM-000169,POL-000442,CYC-2024-02,2024-03-16,2024-03-17,Riverine Flood,Open,1417790.1,0.0,2024-03-17
CLM-000170,POL-001057,CYC-2023-01,2023-02-12,2023-02-15,Wind,Open,17352.5,0.0,2023-02-15
CLM-000171,POL-004366,CYC-2024-02,2024-03-17,2024-03-25,Riverine Flood,Open,54869.61,0.0,2024-03-25
CLM-000172,POL-002551,CYC-2025-02,2025-11-27,2025-12-03,Wind,Open,53875.92,0.0,2025-12-03
CLM-000172,POL-002551,CYC-2025-02,2025-11-27,2025-12-03,Wind,Closed,168413.28,150584.09,2025-12-28
CLM-000173,POL-003870,CYC-2023-02,2023-12-03,2023-12-15,Riverine Flood,Open,57000.45,0.0,2023-12-15
CLM-000173,POL-003870,CYC-2023-02,2023-12-03,2023-12-15,Riverine Flood,Closed,129760.03,117649.0,2024-05-08
CLM-000174,POL-004283,CYC-2025-01,2025-02-10,2025-02-18,Storm Surge,Open,103507.7,0.0,2025-02-18
CLM-000175,POL-003936,CYC-2024-02,2024-03-15,2024-03-19,Riverine Flood,Open,530295.88,0.0,2024-03-19
CLM-000175,POL-003936,CYC-2024-02,2024-03-15,2024-03-19,Riverine Flood,Closed,1094708.95,937353.25,2024-05-19
CLM-000176,POL-000958,CYC-2025-01,2025-02-09,2025-02-20,Wind,Open,73142.82,0.0,2025-02-20
CLM-000176,POL-000958,CYC-2025-01,2025-02-09,2025-02-20,Wind,Closed,140399.17,125247.63,2025-05-08
CLM-000177,POL-000251,CYC-2024-02,2024-03-17,2024-03-23,Storm Surge,Open,275011.59,0.0,2024-03-23
CLM-000178,POL-001579,CYC-2025-01,2025-02-10,2025-02-16,Wind,Open,43732.27,0.0,2025-02-16
CLM-000179,POL-001930,CYC-2025-01,2025-02-08,2025-02-17,Wind,Open,115706.3,0.0,2025-02-17
CLM-000179,POL-001930,CYC-2025-01,2025-02-08,2025-02-17,Wind,Closed,293518.81,249862.28,2025-07-03
CLM-000180,POL-001616,CYC-2024-02,2024-03-16,2024-03-22,Riverine Flood,Open,27199.27,0.0,2024-03-22
CLM-000180,POL-001616,CYC-2024-02,2024-03-16,2024-03-22,Riverine Flood,Closed,52742.79,46943.56,2024-07-01
CLM-000181,POL-000296,CYC-2024-02,2024-03-17,2024-03-26,Riverine Flood,Open,153778.68,0.0,2024-03-26
CLM-000181,POL-000296,CYC-2024-02,2024-03-17,2024-03-26,Riverine Flood,Closed,273453.26,270464.22,2024-09-12
CLM-000182,POL-004029,CYC-2025-01,2025-02-09,2025-02-18,Riverine Flood,Open,153524.19,0.0,2025-02-18
CLM-000182,POL-004029,CYC-2025-01,2025-02-09,2025-02-18,Riverine Flood,Closed,358486.12,327213.86,2025-07-21
CLM-000183,POL-001221,CYC-2024-02,2024-03-16,2024-03-26,Wind,Open,34289.85,0.0,2024-03-26
CLM-000183,POL-001221,CYC-2024-02,2024-03-16,2024-03-26,Wind,Closed,73807.6,71650.99,2024-05-14
CLM-000184,POL-003795,CYC-2023-01,2023-02-13,2023-02-20,Riverine Flood,Open,32753.04,0.0,2023-02-20
CLM-000184,POL-003795,CYC-2023-01,2023-02-13,2023-02-20,Riverine Flood,Closed,61588.64,60432.58,2023-08-16
CLM-000185,POL-002101,CYC-2025-01,2025-02-10,2025-02-14,Riverine Flood,Open,6748.22,0.0,2025-02-14
CLM-000185,POL-002101,CYC-2025-01,2025-02-10,2025-02-14,Riverine Flood,Closed,14863.0,13619.66,2025-07-02
CLM-000186,POL-004698,CYC-2023-02,2023-12-05,2023-12-07,Wind,Open,169219.54,0.0,2023-12-07
CLM-000186,POL-004698,CYC-2023-02,2023-12-05,2023-12-07,Wind,Closed,292399.4,252629.19,2024-01-11
CLM-000187,POL-000686,CYC-2024-01,2024-01-24,2024-02-01,Storm Surge,Open,37391.27,0.0,2024-02-01
CLM-000187,POL-000686,CYC-2024-01,2024-01-24,2024-02-01,Storm Surge,Closed,91162.39,78265.69,2024-06-21
CLM-000188,POL-003124,CYC-2025-02,2025-11-27,2025-12-08,Wind,Open,498083.46,0.0,2025-12-08
CLM-000188,POL-003124,CYC-2025-02,2025-11-27,2025-12-08,Wind,Closed,993135.52,966562.05,2026-01-15
CLM-000189,POL-004592,CYC-2024-01,2024-01-23,2024-01-28,Riverine Flood,Open,51263.98,0.0,2024-01-28
CLM-000189,POL-004592,CYC-2024-01,2024-01-23,2024-01-28,Riverine Flood,Closed,134536.86,125131.49,2024-03-09
CLM-000190,POL-001718,CYC-2024-02,2024-03-16,2024-03-26,Riverine Flood,Open,65790.46,0.0,2024-03-26
CLM-000190,POL-001718,CYC-2024-02,2024-03-16,2024-03-26,Riverine Flood,Closed,160221.0,156652.42,2024-06-23
CLM-000191,POL-002846,CYC-2025-01,2025-02-08,2025-02-20,Wind,Open,138733.43,0.0,2025-02-20
CLM-000191,POL-002846,CYC-2025-01,2025-02-08,2025-02-20,Wind,Closed,239242.93,221586.21,2025-04-24
CLM-000191,POL-002846,CYC-2025-01,2025-02-08,2025-02-20,Wind,Reopened,272475.83,221150.33,2025-08-23
CLM-000192,POL-002415,CYC-2023-02,2023-12-04,2023-12-17,Wind,Open,56073.14,0.0,2023-12-17
CLM-000192,POL-002415,CYC-2023-02,2023-12-04,2023-12-17,Wind,Closed,97871.85,94852.36,2024-03-13
CLM-000193,POL-001032,CYC-2025-02,2025-11-28,2025-12-11,Riverine Flood,Open,68380.43,0.0,2025-12-11
CLM-000194,POL-002378,CYC-2025-02,2025-11-27,2025-11-28,Riverine Flood,Open,106413.59,0.0,2025-11-28
CLM-000195,POL-001623,CYC-2025-01,2025-02-08,2025-02-16,Wind,Open,36793.72,0.0,2025-02-16
CLM-000195,POL-001623,CYC-2025-01,2025-02-08,2025-02-16,Wind,Closed,118948.58,118095.7,2025-06-17
CLM-000196,POL-002191,CYC-2023-02,2023-12-05,2023-12-19,Wind,Open,27206.01,0.0,2023-12-19
CLM-000197,POL-002151,CYC-2024-01,2024-01-23,2024-02-06,Storm Surge,Open,290791.6,0.0,2024-02-06
CLM-000197,POL-002151,CYC-2024-01,2024-01-23,2024-02-06,Storm Surge,Closed,665540.27,583010.02,2024-03-26
CLM-000198,POL-000895,CYC-2024-02,2024-03-16,2024-03-18,Riverine Flood,Open,56977.71,0.0,2024-03-18
CLM-000198,POL-000895,CYC-2024-02,2024-03-16,2024-03-18,Riverine Flood,Closed,124208.84,122937.72,2024-05-14
CLM-000199,POL-001748,CYC-2025-01,2025-02-09,2025-02-16,Storm Surge,Open,211231.48,0.0,2025-02-16
CLM-000199,POL-001748,CYC-2025-01,2025-02-09,2025-02-16,Storm Surge,Closed,367080.37,354220.38,2025-03-15
CLM-000200,POL-000662,CYC-2023-02,2023-12-03,2023-12-16,Riverine Flood,Open,91853.51,0.0,2023-12-16
CLM-000200,POL-000662,CYC-2023-02,2023-12-03,2023-12-16,Riverine Flood,Closed,270653.25,231592.35,2024-02-15
CLM-000201,POL-002774,CYC-2025-01,2025-02-10,2025-02-15,Wind,Open,186367.26,0.0,2025-02-15
CLM-000201,POL-002774,CYC-2025-01,2025-02-10,2025-02-15,Wind,Closed,525321.34,501619.78,2025-05-27
CLM-000202,POL-001878,CYC-2025-02,2025-11-28,2025-12-02,Storm Surge,Open,23077.04,0.0,2025-12-02
CLM-000202,POL-001878,CYC-2025-02,2025-11-28,2025-12-02,Storm Surge,Closed,47840.61,42007.21,2026-05-19
CLM-000203,POL-000012,CYC-2024-02,2024-03-15,2024-03-27,Wind,Open,43592.56,0.0,2024-03-27
CLM-000204,POL-001775,CYC-2024-02,2024-03-16,2024-03-18,Wind,Open,75659.39,0.0,2024-03-18
CLM-000204,POL-001775,CYC-2024-02,2024-03-16,2024-03-18,Wind,Closed,162069.11,161780.87,2024-08-30
CLM-000205,POL-001717,CYC-2023-02,2023-12-03,2023-12-08,Wind,Open,21879.12,0.0,2023-12-08
CLM-000205,POL-001717,CYC-2023-02,2023-12-03,2023-12-08,Wind,Closed,37567.01,33847.23,2024-05-08
CLM-000206,POL-000220,CYC-2025-01,2025-02-10,2025-02-18,Wind,Open,23975.54,0.0,2025-02-18
CLM-000206,POL-000220,CYC-2025-01,2025-02-10,2025-02-18,Wind,Closed,73630.99,68356.58,2025-04-10
CLM-000207,POL-001475,CYC-2023-02,2023-12-05,2023-12-09,Riverine Flood,Open,39284.18,0.0,2023-12-09
CLM-000207,POL-001475,CYC-2023-02,2023-12-05,2023-12-09,Riverine Flood,Closed,121767.67,120067.79,2024-06-04
CLM-000208,POL-002956,CYC-2024-02,2024-03-15,2024-03-24,Riverine Flood,Open,7400.14,0.0,2024-03-24
CLM-000208,POL-002956,CYC-2024-02,2024-03-15,2024-03-24,Riverine Flood,Closed,23343.84,22944.62,2024-04-13
CLM-000209,POL-000550,CYC-2024-02,2024-03-15,2024-03-26,Wind,Open,25308.56,0.0,2024-03-26
CLM-000209,POL-000550,CYC-2024-02,2024-03-15,2024-03-26,Wind,Closed,54558.68,50595.05,2024-07-13
CLM-000210,POL-000041,CYC-2025-01,2025-02-08,2025-02-11,Wind,Open,803155.19,0.0,2025-02-11
CLM-000210,POL-000041,CYC-2025-01,2025-02-08,2025-02-11,Wind,Closed,1408112.67,1258416.43,2025-08-09
CLM-000211,POL-003649,CYC-2023-02,2023-12-04,2023-12-05,Wind,Open,323224.86,0.0,2023-12-05
CLM-000212,POL-003094,CYC-2024-02,2024-03-15,2024-03-22,Wind,Open,32879.51,0.0,2024-03-22
CLM-000212,POL-003094,CYC-2024-02,2024-03-15,2024-03-22,Wind,Closed,70091.83,65180.83,2024-07-12
CLM-000213,POL-003578,CYC-2024-02,2024-03-16,2024-03-26,Riverine Flood,Open,36724.2,0.0,2024-03-26
CLM-000213,POL-003578,CYC-2024-02,2024-03-16,2024-03-26,Riverine Flood,Closed,84422.48,74502.33,2024-07-05
CLM-000214,POL-004896,CYC-2025-01,2025-02-09,2025-02-17,Storm Surge,Open,80695.83,0.0,2025-02-17
CLM-000214,POL-004896,CYC-2025-01,2025-02-09,2025-02-17,Storm Surge,Closed,165197.87,142109.95,2025-06-05
CLM-000215,POL-003663,CYC-2024-01,2024-01-24,2024-02-06,Wind,Open,54145.76,0.0,2024-02-06
CLM-000216,POL-003751,CYC-2025-02,2025-11-29,2025-12-04,Wind,Open,27689.21,0.0,2025-12-04
CLM-000216,POL-003751,CYC-2025-02,2025-11-29,2025-12-04,Wind,Closed,78110.29,66624.81,2026-03-31
CLM-000217,POL-000007,CYC-2024-01,2024-01-24,2024-01-25,Storm Surge,Open,66213.6,0.0,2024-01-25
CLM-000218,POL-002015,CYC-2025-02,2025-11-29,2025-12-08,Wind,Open,11740.35,0.0,2025-12-08
CLM-000219,POL-000204,CYC-2024-02,2024-03-16,2024-03-17,Wind,Open,35449.97,0.0,2024-03-17
CLM-000219,POL-000204,CYC-2024-02,2024-03-16,2024-03-17,Wind,Closed,59294.79,51106.28,2024-09-04
CLM-000220,POL-003175,CYC-2025-01,2025-02-10,2025-02-16,Wind,Open,161771.24,0.0,2025-02-16
CLM-000220,POL-003175,CYC-2025-01,2025-02-10,2025-02-16,Wind,Closed,285003.95,277841.05,2025-05-24
CLM-000221,POL-002089,CYC-2024-01,2024-01-23,2024-01-31,Riverine Flood,Open,215971.5,0.0,2024-01-31
CLM-000221,POL-002089,CYC-2024-01,2024-01-23,2024-01-31,Riverine Flood,Closed,550551.84,509748.06,2024-06-24
CLM-000222,POL-004951,CYC-2025-01,2025-02-08,2025-02-19,Wind,Open,707211.16,0.0,2025-02-19
CLM-000222,POL-004951,CYC-2025-01,2025-02-08,2025-02-19,Wind,Closed,2030407.49,1901347.22,2025-05-06
CLM-000223,POL-004614,CYC-2023-01,2023-02-13,2023-02-26,Wind,Open,3076.55,0.0,2023-02-26
CLM-000223,POL-004614,CYC-2023-01,2023-02-13,2023-02-26,Wind,Closed,6915.26,5992.55,2023-05-25
CLM-000224,POL-003112,CYC-2024-02,2024-03-16,2024-03-18,Wind,Open,249990.62,0.0,2024-03-18
CLM-000225,POL-003283,CYC-2024-02,2024-03-17,2024-03-24,Storm Surge,Open,43439.1,0.0,2024-03-24
CLM-000225,POL-003283,CYC-2024-02,2024-03-17,2024-03-24,Storm Surge,Closed,77792.31,66670.37,2024-07-22
CLM-000226,POL-001145,CYC-2025-01,2025-02-09,2025-02-14,Wind,Open,252813.21,0.0,2025-02-14
CLM-000226,POL-001145,CYC-2025-01,2025-02-09,2025-02-14,Wind,Closed,535657.64,497831.08,2025-07-10
CLM-000227,POL-004107,CYC-2024-02,2024-03-16,2024-03-22,Storm Surge,Open,95501.41,0.0,2024-03-22
CLM-000227,POL-004107,CYC-2024-02,2024-03-16,2024-03-22,Storm Surge,Closed,188105.07,164690.72,2024-09-13
CLM-000228,POL-003830,CYC-2025-02,2025-11-29,2025-12-07,Wind,Open,31696.76,0.0,2025-12-07
CLM-000228,POL-003830,CYC-2025-02,2025-11-29,2025-12-07,Wind,Closed,92705.58,81611.08,2026-04-16
CLM-000228,POL-003830,CYC-2025-02,2025-11-29,2025-12-07,Wind,Reopened,103831.65,80019.56,2026-06-26
CLM-000229,POL-001556,CYC-2025-01,2025-02-08,2025-02-19,Riverine Flood,Open,5550.94,0.0,2025-02-19
CLM-000229,POL-001556,CYC-2025-01,2025-02-08,2025-02-19,Riverine Flood,Closed,18114.55,16842.3,2025-07-17
CLM-000230,POL-002372,CYC-2024-01,2024-01-23,2024-01-28,Wind,Open,31698.8,0.0,2024-01-28
CLM-000230,POL-002372,CYC-2024-01,2024-01-23,2024-01-28,Wind,Closed,78475.46,69189.31,2024-06-29
CLM-000231,POL-003476,CYC-2025-01,2025-02-08,2025-02-18,Wind,Open,41272.04,0.0,2025-02-18
CLM-000232,POL-001378,CYC-2025-01,2025-02-10,2025-02-20,Wind,Open,706572.71,0.0,2025-02-20
CLM-000232,POL-001378,CYC-2025-01,2025-02-10,2025-02-20,Wind,Closed,1615864.36,1549667.04,2025-08-03
CLM-000233,POL-002563,CYC-2025-02,2025-11-27,2025-12-08,Riverine Flood,Open,24771.03,0.0,2025-12-08
CLM-000233,POL-002563,CYC-2025-02,2025-11-27,2025-12-08,Riverine Flood,Closed,76792.86,75629.87,2026-03-08
CLM-000234,POL-003136,CYC-2023-02,2023-12-05,2023-12-11,Riverine Flood,Open,227818.49,0.0,2023-12-11
CLM-000234,POL-003136,CYC-2023-02,2023-12-05,2023-12-11,Riverine Flood,Closed,532900.18,501056.11,2024-02-29
CLM-000235,POL-004276,CYC-2023-02,2023-12-05,2023-12-10,Wind,Open,13995.16,0.0,2023-12-10
CLM-000235,POL-004276,CYC-2023-02,2023-12-05,2023-12-10,Wind,Closed,45984.06,41251.46,2024-05-04
CLM-000236,POL-004787,CYC-2025-02,2025-11-29,2025-12-04,Storm Surge,Open,71043.85,0.0,2025-12-04
CLM-000236,POL-004787,CYC-2025-02,2025-11-29,2025-12-04,Storm Surge,Closed,122836.34,121128.28,2025-12-30
CLM-000236,POL-004787,CYC-2025-02,2025-11-29,2025-12-04,Storm Surge,Reopened,124608.73,114678.7,2026-08-03
CLM-000237,POL-001931,CYC-2025-02,2025-11-29,2025-12-10,Wind,Open,32874.77,0.0,2025-12-10
CLM-000237,POL-001931,CYC-2025-02,2025-11-29,2025-12-10,Wind,Closed,66693.82,60122.62,2026-03-30
CLM-000238,POL-001043,CYC-2024-02,2024-03-15,2024-03-21,Wind,Open,224035.43,0.0,2024-03-21
CLM-000238,POL-001043,CYC-2024-02,2024-03-15,2024-03-21,Wind,Closed,394849.43,382923.23,2024-06-04
CLM-000239,POL-002087,CYC-2023-02,2023-12-05,2023-12-15,Riverine Flood,Open,12957.82,0.0,2023-12-15
CLM-000239,POL-002087,CYC-2023-02,2023-12-05,2023-12-15,Riverine Flood,Closed,26272.4,25845.36,2024-02-19
CLM-000240,POL-001811,CYC-2024-02,2024-03-17,2024-03-27,Storm Surge,Open,1709822.82,0.0,2024-03-27
CLM-000240,POL-001811,CYC-2024-02,2024-03-17,2024-03-27,Storm Surge,Closed,3358881.73,3191588.03,2024-08-12
CLM-000241,POL-001532,CYC-2023-02,2023-12-05,2023-12-06,Wind,Open,431871.58,0.0,2023-12-06
CLM-000241,POL-001532,CYC-2023-02,2023-12-05,2023-12-06,Wind,Closed,1434043.3,1259718.79,2024-02-28
CLM-000242,POL-001767,CYC-2024-02,2024-03-16,2024-03-23,Wind,Open,85259.18,0.0,2024-03-23
CLM-000242,POL-001767,CYC-2024-02,2024-03-16,2024-03-23,Wind,Closed,178938.54,170618.38,2024-05-22
CLM-000243,POL-004098,CYC-2023-02,2023-12-04,2023-12-12,Wind,Open,145791.73,0.0,2023-12-12
CLM-000243,POL-004098,CYC-2023-02,2023-12-04,2023-12-12,Wind,Closed,252881.38,218986.05,2024-05-03
CLM-000244,POL-004428,CYC-2024-01,2024-01-22,2024-01-31,Wind,Open,14327.66,0.0,2024-01-31
CLM-000244,POL-004428,CYC-2024-01,2024-01-22,2024-01-31,Wind,Closed,27592.17,27310.01,2024-06-20
CLM-000245,POL-003928,CYC-2023-02,2023-12-04,2023-12-07,Riverine Flood,Open,30375.15,0.0,2023-12-07
CLM-000246,POL-002561,CYC-2024-02,2024-03-15,2024-03-23,Wind,Open,124412.11,0.0,2024-03-23
CLM-000246,POL-002561,CYC-2024-02,2024-03-15,2024-03-23,Wind,Closed,297092.92,283885.76,2024-07-12
CLM-000247,POL-004751,CYC-2024-02,2024-03-16,2024-03-20,Wind,Open,4419.48,0.0,2024-03-20
CLM-000247,POL-004751,CYC-2024-02,2024-03-16,2024-03-20,Wind,Closed,8638.52,7541.57,2024-06-28
CLM-000248,POL-002893,CYC-2024-02,2024-03-17,2024-03-25,Storm Surge,Open,18244.48,0.0,2024-03-25
CLM-000248,POL-002893,CYC-2024-02,2024-03-17,2024-03-25,Storm Surge,Closed,43548.15,38875.91,2024-05-01
CLM-000249,POL-001808,CYC-2024-02,2024-03-17,2024-03-28,Wind,Open,84639.58,0.0,2024-03-28
CLM-000249,POL-001808,CYC-2024-02,2024-03-17,2024-03-28,Wind,Closed,160556.81,151070.57,2024-06-04
CLM-000250,POL-003229,CYC-2023-02,2023-12-03,2023-12-09,Riverine Flood,Open,218509.36,0.0,2023-12-09
CLM-000250,POL-003229,CYC-2023-02,2023-12-03,2023-12-09,Riverine Flood,Closed,607914.45,559388.08,2024-05-16
CLM-000251,POL-003301,CYC-2024-02,2024-03-15,2024-03-22,Riverine Flood,Open,14670.59,0.0,2024-03-22
CLM-000251,POL-003301,CYC-2024-02,2024-03-15,2024-03-22,Riverine Flood,Closed,34174.67,30630.45,2024-09-13
CLM-000252,POL-003535,CYC-2025-02,2025-11-29,2025-12-05,Riverine Flood,Open,62592.11,0.0,2025-12-05
CLM-000252,POL-003535,CYC-2025-02,2025-11-29,2025-12-05,Riverine Flood,Closed,109498.25,98582.21,2026-03-18
CLM-000253,POL-001511,CYC-2024-02,2024-03-15,2024-03-29,Wind,Open,37318.9,0.0,2024-03-29
CLM-000253,POL-001511,CYC-2024-02,2024-03-15,2024-03-29,Wind,Closed,107345.6,102802.31,2024-07-04
CLM-000254,POL-004427,CYC-2025-02,2025-11-27,2025-12-01,Riverine Flood,Open,62601.22,0.0,2025-12-01
CLM-000254,POL-004427,CYC-2025-02,2025-11-27,2025-12-01,Riverine Flood,Closed,117167.74,110806.12,2026-02-23
CLM-000255,POL-000377,CYC-2024-01,2024-01-23,2024-01-26,Wind,Open,48988.37,0.0,2024-01-26
CLM-000255,POL-000377,CYC-2024-01,2024-01-23,2024-01-26,Wind,Closed,108706.97,103740.1,2024-06-27
CLM-000256,POL-001388,CYC-2024-01,2024-01-24,2024-02-04,Storm Surge,Open,4046.1,0.0,2024-02-04
CLM-000256,POL-001388,CYC-2024-01,2024-01-24,2024-02-04,Storm Surge,Closed,7064.67,7019.18,2024-07-06
CLM-000257,POL-002655,CYC-2024-02,2024-03-15,2024-03-19,Riverine Flood,Open,82750.61,0.0,2024-03-19
CLM-000257,POL-002655,CYC-2024-02,2024-03-15,2024-03-19,Riverine Flood,Closed,162696.03,151578.93,2024-05-03
CLM-000258,POL-000994,CYC-2024-02,2024-03-15,2024-03-29,Riverine Flood,Open,95535.69,0.0,2024-03-29
CLM-000258,POL-000994,CYC-2024-02,2024-03-15,2024-03-29,Riverine Flood,Closed,177907.74,167299.13,2024-08-22
CLM-000259,POL-004997,CYC-2025-01,2025-02-08,2025-02-10,Riverine Flood,Open,113981.79,0.0,2025-02-10
CLM-000259,POL-004997,CYC-2025-01,2025-02-08,2025-02-10,Riverine Flood,Closed,274214.38,240501.66,2025-06-03
CLM-000259,POL-004997,CYC-2025-01,2025-02-08,2025-02-10,Riverine Flood,Reopened,284105.03,237171.01,2025-08-29
CLM-000260,POL-001986,CYC-2024-02,2024-03-17,2024-03-20,Riverine Flood,Open,45028.91,0.0,2024-03-20
CLM-000260,POL-001986,CYC-2024-02,2024-03-17,2024-03-20,Riverine Flood,Closed,139036.12,123277.9,2024-05-25
CLM-000261,POL-000149,CYC-2023-02,2023-12-04,2023-12-05,Wind,Open,15843.93,0.0,2023-12-05
CLM-000261,POL-000149,CYC-2023-02,2023-12-04,2023-12-05,Wind,Closed,52404.21,49701.4,2024-01-20
CLM-000262,POL-000649,CYC-2024-02,2024-03-16,2024-03-21,Wind,Open,94837.68,0.0,2024-03-21
CLM-000262,POL-000649,CYC-2024-02,2024-03-16,2024-03-21,Wind,Closed,170884.62,170658.74,2024-06-14
CLM-000263,POL-004181,CYC-2024-02,2024-03-15,2024-03-17,Wind,Open,39986.94,0.0,2024-03-17
CLM-000263,POL-004181,CYC-2024-02,2024-03-15,2024-03-17,Wind,Closed,90970.62,83495.51,2024-08-25
CLM-000264,POL-000624,CYC-2025-01,2025-02-10,2025-02-16,Wind,Open,363249.56,0.0,2025-02-16
CLM-000265,POL-003578,CYC-2024-02,2024-03-17,2024-03-18,Riverine Flood,Open,16395.88,0.0,2024-03-18
CLM-000265,POL-003578,CYC-2024-02,2024-03-17,2024-03-18,Riverine Flood,Closed,49616.21,45492.61,2024-07-18
CLM-000266,POL-004400,CYC-2024-02,2024-03-17,2024-03-31,Riverine Flood,Open,68600.6,0.0,2024-03-31
CLM-000266,POL-004400,CYC-2024-02,2024-03-17,2024-03-31,Riverine Flood,Closed,181975.63,161062.86,2024-08-11
CLM-000266,POL-004400,CYC-2024-02,2024-03-17,2024-03-31,Riverine Flood,Reopened,183089.21,170330.25,2024-10-19
CLM-000267,POL-000686,CYC-2024-02,2024-03-16,2024-03-22,Riverine Flood,Open,40106.84,0.0,2024-03-22
CLM-000267,POL-000686,CYC-2024-02,2024-03-16,2024-03-22,Riverine Flood,Closed,74605.96,66559.84,2024-08-22
CLM-000268,POL-003665,CYC-2024-01,2024-01-22,2024-01-30,Riverine Flood,Open,101442.85,0.0,2024-01-30
CLM-000268,POL-003665,CYC-2024-01,2024-01-22,2024-01-30,Riverine Flood,Closed,233753.13,216369.18,2024-06-25
CLM-000269,POL-000406,CYC-2025-02,2025-11-29,2025-12-10,Wind,Open,69986.57,0.0,2025-12-10
CLM-000269,POL-000406,CYC-2025-02,2025-11-29,2025-12-10,Wind,Closed,180268.75,159509.7,2026-05-09
CLM-000270,POL-003724,CYC-2025-02,2025-11-28,2025-11-30,Riverine Flood,Open,20802.26,0.0,2025-11-30
CLM-000270,POL-003724,CYC-2025-02,2025-11-28,2025-11-30,Riverine Flood,Closed,37547.49,32650.0,2026-02-18
CLM-000271,POL-000518,CYC-2023-02,2023-12-04,2023-12-14,Wind,Open,73143.27,0.0,2023-12-14
CLM-000271,POL-000518,CYC-2023-02,2023-12-04,2023-12-14,Wind,Closed,152712.25,136742.72,2024-02-17
CLM-000272,POL-004950,CYC-2023-01,2023-02-12,2023-02-21,Wind,Open,70140.19,0.0,2023-02-21
CLM-000272,POL-004950,CYC-2023-01,2023-02-12,2023-02-21,Wind,Closed,208662.93,180487.13,2023-04-13
CLM-000273,POL-003295,CYC-2024-02,2024-03-15,2024-03-16,Wind,Open,181424.42,0.0,2024-03-16
CLM-000273,POL-003295,CYC-2024-02,2024-03-15,2024-03-16,Wind,Closed,551559.37,534197.5,2024-05-14
CLM-000274,POL-001057,CYC-2023-02,2023-12-05,2023-12-13,Riverine Flood,Open,3971.21,0.0,2023-12-13
CLM-000274,POL-001057,CYC-2023-02,2023-12-05,2023-12-13,Riverine Flood,Closed,8796.76,8344.32,2024-04-28
CLM-000275,POL-001554,CYC-2025-02,2025-11-29,2025-12-07,Wind,Open,113458.95,0.0,2025-12-07
CLM-000275,POL-001554,CYC-2025-02,2025-11-29,2025-12-07,Wind,Closed,212012.54,196075.06,2026-05-04
CLM-000276,POL-001405,CYC-2025-01,2025-02-08,2025-02-19,Riverine Flood,Open,21312.29,0.0,2025-02-19
CLM-000276,POL-001405,CYC-2025-01,2025-02-08,2025-02-19,Riverine Flood,Closed,69929.36,59754.77,2025-05-15
CLM-000277,POL-001989,CYC-2025-01,2025-02-10,2025-02-17,Wind,Open,27848.01,0.0,2025-02-17
CLM-000277,POL-001989,CYC-2025-01,2025-02-10,2025-02-17,Wind,Closed,72172.3,68679.11,2025-04-12
CLM-000278,POL-004565,CYC-2023-02,2023-12-04,2023-12-13,Wind,Open,1083010.0,0.0,2023-12-13
CLM-000278,POL-004565,CYC-2023-02,2023-12-04,2023-12-13,Wind,Closed,2083060.79,1897229.22,2024-04-27
CLM-000279,POL-000855,CYC-2024-02,2024-03-15,2024-03-17,Wind,Open,16437.1,0.0,2024-03-17
CLM-000279,POL-000855,CYC-2024-02,2024-03-15,2024-03-17,Wind,Closed,39864.93,39160.75,2024-06-10
CLM-000280,POL-001451,CYC-2024-02,2024-03-15,2024-03-19,Wind,Open,40765.45,0.0,2024-03-19
CLM-000280,POL-001451,CYC-2024-02,2024-03-15,2024-03-19,Wind,Closed,99590.4,88630.64,2024-06-17
CLM-000281,POL-002452,CYC-2023-02,2023-12-04,2023-12-11,Storm Surge,Open,70222.45,0.0,2023-12-11
CLM-000281,POL-002452,CYC-2023-02,2023-12-04,2023-12-11,Storm Surge,Closed,183860.55,161070.23,2024-06-04
CLM-000282,POL-003174,CYC-2024-01,2024-01-24,2024-01-28,Wind,Open,172374.59,0.0,2024-01-28
CLM-000282,POL-003174,CYC-2024-01,2024-01-24,2024-01-28,Wind,Closed,434233.84,409373.16,2024-07-25
CLM-000283,POL-003070,CYC-2025-02,2025-11-27,2025-11-29,Riverine Flood,Open,103022.73,0.0,2025-11-29
CLM-000284,POL-004660,CYC-2023-02,2023-12-03,2023-12-08,Storm Surge,Open,7900.53,0.0,2023-12-08
CLM-000284,POL-004660,CYC-2023-02,2023-12-03,2023-12-08,Storm Surge,Closed,19886.33,16980.08,2024-01-16
CLM-000285,POL-001955,CYC-2025-02,2025-11-29,2025-12-10,Wind,Open,50103.23,0.0,2025-12-10
CLM-000285,POL-001955,CYC-2025-02,2025-11-29,2025-12-10,Wind,Closed,155937.43,132856.65,2026-04-15
CLM-000286,POL-004837,CYC-2024-02,2024-03-15,2024-03-23,Wind,Open,64465.69,0.0,2024-03-23
CLM-000286,POL-004837,CYC-2024-02,2024-03-15,2024-03-23,Wind,Closed,112321.23,108934.4,2024-05-19
CLM-000287,POL-000685,CYC-2024-01,2024-01-22,2024-01-23,Riverine Flood,Open,14247.78,0.0,2024-01-23
CLM-000287,POL-000685,CYC-2024-01,2024-01-22,2024-01-23,Riverine Flood,Closed,24868.17,24533.81,2024-03-30
CLM-000288,POL-004571,CYC-2025-01,2025-02-10,2025-02-15,Wind,Open,360223.36,0.0,2025-02-15
CLM-000288,POL-004571,CYC-2025-01,2025-02-10,2025-02-15,Wind,Closed,687108.42,598575.52,2025-05-21
CLM-000288,POL-004571,CYC-2025-01,2025-02-10,2025-02-15,Wind,Reopened,750852.55,662667.28,2025-10-13
CLM-000289,POL-002109,CYC-2024-02,2024-03-16,2024-03-23,Wind,Open,13817.01,0.0,2024-03-23
CLM-000290,POL-001390,CYC-2025-01,2025-02-09,2025-02-15,Riverine Flood,Open,155079.68,0.0,2025-02-15
CLM-000290,POL-001390,CYC-2025-01,2025-02-09,2025-02-15,Riverine Flood,Closed,311461.62,306574.37,2025-04-30
CLM-000291,POL-003843,CYC-2024-01,2024-01-22,2024-01-31,Riverine Flood,Open,6833.04,0.0,2024-01-31
CLM-000291,POL-003843,CYC-2024-01,2024-01-22,2024-01-31,Riverine Flood,Closed,20642.82,20077.13,2024-05-01
CLM-000292,POL-000457,CYC-2023-02,2023-12-04,2023-12-15,Wind,Open,69352.09,0.0,2023-12-15
CLM-000292,POL-000457,CYC-2023-02,2023-12-04,2023-12-15,Wind,Closed,163974.47,149844.83,2024-04-11
CLM-000292,POL-000457,CYC-2023-02,2023-12-04,2023-12-15,Wind,Reopened,169176.04,146935.58,2024-08-05
CLM-000293,POL-001354,CYC-2025-02,2025-11-28,2025-12-07,Wind,Open,1308439.22,0.0,2025-12-07
CLM-000293,POL-001354,CYC-2025-02,2025-11-28,2025-12-07,Wind,Closed,3233013.45,2904046.4,2026-02-24
CLM-000294,POL-000312,CYC-2024-02,2024-03-16,2024-03-20,Riverine Flood,Open,1657789.86,0.0,2024-03-20
CLM-000295,POL-001268,CYC-2024-01,2024-01-22,2024-02-05,Wind,Open,994381.27,0.0,2024-02-05
CLM-000295,POL-001268,CYC-2024-01,2024-01-22,2024-02-05,Wind,Closed,2020825.89,1961848.5,2024-06-29
CLM-000296,POL-003256,CYC-2024-02,2024-03-17,2024-03-18,Wind,Open,55015.9,0.0,2024-03-18
CLM-000296,POL-003256,CYC-2024-02,2024-03-17,2024-03-18,Wind,Closed,117534.96,109960.13,2024-07-03
CLM-000297,POL-001176,CYC-2024-02,2024-03-16,2024-03-18,Riverine Flood,Open,53784.37,0.0,2024-03-18
CLM-000297,POL-001176,CYC-2024-02,2024-03-16,2024-03-18,Riverine Flood,Closed,105016.88,102980.82,2024-09-09
CLM-000298,POL-000697,CYC-2024-02,2024-03-15,2024-03-24,Wind,Open,16999.46,0.0,2024-03-24
CLM-000298,POL-000697,CYC-2024-02,2024-03-15,2024-03-24,Wind,Closed,31216.84,29012.03,2024-05-05
CLM-000299,POL-000715,CYC-2023-02,2023-12-05,2023-12-15,Wind,Open,29588.97,0.0,2023-12-15
CLM-000299,POL-000715,CYC-2023-02,2023-12-05,2023-12-15,Wind,Closed,79521.3,73541.35,2024-04-18
CLM-000300,POL-001968,CYC-2024-02,2024-03-16,2024-03-17,Wind,Open,27234.56,0.0,2024-03-17
CLM-000301,POL-001109,CYC-2023-02,2023-12-03,2023-12-05,Riverine Flood,Open,63263.09,0.0,2023-12-05
CLM-000301,POL-001109,CYC-2023-02,2023-12-03,2023-12-05,Riverine Flood,Closed,160811.99,144803.83,2024-03-14
CLM-000302,POL-001174,CYC-2024-02,2024-03-16,2024-03-28,Wind,Open,55181.07,0.0,2024-03-28
CLM-000302,POL-001174,CYC-2024-02,2024-03-16,2024-03-28,Wind,Closed,166289.63,159962.73,2024-05-18
CLM-000303,POL-003580,CYC-2023-02,2023-12-04,2023-12-18,Wind,Open,37125.93,0.0,2023-12-18
CLM-000303,POL-003580,CYC-2023-02,2023-12-04,2023-12-18,Wind,Closed,65426.67,57322.91,2024-01-20
CLM-000304,POL-000276,CYC-2023-02,2023-12-04,2023-12-10,Wind,Open,208276.13,0.0,2023-12-10
CLM-000304,POL-000276,CYC-2023-02,2023-12-04,2023-12-10,Wind,Closed,449007.04,448088.64,2024-05-13
CLM-000305,POL-000694,CYC-2025-01,2025-02-10,2025-02-12,Riverine Flood,Open,46037.37,0.0,2025-02-12
CLM-000305,POL-000694,CYC-2025-01,2025-02-10,2025-02-12,Riverine Flood,Closed,110872.53,103927.1,2025-08-10
CLM-000306,POL-002569,CYC-2024-02,2024-03-16,2024-03-30,Riverine Flood,Open,34436.59,0.0,2024-03-30
CLM-000306,POL-002569,CYC-2024-02,2024-03-16,2024-03-30,Riverine Flood,Closed,66068.68,59780.38,2024-09-03
CLM-000307,POL-004114,CYC-2025-01,2025-02-09,2025-02-14,Wind,Open,118425.07,0.0,2025-02-14
CLM-000308,POL-004015,CYC-2023-02,2023-12-04,2023-12-16,Riverine Flood,Open,10332.32,0.0,2023-12-16
CLM-000308,POL-004015,CYC-2023-02,2023-12-04,2023-12-16,Riverine Flood,Closed,33358.51,29705.0,2024-03-06
CLM-000309,POL-002442,CYC-2023-01,2023-02-13,2023-02-18,Riverine Flood,Open,46603.57,0.0,2023-02-18
CLM-000309,POL-002442,CYC-2023-01,2023-02-13,2023-02-18,Riverine Flood,Closed,115066.27,106225.65,2023-04-24
CLM-000310,POL-001468,CYC-2025-02,2025-11-29,2025-12-07,Wind,Open,94356.34,0.0,2025-12-07
CLM-000310,POL-001468,CYC-2025-02,2025-11-29,2025-12-07,Wind,Closed,186408.75,185275.53,2026-01-19
CLM-000311,POL-003465,CYC-2024-02,2024-03-17,2024-03-23,Wind,Open,11687.06,0.0,2024-03-23
CLM-000311,POL-003465,CYC-2024-02,2024-03-17,2024-03-23,Wind,Closed,21220.07,20773.19,2024-05-02
CLM-000312,POL-001958,CYC-2024-02,2024-03-17,2024-03-24,Wind,Open,6752.8,0.0,2024-03-24
CLM-000313,POL-001535,CYC-2023-02,2023-12-04,2023-12-07,Wind,Open,68558.27,0.0,2023-12-07
CLM-000313,POL-001535,CYC-2023-02,2023-12-04,2023-12-07,Wind,Closed,139240.87,127775.42,2024-05-20
CLM-000314,POL-002492,CYC-2025-01,2025-02-10,2025-02-17,Wind,Open,242557.12,0.0,2025-02-17
CLM-000314,POL-002492,CYC-2025-01,2025-02-10,2025-02-17,Wind,Closed,418986.25,387226.71,2025-04-19
CLM-000315,POL-004676,CYC-2023-02,2023-12-04,2023-12-05,Wind,Open,134180.92,0.0,2023-12-05
CLM-000315,POL-004676,CYC-2023-02,2023-12-04,2023-12-05,Wind,Closed,230398.04,209847.68,2024-03-06
CLM-000316,POL-004675,CYC-2025-01,2025-02-08,2025-02-19,Storm Surge,Open,122635.07,0.0,2025-02-19
CLM-000316,POL-004675,CYC-2025-01,2025-02-08,2025-02-19,Storm Surge,Reopened,311642.46,258716.52,2025-09-07
CLM-000317,POL-000290,CYC-2023-02,2023-12-03,2023-12-12,Storm Surge,Open,132725.6,0.0,2023-12-12
CLM-000317,POL-000290,CYC-2023-02,2023-12-03,2023-12-12,Storm Surge,Closed,376810.43,331989.89,2024-04-07
CLM-000318,POL-000028,CYC-2025-02,2025-11-29,2025-12-02,Riverine Flood,Open,45131.82,0.0,2025-12-02
CLM-000318,POL-000028,CYC-2025-02,2025-11-29,2025-12-02,Riverine Flood,Closed,90554.34,89447.02,2026-02-11
CLM-000319,POL-003969,CYC-2025-01,2025-02-08,2025-02-20,Wind,Open,49100.8,0.0,2025-02-20
CLM-000319,POL-003969,CYC-2025-01,2025-02-08,2025-02-20,Wind,Closed,84430.37,78188.24,2025-04-25
CLM-000320,POL-001298,CYC-2024-02,2024-03-16,2024-03-28,Storm Surge,Open,55449.55,0.0,2024-03-28
CLM-000320,POL-001298,CYC-2024-02,2024-03-16,2024-03-28,Storm Surge,Closed,157567.52,157281.28,2024-06-27
CLM-000320,POL-001298,CYC-2024-02,2024-03-16,2024-03-28,Storm Surge,Reopened,169162.15,139101.58,2024-10-23
CLM-000321,POL-004769,CYC-2025-02,2025-11-29,2025-12-07,Wind,Open,45455.69,0.0,2025-12-07
CLM-000321,POL-004769,CYC-2025-02,2025-11-29,2025-12-07,Wind,Closed,84662.3,76150.73,2026-04-07
CLM-000322,POL-004911,CYC-2025-01,2025-02-10,2025-02-18,Wind,Open,73346.17,0.0,2025-02-18
CLM-000322,POL-004911,CYC-2025-01,2025-02-10,2025-02-18,Wind,Closed,163356.13,144882.8,2025-04-01
CLM-000323,POL-003345,CYC-2024-01,2024-01-23,2024-02-05,Wind,Open,158405.18,0.0,2024-02-05
CLM-000323,POL-003345,CYC-2024-01,2024-01-23,2024-02-05,Wind,Closed,301573.57,285990.3,2024-07-19
CLM-000324,POL-000195,CYC-2023-02,2023-12-05,2023-12-17,Riverine Flood,Open,548532.37,0.0,2023-12-17
CLM-000324,POL-000195,CYC-2023-02,2023-12-05,2023-12-17,Riverine Flood,Closed,1007739.92,925813.44,2024-03-27
CLM-000325,POL-002785,CYC-2023-01,2023-02-11,2023-02-17,Riverine Flood,Open,145847.27,0.0,2023-02-17
CLM-000325,POL-002785,CYC-2023-01,2023-02-11,2023-02-17,Riverine Flood,Closed,282606.55,248164.22,2023-07-18
CLM-000326,POL-002987,CYC-2025-01,2025-02-09,2025-02-12,Riverine Flood,Open,129544.66,0.0,2025-02-12
CLM-000326,POL-002987,CYC-2025-01,2025-02-09,2025-02-12,Riverine Flood,Closed,263765.71,228397.73,2025-06-10
CLM-000327,POL-000282,CYC-2025-02,2025-11-29,2025-11-30,Wind,Open,14725.88,0.0,2025-11-30
CLM-000328,POL-001759,CYC-2025-01,2025-02-08,2025-02-15,Storm Surge,Open,171322.86,0.0,2025-02-15
CLM-000328,POL-001759,CYC-2025-01,2025-02-08,2025-02-15,Storm Surge,Closed,288640.76,253975.34,2025-03-11
CLM-000329,POL-000008,CYC-2024-02,2024-03-17,2024-03-31,Riverine Flood,Open,126491.22,0.0,2024-03-31
CLM-000329,POL-000008,CYC-2024-02,2024-03-17,2024-03-31,Riverine Flood,Closed,228342.43,210474.05,2024-08-23
CLM-000330,POL-003204,CYC-2024-02,2024-03-15,2024-03-27,Wind,Open,23202.62,0.0,2024-03-27
CLM-000330,POL-003204,CYC-2024-02,2024-03-15,2024-03-27,Wind,Closed,38776.37,38161.37,2024-08-02
CLM-000331,POL-000411,CYC-2024-01,2024-01-24,2024-01-26,Wind,Open,26729.74,0.0,2024-01-26
CLM-000331,POL-000411,CYC-2024-01,2024-01-24,2024-01-26,Wind,Closed,78391.03,71599.49,2024-03-31
CLM-000332,POL-002408,CYC-2024-02,2024-03-16,2024-03-17,Wind,Open,188469.73,0.0,2024-03-17
CLM-000333,POL-004253,CYC-2025-01,2025-02-09,2025-02-21,Storm Surge,Open,116853.32,0.0,2025-02-21
CLM-000333,POL-004253,CYC-2025-01,2025-02-09,2025-02-21,Storm Surge,Closed,260342.81,250706.38,2025-06-23
CLM-000334,POL-004701,CYC-2025-02,2025-11-29,2025-12-09,Storm Surge,Open,103294.66,0.0,2025-12-09
CLM-000334,POL-004701,CYC-2025-02,2025-11-29,2025-12-09,Storm Surge,Closed,249872.82,217768.59,2026-02-23
CLM-000335,POL-000109,CYC-2024-01,2024-01-24,2024-02-04,Wind,Open,28055.02,0.0,2024-02-04
CLM-000335,POL-000109,CYC-2024-01,2024-01-24,2024-02-04,Wind,Closed,87581.84,83065.45,2024-07-22
CLM-000336,POL-000517,CYC-2023-02,2023-12-04,2023-12-08,Wind,Open,108018.99,0.0,2023-12-08
CLM-000336,POL-000517,CYC-2023-02,2023-12-04,2023-12-08,Wind,Closed,204542.76,190498.08,2024-05-18
CLM-000337,POL-003431,CYC-2024-02,2024-03-16,2024-03-25,Wind,Open,137950.83,0.0,2024-03-25
CLM-000337,POL-003431,CYC-2024-02,2024-03-16,2024-03-25,Wind,Closed,291545.04,286920.13,2024-05-02
CLM-000338,POL-001785,CYC-2025-01,2025-02-09,2025-02-21,Wind,Open,157093.12,0.0,2025-02-21
CLM-000338,POL-001785,CYC-2025-01,2025-02-09,2025-02-21,Wind,Closed,298163.96,292465.94,2025-08-19
CLM-000339,POL-003153,CYC-2024-02,2024-03-15,2024-03-19,Wind,Open,47391.33,0.0,2024-03-19
CLM-000340,POL-002795,CYC-2024-02,2024-03-16,2024-03-25,Riverine Flood,Open,62906.78,0.0,2024-03-25
CLM-000340,POL-002795,CYC-2024-02,2024-03-16,2024-03-25,Riverine Flood,Closed,135050.62,132509.75,2024-04-22
CLM-000341,POL-001279,CYC-2025-01,2025-02-09,2025-02-22,Storm Surge,Open,137226.25,0.0,2025-02-22
CLM-000341,POL-001279,CYC-2025-01,2025-02-09,2025-02-22,Storm Surge,Closed,239719.99,211284.92,2025-03-17
CLM-000341,POL-001279,CYC-2025-01,2025-02-09,2025-02-22,Storm Surge,Reopened,257296.38,221100.02,2025-10-17
CLM-000342,POL-002309,CYC-2025-01,2025-02-09,2025-02-22,Riverine Flood,Open,7448.14,0.0,2025-02-22
CLM-000342,POL-002309,CYC-2025-01,2025-02-09,2025-02-22,Riverine Flood,Closed,21081.06,20994.3,2025-05-29
CLM-000343,POL-003435,CYC-2025-02,2025-11-29,2025-12-01,Riverine Flood,Open,70773.05,0.0,2025-12-01
CLM-000343,POL-003435,CYC-2025-02,2025-11-29,2025-12-01,Riverine Flood,Closed,133895.5,120131.2,2026-01-18
CLM-000344,POL-004452,CYC-2024-01,2024-01-23,2024-01-29,Wind,Open,28083.69,0.0,2024-01-29
CLM-000344,POL-004452,CYC-2024-01,2024-01-23,2024-01-29,Wind,Closed,88289.79,75168.76,2024-07-03
CLM-000345,POL-002652,CYC-2025-02,2025-11-28,2025-12-03,Wind,Open,361939.92,0.0,2025-12-03
CLM-000346,POL-003855,CYC-2025-01,2025-02-10,2025-02-14,Storm Surge,Open,24270.63,0.0,2025-02-14
CLM-000347,POL-003193,CYC-2023-02,2023-12-05,2023-12-17,Riverine Flood,Open,57152.43,0.0,2023-12-17
CLM-000347,POL-003193,CYC-2023-02,2023-12-05,2023-12-17,Riverine Flood,Closed,152292.3,151211.21,2024-02-21
CLM-000348,POL-001714,CYC-2025-02,2025-11-29,2025-12-01,Riverine Flood,Open,208039.17,0.0,2025-12-01
CLM-000349,POL-000008,CYC-2024-02,2024-03-15,2024-03-21,Wind,Open,120273.07,0.0,2024-03-21
CLM-000349,POL-000008,CYC-2024-02,2024-03-15,2024-03-21,Wind,Closed,314544.33,307151.55,2024-04-26
CLM-000350,POL-001903,CYC-2024-01,2024-01-22,2024-01-26,Wind,Open,14199.06,0.0,2024-01-26
CLM-000350,POL-001903,CYC-2024-01,2024-01-22,2024-01-26,Wind,Closed,35683.65,30379.66,2024-07-20
CLM-000351,POL-004748,CYC-2025-01,2025-02-09,2025-02-16,Storm Surge,Open,17093.88,0.0,2025-02-16
CLM-000351,POL-004748,CYC-2025-01,2025-02-09,2025-02-16,Storm Surge,Closed,34444.48,33305.03,2025-04-14
CLM-000352,POL-004393,CYC-2024-01,2024-01-24,2024-02-07,Wind,Open,735463.95,0.0,2024-02-07
CLM-000352,POL-004393,CYC-2024-01,2024-01-24,2024-02-07,Wind,Closed,1308729.19,1116401.89,2024-04-20
CLM-000353,POL-002962,CYC-2025-01,2025-02-10,2025-02-21,Wind,Open,54531.26,0.0,2025-02-21
CLM-000353,POL-002962,CYC-2025-01,2025-02-10,2025-02-21,Wind,Closed,149794.49,131872.12,2025-06-22
CLM-000353,POL-002962,CYC-2025-01,2025-02-10,2025-02-21,Wind,Reopened,158500.06,129642.51,2025-09-27
CLM-000354,POL-001292,CYC-2025-02,2025-11-27,2025-12-06,Wind,Open,102706.15,0.0,2025-12-06
CLM-000354,POL-001292,CYC-2025-02,2025-11-27,2025-12-06,Wind,Closed,187552.97,167333.48,2026-05-02
CLM-000355,POL-000740,CYC-2024-02,2024-03-15,2024-03-16,Riverine Flood,Open,111536.57,0.0,2024-03-16
CLM-000355,POL-000740,CYC-2024-02,2024-03-15,2024-03-16,Riverine Flood,Closed,302577.57,274809.54,2024-04-30
CLM-000356,POL-001334,CYC-2025-01,2025-02-08,2025-02-15,Wind,Open,66326.8,0.0,2025-02-15
CLM-000356,POL-001334,CYC-2025-01,2025-02-08,2025-02-15,Wind,Closed,127715.03,122729.8,2025-03-18
CLM-000357,POL-001497,CYC-2024-02,2024-03-16,2024-03-27,Storm Surge,Open,85667.43,0.0,2024-03-27
CLM-000357,POL-001497,CYC-2024-02,2024-03-16,2024-03-27,Storm Surge,Closed,213821.05,185146.12,2024-09-22
CLM-000358,POL-003111,CYC-2023-02,2023-12-04,2023-12-12,Storm Surge,Open,74512.7,0.0,2023-12-12
CLM-000358,POL-003111,CYC-2023-02,2023-12-04,2023-12-12,Storm Surge,Closed,132563.15,130757.19,2024-02-07
CLM-000359,POL-002244,CYC-2023-02,2023-12-05,2023-12-06,Storm Surge,Open,37783.2,0.0,2023-12-06
CLM-000360,POL-004226,CYC-2024-01,2024-01-22,2024-01-30,Wind,Open,73005.29,0.0,2024-01-30
CLM-000360,POL-004226,CYC-2024-01,2024-01-22,2024-01-30,Wind,Closed,222383.35,220051.38,2024-04-18
CLM-000361,POL-000661,CYC-2024-01,2024-01-23,2024-02-05,Wind,Open,144341.29,0.0,2024-02-05
CLM-000361,POL-000661,CYC-2024-01,2024-01-23,2024-02-05,Wind,Closed,257793.79,248271.26,2024-05-09
CLM-000362,POL-001474,CYC-2025-01,2025-02-10,2025-02-24,Storm Surge,Open,36831.34,0.0,2025-02-24
CLM-000362,POL-001474,CYC-2025-01,2025-02-10,2025-02-24,Storm Surge,Closed,61403.75,59973.75,2025-04-13
CLM-000363,POL-004486,CYC-2023-01,2023-02-11,2023-02-17,Wind,Open,87849.27,0.0,2023-02-17
CLM-000363,POL-004486,CYC-2023-01,2023-02-11,2023-02-17,Wind,Closed,166452.74,166124.46,2023-05-06
CLM-000364,POL-002420,CYC-2023-02,2023-12-05,2023-12-10,Wind,Open,103863.73,0.0,2023-12-10
CLM-000365,POL-001964,CYC-2025-01,2025-02-09,2025-02-20,Wind,Open,20052.84,0.0,2025-02-20
CLM-000365,POL-001964,CYC-2025-01,2025-02-09,2025-02-20,Wind,Closed,36331.81,32815.51,2025-06-20
CLM-000366,POL-004606,CYC-2024-01,2024-01-22,2024-02-05,Riverine Flood,Open,21322.57,0.0,2024-02-05
CLM-000366,POL-004606,CYC-2024-01,2024-01-22,2024-02-05,Riverine Flood,Closed,64847.95,63189.35,2024-04-27
CLM-000367,POL-000867,CYC-2024-01,2024-01-23,2024-01-25,Riverine Flood,Open,30104.76,0.0,2024-01-25
CLM-000367,POL-000867,CYC-2024-01,2024-01-23,2024-01-25,Riverine Flood,Closed,94726.79,84623.33,2024-04-18
CLM-000368,POL-001023,CYC-2024-02,2024-03-17,2024-03-28,Storm Surge,Open,4455.83,0.0,2024-03-28
CLM-000368,POL-001023,CYC-2024-02,2024-03-17,2024-03-28,Storm Surge,Closed,7860.0,7148.03,2024-08-30
CLM-000369,POL-003923,CYC-2024-01,2024-01-24,2024-02-06,Riverine Flood,Open,39447.26,0.0,2024-02-06
CLM-000370,POL-000013,CYC-2023-02,2023-12-05,2023-12-18,Wind,Open,40261.94,0.0,2023-12-18
CLM-000371,POL-003614,CYC-2024-01,2024-01-23,2024-02-03,Wind,Open,244717.29,0.0,2024-02-03
CLM-000371,POL-003614,CYC-2024-01,2024-01-23,2024-02-03,Wind,Closed,468654.82,431388.35,2024-06-04
CLM-000372,POL-002036,CYC-2024-01,2024-01-23,2024-01-24,Wind,Open,108735.92,0.0,2024-01-24
CLM-000372,POL-002036,CYC-2024-01,2024-01-23,2024-01-24,Wind,Closed,299747.93,265591.48,2024-05-14
CLM-000373,POL-003254,CYC-2023-01,2023-02-13,2023-02-25,Wind,Open,142616.14,0.0,2023-02-25
CLM-000373,POL-003254,CYC-2023-01,2023-02-13,2023-02-25,Wind,Closed,254888.84,240337.29,2023-05-21
CLM-000374,POL-002696,CYC-2024-01,2024-01-22,2024-01-23,Riverine Flood,Open,56892.9,0.0,2024-01-23
CLM-000374,POL-002696,CYC-2024-01,2024-01-22,2024-01-23,Riverine Flood,Closed,120337.68,103511.8,2024-06-27
CLM-000375,POL-002811,CYC-2024-02,2024-03-16,2024-03-25,Wind,Open,329001.58,0.0,2024-03-25
CLM-000375,POL-002811,CYC-2024-02,2024-03-16,2024-03-25,Wind,Closed,587952.87,562003.13,2024-05-12
CLM-000376,POL-002571,CYC-2024-02,2024-03-16,2024-03-25,Riverine Flood,Open,68582.95,0.0,2024-03-25
CLM-000376,POL-002571,CYC-2024-02,2024-03-16,2024-03-25,Riverine Flood,Closed,137697.19,133605.03,2024-08-08
CLM-000377,POL-003477,CYC-2025-01,2025-02-09,2025-02-22,Riverine Flood,Open,34910.7,0.0,2025-02-22
CLM-000377,POL-003477,CYC-2025-01,2025-02-09,2025-02-22,Riverine Flood,Closed,108741.42,106441.73,2025-07-29
CLM-000378,POL-003438,CYC-2024-02,2024-03-15,2024-03-18,Storm Surge,Open,61690.44,0.0,2024-03-18
CLM-000378,POL-003438,CYC-2024-02,2024-03-15,2024-03-18,Storm Surge,Closed,111696.33,97727.25,2024-05-07
CLM-000379,POL-004375,CYC-2025-01,2025-02-10,2025-02-17,Wind,Open,13376.78,0.0,2025-02-17
CLM-000379,POL-004375,CYC-2025-01,2025-02-10,2025-02-17,Wind,Closed,43466.4,41634.57,2025-04-03
CLM-000380,POL-003014,CYC-2023-02,2023-12-03,2023-12-07,Wind,Open,41198.32,0.0,2023-12-07
CLM-000380,POL-003014,CYC-2023-02,2023-12-03,2023-12-07,Wind,Closed,122180.03,111249.06,2024-05-19
CLM-000381,POL-000783,CYC-2024-01,2024-01-22,2024-01-28,Riverine Flood,Open,3491.89,0.0,2024-01-28
CLM-000381,POL-000783,CYC-2024-01,2024-01-22,2024-01-28,Riverine Flood,Closed,8253.31,7078.35,2024-03-19
CLM-000382,POL-001302,CYC-2025-01,2025-02-10,2025-02-22,Wind,Open,33843.48,0.0,2025-02-22
CLM-000382,POL-001302,CYC-2025-01,2025-02-10,2025-02-22,Wind,Closed,62951.88,60521.69,2025-05-05
CLM-000383,POL-002636,CYC-2024-01,2024-01-23,2024-02-03,Wind,Open,41761.96,0.0,2024-02-03
CLM-000383,POL-002636,CYC-2024-01,2024-01-23,2024-02-03,Wind,Closed,70751.96,69794.54,2024-06-25
CLM-000384,POL-004809,CYC-2025-02,2025-11-28,2025-12-06,Riverine Flood,Open,135991.4,0.0,2025-12-06
CLM-000384,POL-004809,CYC-2025-02,2025-11-28,2025-12-06,Riverine Flood,Closed,310569.72,297279.6,2026-02-13
CLM-000384,POL-004809,CYC-2025-02,2025-11-28,2025-12-06,Riverine Flood,Reopened,332719.42,307233.58,2026-06-18
CLM-000385,POL-000165,CYC-2024-01,2024-01-22,2024-01-26,Wind,Open,89244.45,0.0,2024-01-26
CLM-000385,POL-000165,CYC-2024-01,2024-01-22,2024-01-26,Wind,Closed,156537.91,152938.85,2024-05-26
CLM-000386,POL-000005,CYC-2024-02,2024-03-15,2024-03-27,Wind,Open,88298.32,0.0,2024-03-27
CLM-000386,POL-000005,CYC-2024-02,2024-03-15,2024-03-27,Wind,Closed,150360.15,131830.85,2024-06-30
CLM-000387,POL-001289,CYC-2025-01,2025-02-08,2025-02-20,Riverine Flood,Open,79234.32,0.0,2025-02-20
CLM-000387,POL-001289,CYC-2025-01,2025-02-08,2025-02-20,Riverine Flood,Closed,187687.59,183413.55,2025-04-23
CLM-000388,POL-001179,CYC-2025-02,2025-11-27,2025-11-28,Wind,Open,23929.49,0.0,2025-11-28
CLM-000388,POL-001179,CYC-2025-02,2025-11-27,2025-11-28,Wind,Closed,43679.04,43605.85,2026-04-16
CLM-000389,POL-000881,CYC-2024-01,2024-01-24,2024-01-28,Riverine Flood,Open,33107.73,0.0,2024-01-28
CLM-000389,POL-000881,CYC-2024-01,2024-01-24,2024-01-28,Riverine Flood,Closed,87770.04,77585.67,2024-06-16
CLM-000390,POL-000455,CYC-2025-02,2025-11-28,2025-12-03,Wind,Open,89187.18,0.0,2025-12-03
CLM-000391,POL-003375,CYC-2025-01,2025-02-09,2025-02-11,Wind,Open,67189.14,0.0,2025-02-11
CLM-000391,POL-003375,CYC-2025-01,2025-02-09,2025-02-11,Wind,Reopened,192928.36,158614.82,2025-09-22
CLM-000392,POL-002722,CYC-2024-01,2024-01-22,2024-02-02,Wind,Open,104049.78,0.0,2024-02-02
CLM-000392,POL-002722,CYC-2024-01,2024-01-22,2024-02-02,Wind,Closed,254016.02,252645.08,2024-05-25
CLM-000393,POL-000759,CYC-2023-02,2023-12-04,2023-12-07,Riverine Flood,Open,112660.53,0.0,2023-12-07
CLM-000393,POL-000759,CYC-2023-02,2023-12-04,2023-12-07,Riverine Flood,Closed,194298.16,182544.14,2024-04-06
CLM-000394,POL-000287,CYC-2024-02,2024-03-16,2024-03-26,Riverine Flood,Open,193076.18,0.0,2024-03-26
CLM-000394,POL-000287,CYC-2024-02,2024-03-16,2024-03-26,Riverine Flood,Closed,343694.59,296035.64,2024-07-16
CLM-000395,POL-003889,CYC-2025-01,2025-02-09,2025-02-14,Wind,Open,50422.76,0.0,2025-02-14
CLM-000395,POL-003889,CYC-2025-01,2025-02-09,2025-02-14,Wind,Closed,95214.64,88501.44,2025-05-30
CLM-000395,POL-003889,CYC-2025-01,2025-02-09,2025-02-14,Wind,Reopened,104132.62,87966.61,2025-08-22
CLM-000396,POL-002621,CYC-2023-02,2023-12-04,2023-12-17,Storm Surge,Open,46332.57,0.0,2023-12-17
CLM-000396,POL-002621,CYC-2023-02,2023-12-04,2023-12-17,Storm Surge,Closed,106537.22,92071.28,2024-05-15
CLM-000397,POL-000879,CYC-2024-01,2024-01-22,2024-01-27,Wind,Open,45169.38,0.0,2024-01-27
CLM-000398,POL-004537,CYC-2025-02,2025-11-29,2025-12-06,Riverine Flood,Open,372507.3,0.0,2025-12-06
CLM-000398,POL-004537,CYC-2025-02,2025-11-29,2025-12-06,Riverine Flood,Closed,819421.47,727204.48,2026-05-28
CLM-000399,POL-002652,CYC-2025-01,2025-02-10,2025-02-15,Wind,Open,334710.01,0.0,2025-02-15
CLM-000399,POL-002652,CYC-2025-01,2025-02-10,2025-02-15,Wind,Closed,1098044.69,989324.47,2025-03-13
CLM-000399,POL-002652,CYC-2025-01,2025-02-10,2025-02-15,Wind,Reopened,1212495.78,1080451.44,2025-08-29
CLM-000400,POL-002778,CYC-2024-02,2024-03-17,2024-03-24,Storm Surge,Open,36731.23,0.0,2024-03-24
CLM-000400,POL-002778,CYC-2024-02,2024-03-17,2024-03-24,Storm Surge,Closed,67631.59,63926.36,2024-04-22
CLM-000401,POL-000181,CYC-2023-02,2023-12-03,2023-12-11,Storm Surge,Open,60661.11,0.0,2023-12-11
CLM-000401,POL-000181,CYC-2023-02,2023-12-03,2023-12-11,Storm Surge,Closed,110526.43,102331.78,2024-02-05
CLM-000402,POL-002159,CYC-2025-01,2025-02-10,2025-02-15,Storm Surge,Open,112912.46,0.0,2025-02-15
CLM-000402,POL-002159,CYC-2025-01,2025-02-10,2025-02-15,Storm Surge,Closed,215676.83,199353.42,2025-06-05
CLM-000403,POL-003201,CYC-2024-01,2024-01-24,2024-01-30,Wind,Open,415832.78,0.0,2024-01-30
CLM-000403,POL-003201,CYC-2024-01,2024-01-24,2024-01-30,Wind,Closed,749505.65,701141.13,2024-06-26
CLM-000404,POL-002382,CYC-2025-02,2025-11-28,2025-12-08,Wind,Open,35713.89,0.0,2025-12-08
CLM-000404,POL-002382,CYC-2025-02,2025-11-28,2025-12-08,Wind,Closed,63406.56,61208.22,2026-01-30
CLM-000405,POL-000189,CYC-2024-02,2024-03-16,2024-03-21,Storm Surge,Open,125517.73,0.0,2024-03-21
CLM-000405,POL-000189,CYC-2024-02,2024-03-16,2024-03-21,Storm Surge,Closed,382434.03,376273.04,2024-05-05
CLM-000406,POL-002646,CYC-2025-01,2025-02-08,2025-02-19,Wind,Open,25238.43,0.0,2025-02-19
CLM-000406,POL-002646,CYC-2025-01,2025-02-08,2025-02-19,Wind,Closed,46336.79,44080.16,2025-04-16
CLM-000407,POL-004830,CYC-2023-02,2023-12-05,2023-12-15,Wind,Open,45822.07,0.0,2023-12-15
CLM-000407,POL-004830,CYC-2023-02,2023-12-05,2023-12-15,Wind,Closed,107959.88,98819.85,2024-04-30
CLM-000408,POL-004415,CYC-2023-02,2023-12-03,2023-12-13,Wind,Open,62485.63,0.0,2023-12-13
CLM-000408,POL-004415,CYC-2023-02,2023-12-03,2023-12-13,Wind,Closed,119736.61,119112.52,2024-03-30
CLM-000409,POL-003853,CYC-2025-01,2025-02-08,2025-02-11,Riverine Flood,Open,17433.92,0.0,2025-02-11
CLM-000409,POL-003853,CYC-2025-01,2025-02-08,2025-02-11,Riverine Flood,Closed,30682.44,28368.06,2025-06-27
CLM-000410,POL-002427,CYC-2024-01,2024-01-22,2024-01-30,Storm Surge,Open,18966.04,0.0,2024-01-30
CLM-000410,POL-002427,CYC-2024-01,2024-01-22,2024-01-30,Storm Surge,Closed,51683.79,46083.12,2024-04-13
CLM-000411,POL-002022,CYC-2025-01,2025-02-10,2025-02-19,Wind,Open,112275.26,0.0,2025-02-19
CLM-000411,POL-002022,CYC-2025-01,2025-02-10,2025-02-19,Wind,Closed,261497.45,260176.84,2025-06-28
CLM-000412,POL-000410,CYC-2024-02,2024-03-16,2024-03-18,Wind,Open,28616.91,0.0,2024-03-18
CLM-000413,POL-001421,CYC-2024-02,2024-03-15,2024-03-28,Wind,Open,42384.84,0.0,2024-03-28
CLM-000413,POL-001421,CYC-2024-02,2024-03-15,2024-03-28,Wind,Closed,104981.13,91477.41,2024-06-28
CLM-000414,POL-002950,CYC-2024-02,2024-03-15,2024-03-18,Wind,Open,160289.51,0.0,2024-03-18
CLM-000414,POL-002950,CYC-2024-02,2024-03-15,2024-03-18,Wind,Closed,267802.13,248742.93,2024-08-18
CLM-000415,POL-000286,CYC-2023-02,2023-12-03,2023-12-11,Riverine Flood,Open,74850.94,0.0,2023-12-11
CLM-000415,POL-000286,CYC-2023-02,2023-12-03,2023-12-11,Riverine Flood,Closed,161802.77,141812.35,2024-03-16
CLM-000416,POL-002549,CYC-2024-02,2024-03-15,2024-03-26,Riverine Flood,Open,26801.24,0.0,2024-03-26
CLM-000417,POL-002544,CYC-2024-02,2024-03-16,2024-03-23,Wind,Open,76689.56,0.0,2024-03-23
CLM-000417,POL-002544,CYC-2024-02,2024-03-16,2024-03-23,Wind,Closed,146399.07,135975.59,2024-08-05
CLM-000418,POL-004259,CYC-2025-01,2025-02-09,2025-02-23,Wind,Open,20364.67,0.0,2025-02-23
CLM-000418,POL-004259,CYC-2025-01,2025-02-09,2025-02-23,Wind,Closed,43121.97,41700.68,2025-05-28
CLM-000419,POL-003993,CYC-2025-01,2025-02-09,2025-02-23,Wind,Open,26565.1,0.0,2025-02-23
CLM-000419,POL-003993,CYC-2025-01,2025-02-09,2025-02-23,Wind,Closed,65443.57,64890.46,2025-08-06
CLM-000420,POL-000704,CYC-2025-02,2025-11-29,2025-11-30,Wind,Open,305335.26,0.0,2025-11-30
CLM-000420,POL-000704,CYC-2025-02,2025-11-29,2025-11-30,Wind,Closed,568914.17,498759.01,2026-02-23
CLM-000421,POL-003410,CYC-2025-01,2025-02-08,2025-02-13,Wind,Open,81022.25,0.0,2025-02-13
CLM-000421,POL-003410,CYC-2025-01,2025-02-08,2025-02-13,Wind,Closed,144653.6,135216.31,2025-03-15
CLM-000422,POL-002893,CYC-2025-01,2025-02-08,2025-02-19,Riverine Flood,Open,13221.05,0.0,2025-02-19
CLM-000423,POL-003229,CYC-2024-02,2024-03-17,2024-03-23,Wind,Open,93640.86,0.0,2024-03-23
CLM-000423,POL-003229,CYC-2024-02,2024-03-17,2024-03-23,Wind,Closed,279951.06,244479.38,2024-08-08
CLM-000424,POL-003540,CYC-2024-02,2024-03-16,2024-03-29,Wind,Open,128451.97,0.0,2024-03-29
CLM-000424,POL-003540,CYC-2024-02,2024-03-16,2024-03-29,Wind,Closed,235159.15,218652.12,2024-07-12
CLM-000425,POL-000615,CYC-2025-02,2025-11-29,2025-12-09,Storm Surge,Open,10474.68,0.0,2025-12-09
CLM-000426,POL-003220,CYC-2025-02,2025-11-29,2025-12-13,Storm Surge,Open,137712.62,0.0,2025-12-13
CLM-000426,POL-003220,CYC-2025-02,2025-11-29,2025-12-13,Storm Surge,Closed,241865.42,209928.55,2026-04-29
CLM-000427,POL-002375,CYC-2023-02,2023-12-04,2023-12-08,Wind,Open,120550.89,0.0,2023-12-08
CLM-000427,POL-002375,CYC-2023-02,2023-12-04,2023-12-08,Wind,Closed,348320.53,344675.46,2024-04-05
CLM-000428,POL-004693,CYC-2024-01,2024-01-23,2024-01-27,Riverine Flood,Open,36795.91,0.0,2024-01-27
CLM-000428,POL-004693,CYC-2024-01,2024-01-23,2024-01-27,Riverine Flood,Closed,92906.59,89551.79,2024-07-08
CLM-000429,POL-003779,CYC-2024-02,2024-03-17,2024-03-29,Wind,Open,114349.61,0.0,2024-03-29
CLM-000429,POL-003779,CYC-2024-02,2024-03-17,2024-03-29,Wind,Closed,232558.15,221052.78,2024-07-30
CLM-000430,POL-004695,CYC-2024-02,2024-03-16,2024-03-29,Wind,Open,94930.01,0.0,2024-03-29
CLM-000430,POL-004695,CYC-2024-02,2024-03-16,2024-03-29,Wind,Closed,304775.73,297316.63,2024-09-19
CLM-000431,POL-003227,CYC-2023-02,2023-12-05,2023-12-14,Wind,Open,295652.98,0.0,2023-12-14
CLM-000431,POL-003227,CYC-2023-02,2023-12-05,2023-12-14,Wind,Closed,673935.62,660904.57,2024-01-17
CLM-000432,POL-003841,CYC-2025-02,2025-11-28,2025-12-08,Wind,Open,1822450.5,0.0,2025-12-08
CLM-000432,POL-003841,CYC-2025-02,2025-11-28,2025-12-08,Wind,Closed,3164086.01,3131075.77,2026-05-30
CLM-000433,POL-000407,CYC-2025-02,2025-11-27,2025-12-04,Wind,Open,28719.49,0.0,2025-12-04
CLM-000433,POL-000407,CYC-2025-02,2025-11-27,2025-12-04,Wind,Closed,63427.23,57915.65,2026-03-01
CLM-000434,POL-004312,CYC-2024-01,2024-01-24,2024-02-06,Wind,Open,66745.26,0.0,2024-02-06
CLM-000434,POL-004312,CYC-2024-01,2024-01-24,2024-02-06,Wind,Closed,205059.57,184635.53,2024-05-29
CLM-000435,POL-003020,CYC-2024-01,2024-01-24,2024-01-31,Storm Surge,Open,35131.94,0.0,2024-01-31
CLM-000435,POL-003020,CYC-2024-01,2024-01-24,2024-01-31,Storm Surge,Closed,98000.38,94586.71,2024-03-29
CLM-000436,POL-001453,CYC-2025-01,2025-02-08,2025-02-16,Storm Surge,Open,30128.34,0.0,2025-02-16
CLM-000436,POL-001453,CYC-2025-01,2025-02-08,2025-02-16,Storm Surge,Closed,90977.91,82117.8,2025-04-26
CLM-000437,POL-003364,CYC-2025-01,2025-02-10,2025-02-18,Riverine Flood,Open,48907.79,0.0,2025-02-18
CLM-000438,POL-004511,CYC-2024-01,2024-01-22,2024-02-03,Riverine Flood,Open,59560.53,0.0,2024-02-03
CLM-000439,POL-000210,CYC-2025-02,2025-11-29,2025-12-10,Riverine Flood,Open,1074407.04,0.0,2025-12-10
CLM-000439,POL-000210,CYC-2025-02,2025-11-29,2025-12-10,Riverine Flood,Closed,1963788.02,1905968.89,2026-05-04
CLM-000440,POL-000651,CYC-2025-01,2025-02-10,2025-02-15,Wind,Open,52478.08,0.0,2025-02-15
CLM-000440,POL-000651,CYC-2025-01,2025-02-10,2025-02-15,Wind,Closed,125967.97,111493.69,2025-05-02
CLM-000441,POL-003627,CYC-2024-01,2024-01-23,2024-02-04,Riverine Flood,Open,61652.81,0.0,2024-02-04
CLM-000442,POL-000005,CYC-2023-02,2023-12-04,2023-12-10,Wind,Open,11622.5,0.0,2023-12-10
CLM-000443,POL-000032,CYC-2024-01,2024-01-23,2024-01-26,Wind,Open,2948.56,0.0,2024-01-26
CLM-000443,POL-000032,CYC-2024-01,2024-01-23,2024-01-26,Wind,Closed,6161.42,5687.12,2024-07-14
CLM-000444,POL-000132,CYC-2025-01,2025-02-10,2025-02-22,Wind,Open,63806.02,0.0,2025-02-22
CLM-000444,POL-000132,CYC-2025-01,2025-02-10,2025-02-22,Wind,Closed,172656.93,162660.03,2025-05-05
CLM-000445,POL-004293,CYC-2024-02,2024-03-17,2024-03-23,Riverine Flood,Open,113944.2,0.0,2024-03-23
CLM-000445,POL-004293,CYC-2024-02,2024-03-17,2024-03-23,Riverine Flood,Closed,261456.84,243228.85,2024-09-15
CLM-000446,POL-004923,CYC-2024-02,2024-03-16,2024-03-24,Wind,Open,58732.25,0.0,2024-03-24
CLM-000446,POL-004923,CYC-2024-02,2024-03-16,2024-03-24,Wind,Closed,132572.7,125417.95,2024-08-03
CLM-000447,POL-001821,CYC-2025-01,2025-02-09,2025-02-19,Wind,Open,37882.05,0.0,2025-02-19
CLM-000447,POL-001821,CYC-2025-01,2025-02-09,2025-02-19,Wind,Closed,116770.33,113838.34,2025-08-02
CLM-000448,POL-004855,CYC-2025-02,2025-11-27,2025-11-28,Wind,Open,27096.11,0.0,2025-11-28
CLM-000448,POL-004855,CYC-2025-02,2025-11-27,2025-11-28,Wind,Closed,47087.35,42282.24,2025-12-21
CLM-000449,POL-001886,CYC-2024-02,2024-03-16,2024-03-21,Wind,Open,109201.84,0.0,2024-03-21
CLM-000449,POL-001886,CYC-2024-02,2024-03-16,2024-03-21,Wind,Closed,279377.89,242738.25,2024-07-23
CLM-000450,POL-003047,CYC-2023-02,2023-12-04,2023-12-15,Storm Surge,Open,25724.47,0.0,2023-12-15
CLM-000450,POL-003047,CYC-2023-02,2023-12-04,2023-12-15,Storm Surge,Closed,55619.2,51479.21,2024-02-13
CLM-000451,POL-000984,CYC-2025-01,2025-02-08,2025-02-16,Wind,Open,288504.74,0.0,2025-02-16
CLM-000452,POL-003901,CYC-2023-02,2023-12-04,2023-12-15,Wind,Open,32583.09,0.0,2023-12-15
CLM-000452,POL-003901,CYC-2023-02,2023-12-04,2023-12-15,Wind,Closed,59907.89,58519.92,2024-04-24
CLM-000453,POL-002395,CYC-2024-01,2024-01-24,2024-02-03,Storm Surge,Open,273215.01,0.0,2024-02-03
CLM-000453,POL-002395,CYC-2024-01,2024-01-24,2024-02-03,Storm Surge,Closed,480661.45,458041.67,2024-02-29
CLM-000453,POL-002395,CYC-2024-01,2024-01-24,2024-02-03,Storm Surge,Reopened,524797.27,459801.0,2024-09-27
CLM-000454,POL-003676,CYC-2025-01,2025-02-09,2025-02-21,Wind,Open,132251.65,0.0,2025-02-21
CLM-000454,POL-003676,CYC-2025-01,2025-02-09,2025-02-21,Wind,Closed,326250.34,299765.96,2025-03-30
CLM-000455,POL-002587,CYC-2025-01,2025-02-10,2025-02-19,Wind,Open,145845.58,0.0,2025-02-19
CLM-000455,POL-002587,CYC-2025-01,2025-02-10,2025-02-19,Wind,Closed,290890.11,261626.46,2025-07-15
CLM-000456,POL-003910,CYC-2023-02,2023-12-03,2023-12-15,Wind,Open,237816.95,0.0,2023-12-15
CLM-000456,POL-003910,CYC-2023-02,2023-12-03,2023-12-15,Wind,Closed,401633.92,392720.99,2024-02-21
CLM-000457,POL-001489,CYC-2023-01,2023-02-13,2023-02-14,Riverine Flood,Open,12980.31,0.0,2023-02-14
CLM-000457,POL-001489,CYC-2023-01,2023-02-13,2023-02-14,Riverine Flood,Closed,23670.15,23446.0,2023-07-17
CLM-000458,POL-004699,CYC-2023-02,2023-12-03,2023-12-15,Wind,Open,101143.42,0.0,2023-12-15
CLM-000458,POL-004699,CYC-2023-02,2023-12-03,2023-12-15,Wind,Closed,282788.28,256148.73,2024-05-18
CLM-000459,POL-004112,CYC-2023-02,2023-12-04,2023-12-11,Storm Surge,Open,108717.8,0.0,2023-12-11
CLM-000459,POL-004112,CYC-2023-02,2023-12-04,2023-12-11,Storm Surge,Closed,271257.65,249888.11,2024-04-11
CLM-000460,POL-002867,CYC-2025-01,2025-02-08,2025-02-09,Wind,Open,87309.16,0.0,2025-02-09
CLM-000460,POL-002867,CYC-2025-01,2025-02-08,2025-02-09,Wind,Closed,220736.63,203565.22,2025-06-22
CLM-000461,POL-004114,CYC-2025-01,2025-02-10,2025-02-14,Wind,Open,70261.07,0.0,2025-02-14
CLM-000461,POL-004114,CYC-2025-01,2025-02-10,2025-02-14,Wind,Closed,174438.73,168791.8,2025-06-06
CLM-000462,POL-000381,CYC-2025-01,2025-02-09,2025-02-22,Wind,Open,12575.09,0.0,2025-02-22
CLM-000462,POL-000381,CYC-2025-01,2025-02-09,2025-02-22,Wind,Closed,32170.21,29173.43,2025-06-25
CLM-000463,POL-002555,CYC-2024-01,2024-01-22,2024-02-01,Riverine Flood,Open,33996.2,0.0,2024-02-01
CLM-000463,POL-002555,CYC-2024-01,2024-01-22,2024-02-01,Riverine Flood,Closed,69823.0,62598.09,2024-05-29
CLM-000464,POL-002854,CYC-2025-02,2025-11-29,2025-12-03,Riverine Flood,Open,99033.52,0.0,2025-12-03
CLM-000464,POL-002854,CYC-2025-02,2025-11-29,2025-12-03,Riverine Flood,Closed,235214.48,210672.25,2026-02-03
CLM-000465,POL-000315,CYC-2025-01,2025-02-08,2025-02-19,Riverine Flood,Open,23938.01,0.0,2025-02-19
CLM-000465,POL-000315,CYC-2025-01,2025-02-08,2025-02-19,Riverine Flood,Closed,67394.31,63660.72,2025-08-14
CLM-000466,POL-003289,CYC-2025-02,2025-11-29,2025-12-08,Wind,Open,116124.48,0.0,2025-12-08
CLM-000466,POL-003289,CYC-2025-02,2025-11-29,2025-12-08,Wind,Closed,380170.76,372630.83,2026-05-17
CLM-000467,POL-001358,CYC-2024-01,2024-01-22,2024-01-26,Wind,Open,33504.77,0.0,2024-01-26
CLM-000468,POL-003261,CYC-2024-02,2024-03-17,2024-03-22,Storm Surge,Open,10174.17,0.0,2024-03-22
CLM-000468,POL-003261,CYC-2024-02,2024-03-17,2024-03-22,Storm Surge,Closed,24580.14,22919.2,2024-05-27
CLM-000469,POL-003029,CYC-2024-02,2024-03-15,2024-03-18,Wind,Open,10890.5,0.0,2024-03-18
CLM-000469,POL-003029,CYC-2024-02,2024-03-15,2024-03-18,Wind,Closed,20506.21,18521.17,2024-09-03
CLM-000470,POL-004001,CYC-2024-01,2024-01-24,2024-01-26,Wind,Open,5604.14,0.0,2024-01-26
CLM-000470,POL-004001,CYC-2024-01,2024-01-24,2024-01-26,Wind,Closed,12740.32,11000.41,2024-04-11
CLM-000471,POL-003135,CYC-2023-01,2023-02-12,2023-02-17,Wind,Open,78399.07,0.0,2023-02-17
CLM-000471,POL-003135,CYC-2023-01,2023-02-12,2023-02-17,Wind,Closed,147973.48,131575.85,2023-06-27
CLM-000472,POL-004883,CYC-2024-01,2024-01-23,2024-01-25,Riverine Flood,Open,20015.65,0.0,2024-01-25
CLM-000473,POL-001552,CYC-2025-01,2025-02-09,2025-02-12,Riverine Flood,Open,65280.15,0.0,2025-02-12
CLM-000473,POL-001552,CYC-2025-01,2025-02-09,2025-02-12,Riverine Flood,Closed,119774.45,114475.03,2025-03-04
CLM-000474,POL-000992,CYC-2024-01,2024-01-23,2024-01-29,Wind,Open,82242.53,0.0,2024-01-29
CLM-000474,POL-000992,CYC-2024-01,2024-01-23,2024-01-29,Wind,Closed,204356.69,178098.24,2024-04-08
CLM-000475,POL-002950,CYC-2024-01,2024-01-22,2024-02-02,Wind,Open,75340.77,0.0,2024-02-02
CLM-000475,POL-002950,CYC-2024-01,2024-01-22,2024-02-02,Wind,Closed,184383.82,166109.59,2024-06-24
CLM-000476,POL-001281,CYC-2024-02,2024-03-16,2024-03-26,Wind,Open,14435.79,0.0,2024-03-26
CLM-000476,POL-001281,CYC-2024-02,2024-03-16,2024-03-26,Wind,Closed,39705.94,38117.52,2024-05-11
CLM-000477,POL-001298,CYC-2024-02,2024-03-15,2024-03-25,Wind,Open,60655.86,0.0,2024-03-25
CLM-000477,POL-001298,CYC-2024-02,2024-03-15,2024-03-25,Wind,Closed,151366.07,148185.54,2024-08-22
CLM-000478,POL-002400,CYC-2024-02,2024-03-16,2024-03-26,Wind,Open,89706.42,0.0,2024-03-26
CLM-000478,POL-002400,CYC-2024-02,2024-03-16,2024-03-26,Wind,Closed,231884.24,224488.24,2024-06-03
CLM-000479,POL-004006,CYC-2024-01,2024-01-23,2024-01-30,Riverine Flood,Open,350245.68,0.0,2024-01-30
CLM-000479,POL-004006,CYC-2024-01,2024-01-23,2024-01-30,Riverine Flood,Closed,775926.8,771729.41,2024-07-22
CLM-000479,POL-004006,CYC-2024-01,2024-01-23,2024-01-30,Riverine Flood,Reopened,802685.77,735089.99,2024-09-09
CLM-000480,POL-001568,CYC-2023-01,2023-02-13,2023-02-14,Wind,Open,362465.11,0.0,2023-02-14
CLM-000480,POL-001568,CYC-2023-01,2023-02-13,2023-02-14,Wind,Closed,900617.17,840443.99,2023-04-28
CLM-000481,POL-000835,CYC-2025-02,2025-11-29,2025-11-30,Wind,Open,48511.18,0.0,2025-11-30
CLM-000481,POL-000835,CYC-2025-02,2025-11-29,2025-11-30,Wind,Closed,139698.67,119965.98,2026-05-06
CLM-000482,POL-004103,CYC-2025-01,2025-02-10,2025-02-21,Riverine Flood,Open,84324.1,0.0,2025-02-21
CLM-000482,POL-004103,CYC-2025-01,2025-02-10,2025-02-21,Riverine Flood,Closed,148398.3,146374.63,2025-07-30
CLM-000483,POL-000710,CYC-2024-01,2024-01-22,2024-02-05,Riverine Flood,Open,19431.02,0.0,2024-02-05
CLM-000483,POL-000710,CYC-2024-01,2024-01-22,2024-02-05,Riverine Flood,Closed,54734.51,47013.7,2024-05-25
CLM-000484,POL-001431,CYC-2023-02,2023-12-04,2023-12-10,Wind,Open,35619.45,0.0,2023-12-10
CLM-000484,POL-001431,CYC-2023-02,2023-12-04,2023-12-10,Wind,Closed,107472.12,105357.47,2024-02-05
CLM-000485,POL-000814,CYC-2023-02,2023-12-04,2023-12-14,Wind,Open,81136.04,0.0,2023-12-14
CLM-000485,POL-000814,CYC-2023-02,2023-12-04,2023-12-14,Wind,Closed,180733.73,157309.23,2024-04-13
CLM-000486,POL-000305,CYC-2025-01,2025-02-09,2025-02-18,Storm Surge,Open,33514.05,0.0,2025-02-18
CLM-000486,POL-000305,CYC-2025-01,2025-02-09,2025-02-18,Storm Surge,Closed,91988.89,85878.34,2025-06-18
CLM-000487,POL-003626,CYC-2023-02,2023-12-03,2023-12-16,Wind,Open,8708.77,0.0,2023-12-16
CLM-000487,POL-003626,CYC-2023-02,2023-12-03,2023-12-16,Wind,Closed,24237.81,20638.54,2024-06-11
CLM-000488,POL-000427,CYC-2024-01,2024-01-24,2024-02-04,Riverine Flood,Open,50067.2,0.0,2024-02-04
CLM-000488,POL-000427,CYC-2024-01,2024-01-24,2024-02-04,Riverine Flood,Closed,141760.57,130967.72,2024-05-06
CLM-000489,POL-003678,CYC-2025-01,2025-02-10,2025-02-14,Wind,Open,163424.91,0.0,2025-02-14
CLM-000490,POL-001108,CYC-2025-01,2025-02-10,2025-02-20,Wind,Open,90025.17,0.0,2025-02-20
CLM-000490,POL-001108,CYC-2025-01,2025-02-10,2025-02-20,Wind,Closed,179608.51,171093.32,2025-07-30
CLM-000491,POL-003014,CYC-2024-01,2024-01-22,2024-01-30,Wind,Open,198590.9,0.0,2024-01-30
CLM-000491,POL-003014,CYC-2024-01,2024-01-22,2024-01-30,Wind,Closed,428160.54,375092.16,2024-07-14
CLM-000492,POL-001984,CYC-2024-02,2024-03-16,2024-03-25,Riverine Flood,Open,62314.67,0.0,2024-03-25
CLM-000492,POL-001984,CYC-2024-02,2024-03-16,2024-03-25,Riverine Flood,Closed,139141.43,133875.14,2024-08-19
CLM-000493,POL-003636,CYC-2023-02,2023-12-03,2023-12-09,Wind,Open,624190.4,0.0,2023-12-09
CLM-000493,POL-003636,CYC-2023-02,2023-12-03,2023-12-09,Wind,Closed,1243409.94,1060327.74,2024-03-05
CLM-000493,POL-003636,CYC-2023-02,2023-12-03,2023-12-09,Wind,Reopened,1319078.67,1073802.94,2024-07-16
CLM-000494,POL-004646,CYC-2023-02,2023-12-04,2023-12-06,Wind,Open,172217.46,0.0,2023-12-06
CLM-000495,POL-003811,CYC-2025-02,2025-11-28,2025-12-07,Wind,Open,264065.71,0.0,2025-12-07
CLM-000495,POL-003811,CYC-2025-02,2025-11-28,2025-12-07,Wind,Reopened,870673.76,751124.65,2026-07-18
CLM-000496,POL-002934,CYC-2023-02,2023-12-03,2023-12-09,Riverine Flood,Open,50280.32,0.0,2023-12-09
CLM-000496,POL-002934,CYC-2023-02,2023-12-03,2023-12-09,Riverine Flood,Closed,141780.19,123704.75,2024-01-05
CLM-000497,POL-003394,CYC-2024-01,2024-01-22,2024-01-24,Riverine Flood,Open,99263.04,0.0,2024-01-24
CLM-000497,POL-003394,CYC-2024-01,2024-01-22,2024-01-24,Riverine Flood,Closed,198809.27,183028.35,2024-05-17
CLM-000498,POL-004064,CYC-2025-02,2025-11-29,2025-12-05,Riverine Flood,Open,1425252.5,0.0,2025-12-05
CLM-000499,POL-004294,CYC-2025-01,2025-02-08,2025-02-10,Riverine Flood,Open,37050.68,0.0,2025-02-10
CLM-000499,POL-004294,CYC-2025-01,2025-02-08,2025-02-10,Riverine Flood,Closed,106723.78,95705.95,2025-07-08
CLM-000500,POL-003602,CYC-2023-02,2023-12-05,2023-12-06,Wind,Open,2416288.52,0.0,2023-12-06
CLM-000500,POL-003602,CYC-2023-02,2023-12-05,2023-12-06,Wind,Closed,4787403.52,4292097.83,2024-03-17
CLM-000501,POL-002883,CYC-2024-02,2024-03-15,2024-03-17,Riverine Flood,Open,33709.92,0.0,2024-03-17
CLM-000501,POL-002883,CYC-2024-02,2024-03-15,2024-03-17,Riverine Flood,Closed,76883.96,72850.45,2024-05-28
CLM-000501,POL-002883,CYC-2024-02,2024-03-15,2024-03-17,Riverine Flood,Reopened,84635.05,70563.35,2024-09-27
CLM-000502,POL-000742,CYC-2025-02,2025-11-29,2025-12-06,Storm Surge,Open,89842.0,0.0,2025-12-06
CLM-000502,POL-000742,CYC-2025-02,2025-11-29,2025-12-06,Storm Surge,Closed,237766.27,204377.64,2026-05-20
CLM-000503,POL-001064,CYC-2024-02,2024-03-17,2024-03-28,Riverine Flood,Open,26001.94,0.0,2024-03-28
CLM-000504,POL-002077,CYC-2024-02,2024-03-16,2024-03-25,Wind,Open,102217.01,0.0,2024-03-25
CLM-000504,POL-002077,CYC-2024-02,2024-03-16,2024-03-25,Wind,Closed,297352.86,281484.07,2024-04-29
CLM-000505,POL-002144,CYC-2024-02,2024-03-17,2024-03-21,Wind,Open,51452.54,0.0,2024-03-21
CLM-000505,POL-002144,CYC-2024-02,2024-03-17,2024-03-21,Wind,Closed,134087.61,120382.56,2024-07-19
CLM-000506,POL-004058,CYC-2024-01,2024-01-23,2024-02-06,Wind,Open,459848.91,0.0,2024-02-06
CLM-000506,POL-004058,CYC-2024-01,2024-01-23,2024-02-06,Wind,Closed,1206632.78,1103492.49,2024-02-28
CLM-000507,POL-000854,CYC-2023-02,2023-12-04,2023-12-17,Riverine Flood,Open,54750.32,0.0,2023-12-17
CLM-000508,POL-000373,CYC-2025-02,2025-11-28,2025-11-29,Wind,Open,29248.05,0.0,2025-11-29
CLM-000509,POL-000113,CYC-2024-01,2024-01-24,2024-01-29,Wind,Open,54065.13,0.0,2024-01-29
CLM-000509,POL-000113,CYC-2024-01,2024-01-24,2024-01-29,Wind,Closed,98060.59,93679.26,2024-04-26
CLM-000510,POL-004940,CYC-2024-02,2024-03-17,2024-03-31,Wind,Open,186509.71,0.0,2024-03-31
CLM-000510,POL-004940,CYC-2024-02,2024-03-17,2024-03-31,Wind,Closed,500796.81,485548.95,2024-08-21
CLM-000511,POL-004617,CYC-2023-02,2023-12-03,2023-12-14,Wind,Open,74429.23,0.0,2023-12-14
CLM-000511,POL-004617,CYC-2023-02,2023-12-03,2023-12-14,Wind,Closed,243746.66,227829.74,2024-02-15
CLM-000512,POL-000553,CYC-2025-01,2025-02-10,2025-02-22,Wind,Open,139656.62,0.0,2025-02-22
CLM-000512,POL-000553,CYC-2025-01,2025-02-10,2025-02-22,Wind,Closed,247781.05,221318.78,2025-04-27
CLM-000513,POL-002207,CYC-2023-01,2023-02-13,2023-02-16,Riverine Flood,Open,80347.31,0.0,2023-02-16
CLM-000513,POL-002207,CYC-2023-01,2023-02-13,2023-02-16,Riverine Flood,Closed,153950.93,131457.08,2023-08-11
CLM-000514,POL-000442,CYC-2024-02,2024-03-15,2024-03-25,Wind,Open,205149.32,0.0,2024-03-25
CLM-000514,POL-000442,CYC-2024-02,2024-03-15,2024-03-25,Wind,Closed,600091.66,528950.85,2024-05-25
CLM-000515,POL-001519,CYC-2024-01,2024-01-23,2024-02-05,Wind,Open,110481.09,0.0,2024-02-05
CLM-000515,POL-001519,CYC-2024-01,2024-01-23,2024-02-05,Wind,Closed,194654.28,185575.61,2024-04-09
CLM-000516,POL-001430,CYC-2024-02,2024-03-16,2024-03-24,Riverine Flood,Open,26785.67,0.0,2024-03-24
CLM-000516,POL-001430,CYC-2024-02,2024-03-16,2024-03-24,Riverine Flood,Closed,47927.8,45600.19,2024-05-08
CLM-000517,POL-003599,CYC-2025-01,2025-02-09,2025-02-21,Wind,Open,17952.65,0.0,2025-02-21
CLM-000517,POL-003599,CYC-2025-01,2025-02-09,2025-02-21,Wind,Closed,37020.89,36896.14,2025-03-25
CLM-000518,POL-004642,CYC-2023-02,2023-12-04,2023-12-18,Riverine Flood,Open,37462.06,0.0,2023-12-18
CLM-000518,POL-004642,CYC-2023-02,2023-12-04,2023-12-18,Riverine Flood,Closed,70706.39,65315.34,2024-05-26
CLM-000519,POL-003239,CYC-2024-01,2024-01-22,2024-01-31,Riverine Flood,Open,90444.16,0.0,2024-01-31
CLM-000519,POL-003239,CYC-2024-01,2024-01-22,2024-01-31,Riverine Flood,Closed,175110.36,152196.99,2024-03-09
CLM-000520,POL-001961,CYC-2024-01,2024-01-24,2024-01-25,Wind,Open,8312.27,0.0,2024-01-25
CLM-000520,POL-001961,CYC-2024-01,2024-01-24,2024-01-25,Wind,Closed,23518.47,20974.66,2024-07-10
CLM-000521,POL-002363,CYC-2025-02,2025-11-27,2025-12-11,Riverine Flood,Open,67361.32,0.0,2025-12-11
CLM-000521,POL-002363,CYC-2025-02,2025-11-27,2025-12-11,Riverine Flood,Closed,191891.71,185713.34,2026-05-03
CLM-000522,POL-001698,CYC-2025-01,2025-02-08,2025-02-12,Riverine Flood,Open,19099.04,0.0,2025-02-12
CLM-000522,POL-001698,CYC-2025-01,2025-02-08,2025-02-12,Riverine Flood,Closed,43023.86,42700.29,2025-04-30
CLM-000523,POL-000444,CYC-2025-01,2025-02-10,2025-02-18,Wind,Open,47152.75,0.0,2025-02-18
CLM-000523,POL-000444,CYC-2025-01,2025-02-10,2025-02-18,Wind,Closed,85308.05,79478.92,2025-08-10
CLM-000524,POL-003640,CYC-2025-02,2025-11-29,2025-12-03,Wind,Open,59385.72,0.0,2025-12-03
CLM-000524,POL-003640,CYC-2025-02,2025-11-29,2025-12-03,Wind,Closed,110404.71,103364.14,2026-02-25
CLM-000525,POL-000128,CYC-2024-01,2024-01-23,2024-01-28,Storm Surge,Open,173349.93,0.0,2024-01-28
CLM-000525,POL-000128,CYC-2024-01,2024-01-23,2024-01-28,Storm Surge,Closed,372370.39,360029.37,2024-03-19
CLM-000525,POL-000128,CYC-2024-01,2024-01-23,2024-01-28,Storm Surge,Reopened,403909.27,358184.85,2024-08-18
CLM-000526,POL-004240,CYC-2024-01,2024-01-22,2024-01-31,Wind,Open,76398.74,0.0,2024-01-31
CLM-000527,POL-002901,CYC-2023-02,2023-12-04,2023-12-08,Wind,Open,44333.47,0.0,2023-12-08
CLM-000527,POL-002901,CYC-2023-02,2023-12-04,2023-12-08,Wind,Closed,121491.7,110217.13,2024-01-01
CLM-000528,POL-004015,CYC-2023-02,2023-12-03,2023-12-11,Riverine Flood,Open,30421.68,0.0,2023-12-11
CLM-000529,POL-004412,CYC-2025-01,2025-02-08,2025-02-13,Wind,Open,11418.82,0.0,2025-02-13
CLM-000529,POL-004412,CYC-2025-01,2025-02-08,2025-02-13,Wind,Closed,26272.53,23508.22,2025-04-06
CLM-000530,POL-001208,CYC-2024-01,2024-01-23,2024-02-03,Storm Surge,Open,12294.0,0.0,2024-02-03
CLM-000530,POL-001208,CYC-2024-01,2024-01-23,2024-02-03,Storm Surge,Closed,25518.32,23162.69,2024-04-19
CLM-000531,POL-002832,CYC-2024-02,2024-03-17,2024-03-31,Wind,Open,111735.35,0.0,2024-03-31
CLM-000532,POL-002155,CYC-2024-01,2024-01-23,2024-01-26,Wind,Open,39718.39,0.0,2024-01-26
CLM-000532,POL-002155,CYC-2024-01,2024-01-23,2024-01-26,Wind,Closed,128088.78,126677.51,2024-02-29
CLM-000533,POL-000696,CYC-2024-01,2024-01-24,2024-02-06,Storm Surge,Open,35341.26,0.0,2024-02-06
CLM-000533,POL-000696,CYC-2024-01,2024-01-24,2024-02-06,Storm Surge,Closed,89519.66,76567.53,2024-04-28
CLM-000534,POL-002110,CYC-2025-02,2025-11-27,2025-11-28,Wind,Open,57631.19,0.0,2025-11-28
CLM-000535,POL-000185,CYC-2024-01,2024-01-23,2024-02-01,Riverine Flood,Open,226124.98,0.0,2024-02-01
CLM-000535,POL-000185,CYC-2024-01,2024-01-23,2024-02-01,Riverine Flood,Closed,416498.86,379406.81,2024-05-23
CLM-000536,POL-004519,CYC-2025-01,2025-02-09,2025-02-13,Riverine Flood,Open,38913.04,0.0,2025-02-13
CLM-000536,POL-004519,CYC-2025-01,2025-02-09,2025-02-13,Riverine Flood,Closed,84758.8,76258.36,2025-08-06
CLM-000537,POL-000963,CYC-2024-01,2024-01-24,2024-02-07,Riverine Flood,Open,13634.94,0.0,2024-02-07
CLM-000538,POL-003173,CYC-2023-02,2023-12-03,2023-12-06,Riverine Flood,Open,63436.93,0.0,2023-12-06
CLM-000538,POL-003173,CYC-2023-02,2023-12-03,2023-12-06,Riverine Flood,Closed,124343.08,113189.52,2024-04-21
CLM-000539,POL-002081,CYC-2024-01,2024-01-24,2024-02-04,Wind,Open,51865.5,0.0,2024-02-04
CLM-000539,POL-002081,CYC-2024-01,2024-01-24,2024-02-04,Wind,Closed,112099.76,109860.2,2024-03-12
CLM-000540,POL-001984,CYC-2024-02,2024-03-16,2024-03-19,Riverine Flood,Open,47642.59,0.0,2024-03-19
CLM-000540,POL-001984,CYC-2024-02,2024-03-16,2024-03-19,Riverine Flood,Closed,89161.22,88882.14,2024-06-30
CLM-000541,POL-002181,CYC-2024-01,2024-01-24,2024-02-07,Storm Surge,Open,1913.71,0.0,2024-02-07
CLM-000542,POL-004752,CYC-2023-02,2023-12-04,2023-12-15,Riverine Flood,Open,153168.0,0.0,2023-12-15
CLM-000542,POL-004752,CYC-2023-02,2023-12-04,2023-12-15,Riverine Flood,Closed,260813.32,237234.38,2024-05-05
CLM-000543,POL-000817,CYC-2025-01,2025-02-09,2025-02-22,Wind,Open,14040.42,0.0,2025-02-22
CLM-000543,POL-000817,CYC-2025-01,2025-02-09,2025-02-22,Wind,Closed,32105.65,30918.78,2025-06-24
CLM-000544,POL-002074,CYC-2023-02,2023-12-05,2023-12-13,Wind,Open,47461.29,0.0,2023-12-13
CLM-000545,POL-002909,CYC-2024-02,2024-03-16,2024-03-23,Riverine Flood,Open,63737.16,0.0,2024-03-23
CLM-000545,POL-002909,CYC-2024-02,2024-03-16,2024-03-23,Riverine Flood,Closed,122548.43,116153.58,2024-09-10
CLM-000546,POL-002483,CYC-2024-01,2024-01-23,2024-01-24,Riverine Flood,Open,27757.89,0.0,2024-01-24
CLM-000546,POL-002483,CYC-2024-01,2024-01-23,2024-01-24,Riverine Flood,Closed,81537.55,77834.26,2024-02-17
CLM-000547,POL-002311,CYC-2024-01,2024-01-22,2024-01-28,Riverine Flood,Open,66988.54,0.0,2024-01-28
CLM-000547,POL-002311,CYC-2024-01,2024-01-22,2024-01-28,Riverine Flood,Closed,153121.11,139097.73,2024-05-21
CLM-000548,POL-004020,CYC-2024-01,2024-01-23,2024-01-30,Storm Surge,Open,923420.7,0.0,2024-01-30
CLM-000549,POL-001725,CYC-2023-02,2023-12-05,2023-12-06,Riverine Flood,Open,815479.72,0.0,2023-12-06
CLM-000550,POL-000081,CYC-2025-02,2025-11-28,2025-12-08,Wind,Open,129011.65,0.0,2025-12-08
CLM-000550,POL-000081,CYC-2025-02,2025-11-28,2025-12-08,Wind,Closed,324072.19,299668.56,2026-05-19
CLM-000551,POL-004550,CYC-2025-01,2025-02-08,2025-02-12,Storm Surge,Open,377211.58,0.0,2025-02-12
CLM-000551,POL-004550,CYC-2025-01,2025-02-08,2025-02-12,Storm Surge,Closed,891912.32,830411.33,2025-08-07
CLM-000552,POL-003565,CYC-2025-02,2025-11-28,2025-12-11,Storm Surge,Open,1480653.72,0.0,2025-12-11
CLM-000552,POL-003565,CYC-2025-02,2025-11-28,2025-12-11,Storm Surge,Closed,2482445.32,2127275.64,2026-04-02
CLM-000553,POL-002908,CYC-2023-02,2023-12-04,2023-12-09,Wind,Open,76486.89,0.0,2023-12-09
CLM-000553,POL-002908,CYC-2023-02,2023-12-04,2023-12-09,Wind,Closed,162989.35,148065.83,2024-01-26
CLM-000554,POL-002734,CYC-2023-01,2023-02-13,2023-02-15,Storm Surge,Open,594892.03,0.0,2023-02-15
CLM-000554,POL-002734,CYC-2023-01,2023-02-13,2023-02-15,Storm Surge,Closed,1428452.33,1345541.18,2023-06-24
CLM-000555,POL-003918,CYC-2025-02,2025-11-29,2025-12-11,Wind,Open,30615.23,0.0,2025-12-11
CLM-000555,POL-003918,CYC-2025-02,2025-11-29,2025-12-11,Wind,Closed,64608.83,57821.53,2026-05-02
CLM-000556,POL-003541,CYC-2025-01,2025-02-08,2025-02-10,Storm Surge,Open,142749.95,0.0,2025-02-10
CLM-000556,POL-003541,CYC-2025-01,2025-02-08,2025-02-10,Storm Surge,Closed,280445.61,276559.75,2025-05-31
CLM-000557,POL-000774,CYC-2024-01,2024-01-23,2024-02-05,Wind,Open,389118.02,0.0,2024-02-05
CLM-000557,POL-000774,CYC-2024-01,2024-01-23,2024-02-05,Wind,Closed,1091281.73,1090099.64,2024-03-11
CLM-000558,POL-003153,CYC-2024-02,2024-03-17,2024-03-31,Riverine Flood,Open,40712.04,0.0,2024-03-31
CLM-000558,POL-003153,CYC-2024-02,2024-03-17,2024-03-31,Riverine Flood,Closed,114146.31,103141.12,2024-08-21
CLM-000559,POL-002352,CYC-2023-02,2023-12-04,2023-12-13,Wind,Open,38630.76,0.0,2023-12-13
CLM-000559,POL-002352,CYC-2023-02,2023-12-04,2023-12-13,Wind,Closed,79003.51,67268.27,2024-03-04
CLM-000560,POL-003891,CYC-2023-02,2023-12-03,2023-12-09,Riverine Flood,Open,105168.24,0.0,2023-12-09
CLM-000560,POL-003891,CYC-2023-02,2023-12-03,2023-12-09,Riverine Flood,Closed,259194.61,244319.01,2024-04-20
CLM-000561,POL-002501,CYC-2025-02,2025-11-29,2025-12-07,Riverine Flood,Open,30428.32,0.0,2025-12-07
CLM-000561,POL-002501,CYC-2025-02,2025-11-29,2025-12-07,Riverine Flood,Closed,57554.3,55256.17,2026-02-26
CLM-000562,POL-002199,CYC-2025-01,2025-02-08,2025-02-16,Wind,Open,135642.56,0.0,2025-02-16
CLM-000562,POL-002199,CYC-2025-01,2025-02-08,2025-02-16,Wind,Closed,359667.43,355314.92,2025-06-14
CLM-000563,POL-003630,CYC-2024-02,2024-03-15,2024-03-17,Riverine Flood,Open,2322037.33,0.0,2024-03-17
CLM-000563,POL-003630,CYC-2024-02,2024-03-15,2024-03-17,Riverine Flood,Closed,4439021.04,4216439.91,2024-04-25
CLM-000564,POL-000166,CYC-2024-01,2024-01-22,2024-02-04,Wind,Open,1048526.51,0.0,2024-02-04
CLM-000564,POL-000166,CYC-2024-01,2024-01-22,2024-02-04,Wind,Closed,2730899.97,2508218.65,2024-04-27
CLM-000565,POL-001475,CYC-2024-02,2024-03-17,2024-03-21,Wind,Open,42062.31,0.0,2024-03-21
CLM-000566,POL-003242,CYC-2024-02,2024-03-15,2024-03-27,Riverine Flood,Open,50958.91,0.0,2024-03-27
CLM-000566,POL-003242,CYC-2024-02,2024-03-15,2024-03-27,Riverine Flood,Closed,159405.33,142075.55,2024-08-12
CLM-000567,POL-003713,CYC-2023-02,2023-12-05,2023-12-19,Wind,Open,89491.73,0.0,2023-12-19
CLM-000567,POL-003713,CYC-2023-02,2023-12-05,2023-12-19,Wind,Closed,296617.31,277293.32,2024-03-22
CLM-000568,POL-000629,CYC-2025-01,2025-02-08,2025-02-14,Riverine Flood,Open,83395.05,0.0,2025-02-14
CLM-000568,POL-000629,CYC-2025-01,2025-02-08,2025-02-14,Riverine Flood,Closed,218897.78,216485.7,2025-06-23
CLM-000569,POL-002797,CYC-2025-01,2025-02-09,2025-02-14,Riverine Flood,Open,185377.57,0.0,2025-02-14
CLM-000569,POL-002797,CYC-2025-01,2025-02-09,2025-02-14,Riverine Flood,Closed,461495.8,443937.73,2025-05-25
CLM-000570,POL-000922,CYC-2025-01,2025-02-10,2025-02-14,Storm Surge,Open,75148.92,0.0,2025-02-14
CLM-000570,POL-000922,CYC-2025-01,2025-02-10,2025-02-14,Storm Surge,Closed,139254.6,135007.85,2025-05-15
CLM-000571,POL-004973,CYC-2024-02,2024-03-16,2024-03-30,Wind,Open,36895.73,0.0,2024-03-30
CLM-000571,POL-004973,CYC-2024-02,2024-03-16,2024-03-30,Wind,Closed,96583.3,94626.24,2024-07-30
CLM-000572,POL-003169,CYC-2025-01,2025-02-10,2025-02-23,Storm Surge,Open,1457348.43,0.0,2025-02-23
CLM-000573,POL-004246,CYC-2023-02,2023-12-04,2023-12-06,Wind,Open,22979.07,0.0,2023-12-06
CLM-000573,POL-004246,CYC-2023-02,2023-12-04,2023-12-06,Wind,Closed,55397.31,47262.72,2024-05-16
CLM-000574,POL-004090,CYC-2025-02,2025-11-28,2025-12-10,Riverine Flood,Open,61333.22,0.0,2025-12-10
CLM-000575,POL-002219,CYC-2025-02,2025-11-28,2025-12-05,Wind,Open,12893.79,0.0,2025-12-05
CLM-000575,POL-002219,CYC-2025-02,2025-11-28,2025-12-05,Wind,Closed,28774.01,26783.5,2026-05-09
CLM-000576,POL-001863,CYC-2024-02,2024-03-17,2024-03-27,Riverine Flood,Open,83702.34,0.0,2024-03-27
CLM-000576,POL-001863,CYC-2024-02,2024-03-17,2024-03-27,Riverine Flood,Closed,143274.45,124856.08,2024-06-30
CLM-000577,POL-004416,CYC-2023-01,2023-02-11,2023-02-22,Wind,Open,30405.52,0.0,2023-02-22
CLM-000577,POL-004416,CYC-2023-01,2023-02-11,2023-02-22,Wind,Closed,52462.59,47673.55,2023-07-11
CLM-000578,POL-000045,CYC-2024-02,2024-03-17,2024-03-24,Storm Surge,Open,23048.42,0.0,2024-03-24
CLM-000578,POL-000045,CYC-2024-02,2024-03-17,2024-03-24,Storm Surge,Closed,39994.27,36595.57,2024-04-24
CLM-000579,POL-001306,CYC-2023-02,2023-12-03,2023-12-14,Riverine Flood,Open,35319.38,0.0,2023-12-14
CLM-000579,POL-001306,CYC-2023-02,2023-12-03,2023-12-14,Riverine Flood,Closed,73957.85,64621.86,2024-04-04
CLM-000580,POL-004858,CYC-2025-01,2025-02-09,2025-02-23,Riverine Flood,Open,56442.51,0.0,2025-02-23
CLM-000580,POL-004858,CYC-2025-01,2025-02-09,2025-02-23,Riverine Flood,Reopened,135047.88,107330.97,2025-09-14
CLM-000581,POL-003318,CYC-2023-02,2023-12-03,2023-12-06,Wind,Open,19801.61,0.0,2023-12-06
CLM-000581,POL-003318,CYC-2023-02,2023-12-03,2023-12-06,Wind,Reopened,54814.33,47704.84,2024-06-12
CLM-000582,POL-001380,CYC-2025-02,2025-11-29,2025-12-05,Wind,Open,89706.07,0.0,2025-12-05
CLM-000583,POL-003387,CYC-2023-02,2023-12-04,2023-12-18,Storm Surge,Open,147616.37,0.0,2023-12-18
CLM-000583,POL-003387,CYC-2023-02,2023-12-04,2023-12-18,Storm Surge,Closed,281784.27,245127.82,2024-01-20
CLM-000584,POL-003078,CYC-2025-01,2025-02-08,2025-02-14,Wind,Open,1975064.03,0.0,2025-02-14
CLM-000584,POL-003078,CYC-2025-01,2025-02-08,2025-02-14,Wind,Closed,6294018.22,5715481.82,2025-03-11
CLM-000585,POL-003794,CYC-2023-02,2023-12-05,2023-12-10,Riverine Flood,Open,13714.51,0.0,2023-12-10
CLM-000585,POL-003794,CYC-2023-02,2023-12-05,2023-12-10,Riverine Flood,Closed,24161.84,22856.09,2024-01-12
CLM-000586,POL-004617,CYC-2023-02,2023-12-03,2023-12-14,Storm Surge,Open,97500.42,0.0,2023-12-14
CLM-000586,POL-004617,CYC-2023-02,2023-12-03,2023-12-14,Storm Surge,Closed,189552.87,178441.86,2024-05-18
CLM-000587,POL-003145,CYC-2024-01,2024-01-24,2024-02-01,Riverine Flood,Open,13814.84,0.0,2024-02-01
CLM-000588,POL-002580,CYC-2025-02,2025-11-27,2025-12-07,Riverine Flood,Open,28209.97,0.0,2025-12-07
CLM-000589,POL-000392,CYC-2024-01,2024-01-22,2024-01-27,Storm Surge,Open,88501.58,0.0,2024-01-27
CLM-000590,POL-000002,CYC-2025-01,2025-02-09,2025-02-22,Wind,Open,14037.5,0.0,2025-02-22
CLM-000590,POL-000002,CYC-2025-01,2025-02-09,2025-02-22,Wind,Closed,46667.14,41232.96,2025-06-02
CLM-000590,POL-000002,CYC-2025-01,2025-02-09,2025-02-22,Wind,Reopened,53401.6,42192.19,2025-09-08
CLM-000591,POL-003883,CYC-2025-02,2025-11-28,2025-12-10,Riverine Flood,Open,8907.01,0.0,2025-12-10
CLM-000592,POL-000759,CYC-2024-01,2024-01-22,2024-01-28,Wind,Open,98553.37,0.0,2024-01-28
CLM-000592,POL-000759,CYC-2024-01,2024-01-22,2024-01-28,Wind,Closed,230078.79,203030.82,2024-04-11
CLM-000593,POL-003874,CYC-2024-02,2024-03-15,2024-03-20,Riverine Flood,Open,91519.44,0.0,2024-03-20
CLM-000593,POL-003874,CYC-2024-02,2024-03-15,2024-03-20,Riverine Flood,Closed,210669.42,185485.94,2024-09-12
CLM-000594,POL-001236,CYC-2025-02,2025-11-27,2025-12-04,Wind,Open,69720.13,0.0,2025-12-04
CLM-000594,POL-001236,CYC-2025-02,2025-11-27,2025-12-04,Wind,Closed,128313.07,114872.33,2026-01-31
CLM-000595,POL-001009,CYC-2023-02,2023-12-05,2023-12-19,Wind,Open,119067.6,0.0,2023-12-19
CLM-000595,POL-001009,CYC-2023-02,2023-12-05,2023-12-19,Wind,Closed,371094.09,337103.98,2024-04-27
CLM-000596,POL-004884,CYC-2024-01,2024-01-23,2024-01-29,Wind,Open,268137.74,0.0,2024-01-29
CLM-000597,POL-000884,CYC-2025-01,2025-02-10,2025-02-21,Wind,Open,724532.82,0.0,2025-02-21
CLM-000597,POL-000884,CYC-2025-01,2025-02-10,2025-02-21,Wind,Closed,1372490.51,1224506.75,2025-03-15
CLM-000598,POL-001258,CYC-2024-02,2024-03-15,2024-03-22,Wind,Open,5610.56,0.0,2024-03-22
CLM-000598,POL-001258,CYC-2024-02,2024-03-15,2024-03-22,Wind,Closed,9695.72,8920.99,2024-06-27
CLM-000599,POL-004148,CYC-2025-01,2025-02-09,2025-02-17,Wind,Open,66551.51,0.0,2025-02-17
CLM-000599,POL-004148,CYC-2025-01,2025-02-09,2025-02-17,Wind,Closed,185867.12,179583.77,2025-07-29
CLM-000600,POL-004623,CYC-2024-02,2024-03-17,2024-03-18,Wind,Open,413609.44,0.0,2024-03-18
CLM-000600,POL-004623,CYC-2024-02,2024-03-17,2024-03-18,Wind,Closed,845357.9,784953.45,2024-05-02
CLM-000601,POL-003392,CYC-2023-02,2023-12-05,2023-12-15,Wind,Open,33170.61,0.0,2023-12-15
CLM-000601,POL-003392,CYC-2023-02,2023-12-05,2023-12-15,Wind,Closed,79705.97,77954.66,2024-04-15
CLM-000602,POL-001308,CYC-2024-02,2024-03-16,2024-03-23,Riverine Flood,Open,206902.16,0.0,2024-03-23
CLM-000603,POL-003684,CYC-2025-01,2025-02-10,2025-02-20,Wind,Open,127951.71,0.0,2025-02-20
CLM-000603,POL-003684,CYC-2025-01,2025-02-10,2025-02-20,Wind,Closed,295596.25,275980.91,2025-03-22
CLM-000604,POL-002166,CYC-2025-01,2025-02-10,2025-02-19,Riverine Flood,Open,142904.71,0.0,2025-02-19
CLM-000605,POL-002226,CYC-2025-01,2025-02-09,2025-02-17,Wind,Open,26681.94,0.0,2025-02-17
CLM-000605,POL-002226,CYC-2025-01,2025-02-09,2025-02-17,Wind,Closed,46419.85,39873.81,2025-06-16
CLM-000606,POL-000460,CYC-2024-01,2024-01-24,2024-02-02,Storm Surge,Open,129665.82,0.0,2024-02-02
CLM-000606,POL-000460,CYC-2024-01,2024-01-24,2024-02-02,Storm Surge,Closed,428527.98,397933.52,2024-06-14
CLM-000607,POL-002740,CYC-2025-02,2025-11-27,2025-12-06,Storm Surge,Open,23965.99,0.0,2025-12-06
CLM-000607,POL-002740,CYC-2025-02,2025-11-27,2025-12-06,Storm Surge,Closed,53382.61,48046.75,2026-01-15
CLM-000608,POL-003602,CYC-2023-02,2023-12-04,2023-12-10,Riverine Flood,Open,1838587.83,0.0,2023-12-10
CLM-000608,POL-003602,CYC-2023-02,2023-12-04,2023-12-10,Riverine Flood,Closed,4416399.06,4147573.13,2024-05-01
CLM-000609,POL-004070,CYC-2025-01,2025-02-08,2025-02-17,Wind,Open,44138.83,0.0,2025-02-17
CLM-000609,POL-004070,CYC-2025-01,2025-02-08,2025-02-17,Wind,Closed,112406.25,104327.39,2025-06-29
CLM-000610,POL-002721,CYC-2024-02,2024-03-16,2024-03-23,Wind,Open,191968.67,0.0,2024-03-23
CLM-000610,POL-002721,CYC-2024-02,2024-03-16,2024-03-23,Wind,Closed,476486.93,452471.18,2024-07-08
CLM-000611,POL-004606,CYC-2024-02,2024-03-15,2024-03-18,Wind,Open,162022.36,0.0,2024-03-18
CLM-000611,POL-004606,CYC-2024-02,2024-03-15,2024-03-18,Wind,Closed,272396.74,242622.75,2024-09-11
CLM-000612,POL-002576,CYC-2024-01,2024-01-24,2024-01-28,Wind,Open,240781.85,0.0,2024-01-28
CLM-000613,POL-004963,CYC-2025-01,2025-02-08,2025-02-15,Wind,Open,32152.46,0.0,2025-02-15
CLM-000613,POL-004963,CYC-2025-01,2025-02-08,2025-02-15,Wind,Closed,90312.14,90081.25,2025-06-25
CLM-000614,POL-003056,CYC-2024-02,2024-03-17,2024-03-19,Wind,Open,12569.25,0.0,2024-03-19
CLM-000615,POL-000298,CYC-2025-01,2025-02-08,2025-02-09,Riverine Flood,Open,25758.89,0.0,2025-02-09
CLM-000615,POL-000298,CYC-2025-01,2025-02-08,2025-02-09,Riverine Flood,Closed,82011.96,74084.9,2025-06-09
CLM-000616,POL-003888,CYC-2025-01,2025-02-09,2025-02-22,Storm Surge,Open,9656.45,0.0,2025-02-22
CLM-000616,POL-003888,CYC-2025-01,2025-02-09,2025-02-22,Storm Surge,Closed,19498.34,19239.01,2025-03-15
CLM-000617,POL-004505,CYC-2025-01,2025-02-09,2025-02-13,Wind,Open,220258.51,0.0,2025-02-13
CLM-000617,POL-004505,CYC-2025-01,2025-02-09,2025-02-13,Wind,Closed,634104.3,574515.9,2025-06-14
CLM-000618,POL-003276,CYC-2025-01,2025-02-08,2025-02-10,Storm Surge,Open,72032.31,0.0,2025-02-10
CLM-000618,POL-003276,CYC-2025-01,2025-02-08,2025-02-10,Storm Surge,Closed,132380.85,112542.18,2025-05-05
CLM-000619,POL-003336,CYC-2024-01,2024-01-23,2024-02-03,Wind,Open,55843.13,0.0,2024-02-03
CLM-000619,POL-003336,CYC-2024-01,2024-01-23,2024-02-03,Wind,Closed,131652.95,125209.28,2024-06-12
CLM-000620,POL-000499,CYC-2024-01,2024-01-23,2024-01-29,Storm Surge,Open,526879.82,0.0,2024-01-29
CLM-000621,POL-003272,CYC-2024-01,2024-01-22,2024-02-03,Riverine Flood,Open,78127.92,0.0,2024-02-03
CLM-000621,POL-003272,CYC-2024-01,2024-01-22,2024-02-03,Riverine Flood,Closed,131843.77,118891.13,2024-05-12
CLM-000622,POL-003511,CYC-2024-02,2024-03-17,2024-03-25,Riverine Flood,Open,43305.24,0.0,2024-03-25
CLM-000622,POL-003511,CYC-2024-02,2024-03-17,2024-03-25,Riverine Flood,Closed,74289.23,71162.08,2024-07-23
CLM-000623,POL-004161,CYC-2023-02,2023-12-03,2023-12-06,Riverine Flood,Open,49103.51,0.0,2023-12-06
CLM-000623,POL-004161,CYC-2023-02,2023-12-03,2023-12-06,Riverine Flood,Closed,114969.23,105826.31,2024-05-28
CLM-000624,POL-001475,CYC-2024-01,2024-01-22,2024-01-24,Wind,Open,1433.2,0.0,2024-01-24
CLM-000625,POL-001208,CYC-2023-02,2023-12-04,2023-12-17,Wind,Open,17283.7,0.0,2023-12-17
CLM-000626,POL-000169,CYC-2025-02,2025-11-29,2025-12-06,Wind,Open,371053.61,0.0,2025-12-06
CLM-000626,POL-000169,CYC-2025-02,2025-11-29,2025-12-06,Wind,Closed,945190.43,814573.88,2026-05-05
CLM-000627,POL-004062,CYC-2025-01,2025-02-08,2025-02-14,Wind,Open,389560.91,0.0,2025-02-14
CLM-000627,POL-004062,CYC-2025-01,2025-02-08,2025-02-14,Wind,Closed,699742.77,633724.86,2025-08-12
CLM-000628,POL-003636,CYC-2024-02,2024-03-16,2024-03-17,Wind,Open,540128.5,0.0,2024-03-17
CLM-000628,POL-003636,CYC-2024-02,2024-03-16,2024-03-17,Wind,Closed,919626.71,788935.35,2024-08-18
CLM-000629,POL-004206,CYC-2025-01,2025-02-10,2025-02-22,Storm Surge,Open,299634.72,0.0,2025-02-22
CLM-000629,POL-004206,CYC-2025-01,2025-02-10,2025-02-22,Storm Surge,Closed,506861.5,478100.83,2025-08-11
CLM-000630,POL-004254,CYC-2024-01,2024-01-23,2024-02-01,Wind,Open,11641.11,0.0,2024-02-01
CLM-000630,POL-004254,CYC-2024-01,2024-01-23,2024-02-01,Wind,Closed,20268.52,17695.27,2024-07-15
CLM-000631,POL-002587,CYC-2025-01,2025-02-09,2025-02-23,Riverine Flood,Open,40210.31,0.0,2025-02-23
CLM-000631,POL-002587,CYC-2025-01,2025-02-09,2025-02-23,Riverine Flood,Closed,76987.75,69609.83,2025-04-09
CLM-000632,POL-001835,CYC-2023-02,2023-12-03,2023-12-13,Storm Surge,Open,118773.69,0.0,2023-12-13
CLM-000632,POL-001835,CYC-2023-02,2023-12-03,2023-12-13,Storm Surge,Closed,216127.48,196010.11,2024-04-29
CLM-000633,POL-004086,CYC-2025-01,2025-02-10,2025-02-21,Wind,Open,135855.24,0.0,2025-02-21
CLM-000634,POL-001026,CYC-2024-01,2024-01-24,2024-02-05,Wind,Open,15991.38,0.0,2024-02-05
CLM-000635,POL-003139,CYC-2025-01,2025-02-10,2025-02-22,Wind,Open,39677.26,0.0,2025-02-22
CLM-000636,POL-003153,CYC-2023-02,2023-12-05,2023-12-11,Wind,Open,65038.2,0.0,2023-12-11
CLM-000636,POL-003153,CYC-2023-02,2023-12-05,2023-12-11,Wind,Closed,186326.17,173443.37,2024-02-21
CLM-000637,POL-004937,CYC-2023-02,2023-12-04,2023-12-16,Riverine Flood,Open,24865.92,0.0,2023-12-16
CLM-000637,POL-004937,CYC-2023-02,2023-12-04,2023-12-16,Riverine Flood,Closed,52979.97,52734.19,2024-03-25
CLM-000638,POL-002153,CYC-2025-02,2025-11-28,2025-12-11,Wind,Open,971.89,0.0,2025-12-11
CLM-000639,POL-001873,CYC-2025-02,2025-11-29,2025-12-08,Riverine Flood,Open,66517.0,0.0,2025-12-08
CLM-000639,POL-001873,CYC-2025-02,2025-11-29,2025-12-08,Riverine Flood,Closed,191793.08,185760.45,2026-01-27
CLM-000640,POL-000735,CYC-2025-02,2025-11-28,2025-12-05,Wind,Open,134559.07,0.0,2025-12-05
CLM-000641,POL-000756,CYC-2025-02,2025-11-29,2025-12-11,Wind,Open,30612.42,0.0,2025-12-11
CLM-000641,POL-000756,CYC-2025-02,2025-11-29,2025-12-11,Wind,Closed,78246.73,70767.36,2026-04-11
CLM-000642,POL-003905,CYC-2024-02,2024-03-15,2024-03-16,Storm Surge,Open,141160.27,0.0,2024-03-16
CLM-000643,POL-002433,CYC-2024-02,2024-03-15,2024-03-29,Riverine Flood,Open,25916.11,0.0,2024-03-29
CLM-000643,POL-002433,CYC-2024-02,2024-03-15,2024-03-29,Riverine Flood,Closed,78699.81,69495.49,2024-07-12
CLM-000644,POL-003792,CYC-2023-02,2023-12-03,2023-12-15,Riverine Flood,Open,20597.85,0.0,2023-12-15
CLM-000644,POL-003792,CYC-2023-02,2023-12-03,2023-12-15,Riverine Flood,Closed,44928.79,39193.18,2024-04-19
CLM-000645,POL-000473,CYC-2024-01,2024-01-23,2024-02-03,Riverine Flood,Open,8300.2,0.0,2024-02-03
CLM-000645,POL-000473,CYC-2024-01,2024-01-23,2024-02-03,Riverine Flood,Closed,18830.52,16299.44,2024-04-14
CLM-000646,POL-002336,CYC-2024-02,2024-03-17,2024-03-31,Wind,Open,9925.46,0.0,2024-03-31
CLM-000646,POL-002336,CYC-2024-02,2024-03-17,2024-03-31,Wind,Closed,28801.54,25427.39,2024-08-28
CLM-000647,POL-003843,CYC-2024-02,2024-03-17,2024-03-23,Riverine Flood,Open,72781.43,0.0,2024-03-23
CLM-000648,POL-004407,CYC-2025-02,2025-11-27,2025-12-01,Wind,Open,19645.37,0.0,2025-12-01
CLM-000648,POL-004407,CYC-2025-02,2025-11-27,2025-12-01,Wind,Closed,64694.62,60520.66,2025-12-30
CLM-000649,POL-004837,CYC-2024-01,2024-01-22,2024-01-25,Wind,Open,202175.16,0.0,2024-01-25
CLM-000649,POL-004837,CYC-2024-01,2024-01-22,2024-01-25,Wind,Closed,390264.14,354078.34,2024-05-07
CLM-000650,POL-002528,CYC-2025-01,2025-02-08,2025-02-18,Riverine Flood,Open,29392.07,0.0,2025-02-18
CLM-000650,POL-002528,CYC-2025-01,2025-02-08,2025-02-18,Riverine Flood,Closed,76628.35,72727.92,2025-05-04
CLM-000651,POL-000611,CYC-2025-02,2025-11-29,2025-12-12,Wind,Open,52430.81,0.0,2025-12-12
CLM-000652,POL-000805,CYC-2025-01,2025-02-10,2025-02-24,Riverine Flood,Open,26424.32,0.0,2025-02-24
CLM-000653,POL-004382,CYC-2025-01,2025-02-10,2025-02-12,Wind,Open,108351.07,0.0,2025-02-12
CLM-000654,POL-000843,CYC-2024-02,2024-03-17,2024-03-26,Riverine Flood,Open,26020.74,0.0,2024-03-26
CLM-000654,POL-000843,CYC-2024-02,2024-03-17,2024-03-26,Riverine Flood,Closed,44049.1,42357.86,2024-08-25
CLM-000655,POL-001259,CYC-2024-01,2024-01-22,2024-02-03,Storm Surge,Open,35323.12,0.0,2024-02-03
CLM-000655,POL-001259,CYC-2024-01,2024-01-22,2024-02-03,Storm Surge,Closed,89044.74,89024.24,2024-05-05
CLM-000655,POL-001259,CYC-2024-01,2024-01-22,2024-02-03,Storm Surge,Reopened,91679.96,80569.91,2024-08-09
CLM-000656,POL-000757,CYC-2024-02,2024-03-17,2024-03-22,Wind,Open,1522295.93,0.0,2024-03-22
CLM-000656,POL-000757,CYC-2024-02,2024-03-17,2024-03-22,Wind,Closed,3106090.47,2940816.0,2024-06-17
CLM-000657,POL-000083,CYC-2023-02,2023-12-04,2023-12-07,Storm Surge,Open,66377.87,0.0,2023-12-07
CLM-000657,POL-000083,CYC-2023-02,2023-12-04,2023-12-07,Storm Surge,Closed,153325.94,131588.88,2024-04-26
CLM-000658,POL-001924,CYC-2025-01,2025-02-09,2025-02-22,Riverine Flood,Open,217598.45,0.0,2025-02-22
CLM-000658,POL-001924,CYC-2025-01,2025-02-09,2025-02-22,Riverine Flood,Closed,613730.2,532459.04,2025-03-15
CLM-000659,POL-002777,CYC-2024-02,2024-03-16,2024-03-20,Wind,Open,105848.5,0.0,2024-03-20
CLM-000659,POL-002777,CYC-2024-02,2024-03-16,2024-03-20,Wind,Closed,217451.06,216885.83,2024-07-10
CLM-000660,POL-002036,CYC-2023-02,2023-12-03,2023-12-07,Storm Surge,Open,32335.75,0.0,2023-12-07
CLM-000660,POL-002036,CYC-2023-02,2023-12-03,2023-12-07,Storm Surge,Closed,96460.73,93795.68,2024-02-07
CLM-000661,POL-002284,CYC-2023-02,2023-12-03,2023-12-16,Wind,Open,276176.18,0.0,2023-12-16
CLM-000661,POL-002284,CYC-2023-02,2023-12-03,2023-12-16,Wind,Closed,584090.07,511001.17,2024-04-25
CLM-000661,POL-002284,CYC-2023-02,2023-12-03,2023-12-16,Wind,Reopened,661757.67,529225.25,2024-07-09
CLM-000662,POL-002669,CYC-2024-01,2024-01-22,2024-02-02,Riverine Flood,Open,92545.09,0.0,2024-02-02
CLM-000662,POL-002669,CYC-2024-01,2024-01-22,2024-02-02,Riverine Flood,Closed,200177.05,181119.62,2024-04-09
CLM-000663,POL-002885,CYC-2025-01,2025-02-10,2025-02-12,Wind,Open,56006.27,0.0,2025-02-12
CLM-000664,POL-001622,CYC-2023-02,2023-12-04,2023-12-06,Riverine Flood,Open,174906.2,0.0,2023-12-06
CLM-000665,POL-003636,CYC-2024-02,2024-03-16,2024-03-28,Storm Surge,Open,465446.09,0.0,2024-03-28
CLM-000665,POL-003636,CYC-2024-02,2024-03-16,2024-03-28,Storm Surge,Closed,1042978.85,1041038.87,2024-08-07
CLM-000666,POL-000617,CYC-2023-02,2023-12-05,2023-12-17,Riverine Flood,Open,56496.75,0.0,2023-12-17
CLM-000667,POL-002211,CYC-2024-01,2024-01-22,2024-01-23,Wind,Open,140749.8,0.0,2024-01-23
CLM-000668,POL-002203,CYC-2023-02,2023-12-05,2023-12-12,Riverine Flood,Open,28815.69,0.0,2023-12-12
CLM-000668,POL-002203,CYC-2023-02,2023-12-05,2023-12-12,Riverine Flood,Closed,91971.98,86351.87,2024-05-25
CLM-000669,POL-002155,CYC-2024-01,2024-01-23,2024-01-26,Wind,Open,62052.14,0.0,2024-01-26
CLM-000669,POL-002155,CYC-2024-01,2024-01-23,2024-01-26,Wind,Closed,193199.94,179182.22,2024-07-13
CLM-000670,POL-001520,CYC-2024-02,2024-03-17,2024-03-28,Wind,Open,33740.8,0.0,2024-03-28
CLM-000670,POL-001520,CYC-2024-02,2024-03-17,2024-03-28,Wind,Closed,94460.39,88771.47,2024-07-22
CLM-000671,POL-002589,CYC-2025-02,2025-11-29,2025-12-08,Wind,Open,243016.71,0.0,2025-12-08
CLM-000671,POL-002589,CYC-2025-02,2025-11-29,2025-12-08,Wind,Closed,529899.08,504254.16,2025-12-28
CLM-000672,POL-004215,CYC-2025-01,2025-02-08,2025-02-13,Storm Surge,Open,38000.97,0.0,2025-02-13
CLM-000672,POL-004215,CYC-2025-01,2025-02-08,2025-02-13,Storm Surge,Closed,79375.09,75850.72,2025-04-26
CLM-000672,POL-004215,CYC-2025-01,2025-02-08,2025-02-13,Storm Surge,Reopened,85463.22,73512.37,2025-10-04
CLM-000673,POL-001626,CYC-2023-02,2023-12-05,2023-12-18,Wind,Open,84371.5,0.0,2023-12-18
CLM-000673,POL-001626,CYC-2023-02,2023-12-05,2023-12-18,Wind,Closed,144763.59,137900.68,2024-01-26
CLM-000674,POL-004199,CYC-2024-01,2024-01-22,2024-02-04,Riverine Flood,Open,126473.29,0.0,2024-02-04
CLM-000674,POL-004199,CYC-2024-01,2024-01-22,2024-02-04,Riverine Flood,Closed,306423.55,268576.1,2024-04-30
CLM-000675,POL-003871,CYC-2024-01,2024-01-24,2024-02-03,Wind,Open,25736.09,0.0,2024-02-03
CLM-000675,POL-003871,CYC-2024-01,2024-01-24,2024-02-03,Wind,Closed,50708.92,44754.71,2024-02-24
CLM-000676,POL-004009,CYC-2025-01,2025-02-08,2025-02-14,Wind,Open,31359.99,0.0,2025-02-14
CLM-000676,POL-004009,CYC-2025-01,2025-02-08,2025-02-14,Wind,Closed,68506.76,63708.5,2025-03-26
CLM-000677,POL-000200,CYC-2024-01,2024-01-23,2024-01-24,Wind,Open,6740.43,0.0,2024-01-24
CLM-000678,POL-004635,CYC-2025-02,2025-11-27,2025-11-29,Storm Surge,Open,514269.03,0.0,2025-11-29
CLM-000678,POL-004635,CYC-2025-02,2025-11-27,2025-11-29,Storm Surge,Closed,919007.37,786098.88,2026-04-01
CLM-000679,POL-001171,CYC-2024-02,2024-03-17,2024-03-26,Wind,Open,66962.17,0.0,2024-03-26
CLM-000679,POL-001171,CYC-2024-02,2024-03-17,2024-03-26,Wind,Closed,221611.5,211303.04,2024-06-06
CLM-000680,POL-001082,CYC-2024-01,2024-01-22,2024-01-30,Storm Surge,Open,18290.9,0.0,2024-01-30
CLM-000681,POL-001696,CYC-2023-02,2023-12-03,2023-12-13,Riverine Flood,Open,177529.01,0.0,2023-12-13
CLM-000682,POL-000001,CYC-2024-02,2024-03-17,2024-03-18,Wind,Open,51290.24,0.0,2024-03-18
CLM-000682,POL-000001,CYC-2024-02,2024-03-17,2024-03-18,Wind,Closed,139873.97,138949.5,2024-08-17
CLM-000683,POL-002277,CYC-2023-02,2023-12-03,2023-12-10,Wind,Open,20014.29,0.0,2023-12-10
CLM-000683,POL-002277,CYC-2023-02,2023-12-03,2023-12-10,Wind,Closed,58438.63,50056.77,2024-03-31
CLM-000684,POL-003527,CYC-2025-01,2025-02-08,2025-02-19,Wind,Open,60961.21,0.0,2025-02-19
CLM-000684,POL-003527,CYC-2025-01,2025-02-08,2025-02-19,Wind,Closed,106723.56,98893.33,2025-06-11
CLM-000685,POL-002380,CYC-2024-02,2024-03-16,2024-03-26,Storm Surge,Open,61626.66,0.0,2024-03-26
CLM-000685,POL-002380,CYC-2024-02,2024-03-16,2024-03-26,Storm Surge,Closed,201146.52,173838.54,2024-04-15
CLM-000686,POL-004279,CYC-2025-01,2025-02-08,2025-02-21,Storm Surge,Open,50379.28,0.0,2025-02-21
CLM-000686,POL-004279,CYC-2025-01,2025-02-08,2025-02-21,Storm Surge,Closed,124480.0,108048.35,2025-06-08
CLM-000687,POL-004739,CYC-2023-02,2023-12-04,2023-12-11,Wind,Open,110456.16,0.0,2023-12-11
CLM-000687,POL-004739,CYC-2023-02,2023-12-04,2023-12-11,Wind,Closed,223481.95,210988.01,2024-05-10
CLM-000688,POL-004949,CYC-2025-02,2025-11-28,2025-12-09,Wind,Open,205905.12,0.0,2025-12-09
CLM-000688,POL-004949,CYC-2025-02,2025-11-28,2025-12-09,Wind,Reopened,475517.68,455789.18,2026-06-08
CLM-000689,POL-001863,CYC-2024-02,2024-03-16,2024-03-21,Riverine Flood,Open,27839.82,0.0,2024-03-21
CLM-000689,POL-001863,CYC-2024-02,2024-03-16,2024-03-21,Riverine Flood,Closed,51982.78,45082.05,2024-08-08
CLM-000690,POL-003587,CYC-2024-01,2024-01-22,2024-01-23,Wind,Open,164664.39,0.0,2024-01-23
CLM-000690,POL-003587,CYC-2024-01,2024-01-22,2024-01-23,Wind,Closed,277203.98,248305.89,2024-05-11
CLM-000691,POL-001139,CYC-2025-01,2025-02-09,2025-02-15,Wind,Open,44649.13,0.0,2025-02-15
CLM-000691,POL-001139,CYC-2025-01,2025-02-09,2025-02-15,Wind,Closed,140846.34,134714.57,2025-05-13
CLM-000692,POL-003602,CYC-2024-01,2024-01-22,2024-02-02,Wind,Open,481031.96,0.0,2024-02-02
CLM-000692,POL-003602,CYC-2024-01,2024-01-22,2024-02-02,Wind,Closed,966848.41,887098.9,2024-03-16
CLM-000693,POL-002838,CYC-2024-01,2024-01-23,2024-01-31,Storm Surge,Open,104436.9,0.0,2024-01-31
CLM-000693,POL-002838,CYC-2024-01,2024-01-23,2024-01-31,Storm Surge,Closed,215681.68,192005.07,2024-07-09
CLM-000694,POL-000931,CYC-2024-02,2024-03-15,2024-03-17,Wind,Open,11568.1,0.0,2024-03-17
CLM-000695,POL-002900,CYC-2024-02,2024-03-15,2024-03-23,Storm Surge,Open,151652.96,0.0,2024-03-23
CLM-000695,POL-002900,CYC-2024-02,2024-03-15,2024-03-23,Storm Surge,Closed,367370.04,333337.68,2024-07-12
CLM-000696,POL-000092,CYC-2023-02,2023-12-05,2023-12-07,Wind,Open,672952.48,0.0,2023-12-07
CLM-000696,POL-000092,CYC-2023-02,2023-12-05,2023-12-07,Wind,Closed,1205295.27,1030887.24,2024-05-10
CLM-000697,POL-004006,CYC-2023-02,2023-12-05,2023-12-14,Storm Surge,Open,1939524.62,0.0,2023-12-14
CLM-000697,POL-004006,CYC-2023-02,2023-12-05,2023-12-14,Storm Surge,Closed,5013599.19,4740869.39,2024-04-22
CLM-000698,POL-000534,CYC-2025-01,2025-02-08,2025-02-18,Storm Surge,Open,49155.64,0.0,2025-02-18
CLM-000698,POL-000534,CYC-2025-01,2025-02-08,2025-02-18,Storm Surge,Closed,112366.15,100453.72,2025-07-12
CLM-000699,POL-003725,CYC-2024-02,2024-03-17,2024-03-23,Wind,Open,87295.89,0.0,2024-03-23
CLM-000699,POL-003725,CYC-2024-02,2024-03-17,2024-03-23,Wind,Closed,166743.77,152352.38,2024-08-16
CLM-000700,POL-001340,CYC-2025-01,2025-02-10,2025-02-15,Wind,Open,836177.47,0.0,2025-02-15
CLM-000700,POL-001340,CYC-2025-01,2025-02-10,2025-02-15,Wind,Closed,1430999.59,1257273.77,2025-03-17
CLM-000701,POL-000646,CYC-2025-01,2025-02-08,2025-02-10,Riverine Flood,Open,54704.38,0.0,2025-02-10
CLM-000701,POL-000646,CYC-2025-01,2025-02-08,2025-02-10,Riverine Flood,Closed,94779.36,84943.98,2025-04-30
CLM-000701,POL-000646,CYC-2025-01,2025-02-08,2025-02-10,Riverine Flood,Reopened,100425.97,89830.13,2025-10-06
CLM-000702,POL-001890,CYC-2023-02,2023-12-05,2023-12-17,Storm Surge,Open,859620.72,0.0,2023-12-17
CLM-000703,POL-000847,CYC-2024-02,2024-03-15,2024-03-23,Riverine Flood,Open,48677.22,0.0,2024-03-23
CLM-000703,POL-000847,CYC-2024-02,2024-03-15,2024-03-23,Riverine Flood,Closed,129769.32,115158.28,2024-08-08
CLM-000703,POL-000847,CYC-2024-02,2024-03-15,2024-03-23,Riverine Flood,Reopened,148650.53,120533.6,2024-10-17
CLM-000704,POL-003945,CYC-2025-02,2025-11-28,2025-12-07,Wind,Open,48102.65,0.0,2025-12-07
CLM-000704,POL-003945,CYC-2025-02,2025-11-28,2025-12-07,Wind,Closed,108231.37,103896.47,2026-02-23
CLM-000705,POL-001443,CYC-2024-02,2024-03-16,2024-03-21,Wind,Open,76518.58,0.0,2024-03-21
CLM-000705,POL-001443,CYC-2024-02,2024-03-16,2024-03-21,Wind,Closed,164874.35,158340.38,2024-08-17
CLM-000706,POL-004253,CYC-2025-01,2025-02-10,2025-02-13,Storm Surge,Open,84853.44,0.0,2025-02-13
CLM-000707,POL-002146,CYC-2025-01,2025-02-08,2025-02-18,Wind,Open,34187.94,0.0,2025-02-18
CLM-000707,POL-002146,CYC-2025-01,2025-02-08,2025-02-18,Wind,Closed,65564.4,58734.51,2025-03-11
CLM-000707,POL-002146,CYC-2025-01,2025-02-08,2025-02-18,Wind,Reopened,65596.71,64562.24,2025-09-16
CLM-000708,POL-000663,CYC-2024-02,2024-03-16,2024-03-23,Wind,Open,27997.25,0.0,2024-03-23
CLM-000708,POL-000663,CYC-2024-02,2024-03-16,2024-03-23,Wind,Closed,60016.19,59348.58,2024-06-10
CLM-000709,POL-001078,CYC-2025-02,2025-11-28,2025-12-04,Wind,Open,116583.12,0.0,2025-12-04
CLM-000709,POL-001078,CYC-2025-02,2025-11-28,2025-12-04,Wind,Closed,204739.43,185239.34,2026-02-09
CLM-000710,POL-001954,CYC-2023-02,2023-12-03,2023-12-13,Wind,Open,107500.55,0.0,2023-12-13
CLM-000710,POL-001954,CYC-2023-02,2023-12-03,2023-12-13,Wind,Closed,179697.85,177362.32,2024-04-16
CLM-000711,POL-004348,CYC-2025-01,2025-02-09,2025-02-11,Wind,Open,48010.06,0.0,2025-02-11
CLM-000711,POL-004348,CYC-2025-01,2025-02-09,2025-02-11,Wind,Closed,136357.27,124989.77,2025-05-04
CLM-000712,POL-004930,CYC-2025-02,2025-11-29,2025-12-12,Wind,Open,29632.28,0.0,2025-12-12
CLM-000712,POL-004930,CYC-2025-02,2025-11-29,2025-12-12,Wind,Closed,83435.73,72126.92,2026-05-13
CLM-000713,POL-002008,CYC-2024-02,2024-03-17,2024-03-26,Riverine Flood,Open,44034.46,0.0,2024-03-26
CLM-000714,POL-001305,CYC-2023-02,2023-12-05,2023-12-12,Storm Surge,Open,53828.59,0.0,2023-12-12
CLM-000715,POL-000635,CYC-2023-02,2023-12-03,2023-12-07,Riverine Flood,Open,991144.09,0.0,2023-12-07
CLM-000715,POL-000635,CYC-2023-02,2023-12-03,2023-12-07,Riverine Flood,Closed,1880070.95,1723959.73,2024-05-15
CLM-000716,POL-004557,CYC-2024-02,2024-03-16,2024-03-26,Riverine Flood,Open,35326.71,0.0,2024-03-26
CLM-000716,POL-004557,CYC-2024-02,2024-03-16,2024-03-26,Riverine Flood,Closed,62769.4,60000.31,2024-05-01
CLM-000717,POL-004662,CYC-2025-01,2025-02-09,2025-02-14,Wind,Open,124090.04,0.0,2025-02-14
CLM-000718,POL-001997,CYC-2025-02,2025-11-29,2025-12-05,Wind,Open,1261612.94,0.0,2025-12-05
CLM-000718,POL-001997,CYC-2025-02,2025-11-29,2025-12-05,Wind,Closed,2837918.89,2790750.93,2026-04-30
CLM-000719,POL-001132,CYC-2025-02,2025-11-28,2025-12-11,Riverine Flood,Open,59457.49,0.0,2025-12-11
CLM-000719,POL-001132,CYC-2025-02,2025-11-28,2025-12-11,Riverine Flood,Closed,130987.34,117069.35,2026-04-22
CLM-000720,POL-002311,CYC-2023-02,2023-12-04,2023-12-05,Wind,Open,1667.18,0.0,2023-12-05
CLM-000721,POL-002727,CYC-2025-01,2025-02-08,2025-02-21,Riverine Flood,Open,45977.09,0.0,2025-02-21
CLM-000721,POL-002727,CYC-2025-01,2025-02-08,2025-02-21,Riverine Flood,Closed,131907.88,128624.07,2025-05-09
CLM-000722,POL-001753,CYC-2024-02,2024-03-17,2024-03-26,Wind,Open,272351.12,0.0,2024-03-26
CLM-000722,POL-001753,CYC-2024-02,2024-03-17,2024-03-26,Wind,Closed,524412.39,446944.59,2024-05-15
CLM-000723,POL-000833,CYC-2025-01,2025-02-09,2025-02-13,Riverine Flood,Open,72109.87,0.0,2025-02-13
CLM-000723,POL-000833,CYC-2025-01,2025-02-09,2025-02-13,Riverine Flood,Closed,143210.07,128258.73,2025-08-11
CLM-000724,POL-002990,CYC-2024-01,2024-01-24,2024-02-04,Wind,Open,57836.42,0.0,2024-02-04
CLM-000724,POL-002990,CYC-2024-01,2024-01-24,2024-02-04,Wind,Closed,101116.83,97843.93,2024-02-24
CLM-000725,POL-003923,CYC-2023-02,2023-12-05,2023-12-06,Wind,Open,142039.1,0.0,2023-12-06
CLM-000725,POL-003923,CYC-2023-02,2023-12-05,2023-12-06,Wind,Closed,266168.57,259303.34,2024-04-01
CLM-000726,POL-003101,CYC-2024-02,2024-03-17,2024-03-29,Wind,Open,136313.04,0.0,2024-03-29
CLM-000726,POL-003101,CYC-2024-02,2024-03-17,2024-03-29,Wind,Closed,285794.73,252053.33,2024-07-02
CLM-000727,POL-003700,CYC-2024-01,2024-01-23,2024-02-05,Wind,Open,97109.89,0.0,2024-02-05
CLM-000727,POL-003700,CYC-2024-01,2024-01-23,2024-02-05,Wind,Closed,161888.65,142324.96,2024-05-30
CLM-000728,POL-003090,CYC-2025-02,2025-11-29,2025-12-08,Wind,Open,250113.57,0.0,2025-12-08
CLM-000728,POL-003090,CYC-2025-02,2025-11-29,2025-12-08,Wind,Closed,804587.96,707188.13,2026-01-02
CLM-000729,POL-003645,CYC-2024-01,2024-01-22,2024-02-05,Wind,Open,157449.84,0.0,2024-02-05
CLM-000729,POL-003645,CYC-2024-01,2024-01-22,2024-02-05,Wind,Closed,361907.49,316207.56,2024-04-07
CLM-000730,POL-004976,CYC-2023-02,2023-12-05,2023-12-16,Storm Surge,Open,233255.88,0.0,2023-12-16
CLM-000730,POL-004976,CYC-2023-02,2023-12-05,2023-12-16,Storm Surge,Closed,668359.46,667721.2,2024-03-15
CLM-000731,POL-002707,CYC-2024-02,2024-03-17,2024-03-26,Riverine Flood,Open,169424.82,0.0,2024-03-26
CLM-000732,POL-003622,CYC-2025-02,2025-11-29,2025-12-06,Wind,Open,427132.69,0.0,2025-12-06
CLM-000732,POL-003622,CYC-2025-02,2025-11-29,2025-12-06,Wind,Closed,713039.44,676292.36,2026-05-23
CLM-000733,POL-003928,CYC-2023-02,2023-12-05,2023-12-07,Wind,Open,34149.96,0.0,2023-12-07
CLM-000733,POL-003928,CYC-2023-02,2023-12-05,2023-12-07,Wind,Closed,62924.03,56371.17,2024-05-29
CLM-000734,POL-004329,CYC-2023-02,2023-12-05,2023-12-18,Wind,Open,111116.23,0.0,2023-12-18
CLM-000734,POL-004329,CYC-2023-02,2023-12-05,2023-12-18,Wind,Closed,239593.21,225373.41,2024-05-15
CLM-000735,POL-001961,CYC-2024-01,2024-01-24,2024-02-06,Riverine Flood,Open,69855.94,0.0,2024-02-06
CLM-000735,POL-001961,CYC-2024-01,2024-01-24,2024-02-06,Riverine Flood,Closed,180362.29,165699.96,2024-04-13
CLM-000736,POL-001234,CYC-2024-02,2024-03-15,2024-03-24,Riverine Flood,Open,15007.26,0.0,2024-03-24
CLM-000737,POL-000741,CYC-2025-01,2025-02-08,2025-02-09,Wind,Open,3135.03,0.0,2025-02-09
CLM-000737,POL-000741,CYC-2025-01,2025-02-08,2025-02-09,Wind,Closed,8507.17,8008.62,2025-08-01
CLM-000738,POL-003049,CYC-2025-01,2025-02-09,2025-02-19,Wind,Open,1393.24,0.0,2025-02-19
CLM-000738,POL-003049,CYC-2025-01,2025-02-09,2025-02-19,Wind,Closed,2807.73,2651.03,2025-08-11
CLM-000739,POL-003226,CYC-2024-02,2024-03-16,2024-03-20,Riverine Flood,Open,45795.14,0.0,2024-03-20
CLM-000740,POL-003304,CYC-2023-02,2023-12-05,2023-12-09,Wind,Open,58797.82,0.0,2023-12-09
CLM-000740,POL-003304,CYC-2023-02,2023-12-05,2023-12-09,Wind,Closed,109155.87,96182.09,2024-04-07
CLM-000741,POL-001622,CYC-2023-02,2023-12-04,2023-12-05,Riverine Flood,Open,26798.33,0.0,2023-12-05
CLM-000741,POL-001622,CYC-2023-02,2023-12-04,2023-12-05,Riverine Flood,Closed,55481.64,53893.43,2024-03-27
CLM-000742,POL-001844,CYC-2024-02,2024-03-15,2024-03-18,Wind,Open,393271.58,0.0,2024-03-18
CLM-000742,POL-001844,CYC-2024-02,2024-03-15,2024-03-18,Wind,Closed,1182127.6,1013390.12,2024-05-20
CLM-000743,POL-002045,CYC-2024-01,2024-01-22,2024-02-05,Storm Surge,Open,24005.82,0.0,2024-02-05
CLM-000743,POL-002045,CYC-2024-01,2024-01-22,2024-02-05,Storm Surge,Closed,78544.38,70548.71,2024-06-02
CLM-000744,POL-002908,CYC-2024-02,2024-03-17,2024-03-21,Wind,Open,16981.95,0.0,2024-03-21
CLM-000744,POL-002908,CYC-2024-02,2024-03-17,2024-03-21,Wind,Closed,47642.8,41447.09,2024-06-29
CLM-000745,POL-001192,CYC-2024-02,2024-03-16,2024-03-30,Wind,Open,85095.9,0.0,2024-03-30
CLM-000746,POL-001854,CYC-2023-02,2023-12-04,2023-12-11,Riverine Flood,Open,81739.2,0.0,2023-12-11
CLM-000747,POL-003395,CYC-2024-01,2024-01-22,2024-01-30,Wind,Open,12128.57,0.0,2024-01-30
CLM-000747,POL-003395,CYC-2024-01,2024-01-22,2024-01-30,Wind,Closed,21416.34,19388.0,2024-06-02
CLM-000748,POL-002966,CYC-2024-01,2024-01-22,2024-01-31,Wind,Open,263144.49,0.0,2024-01-31
CLM-000749,POL-002133,CYC-2024-01,2024-01-22,2024-02-03,Riverine Flood,Open,409669.17,0.0,2024-02-03
CLM-000750,POL-002148,CYC-2023-02,2023-12-05,2023-12-16,Wind,Open,21910.82,0.0,2023-12-16
CLM-000750,POL-002148,CYC-2023-02,2023-12-05,2023-12-16,Wind,Closed,72866.07,62861.46,2024-05-14
CLM-000751,POL-004152,CYC-2024-01,2024-01-23,2024-02-05,Storm Surge,Open,76510.92,0.0,2024-02-05
CLM-000751,POL-004152,CYC-2024-01,2024-01-23,2024-02-05,Storm Surge,Closed,244435.83,211004.7,2024-08-01
CLM-000752,POL-003067,CYC-2025-02,2025-11-27,2025-12-03,Storm Surge,Open,87293.69,0.0,2025-12-03
CLM-000752,POL-003067,CYC-2025-02,2025-11-27,2025-12-03,Storm Surge,Closed,269904.83,230353.66,2026-05-29
CLM-000753,POL-002858,CYC-2025-01,2025-02-10,2025-02-16,Wind,Open,43806.01,0.0,2025-02-16
CLM-000753,POL-002858,CYC-2025-01,2025-02-10,2025-02-16,Wind,Closed,95118.08,94631.84,2025-05-05
CLM-000754,POL-001047,CYC-2025-01,2025-02-09,2025-02-11,Wind,Open,58764.47,0.0,2025-02-11
CLM-000754,POL-001047,CYC-2025-01,2025-02-09,2025-02-11,Wind,Reopened,134820.8,110246.57,2025-10-10
CLM-000755,POL-002804,CYC-2025-02,2025-11-27,2025-12-09,Wind,Open,19126.98,0.0,2025-12-09
CLM-000756,POL-002837,CYC-2025-02,2025-11-27,2025-12-06,Storm Surge,Open,50588.94,0.0,2025-12-06
CLM-000757,POL-004166,CYC-2024-01,2024-01-24,2024-02-07,Riverine Flood,Open,112310.45,0.0,2024-02-07
CLM-000758,POL-004948,CYC-2024-02,2024-03-15,2024-03-29,Wind,Open,93577.3,0.0,2024-03-29
CLM-000758,POL-004948,CYC-2024-02,2024-03-15,2024-03-29,Wind,Closed,176540.06,170075.31,2024-07-30
CLM-000759,POL-002395,CYC-2024-01,2024-01-22,2024-01-26,Storm Surge,Open,2185541.78,0.0,2024-01-26
CLM-000759,POL-002395,CYC-2024-01,2024-01-22,2024-01-26,Storm Surge,Closed,3809819.55,3699658.58,2024-06-30
CLM-000760,POL-003703,CYC-2024-01,2024-01-24,2024-02-04,Wind,Open,466146.21,0.0,2024-02-04
CLM-000760,POL-003703,CYC-2024-01,2024-01-24,2024-02-04,Wind,Closed,815114.96,789823.94,2024-06-05
CLM-000761,POL-002356,CYC-2023-02,2023-12-05,2023-12-13,Riverine Flood,Open,34307.58,0.0,2023-12-13
CLM-000761,POL-002356,CYC-2023-02,2023-12-05,2023-12-13,Riverine Flood,Closed,96088.1,85968.18,2024-02-09
CLM-000762,POL-000475,CYC-2023-02,2023-12-04,2023-12-11,Riverine Flood,Open,24297.29,0.0,2023-12-11
CLM-000762,POL-000475,CYC-2023-02,2023-12-04,2023-12-11,Riverine Flood,Closed,74814.71,68250.94,2024-04-09
CLM-000763,POL-002840,CYC-2023-02,2023-12-04,2023-12-06,Wind,Open,48202.37,0.0,2023-12-06
CLM-000764,POL-004660,CYC-2023-01,2023-02-12,2023-02-24,Wind,Open,37005.15,0.0,2023-02-24
CLM-000765,POL-003259,CYC-2024-02,2024-03-15,2024-03-16,Wind,Open,139123.83,0.0,2024-03-16
CLM-000766,POL-002095,CYC-2023-01,2023-02-11,2023-02-16,Wind,Open,7152.94,0.0,2023-02-16
CLM-000767,POL-002712,CYC-2025-01,2025-02-09,2025-02-17,Riverine Flood,Open,59997.5,0.0,2025-02-17
CLM-000767,POL-002712,CYC-2025-01,2025-02-09,2025-02-17,Riverine Flood,Closed,106908.3,102904.96,2025-08-06
CLM-000768,POL-004777,CYC-2025-01,2025-02-10,2025-02-17,Riverine Flood,Open,115723.58,0.0,2025-02-17
CLM-000768,POL-004777,CYC-2025-01,2025-02-10,2025-02-17,Riverine Flood,Closed,293456.57,273122.09,2025-03-20
CLM-000769,POL-002864,CYC-2024-01,2024-01-23,2024-02-05,Wind,Open,46413.43,0.0,2024-02-05
CLM-000770,POL-001143,CYC-2024-01,2024-01-23,2024-02-05,Wind,Open,123315.47,0.0,2024-02-05
CLM-000771,POL-002116,CYC-2025-01,2025-02-10,2025-02-19,Storm Surge,Open,61556.35,0.0,2025-02-19
CLM-000771,POL-002116,CYC-2025-01,2025-02-10,2025-02-19,Storm Surge,Closed,201026.97,172684.49,2025-05-09
CLM-000772,POL-000819,CYC-2023-02,2023-12-05,2023-12-19,Wind,Open,167620.74,0.0,2023-12-19
CLM-000772,POL-000819,CYC-2023-02,2023-12-05,2023-12-19,Wind,Closed,336687.72,331652.6,2024-04-23
CLM-000773,POL-003549,CYC-2024-01,2024-01-24,2024-01-31,Wind,Open,40748.71,0.0,2024-01-31
CLM-000773,POL-003549,CYC-2024-01,2024-01-24,2024-01-31,Wind,Closed,87673.72,78360.41,2024-06-18
CLM-000774,POL-001413,CYC-2024-01,2024-01-23,2024-01-31,Wind,Open,99721.98,0.0,2024-01-31
CLM-000774,POL-001413,CYC-2024-01,2024-01-23,2024-01-31,Wind,Closed,183524.14,166289.22,2024-07-15
CLM-000775,POL-001320,CYC-2025-02,2025-11-29,2025-11-30,Riverine Flood,Open,134802.72,0.0,2025-11-30
CLM-000775,POL-001320,CYC-2025-02,2025-11-29,2025-11-30,Riverine Flood,Closed,238777.57,227276.32,2026-01-04
CLM-000776,POL-004986,CYC-2025-02,2025-11-29,2025-12-04,Wind,Open,27344.69,0.0,2025-12-04
CLM-000776,POL-004986,CYC-2025-02,2025-11-29,2025-12-04,Wind,Closed,83498.34,79534.08,2026-05-21
CLM-000777,POL-000142,CYC-2024-02,2024-03-17,2024-03-30,Wind,Open,2208917.58,0.0,2024-03-30
CLM-000777,POL-000142,CYC-2024-02,2024-03-17,2024-03-30,Wind,Closed,3857880.8,3588878.43,2024-09-13
CLM-000778,POL-002246,CYC-2025-01,2025-02-08,2025-02-16,Wind,Open,34907.1,0.0,2025-02-16
CLM-000778,POL-002246,CYC-2025-01,2025-02-08,2025-02-16,Wind,Closed,80639.63,71983.46,2025-05-10
CLM-000779,POL-003335,CYC-2024-01,2024-01-22,2024-01-27,Wind,Open,564440.7,0.0,2024-01-27
CLM-000779,POL-003335,CYC-2024-01,2024-01-22,2024-01-27,Wind,Closed,1235782.66,1158614.42,2024-03-31
CLM-000780,POL-003094,CYC-2023-02,2023-12-03,2023-12-06,Wind,Open,31140.63,0.0,2023-12-06
CLM-000781,POL-003809,CYC-2024-02,2024-03-15,2024-03-29,Storm Surge,Open,65001.95,0.0,2024-03-29
CLM-000781,POL-003809,CYC-2024-02,2024-03-15,2024-03-29,Storm Surge,Closed,124361.46,113641.36,2024-08-15
CLM-000782,POL-001058,CYC-2024-01,2024-01-24,2024-01-30,Wind,Open,53414.68,0.0,2024-01-30
CLM-000782,POL-001058,CYC-2024-01,2024-01-24,2024-01-30,Wind,Closed,166067.13,158287.07,2024-05-24
CLM-000783,POL-002685,CYC-2024-01,2024-01-22,2024-02-02,Riverine Flood,Open,92984.5,0.0,2024-02-02
CLM-000783,POL-002685,CYC-2024-01,2024-01-22,2024-02-02,Riverine Flood,Closed,232602.22,214623.1,2024-03-04
CLM-000784,POL-004241,CYC-2024-01,2024-01-24,2024-02-02,Wind,Open,44603.33,0.0,2024-02-02
CLM-000784,POL-004241,CYC-2024-01,2024-01-24,2024-02-02,Wind,Closed,83855.43,74876.41,2024-07-26
CLM-000785,POL-001045,CYC-2024-01,2024-01-23,2024-02-06,Wind,Open,84564.29,0.0,2024-02-06
CLM-000785,POL-001045,CYC-2024-01,2024-01-23,2024-02-06,Wind,Closed,277587.81,269548.55,2024-05-29
CLM-000786,POL-003992,CYC-2024-02,2024-03-16,2024-03-29,Riverine Flood,Open,43962.66,0.0,2024-03-29
CLM-000786,POL-003992,CYC-2024-02,2024-03-16,2024-03-29,Riverine Flood,Closed,92824.59,82979.17,2024-05-13
CLM-000787,POL-001928,CYC-2024-01,2024-01-23,2024-01-31,Wind,Open,71229.75,0.0,2024-01-31
CLM-000787,POL-001928,CYC-2024-01,2024-01-23,2024-01-31,Wind,Closed,119936.82,108875.82,2024-05-12
CLM-000788,POL-003694,CYC-2024-01,2024-01-24,2024-02-03,Wind,Open,12985.18,0.0,2024-02-03
CLM-000789,POL-000794,CYC-2025-01,2025-02-09,2025-02-13,Riverine Flood,Open,105294.8,0.0,2025-02-13
CLM-000789,POL-000794,CYC-2025-01,2025-02-09,2025-02-13,Riverine Flood,Closed,239646.74,233227.58,2025-04-06
CLM-000790,POL-004548,CYC-2024-02,2024-03-17,2024-03-18,Storm Surge,Open,116282.61,0.0,2024-03-18
CLM-000790,POL-004548,CYC-2024-02,2024-03-17,2024-03-18,Storm Surge,Closed,195018.55,182721.1,2024-07-09
CLM-000790,POL-004548,CYC-2024-02,2024-03-17,2024-03-18,Storm Surge,Reopened,220263.93,188243.76,2024-09-30
CLM-000791,POL-000057,CYC-2025-02,2025-11-27,2025-12-04,Wind,Open,103210.07,0.0,2025-12-04
CLM-000791,POL-000057,CYC-2025-02,2025-11-27,2025-12-04,Wind,Closed,184442.02,178520.78,2026-02-03
CLM-000792,POL-001394,CYC-2023-02,2023-12-05,2023-12-11,Wind,Open,179100.07,0.0,2023-12-11
CLM-000792,POL-001394,CYC-2023-02,2023-12-05,2023-12-11,Wind,Closed,470407.1,468681.11,2024-01-17
CLM-000793,POL-000022,CYC-2025-02,2025-11-28,2025-12-08,Storm Surge,Open,58367.14,0.0,2025-12-08
CLM-000794,POL-001775,CYC-2024-01,2024-01-22,2024-02-05,Wind,Open,51545.05,0.0,2024-02-05
CLM-000794,POL-001775,CYC-2024-01,2024-01-22,2024-02-05,Wind,Closed,111525.31,105097.53,2024-05-03
CLM-000795,POL-004993,CYC-2023-02,2023-12-05,2023-12-11,Riverine Flood,Open,37201.56,0.0,2023-12-11
CLM-000796,POL-001811,CYC-2024-01,2024-01-22,2024-02-02,Wind,Open,2479919.95,0.0,2024-02-02
CLM-000796,POL-001811,CYC-2024-01,2024-01-22,2024-02-02,Wind,Closed,5166919.47,4770293.62,2024-07-13
CLM-000797,POL-004995,CYC-2024-01,2024-01-23,2024-01-31,Wind,Open,118142.11,0.0,2024-01-31
CLM-000798,POL-000786,CYC-2024-01,2024-01-23,2024-02-05,Wind,Open,17929.17,0.0,2024-02-05
CLM-000798,POL-000786,CYC-2024-01,2024-01-23,2024-02-05,Wind,Closed,39419.89,35106.07,2024-06-27
CLM-000799,POL-004041,CYC-2025-02,2025-11-27,2025-12-10,Wind,Open,28938.33,0.0,2025-12-10
CLM-000799,POL-004041,CYC-2025-02,2025-11-27,2025-12-10,Wind,Closed,94508.26,84375.43,2026-05-06
CLM-000800,POL-002637,CYC-2024-02,2024-03-15,2024-03-27,Wind,Open,110894.7,0.0,2024-03-27
CLM-000801,POL-000201,CYC-2025-02,2025-11-28,2025-12-01,Riverine Flood,Open,69947.7,0.0,2025-12-01
CLM-000801,POL-000201,CYC-2025-02,2025-11-28,2025-12-01,Riverine Flood,Closed,130958.97,116681.79,2026-01-29
CLM-000802,POL-001110,CYC-2024-01,2024-01-24,2024-02-05,Wind,Open,4296.65,0.0,2024-02-05
CLM-000802,POL-001110,CYC-2024-01,2024-01-24,2024-02-05,Wind,Closed,11283.38,11179.72,2024-08-02
CLM-000803,POL-003876,CYC-2025-02,2025-11-27,2025-12-01,Wind,Open,201916.62,0.0,2025-12-01
CLM-000804,POL-000775,CYC-2025-02,2025-11-29,2025-12-10,Wind,Open,143675.14,0.0,2025-12-10
CLM-000804,POL-000775,CYC-2025-02,2025-11-29,2025-12-10,Wind,Closed,270525.53,263220.2,2026-01-02
CLM-000805,POL-002589,CYC-2025-01,2025-02-09,2025-02-18,Wind,Open,170547.79,0.0,2025-02-18
CLM-000805,POL-002589,CYC-2025-01,2025-02-09,2025-02-18,Wind,Closed,320343.76,313086.69,2025-07-16
CLM-000806,POL-000914,CYC-2023-02,2023-12-03,2023-12-17,Wind,Open,456690.28,0.0,2023-12-17
CLM-000806,POL-000914,CYC-2023-02,2023-12-03,2023-12-17,Wind,Closed,1218497.61,1128885.99,2024-06-13
CLM-000807,POL-002176,CYC-2025-02,2025-11-29,2025-12-11,Riverine Flood,Open,47851.5,0.0,2025-12-11
CLM-000807,POL-002176,CYC-2025-02,2025-11-29,2025-12-11,Riverine Flood,Closed,121632.5,107255.69,2026-04-08
CLM-000808,POL-004943,CYC-2024-01,2024-01-22,2024-02-02,Riverine Flood,Open,49861.81,0.0,2024-02-02
CLM-000809,POL-004710,CYC-2025-01,2025-02-10,2025-02-20,Storm Surge,Open,19346.44,0.0,2025-02-20
CLM-000809,POL-004710,CYC-2025-01,2025-02-10,2025-02-20,Storm Surge,Closed,38668.14,37037.12,2025-07-08
CLM-000810,POL-001587,CYC-2024-02,2024-03-16,2024-03-26,Wind,Open,30117.02,0.0,2024-03-26
CLM-000810,POL-001587,CYC-2024-02,2024-03-16,2024-03-26,Wind,Closed,86898.97,76775.48,2024-06-20
CLM-000811,POL-004771,CYC-2023-02,2023-12-04,2023-12-15,Riverine Flood,Open,32667.0,0.0,2023-12-15
CLM-000811,POL-004771,CYC-2023-02,2023-12-04,2023-12-15,Riverine Flood,Closed,73548.77,73191.12,2024-03-22
CLM-000812,POL-002400,CYC-2023-02,2023-12-05,2023-12-13,Wind,Open,57726.54,0.0,2023-12-13
CLM-000812,POL-002400,CYC-2023-02,2023-12-05,2023-12-13,Wind,Closed,104734.88,102528.23,2024-01-09
CLM-000813,POL-000531,CYC-2023-02,2023-12-03,2023-12-14,Storm Surge,Open,79127.09,0.0,2023-12-14
CLM-000813,POL-000531,CYC-2023-02,2023-12-03,2023-12-14,Storm Surge,Closed,132210.12,130751.26,2024-03-20
CLM-000814,POL-004631,CYC-2023-01,2023-02-12,2023-02-26,Riverine Flood,Open,44504.59,0.0,2023-02-26
CLM-000814,POL-004631,CYC-2023-01,2023-02-12,2023-02-26,Riverine Flood,Closed,122632.11,110648.87,2023-05-18
CLM-000815,POL-000894,CYC-2023-02,2023-12-05,2023-12-06,Riverine Flood,Open,254967.67,0.0,2023-12-06
CLM-000815,POL-000894,CYC-2023-02,2023-12-05,2023-12-06,Riverine Flood,Closed,432598.57,388425.16,2024-03-23
CLM-000816,POL-001468,CYC-2025-02,2025-11-27,2025-12-11,Wind,Open,38251.0,0.0,2025-12-11
CLM-000816,POL-001468,CYC-2025-02,2025-11-27,2025-12-11,Wind,Closed,90321.92,78858.15,2026-01-14
CLM-000817,POL-001904,CYC-2024-01,2024-01-22,2024-02-03,Wind,Open,48722.97,0.0,2024-02-03
CLM-000818,POL-003004,CYC-2024-02,2024-03-17,2024-03-25,Wind,Open,29171.36,0.0,2024-03-25
CLM-000818,POL-003004,CYC-2024-02,2024-03-17,2024-03-25,Wind,Closed,93702.52,80977.31,2024-05-22
CLM-000819,POL-003124,CYC-2025-01,2025-02-09,2025-02-16,Wind,Open,296698.72,0.0,2025-02-16
CLM-000820,POL-001381,CYC-2024-01,2024-01-23,2024-01-24,Wind,Open,202067.15,0.0,2024-01-24
CLM-000821,POL-004349,CYC-2025-01,2025-02-09,2025-02-18,Wind,Open,56233.31,0.0,2025-02-18
CLM-000822,POL-002999,CYC-2024-01,2024-01-24,2024-01-29,Wind,Open,55007.11,0.0,2024-01-29
CLM-000822,POL-002999,CYC-2024-01,2024-01-24,2024-01-29,Wind,Closed,97377.02,87109.9,2024-06-09
CLM-000823,POL-001709,CYC-2023-02,2023-12-03,2023-12-08,Storm Surge,Open,31332.46,0.0,2023-12-08
CLM-000823,POL-001709,CYC-2023-02,2023-12-03,2023-12-08,Storm Surge,Closed,103403.27,88299.56,2024-03-31
CLM-000824,POL-003259,CYC-2024-01,2024-01-23,2024-01-28,Wind,Open,378032.69,0.0,2024-01-28
CLM-000824,POL-003259,CYC-2024-01,2024-01-23,2024-01-28,Wind,Closed,1066369.34,916212.56,2024-02-21
CLM-000825,POL-000525,CYC-2025-01,2025-02-08,2025-02-20,Wind,Open,182974.29,0.0,2025-02-20
CLM-000825,POL-000525,CYC-2025-01,2025-02-08,2025-02-20,Wind,Closed,330085.95,297401.56,2025-05-12
CLM-000826,POL-000989,CYC-2024-01,2024-01-22,2024-02-03,Wind,Open,79526.92,0.0,2024-02-03
CLM-000826,POL-000989,CYC-2024-01,2024-01-22,2024-02-03,Wind,Closed,166240.03,141861.58,2024-04-24
CLM-000827,POL-001078,CYC-2025-02,2025-11-27,2025-12-06,Wind,Open,12723.99,0.0,2025-12-06
CLM-000827,POL-001078,CYC-2025-02,2025-11-27,2025-12-06,Wind,Closed,25561.05,23003.32,2026-02-24
CLM-000828,POL-004403,CYC-2025-01,2025-02-09,2025-02-10,Storm Surge,Open,101238.49,0.0,2025-02-10
CLM-000828,POL-004403,CYC-2025-01,2025-02-09,2025-02-10,Storm Surge,Closed,217460.85,186138.11,2025-06-29
CLM-000829,POL-003850,CYC-2025-02,2025-11-27,2025-12-07,Wind,Open,50056.44,0.0,2025-12-07
CLM-000829,POL-003850,CYC-2025-02,2025-11-27,2025-12-07,Wind,Closed,145650.93,138408.67,2026-05-29
CLM-000830,POL-001494,CYC-2025-02,2025-11-29,2025-12-02,Wind,Open,41215.19,0.0,2025-12-02
CLM-000831,POL-001613,CYC-2025-01,2025-02-08,2025-02-12,Riverine Flood,Open,66816.35,0.0,2025-02-12
CLM-000832,POL-000786,CYC-2024-01,2024-01-22,2024-01-27,Wind,Open,50522.27,0.0,2024-01-27
CLM-000832,POL-000786,CYC-2024-01,2024-01-22,2024-01-27,Wind,Closed,92992.89,86330.91,2024-02-22
CLM-000833,POL-004648,CYC-2023-02,2023-12-03,2023-12-13,Riverine Flood,Open,23921.27,0.0,2023-12-13
CLM-000833,POL-004648,CYC-2023-02,2023-12-03,2023-12-13,Riverine Flood,Closed,47138.28,42035.57,2024-04-28
CLM-000834,POL-002196,CYC-2024-01,2024-01-23,2024-02-05,Riverine Flood,Open,118781.83,0.0,2024-02-05
CLM-000834,POL-002196,CYC-2024-01,2024-01-23,2024-02-05,Riverine Flood,Closed,207392.88,199337.46,2024-04-11
CLM-000835,POL-000574,CYC-2025-01,2025-02-09,2025-02-21,Wind,Open,39020.68,0.0,2025-02-21
CLM-000835,POL-000574,CYC-2025-01,2025-02-09,2025-02-21,Wind,Closed,79791.69,68995.56,2025-08-18
CLM-000836,POL-000006,CYC-2025-02,2025-11-27,2025-12-02,Wind,Open,87674.9,0.0,2025-12-02
CLM-000836,POL-000006,CYC-2025-02,2025-11-27,2025-12-02,Wind,Closed,154440.64,148556.34,2026-01-19
CLM-000837,POL-001171,CYC-2024-02,2024-03-16,2024-03-26,Riverine Flood,Open,154862.99,0.0,2024-03-26
CLM-000838,POL-000291,CYC-2023-02,2023-12-04,2023-12-16,Wind,Open,17814.66,0.0,2023-12-16
CLM-000838,POL-000291,CYC-2023-02,2023-12-04,2023-12-16,Wind,Closed,51373.89,50220.64,2024-03-14
CLM-000839,POL-001149,CYC-2024-02,2024-03-16,2024-03-30,Riverine Flood,Open,2720.7,0.0,2024-03-30
CLM-000839,POL-001149,CYC-2024-02,2024-03-16,2024-03-30,Riverine Flood,Closed,7508.99,7384.68,2024-05-27
CLM-000840,POL-000640,CYC-2025-02,2025-11-27,2025-12-05,Storm Surge,Open,100196.52,0.0,2025-12-05
CLM-000840,POL-000640,CYC-2025-02,2025-11-27,2025-12-05,Storm Surge,Closed,202352.75,180553.6,2026-03-09
CLM-000841,POL-000246,CYC-2024-02,2024-03-17,2024-03-24,Wind,Open,10061.99,0.0,2024-03-24
CLM-000841,POL-000246,CYC-2024-02,2024-03-17,2024-03-24,Wind,Closed,20884.14,18079.77,2024-05-15
CLM-000842,POL-004804,CYC-2025-02,2025-11-28,2025-12-10,Wind,Open,28199.11,0.0,2025-12-10
CLM-000842,POL-004804,CYC-2025-02,2025-11-28,2025-12-10,Wind,Closed,88531.98,84384.88,2026-02-17
CLM-000843,POL-002404,CYC-2025-01,2025-02-08,2025-02-13,Wind,Open,232589.68,0.0,2025-02-13
CLM-000843,POL-002404,CYC-2025-01,2025-02-08,2025-02-13,Wind,Closed,733768.8,631780.57,2025-04-07
CLM-000844,POL-002249,CYC-2025-02,2025-11-27,2025-12-03,Storm Surge,Open,6205.41,0.0,2025-12-03
CLM-000844,POL-002249,CYC-2025-02,2025-11-27,2025-12-03,Storm Surge,Closed,11970.73,10743.43,2026-05-12
CLM-000845,POL-003645,CYC-2024-01,2024-01-23,2024-01-30,Riverine Flood,Open,39125.85,0.0,2024-01-30
CLM-000845,POL-003645,CYC-2024-01,2024-01-23,2024-01-30,Riverine Flood,Closed,127734.59,122357.8,2024-04-27
CLM-000846,POL-003559,CYC-2023-02,2023-12-04,2023-12-06,Storm Surge,Open,553345.28,0.0,2023-12-06
CLM-000846,POL-003559,CYC-2023-02,2023-12-04,2023-12-06,Storm Surge,Closed,1119798.72,953578.74,2024-03-18
CLM-000847,POL-002602,CYC-2024-01,2024-01-24,2024-01-29,Wind,Open,4572.1,0.0,2024-01-29
CLM-000847,POL-002602,CYC-2024-01,2024-01-24,2024-01-29,Wind,Closed,11538.01,10327.63,2024-04-03
CLM-000847,POL-002602,CYC-2024-01,2024-01-24,2024-01-29,Wind,Reopened,12294.25,11176.59,2024-10-02
CLM-000848,POL-004995,CYC-2024-02,2024-03-15,2024-03-17,Riverine Flood,Open,39540.13,0.0,2024-03-17
CLM-000849,POL-004712,CYC-2023-02,2023-12-05,2023-12-15,Riverine Flood,Open,365016.56,0.0,2023-12-15
CLM-000849,POL-004712,CYC-2023-02,2023-12-05,2023-12-15,Riverine Flood,Closed,722945.07,663483.21,2024-06-11
CLM-000850,POL-004811,CYC-2023-02,2023-12-05,2023-12-07,Riverine Flood,Open,19282.92,0.0,2023-12-07
CLM-000850,POL-004811,CYC-2023-02,2023-12-05,2023-12-07,Riverine Flood,Closed,48131.57,45407.0,2024-03-01
CLM-000851,POL-002169,CYC-2025-02,2025-11-29,2025-12-02,Wind,Open,39869.04,0.0,2025-12-02
CLM-000851,POL-002169,CYC-2025-02,2025-11-29,2025-12-02,Wind,Closed,89843.48,84794.52,2026-04-11
CLM-000852,POL-001402,CYC-2025-01,2025-02-08,2025-02-20,Riverine Flood,Open,78510.42,0.0,2025-02-20
CLM-000852,POL-001402,CYC-2025-01,2025-02-08,2025-02-20,Riverine Flood,Closed,183512.71,170207.71,2025-08-17
CLM-000853,POL-000095,CYC-2024-02,2024-03-17,2024-03-29,Wind,Open,87198.64,0.0,2024-03-29
CLM-000854,POL-000675,CYC-2024-02,2024-03-15,2024-03-22,Riverine Flood,Open,70420.9,0.0,2024-03-22
CLM-000855,POL-004606,CYC-2024-02,2024-03-16,2024-03-26,Storm Surge,Open,82870.91,0.0,2024-03-26
CLM-000855,POL-004606,CYC-2024-02,2024-03-16,2024-03-26,Storm Surge,Closed,268983.01,244414.65,2024-08-15
CLM-000856,POL-003313,CYC-2025-02,2025-11-28,2025-11-29,Storm Surge,Open,5397.68,0.0,2025-11-29
CLM-000856,POL-003313,CYC-2025-02,2025-11-28,2025-11-29,Storm Surge,Closed,10913.63,10387.77,2025-12-31
CLM-000857,POL-003409,CYC-2025-02,2025-11-28,2025-12-04,Riverine Flood,Open,17022.02,0.0,2025-12-04
CLM-000858,POL-004702,CYC-2025-02,2025-11-27,2025-12-07,Wind,Open,45108.52,0.0,2025-12-07
CLM-000859,POL-004396,CYC-2023-02,2023-12-05,2023-12-19,Wind,Open,21556.84,0.0,2023-12-19
CLM-000859,POL-004396,CYC-2023-02,2023-12-05,2023-12-19,Wind,Closed,36742.64,35457.52,2024-02-07
CLM-000860,POL-000191,CYC-2025-02,2025-11-27,2025-12-09,Storm Surge,Open,69085.91,0.0,2025-12-09
CLM-000860,POL-000191,CYC-2025-02,2025-11-27,2025-12-09,Storm Surge,Closed,122852.74,110955.97,2026-04-22
CLM-000861,POL-001084,CYC-2023-02,2023-12-03,2023-12-07,Riverine Flood,Open,125782.33,0.0,2023-12-07
CLM-000861,POL-001084,CYC-2023-02,2023-12-03,2023-12-07,Riverine Flood,Closed,215362.85,199071.8,2024-04-13
CLM-000862,POL-003242,CYC-2024-02,2024-03-15,2024-03-20,Storm Surge,Open,121853.83,0.0,2024-03-20
CLM-000863,POL-002041,CYC-2025-02,2025-11-27,2025-12-10,Wind,Open,153359.26,0.0,2025-12-10
CLM-000863,POL-002041,CYC-2025-02,2025-11-27,2025-12-10,Wind,Closed,363837.87,310604.08,2026-06-05
CLM-000864,POL-004007,CYC-2025-02,2025-11-28,2025-12-03,Wind,Open,15490.21,0.0,2025-12-03
CLM-000864,POL-004007,CYC-2025-02,2025-11-28,2025-12-03,Wind,Closed,42205.88,40417.54,2026-04-04
CLM-000865,POL-003637,CYC-2023-02,2023-12-03,2023-12-06,Wind,Open,30864.46,0.0,2023-12-06
CLM-000865,POL-003637,CYC-2023-02,2023-12-03,2023-12-06,Wind,Closed,59670.17,55402.76,2024-02-10
CLM-000866,POL-003378,CYC-2024-01,2024-01-24,2024-02-02,Riverine Flood,Open,359879.34,0.0,2024-02-02
CLM-000866,POL-003378,CYC-2024-01,2024-01-24,2024-02-02,Riverine Flood,Closed,795941.82,780844.22,2024-04-26
CLM-000867,POL-002409,CYC-2025-01,2025-02-08,2025-02-22,Wind,Open,260840.16,0.0,2025-02-22
CLM-000867,POL-002409,CYC-2025-01,2025-02-08,2025-02-22,Wind,Closed,710004.59,699780.22,2025-07-04
CLM-000868,POL-002781,CYC-2023-02,2023-12-04,2023-12-16,Riverine Flood,Open,75385.52,0.0,2023-12-16
CLM-000868,POL-002781,CYC-2023-02,2023-12-04,2023-12-16,Riverine Flood,Closed,206340.56,175885.86,2024-05-30
CLM-000869,POL-003652,CYC-2025-01,2025-02-10,2025-02-13,Riverine Flood,Open,43304.25,0.0,2025-02-13
CLM-000869,POL-003652,CYC-2025-01,2025-02-10,2025-02-13,Riverine Flood,Closed,82227.7,72983.78,2025-05-28
CLM-000870,POL-001906,CYC-2025-01,2025-02-08,2025-02-15,Riverine Flood,Open,54279.35,0.0,2025-02-15
CLM-000870,POL-001906,CYC-2025-01,2025-02-08,2025-02-15,Riverine Flood,Closed,112893.37,112875.65,2025-04-06
CLM-000871,POL-001845,CYC-2023-02,2023-12-05,2023-12-06,Riverine Flood,Open,94885.32,0.0,2023-12-06
CLM-000871,POL-001845,CYC-2023-02,2023-12-05,2023-12-06,Riverine Flood,Closed,213796.41,207315.42,2024-05-27
CLM-000872,POL-000348,CYC-2024-01,2024-01-24,2024-02-02,Riverine Flood,Open,556512.56,0.0,2024-02-02
CLM-000872,POL-000348,CYC-2024-01,2024-01-24,2024-02-02,Riverine Flood,Closed,1084320.84,1070012.32,2024-04-19
CLM-000873,POL-002271,CYC-2024-01,2024-01-24,2024-01-29,Wind,Open,31722.41,0.0,2024-01-29
CLM-000873,POL-002271,CYC-2024-01,2024-01-24,2024-01-29,Wind,Closed,60300.55,58299.23,2024-04-09
CLM-000874,POL-004026,CYC-2025-02,2025-11-28,2025-12-01,Wind,Open,14405.77,0.0,2025-12-01
CLM-000874,POL-004026,CYC-2025-02,2025-11-28,2025-12-01,Wind,Closed,45915.21,44717.31,2026-03-22
CLM-000875,POL-004165,CYC-2024-02,2024-03-16,2024-03-22,Wind,Open,63594.08,0.0,2024-03-22
CLM-000876,POL-000489,CYC-2025-02,2025-11-28,2025-12-03,Wind,Open,657691.99,0.0,2025-12-03
CLM-000876,POL-000489,CYC-2025-02,2025-11-28,2025-12-03,Wind,Closed,1489578.8,1436955.16,2026-03-24
CLM-000877,POL-003560,CYC-2025-02,2025-11-29,2025-12-12,Wind,Open,90899.93,0.0,2025-12-12
CLM-000877,POL-003560,CYC-2025-02,2025-11-29,2025-12-12,Wind,Closed,168833.12,160034.79,2026-03-09
CLM-000878,POL-004879,CYC-2024-02,2024-03-17,2024-03-28,Wind,Open,13405.49,0.0,2024-03-28
CLM-000878,POL-004879,CYC-2024-02,2024-03-17,2024-03-28,Wind,Closed,29577.94,29255.03,2024-07-10
CLM-000879,POL-003495,CYC-2023-02,2023-12-03,2023-12-09,Wind,Open,87863.36,0.0,2023-12-09
CLM-000879,POL-003495,CYC-2023-02,2023-12-03,2023-12-09,Wind,Closed,232312.25,230183.08,2024-03-14
CLM-000880,POL-000995,CYC-2024-01,2024-01-22,2024-02-05,Wind,Open,97271.8,0.0,2024-02-05
CLM-000881,POL-004671,CYC-2023-02,2023-12-04,2023-12-10,Storm Surge,Open,43088.68,0.0,2023-12-10
CLM-000881,POL-004671,CYC-2023-02,2023-12-04,2023-12-10,Storm Surge,Closed,85789.09,82946.23,2024-02-27
CLM-000882,POL-002022,CYC-2025-01,2025-02-10,2025-02-13,Wind,Open,145036.41,0.0,2025-02-13
CLM-000882,POL-002022,CYC-2025-01,2025-02-10,2025-02-13,Wind,Closed,409290.13,363981.94,2025-07-31
CLM-000882,POL-002022,CYC-2025-01,2025-02-10,2025-02-13,Wind,Reopened,463650.4,378278.78,2025-09-14
CLM-000883,POL-003259,CYC-2024-01,2024-01-24,2024-01-31,Wind,Open,336144.47,0.0,2024-01-31
CLM-000884,POL-003656,CYC-2023-01,2023-02-11,2023-02-20,Wind,Open,50913.1,0.0,2023-02-20
CLM-000885,POL-002224,CYC-2025-02,2025-11-28,2025-12-06,Storm Surge,Open,28502.83,0.0,2025-12-06
CLM-000885,POL-002224,CYC-2025-02,2025-11-28,2025-12-06,Storm Surge,Closed,50042.14,44868.27,2026-03-17
CLM-000886,POL-000498,CYC-2023-02,2023-12-04,2023-12-13,Riverine Flood,Open,278185.08,0.0,2023-12-13
CLM-000886,POL-000498,CYC-2023-02,2023-12-04,2023-12-13,Riverine Flood,Closed,607991.88,573345.35,2024-06-10
CLM-000887,POL-001634,CYC-2024-01,2024-01-22,2024-01-26,Storm Surge,Open,24713.82,0.0,2024-01-26
CLM-000888,POL-003098,CYC-2024-02,2024-03-15,2024-03-27,Riverine Flood,Open,147022.96,0.0,2024-03-27
CLM-000888,POL-003098,CYC-2024-02,2024-03-15,2024-03-27,Riverine Flood,Closed,298862.16,279548.13,2024-05-05
CLM-000889,POL-003259,CYC-2024-02,2024-03-17,2024-03-27,Wind,Open,67109.22,0.0,2024-03-27
CLM-000889,POL-003259,CYC-2024-02,2024-03-17,2024-03-27,Wind,Closed,129726.25,122780.37,2024-09-10
CLM-000890,POL-002111,CYC-2024-02,2024-03-17,2024-03-31,Wind,Open,90389.03,0.0,2024-03-31
CLM-000890,POL-002111,CYC-2024-02,2024-03-17,2024-03-31,Wind,Closed,208781.16,198308.38,2024-08-30
CLM-000891,POL-004995,CYC-2023-02,2023-12-05,2023-12-15,Wind,Open,27418.55,0.0,2023-12-15
CLM-000891,POL-004995,CYC-2023-02,2023-12-05,2023-12-15,Wind,Reopened,63485.11,52335.89,2024-07-07
CLM-000892,POL-002207,CYC-2023-02,2023-12-04,2023-12-10,Storm Surge,Open,165177.52,0.0,2023-12-10
CLM-000892,POL-002207,CYC-2023-02,2023-12-04,2023-12-10,Storm Surge,Closed,362733.96,359939.01,2024-02-14
CLM-000893,POL-000016,CYC-2024-02,2024-03-16,2024-03-30,Riverine Flood,Open,77273.7,0.0,2024-03-30
CLM-000893,POL-000016,CYC-2024-02,2024-03-16,2024-03-30,Riverine Flood,Closed,198483.36,174461.82,2024-06-08
CLM-000894,POL-001322,CYC-2024-01,2024-01-22,2024-02-03,Wind,Open,176727.39,0.0,2024-02-03
CLM-000895,POL-004521,CYC-2023-02,2023-12-03,2023-12-10,Wind,Open,144359.01,0.0,2023-12-10
CLM-000896,POL-003858,CYC-2025-01,2025-02-10,2025-02-17,Wind,Open,58555.86,0.0,2025-02-17
CLM-000897,POL-004160,CYC-2023-01,2023-02-12,2023-02-15,Wind,Open,23857.25,0.0,2023-02-15
CLM-000897,POL-004160,CYC-2023-01,2023-02-12,2023-02-15,Wind,Closed,48675.57,43380.3,2023-03-12
CLM-000898,POL-001203,CYC-2025-01,2025-02-08,2025-02-09,Riverine Flood,Open,70163.45,0.0,2025-02-09
CLM-000898,POL-001203,CYC-2025-01,2025-02-08,2025-02-09,Riverine Flood,Closed,163452.1,160992.06,2025-07-17
CLM-000899,POL-003011,CYC-2025-01,2025-02-09,2025-02-10,Wind,Open,1167940.11,0.0,2025-02-10
CLM-000900,POL-002543,CYC-2025-02,2025-11-27,2025-12-11,Storm Surge,Open,2080.66,0.0,2025-12-11
CLM-000900,POL-002543,CYC-2025-02,2025-11-27,2025-12-11,Storm Surge,Closed,4884.07,4238.28,2026-02-20
CLM-000901,POL-002247,CYC-2023-02,2023-12-04,2023-12-10,Storm Surge,Open,73510.01,0.0,2023-12-10
CLM-000901,POL-002247,CYC-2023-02,2023-12-04,2023-12-10,Storm Surge,Closed,193539.4,168284.04,2024-06-06
CLM-000902,POL-003108,CYC-2024-01,2024-01-24,2024-02-07,Wind,Open,42046.81,0.0,2024-02-07
CLM-000903,POL-000206,CYC-2025-01,2025-02-08,2025-02-22,Storm Surge,Open,93065.14,0.0,2025-02-22
CLM-000904,POL-001723,CYC-2025-01,2025-02-10,2025-02-24,Wind,Open,183306.66,0.0,2025-02-24
CLM-000904,POL-001723,CYC-2025-01,2025-02-10,2025-02-24,Wind,Closed,385894.78,349521.14,2025-04-14
CLM-000905,POL-000238,CYC-2024-01,2024-01-23,2024-01-24,Wind,Open,106039.76,0.0,2024-01-24
CLM-000905,POL-000238,CYC-2024-01,2024-01-23,2024-01-24,Wind,Closed,189612.02,175261.87,2024-07-14
CLM-000906,POL-002264,CYC-2025-01,2025-02-09,2025-02-21,Storm Surge,Open,50970.19,0.0,2025-02-21
CLM-000906,POL-002264,CYC-2025-01,2025-02-09,2025-02-21,Storm Surge,Closed,140376.8,137079.2,2025-03-21
CLM-000907,POL-000013,CYC-2023-02,2023-12-05,2023-12-16,Wind,Open,9169.75,0.0,2023-12-16
CLM-000908,POL-004157,CYC-2024-01,2024-01-23,2024-02-02,Riverine Flood,Open,41732.61,0.0,2024-02-02
CLM-000908,POL-004157,CYC-2024-01,2024-01-23,2024-02-02,Riverine Flood,Closed,110366.17,110310.18,2024-03-01
CLM-000909,POL-004351,CYC-2025-01,2025-02-09,2025-02-18,Storm Surge,Open,379368.08,0.0,2025-02-18
CLM-000909,POL-004351,CYC-2025-01,2025-02-09,2025-02-18,Storm Surge,Closed,706155.43,605007.73,2025-07-27
CLM-000910,POL-003863,CYC-2023-02,2023-12-03,2023-12-14,Riverine Flood,Open,6713.83,0.0,2023-12-14
CLM-000910,POL-003863,CYC-2023-02,2023-12-03,2023-12-14,Riverine Flood,Closed,13259.71,12646.92,2024-02-24
CLM-000911,POL-004264,CYC-2024-02,2024-03-15,2024-03-20,Storm Surge,Open,22406.55,0.0,2024-03-20
CLM-000911,POL-004264,CYC-2024-02,2024-03-15,2024-03-20,Storm Surge,Closed,73638.58,68707.21,2024-04-27
CLM-000912,POL-002263,CYC-2025-01,2025-02-09,2025-02-14,Riverine Flood,Open,167516.19,0.0,2025-02-14
CLM-000912,POL-002263,CYC-2025-01,2025-02-09,2025-02-14,Riverine Flood,Closed,370692.3,330903.45,2025-08-02
CLM-000913,POL-002040,CYC-2025-02,2025-11-27,2025-11-30,Riverine Flood,Open,69962.79,0.0,2025-11-30
CLM-000913,POL-002040,CYC-2025-02,2025-11-27,2025-11-30,Riverine Flood,Closed,140220.38,130588.76,2026-05-13
CLM-000914,POL-000480,CYC-2025-01,2025-02-08,2025-02-15,Wind,Open,85580.44,0.0,2025-02-15
CLM-000914,POL-000480,CYC-2025-01,2025-02-08,2025-02-15,Wind,Closed,257093.36,238393.93,2025-05-24
CLM-000915,POL-002053,CYC-2025-02,2025-11-28,2025-12-12,Wind,Open,38696.77,0.0,2025-12-12
CLM-000915,POL-002053,CYC-2025-02,2025-11-28,2025-12-12,Wind,Closed,119834.43,119766.76,2026-04-16
CLM-000916,POL-000495,CYC-2023-01,2023-02-11,2023-02-19,Wind,Open,74990.77,0.0,2023-02-19
CLM-000916,POL-000495,CYC-2023-01,2023-02-11,2023-02-19,Wind,Closed,158238.04,149352.47,2023-06-13
CLM-000917,POL-004137,CYC-2024-01,2024-01-22,2024-01-23,Wind,Open,80832.15,0.0,2024-01-23
CLM-000917,POL-004137,CYC-2024-01,2024-01-22,2024-01-23,Wind,Closed,153968.91,145727.35,2024-07-15
CLM-000918,POL-001637,CYC-2025-01,2025-02-10,2025-02-11,Riverine Flood,Open,103087.13,0.0,2025-02-11
CLM-000919,POL-002215,CYC-2023-02,2023-12-03,2023-12-11,Wind,Open,55820.29,0.0,2023-12-11
CLM-000919,POL-002215,CYC-2023-02,2023-12-03,2023-12-11,Wind,Closed,157801.1,145740.23,2024-05-07
CLM-000920,POL-003054,CYC-2025-01,2025-02-09,2025-02-21,Wind,Open,149311.8,0.0,2025-02-21
CLM-000920,POL-003054,CYC-2025-01,2025-02-09,2025-02-21,Wind,Closed,265406.88,229221.67,2025-06-07
CLM-000921,POL-002927,CYC-2025-02,2025-11-28,2025-12-01,Storm Surge,Open,85982.87,0.0,2025-12-01
CLM-000921,POL-002927,CYC-2025-02,2025-11-28,2025-12-01,Storm Surge,Closed,261498.36,234256.2,2026-05-11
CLM-000922,POL-004297,CYC-2024-02,2024-03-17,2024-03-20,Storm Surge,Open,20882.26,0.0,2024-03-20
CLM-000922,POL-004297,CYC-2024-02,2024-03-17,2024-03-20,Storm Surge,Closed,43041.52,42970.4,2024-08-04
CLM-000923,POL-001999,CYC-2025-02,2025-11-27,2025-12-01,Wind,Open,37233.68,0.0,2025-12-01
CLM-000923,POL-001999,CYC-2025-02,2025-11-27,2025-12-01,Wind,Closed,112147.32,97632.98,2026-03-28
CLM-000924,POL-002299,CYC-2023-01,2023-02-11,2023-02-16,Wind,Open,39840.65,0.0,2023-02-16
CLM-000924,POL-002299,CYC-2023-01,2023-02-11,2023-02-16,Wind,Closed,112077.49,106062.19,2023-07-05
CLM-000925,POL-000228,CYC-2024-01,2024-01-24,2024-02-04,Wind,Open,53163.84,0.0,2024-02-04
CLM-000925,POL-000228,CYC-2024-01,2024-01-24,2024-02-04,Wind,Closed,157258.88,146959.13,2024-05-12
CLM-000926,POL-004782,CYC-2025-02,2025-11-28,2025-12-11,Storm Surge,Open,198540.4,0.0,2025-12-11
CLM-000926,POL-004782,CYC-2025-02,2025-11-28,2025-12-11,Storm Surge,Closed,506847.76,431992.75,2026-03-30
CLM-000927,POL-001376,CYC-2025-02,2025-11-28,2025-12-06,Wind,Open,11149.5,0.0,2025-12-06
CLM-000927,POL-001376,CYC-2025-02,2025-11-28,2025-12-06,Wind,Closed,33386.26,30877.8,2026-03-08
CLM-000927,POL-001376,CYC-2025-02,2025-11-28,2025-12-06,Wind,Reopened,36566.29,29020.02,2026-07-20
CLM-000928,POL-001180,CYC-2024-02,2024-03-15,2024-03-19,Riverine Flood,Open,85298.22,0.0,2024-03-19
CLM-000928,POL-001180,CYC-2024-02,2024-03-15,2024-03-19,Riverine Flood,Closed,161187.18,142625.65,2024-06-24
CLM-000929,POL-000610,CYC-2024-02,2024-03-17,2024-03-24,Storm Surge,Open,113036.95,0.0,2024-03-24
CLM-000929,POL-000610,CYC-2024-02,2024-03-17,2024-03-24,Storm Surge,Closed,238140.75,206420.59,2024-05-12
CLM-000930,POL-004752,CYC-2024-01,2024-01-22,2024-01-30,Storm Surge,Open,26245.04,0.0,2024-01-30
CLM-000930,POL-004752,CYC-2024-01,2024-01-22,2024-01-30,Storm Surge,Closed,78289.7,71251.26,2024-06-30
CLM-000931,POL-004758,CYC-2023-02,2023-12-04,2023-12-15,Wind,Open,21249.54,0.0,2023-12-15
CLM-000931,POL-004758,CYC-2023-02,2023-12-04,2023-12-15,Wind,Closed,69235.12,65362.17,2024-04-30
CLM-000932,POL-004078,CYC-2025-01,2025-02-09,2025-02-22,Wind,Open,27859.83,0.0,2025-02-22
CLM-000932,POL-004078,CYC-2025-01,2025-02-09,2025-02-22,Wind,Closed,61543.18,55144.29,2025-05-23
CLM-000933,POL-002348,CYC-2024-01,2024-01-23,2024-01-25,Wind,Open,118811.16,0.0,2024-01-25
CLM-000933,POL-002348,CYC-2024-01,2024-01-23,2024-01-25,Wind,Closed,281452.78,269498.67,2024-06-18
CLM-000934,POL-002424,CYC-2024-02,2024-03-17,2024-03-20,Wind,Open,28111.62,0.0,2024-03-20
CLM-000934,POL-002424,CYC-2024-02,2024-03-17,2024-03-20,Wind,Closed,64058.37,60620.54,2024-06-10
CLM-000935,POL-002746,CYC-2024-01,2024-01-24,2024-01-25,Riverine Flood,Open,22522.03,0.0,2024-01-25
CLM-000935,POL-002746,CYC-2024-01,2024-01-24,2024-01-25,Riverine Flood,Closed,43549.1,40127.36,2024-02-29
CLM-000936,POL-003973,CYC-2023-02,2023-12-04,2023-12-15,Wind,Open,18468.78,0.0,2023-12-15
CLM-000936,POL-003973,CYC-2023-02,2023-12-04,2023-12-15,Wind,Closed,39609.93,35203.32,2024-02-05
CLM-000937,POL-001332,CYC-2024-01,2024-01-22,2024-01-25,Storm Surge,Open,841458.21,0.0,2024-01-25
CLM-000937,POL-001332,CYC-2024-01,2024-01-22,2024-01-25,Storm Surge,Closed,1458508.87,1405849.29,2024-03-24
CLM-000938,POL-001770,CYC-2024-02,2024-03-17,2024-03-18,Wind,Open,126740.47,0.0,2024-03-18
CLM-000938,POL-001770,CYC-2024-02,2024-03-17,2024-03-18,Wind,Closed,289836.37,277405.46,2024-05-17
CLM-000939,POL-004699,CYC-2023-02,2023-12-03,2023-12-07,Storm Surge,Open,75511.77,0.0,2023-12-07
CLM-000939,POL-004699,CYC-2023-02,2023-12-03,2023-12-07,Storm Surge,Closed,140679.16,128492.3,2023-12-27
CLM-000940,POL-003252,CYC-2025-01,2025-02-10,2025-02-16,Wind,Open,28378.79,0.0,2025-02-16
CLM-000940,POL-003252,CYC-2025-01,2025-02-10,2025-02-16,Wind,Closed,83965.44,82793.72,2025-08-03
CLM-000941,POL-004406,CYC-2025-01,2025-02-09,2025-02-23,Wind,Open,424336.35,0.0,2025-02-23
CLM-000941,POL-004406,CYC-2025-01,2025-02-09,2025-02-23,Wind,Closed,1038072.97,931418.04,2025-07-12
CLM-000942,POL-003873,CYC-2025-01,2025-02-10,2025-02-15,Riverine Flood,Open,26088.75,0.0,2025-02-15
CLM-000942,POL-003873,CYC-2025-01,2025-02-10,2025-02-15,Riverine Flood,Closed,51802.11,45426.53,2025-04-21
CLM-000943,POL-000371,CYC-2024-02,2024-03-15,2024-03-29,Wind,Open,24617.58,0.0,2024-03-29
CLM-000943,POL-000371,CYC-2024-02,2024-03-15,2024-03-29,Wind,Closed,61583.65,59125.28,2024-06-06
CLM-000944,POL-004430,CYC-2025-02,2025-11-27,2025-12-08,Wind,Open,58216.84,0.0,2025-12-08
CLM-000944,POL-004430,CYC-2025-02,2025-11-27,2025-12-08,Wind,Closed,103970.25,102497.39,2026-02-20
CLM-000945,POL-000968,CYC-2023-01,2023-02-11,2023-02-15,Wind,Open,5990.36,0.0,2023-02-15
CLM-000945,POL-000968,CYC-2023-01,2023-02-11,2023-02-15,Wind,Closed,13054.05,11385.64,2023-04-18
CLM-000946,POL-002210,CYC-2024-01,2024-01-22,2024-02-02,Riverine Flood,Open,724384.96,0.0,2024-02-02
CLM-000946,POL-002210,CYC-2024-01,2024-01-22,2024-02-02,Riverine Flood,Closed,1500265.15,1283021.52,2024-06-05
CLM-000947,POL-001388,CYC-2024-02,2024-03-17,2024-03-21,Wind,Open,72215.81,0.0,2024-03-21
CLM-000947,POL-001388,CYC-2024-02,2024-03-17,2024-03-21,Wind,Closed,201205.15,172705.2,2024-08-08
CLM-000948,POL-002440,CYC-2025-02,2025-11-29,2025-12-10,Wind,Open,103803.0,0.0,2025-12-10
CLM-000948,POL-002440,CYC-2025-02,2025-11-29,2025-12-10,Wind,Closed,250721.86,245355.21,2026-06-04
CLM-000949,POL-004809,CYC-2025-02,2025-11-28,2025-12-05,Wind,Open,143138.33,0.0,2025-12-05
CLM-000950,POL-001947,CYC-2024-02,2024-03-16,2024-03-23,Riverine Flood,Open,25596.81,0.0,2024-03-23
CLM-000950,POL-001947,CYC-2024-02,2024-03-16,2024-03-23,Riverine Flood,Closed,84510.59,82892.1,2024-07-12
CLM-000951,POL-003219,CYC-2025-02,2025-11-27,2025-12-11,Wind,Open,341963.7,0.0,2025-12-11
CLM-000951,POL-003219,CYC-2025-02,2025-11-27,2025-12-11,Wind,Closed,764308.96,689518.35,2026-02-15
CLM-000952,POL-001195,CYC-2023-02,2023-12-05,2023-12-13,Storm Surge,Open,24471.59,0.0,2023-12-13
CLM-000953,POL-003067,CYC-2025-02,2025-11-27,2025-12-11,Wind,Open,177384.4,0.0,2025-12-11
CLM-000954,POL-004209,CYC-2023-02,2023-12-03,2023-12-17,Riverine Flood,Open,39723.93,0.0,2023-12-17
CLM-000954,POL-004209,CYC-2023-02,2023-12-03,2023-12-17,Riverine Flood,Closed,95325.59,90241.63,2024-04-12
CLM-000954,POL-004209,CYC-2023-02,2023-12-03,2023-12-17,Riverine Flood,Reopened,102208.04,86306.17,2024-06-17
CLM-000955,POL-000713,CYC-2024-01,2024-01-22,2024-02-05,Wind,Open,41130.11,0.0,2024-02-05
CLM-000955,POL-000713,CYC-2024-01,2024-01-22,2024-02-05,Wind,Closed,87395.21,83268.91,2024-04-01
CLM-000956,POL-002685,CYC-2024-01,2024-01-23,2024-02-02,Wind,Open,86104.41,0.0,2024-02-02
CLM-000956,POL-002685,CYC-2024-01,2024-01-23,2024-02-02,Wind,Closed,153307.26,147604.32,2024-03-29
CLM-000956,POL-002685,CYC-2024-01,2024-01-23,2024-02-02,Wind,Reopened,157305.39,151388.36,2024-09-30
CLM-000957,POL-000701,CYC-2025-01,2025-02-10,2025-02-21,Riverine Flood,Open,498846.54,0.0,2025-02-21
CLM-000957,POL-000701,CYC-2025-01,2025-02-10,2025-02-21,Riverine Flood,Closed,1107676.14,1077579.35,2025-07-20
CLM-000957,POL-000701,CYC-2025-01,2025-02-10,2025-02-21,Riverine Flood,Reopened,1200938.12,951892.33,2025-10-28
CLM-000958,POL-001201,CYC-2024-01,2024-01-23,2024-01-26,Riverine Flood,Open,71545.43,0.0,2024-01-26
CLM-000958,POL-001201,CYC-2024-01,2024-01-23,2024-01-26,Riverine Flood,Closed,141156.6,123782.67,2024-06-17
CLM-000959,POL-001197,CYC-2024-01,2024-01-22,2024-02-01,Wind,Open,249734.2,0.0,2024-02-01
CLM-000959,POL-001197,CYC-2024-01,2024-01-22,2024-02-01,Wind,Closed,430796.71,372419.62,2024-05-23
CLM-000960,POL-000035,CYC-2025-01,2025-02-09,2025-02-21,Wind,Open,530928.13,0.0,2025-02-21
CLM-000960,POL-000035,CYC-2025-01,2025-02-09,2025-02-21,Wind,Closed,1761563.6,1716099.67,2025-06-08
CLM-000961,POL-003237,CYC-2025-02,2025-11-28,2025-12-01,Wind,Open,13782.86,0.0,2025-12-01
CLM-000961,POL-003237,CYC-2025-02,2025-11-28,2025-12-01,Wind,Closed,27703.87,26610.2,2026-02-08
CLM-000962,POL-002701,CYC-2024-01,2024-01-23,2024-01-25,Storm Surge,Open,488162.97,0.0,2024-01-25
CLM-000962,POL-002701,CYC-2024-01,2024-01-23,2024-01-25,Storm Surge,Closed,826020.06,782505.92,2024-05-31
CLM-000963,POL-003628,CYC-2024-02,2024-03-15,2024-03-26,Wind,Open,58198.81,0.0,2024-03-26
CLM-000963,POL-003628,CYC-2024-02,2024-03-15,2024-03-26,Wind,Closed,175698.6,166912.68,2024-08-08
CLM-000964,POL-001615,CYC-2025-02,2025-11-27,2025-11-29,Wind,Open,32152.6,0.0,2025-11-29
CLM-000964,POL-001615,CYC-2025-02,2025-11-27,2025-11-29,Wind,Closed,71571.83,68439.16,2026-02-26
CLM-000965,POL-004837,CYC-2024-02,2024-03-17,2024-03-21,Wind,Open,13408.49,0.0,2024-03-21
CLM-000965,POL-004837,CYC-2024-02,2024-03-17,2024-03-21,Wind,Closed,35546.28,31956.09,2024-08-04
CLM-000965,POL-004837,CYC-2024-02,2024-03-17,2024-03-21,Wind,Reopened,38697.04,32162.38,2024-10-10
CLM-000966,POL-001937,CYC-2025-02,2025-11-27,2025-12-02,Riverine Flood,Open,55308.84,0.0,2025-12-02
CLM-000966,POL-001937,CYC-2025-02,2025-11-27,2025-12-02,Riverine Flood,Closed,140298.77,121096.99,2026-03-14
CLM-000967,POL-002415,CYC-2023-02,2023-12-04,2023-12-09,Wind,Open,45281.99,0.0,2023-12-09
CLM-000967,POL-002415,CYC-2023-02,2023-12-04,2023-12-09,Wind,Closed,80917.73,80250.32,2024-05-06
CLM-000968,POL-001090,CYC-2025-01,2025-02-10,2025-02-15,Storm Surge,Open,64147.99,0.0,2025-02-15
CLM-000968,POL-001090,CYC-2025-01,2025-02-10,2025-02-15,Storm Surge,Closed,158793.35,144921.63,2025-07-27
CLM-000969,POL-002404,CYC-2025-01,2025-02-08,2025-02-15,Riverine Flood,Open,319894.89,0.0,2025-02-15
CLM-000969,POL-002404,CYC-2025-01,2025-02-08,2025-02-15,Riverine Flood,Closed,959798.76,915503.83,2025-07-04
CLM-000970,POL-000670,CYC-2024-02,2024-03-15,2024-03-28,Wind,Open,35623.16,0.0,2024-03-28
CLM-000970,POL-000670,CYC-2024-02,2024-03-15,2024-03-28,Wind,Closed,71181.21,64588.62,2024-06-16
CLM-000971,POL-004081,CYC-2025-02,2025-11-27,2025-12-10,Wind,Open,28021.16,0.0,2025-12-10
CLM-000971,POL-004081,CYC-2025-02,2025-11-27,2025-12-10,Wind,Closed,86637.15,84236.89,2026-05-14
CLM-000972,POL-000730,CYC-2025-01,2025-02-10,2025-02-21,Wind,Open,14013.18,0.0,2025-02-21
CLM-000972,POL-000730,CYC-2025-01,2025-02-10,2025-02-21,Wind,Closed,32163.97,29197.46,2025-08-02
CLM-000973,POL-000959,CYC-2025-01,2025-02-10,2025-02-16,Riverine Flood,Open,102210.68,0.0,2025-02-16
CLM-000973,POL-000959,CYC-2025-01,2025-02-10,2025-02-16,Riverine Flood,Closed,189357.25,173293.78,2025-04-03
CLM-000974,POL-001917,CYC-2025-01,2025-02-09,2025-02-17,Riverine Flood,Open,4595.74,0.0,2025-02-17
CLM-000974,POL-001917,CYC-2025-01,2025-02-09,2025-02-17,Riverine Flood,Closed,11463.85,11151.79,2025-06-24
CLM-000975,POL-001611,CYC-2024-02,2024-03-15,2024-03-24,Riverine Flood,Open,89723.81,0.0,2024-03-24
CLM-000975,POL-001611,CYC-2024-02,2024-03-15,2024-03-24,Riverine Flood,Closed,252165.56,219960.32,2024-06-05
CLM-000976,POL-004193,CYC-2023-02,2023-12-04,2023-12-14,Storm Surge,Open,17858.31,0.0,2023-12-14
CLM-000977,POL-003819,CYC-2024-02,2024-03-16,2024-03-19,Wind,Open,47137.4,0.0,2024-03-19
CLM-000977,POL-003819,CYC-2024-02,2024-03-16,2024-03-19,Wind,Closed,117775.39,104111.95,2024-06-16
CLM-000978,POL-003582,CYC-2024-01,2024-01-24,2024-01-29,Storm Surge,Open,25543.58,0.0,2024-01-29
CLM-000979,POL-001053,CYC-2025-01,2025-02-09,2025-02-21,Wind,Open,15371.0,0.0,2025-02-21
CLM-000979,POL-001053,CYC-2025-01,2025-02-09,2025-02-21,Wind,Closed,44535.47,39703.69,2025-08-20
CLM-000980,POL-002452,CYC-2023-02,2023-12-05,2023-12-19,Wind,Open,135721.29,0.0,2023-12-19
CLM-000980,POL-002452,CYC-2023-02,2023-12-05,2023-12-19,Wind,Closed,437877.72,381853.38,2024-04-16
CLM-000981,POL-004508,CYC-2024-01,2024-01-22,2024-02-03,Wind,Open,32913.04,0.0,2024-02-03
CLM-000981,POL-004508,CYC-2024-01,2024-01-22,2024-02-03,Wind,Closed,73884.57,65030.17,2024-02-28
CLM-000982,POL-003784,CYC-2024-02,2024-03-15,2024-03-25,Wind,Open,56624.04,0.0,2024-03-25
CLM-000982,POL-003784,CYC-2024-02,2024-03-15,2024-03-25,Wind,Closed,104168.98,98967.33,2024-05-03
CLM-000982,POL-003784,CYC-2024-02,2024-03-15,2024-03-25,Wind,Reopened,110344.6,98787.46,2024-09-25
CLM-000983,POL-000343,CYC-2024-01,2024-01-24,2024-01-30,Wind,Open,21766.14,0.0,2024-01-30
CLM-000983,POL-000343,CYC-2024-01,2024-01-24,2024-01-30,Wind,Closed,66682.99,56964.41,2024-07-26
CLM-000984,POL-000768,CYC-2024-01,2024-01-24,2024-01-30,Wind,Open,176244.72,0.0,2024-01-30
CLM-000984,POL-000768,CYC-2024-01,2024-01-24,2024-01-30,Wind,Closed,293856.17,271005.19,2024-04-20
CLM-000985,POL-000229,CYC-2024-01,2024-01-23,2024-02-01,Riverine Flood,Open,49421.02,0.0,2024-02-01
CLM-000985,POL-000229,CYC-2024-01,2024-01-23,2024-02-01,Riverine Flood,Closed,128379.79,113588.33,2024-05-28
CLM-000986,POL-003395,CYC-2024-01,2024-01-22,2024-01-25,Wind,Open,23848.26,0.0,2024-01-25
CLM-000986,POL-003395,CYC-2024-01,2024-01-22,2024-01-25,Wind,Closed,61404.99,56083.38,2024-03-15
CLM-000986,POL-003395,CYC-2024-01,2024-01-22,2024-01-25,Wind,Reopened,67497.72,59004.03,2024-08-25
CLM-000987,POL-001650,CYC-2024-01,2024-01-24,2024-02-04,Riverine Flood,Open,190360.94,0.0,2024-02-04
CLM-000987,POL-001650,CYC-2024-01,2024-01-24,2024-02-04,Riverine Flood,Closed,320345.63,317236.19,2024-04-23
CLM-000988,POL-000754,CYC-2024-02,2024-03-16,2024-03-27,Riverine Flood,Open,185011.8,0.0,2024-03-27
CLM-000988,POL-000754,CYC-2024-02,2024-03-16,2024-03-27,Riverine Flood,Reopened,581567.47,557340.93,2024-10-01
CLM-000989,POL-001975,CYC-2024-02,2024-03-17,2024-03-28,Storm Surge,Open,62358.63,0.0,2024-03-28
CLM-000989,POL-001975,CYC-2024-02,2024-03-17,2024-03-28,Storm Surge,Closed,115924.89,102705.47,2024-07-07
CLM-000990,POL-002537,CYC-2024-01,2024-01-22,2024-01-30,Riverine Flood,Open,429138.74,0.0,2024-01-30
CLM-000990,POL-002537,CYC-2024-01,2024-01-22,2024-01-30,Riverine Flood,Closed,844446.6,792745.38,2024-04-22
CLM-000991,POL-003213,CYC-2023-02,2023-12-03,2023-12-06,Wind,Open,181862.78,0.0,2023-12-06
CLM-000991,POL-003213,CYC-2023-02,2023-12-03,2023-12-06,Wind,Closed,573203.9,540792.67,2024-03-23
CLM-000992,POL-000364,CYC-2025-01,2025-02-10,2025-02-17,Riverine Flood,Open,23003.12,0.0,2025-02-17
CLM-000992,POL-000364,CYC-2025-01,2025-02-10,2025-02-17,Riverine Flood,Closed,47457.08,44441.07,2025-05-08
CLM-000993,POL-004258,CYC-2023-02,2023-12-04,2023-12-18,Wind,Open,86770.79,0.0,2023-12-18
CLM-000993,POL-004258,CYC-2023-02,2023-12-04,2023-12-18,Wind,Closed,245530.33,223108.88,2024-04-15
CLM-000994,POL-000917,CYC-2025-02,2025-11-29,2025-12-07,Riverine Flood,Open,115318.04,0.0,2025-12-07
CLM-000994,POL-000917,CYC-2025-02,2025-11-29,2025-12-07,Riverine Flood,Closed,241054.39,206955.18,2026-03-06
CLM-000995,POL-004501,CYC-2024-02,2024-03-15,2024-03-21,Wind,Open,35724.66,0.0,2024-03-21
CLM-000995,POL-004501,CYC-2024-02,2024-03-15,2024-03-21,Wind,Closed,73719.44,71257.65,2024-07-07
CLM-000996,POL-004891,CYC-2025-01,2025-02-08,2025-02-10,Wind,Open,11251.29,0.0,2025-02-10
CLM-000996,POL-004891,CYC-2025-01,2025-02-08,2025-02-10,Wind,Closed,21765.52,18929.17,2025-07-04
CLM-000997,POL-000449,CYC-2023-02,2023-12-05,2023-12-11,Storm Surge,Open,170607.85,0.0,2023-12-11
CLM-000997,POL-000449,CYC-2023-02,2023-12-05,2023-12-11,Storm Surge,Closed,301754.28,266204.85,2024-04-19
CLM-000998,POL-000457,CYC-2024-02,2024-03-16,2024-03-17,Riverine Flood,Open,79104.91,0.0,2024-03-17
CLM-000998,POL-000457,CYC-2024-02,2024-03-16,2024-03-17,Riverine Flood,Closed,146755.11,135021.15,2024-05-02
CLM-000999,POL-001346,CYC-2024-02,2024-03-15,2024-03-27,Wind,Open,21352.02,0.0,2024-03-27
CLM-000999,POL-001346,CYC-2024-02,2024-03-15,2024-03-27,Wind,Closed,52814.13,52393.97,2024-09-22
CLM-001000,POL-002871,CYC-2024-02,2024-03-17,2024-03-27,Wind,Open,330311.87,0.0,2024-03-27
CLM-001000,POL-002871,CYC-2024-02,2024-03-17,2024-03-27,Wind,Closed,844390.78,780866.13,2024-07-01
CLM-001001,POL-003597,CYC-2024-02,2024-03-16,2024-03-29,Riverine Flood,Open,84648.23,0.0,2024-03-29
CLM-001001,POL-003597,CYC-2024-02,2024-03-16,2024-03-29,Riverine Flood,Closed,187102.84,186966.52,2024-07-06
CLM-001002,POL-004761,CYC-2024-02,2024-03-16,2024-03-19,Storm Surge,Open,58972.18,0.0,2024-03-19
CLM-001003,POL-003256,CYC-2024-02,2024-03-17,2024-03-18,Riverine Flood,Open,64198.52,0.0,2024-03-18
CLM-001003,POL-003256,CYC-2024-02,2024-03-17,2024-03-18,Riverine Flood,Closed,124703.87,120271.13,2024-05-13
CLM-001004,POL-001294,CYC-2023-02,2023-12-03,2023-12-13,Wind,Open,87266.54,0.0,2023-12-13
CLM-001004,POL-001294,CYC-2023-02,2023-12-03,2023-12-13,Wind,Closed,160091.31,152885.75,2024-03-09
CLM-001005,POL-000786,CYC-2024-01,2024-01-23,2024-01-26,Wind,Open,88842.84,0.0,2024-01-26
CLM-001006,POL-004591,CYC-2025-01,2025-02-10,2025-02-20,Wind,Open,140014.62,0.0,2025-02-20
CLM-001007,POL-000546,CYC-2024-02,2024-03-15,2024-03-27,Riverine Flood,Open,1577718.09,0.0,2024-03-27
CLM-001007,POL-000546,CYC-2024-02,2024-03-15,2024-03-27,Riverine Flood,Closed,3569140.11,3103233.22,2024-05-06
CLM-001007,POL-000546,CYC-2024-02,2024-03-15,2024-03-27,Riverine Flood,Reopened,3604336.78,3081853.29,2024-09-29
CLM-001008,POL-000652,CYC-2024-01,2024-01-23,2024-02-04,Storm Surge,Open,84436.77,0.0,2024-02-04
CLM-001009,POL-000024,CYC-2024-01,2024-01-23,2024-01-31,Riverine Flood,Open,231684.53,0.0,2024-01-31
CLM-001010,POL-002145,CYC-2025-02,2025-11-28,2025-12-01,Storm Surge,Open,30628.51,0.0,2025-12-01
CLM-001010,POL-002145,CYC-2025-02,2025-11-28,2025-12-01,Storm Surge,Closed,100418.49,97611.45,2026-03-06
CLM-001011,POL-003335,CYC-2024-01,2024-01-22,2024-02-03,Wind,Open,941378.6,0.0,2024-02-03
CLM-001011,POL-003335,CYC-2024-01,2024-01-22,2024-02-03,Wind,Closed,2285012.95,2150043.04,2024-03-24
CLM-001012,POL-004746,CYC-2024-02,2024-03-15,2024-03-28,Riverine Flood,Open,19698.4,0.0,2024-03-28
CLM-001012,POL-004746,CYC-2024-02,2024-03-15,2024-03-28,Riverine Flood,Closed,48101.77,42780.9,2024-09-02
CLM-001013,POL-004923,CYC-2024-01,2024-01-23,2024-02-02,Storm Surge,Open,76274.11,0.0,2024-02-02
CLM-001013,POL-004923,CYC-2024-01,2024-01-23,2024-02-02,Storm Surge,Closed,157002.53,143245.76,2024-03-27
CLM-001014,POL-000235,CYC-2024-02,2024-03-17,2024-03-19,Storm Surge,Open,69769.32,0.0,2024-03-19
CLM-001014,POL-000235,CYC-2024-02,2024-03-17,2024-03-19,Storm Surge,Closed,140266.2,135275.58,2024-09-14
CLM-001015,POL-004804,CYC-2025-02,2025-11-29,2025-12-09,Riverine Flood,Open,10890.81,0.0,2025-12-09
CLM-001015,POL-004804,CYC-2025-02,2025-11-29,2025-12-09,Riverine Flood,Closed,28780.73,28466.84,2026-03-27
CLM-001016,POL-003905,CYC-2024-01,2024-01-24,2024-02-02,Riverine Flood,Open,97158.98,0.0,2024-02-02
CLM-001017,POL-003877,CYC-2025-01,2025-02-10,2025-02-18,Wind,Open,15175.28,0.0,2025-02-18
CLM-001017,POL-003877,CYC-2025-01,2025-02-10,2025-02-18,Wind,Closed,49962.13,43551.13,2025-04-04
CLM-001018,POL-000336,CYC-2025-01,2025-02-08,2025-02-11,Riverine Flood,Open,29532.27,0.0,2025-02-11
CLM-001018,POL-000336,CYC-2025-01,2025-02-08,2025-02-11,Riverine Flood,Closed,83350.37,77337.38,2025-05-14
CLM-001019,POL-000920,CYC-2025-01,2025-02-10,2025-02-23,Wind,Open,19559.68,0.0,2025-02-23
CLM-001020,POL-002414,CYC-2023-02,2023-12-03,2023-12-17,Wind,Open,59415.34,0.0,2023-12-17
CLM-001020,POL-002414,CYC-2023-02,2023-12-03,2023-12-17,Wind,Closed,101756.61,98478.98,2024-06-14
CLM-001021,POL-002260,CYC-2023-02,2023-12-03,2023-12-15,Wind,Open,187204.14,0.0,2023-12-15
CLM-001021,POL-002260,CYC-2023-02,2023-12-03,2023-12-15,Wind,Closed,345360.69,305107.06,2024-03-01
CLM-001022,POL-003986,CYC-2025-01,2025-02-09,2025-02-16,Wind,Open,127628.8,0.0,2025-02-16
CLM-001022,POL-003986,CYC-2025-01,2025-02-09,2025-02-16,Wind,Closed,365448.73,355770.55,2025-04-04
CLM-001023,POL-001249,CYC-2025-01,2025-02-10,2025-02-12,Wind,Open,29271.73,0.0,2025-02-12
CLM-001023,POL-001249,CYC-2025-01,2025-02-10,2025-02-12,Wind,Closed,78698.77,71344.09,2025-08-06
CLM-001024,POL-004752,CYC-2024-01,2024-01-22,2024-02-03,Wind,Open,38610.65,0.0,2024-02-03
CLM-001024,POL-004752,CYC-2024-01,2024-01-22,2024-02-03,Wind,Closed,80751.82,74285.96,2024-05-08
CLM-001025,POL-000452,CYC-2024-01,2024-01-23,2024-01-24,Wind,Open,62583.18,0.0,2024-01-24
CLM-001026,POL-002323,CYC-2024-01,2024-01-23,2024-01-28,Wind,Open,109435.68,0.0,2024-01-28
CLM-001026,POL-002323,CYC-2024-01,2024-01-23,2024-01-28,Wind,Closed,209738.18,200404.14,2024-03-22
CLM-001027,POL-003105,CYC-2024-01,2024-01-24,2024-02-01,Storm Surge,Open,100218.99,0.0,2024-02-01
CLM-001027,POL-003105,CYC-2024-01,2024-01-24,2024-02-01,Storm Surge,Closed,173230.34,153419.6,2024-03-11
CLM-001028,POL-002136,CYC-2025-01,2025-02-08,2025-02-11,Wind,Open,147813.28,0.0,2025-02-11
CLM-001029,POL-001668,CYC-2025-01,2025-02-09,2025-02-17,Riverine Flood,Open,45572.58,0.0,2025-02-17
CLM-001029,POL-001668,CYC-2025-01,2025-02-09,2025-02-17,Riverine Flood,Reopened,127392.49,99963.5,2025-08-23
CLM-001030,POL-001923,CYC-2025-01,2025-02-10,2025-02-14,Storm Surge,Open,16675.49,0.0,2025-02-14
CLM-001030,POL-001923,CYC-2025-01,2025-02-10,2025-02-14,Storm Surge,Closed,45334.25,45281.43,2025-03-30
CLM-001031,POL-003769,CYC-2024-01,2024-01-24,2024-01-27,Wind,Open,94705.12,0.0,2024-01-27
CLM-001031,POL-003769,CYC-2024-01,2024-01-24,2024-01-27,Wind,Closed,162097.16,157236.63,2024-04-27
CLM-001032,POL-002215,CYC-2023-02,2023-12-04,2023-12-15,Riverine Flood,Open,84316.22,0.0,2023-12-15
CLM-001032,POL-002215,CYC-2023-02,2023-12-04,2023-12-15,Riverine Flood,Closed,280473.52,266086.2,2024-02-24
CLM-001033,POL-003718,CYC-2025-02,2025-11-29,2025-12-13,Wind,Open,85327.92,0.0,2025-12-13
CLM-001034,POL-001216,CYC-2024-01,2024-01-24,2024-01-27,Riverine Flood,Open,113726.74,0.0,2024-01-27
CLM-001034,POL-001216,CYC-2024-01,2024-01-24,2024-01-27,Riverine Flood,Closed,293097.28,277944.17,2024-06-27
CLM-001035,POL-001399,CYC-2024-01,2024-01-24,2024-01-27,Wind,Open,33874.78,0.0,2024-01-27
CLM-001036,POL-001201,CYC-2024-01,2024-01-24,2024-02-04,Storm Surge,Open,147125.19,0.0,2024-02-04
CLM-001036,POL-001201,CYC-2024-01,2024-01-24,2024-02-04,Storm Surge,Closed,302076.61,276731.77,2024-03-04
CLM-001037,POL-001175,CYC-2025-01,2025-02-08,2025-02-22,Wind,Open,125354.61,0.0,2025-02-22
CLM-001038,POL-003051,CYC-2024-01,2024-01-22,2024-02-05,Wind,Open,333501.83,0.0,2024-02-05
CLM-001038,POL-003051,CYC-2024-01,2024-01-22,2024-02-05,Wind,Closed,986876.36,889102.32,2024-03-31
CLM-001039,POL-000276,CYC-2023-01,2023-02-12,2023-02-23,Wind,Open,202627.38,0.0,2023-02-23
CLM-001039,POL-000276,CYC-2023-01,2023-02-12,2023-02-23,Wind,Closed,546117.53,543785.55,2023-07-08
CLM-001040,POL-001426,CYC-2025-01,2025-02-10,2025-02-12,Riverine Flood,Open,45704.09,0.0,2025-02-12
CLM-001040,POL-001426,CYC-2025-01,2025-02-10,2025-02-12,Riverine Flood,Closed,133714.35,128578.44,2025-03-12
CLM-001041,POL-002416,CYC-2025-01,2025-02-08,2025-02-21,Riverine Flood,Open,96925.61,0.0,2025-02-21
CLM-001042,POL-002283,CYC-2024-02,2024-03-15,2024-03-29,Wind,Open,34397.83,0.0,2024-03-29
CLM-001042,POL-002283,CYC-2024-02,2024-03-15,2024-03-29,Wind,Closed,108830.7,98301.32,2024-06-14
CLM-001043,POL-002312,CYC-2023-02,2023-12-03,2023-12-17,Riverine Flood,Open,48411.69,0.0,2023-12-17
CLM-001044,POL-003607,CYC-2025-01,2025-02-09,2025-02-10,Wind,Open,9949.27,0.0,2025-02-10
CLM-001044,POL-003607,CYC-2025-01,2025-02-09,2025-02-10,Wind,Closed,24385.08,24275.67,2025-05-07
CLM-001045,POL-002368,CYC-2025-01,2025-02-08,2025-02-19,Wind,Open,1927978.68,0.0,2025-02-19
CLM-001045,POL-002368,CYC-2025-01,2025-02-08,2025-02-19,Wind,Closed,3335117.07,2979952.43,2025-04-28
CLM-001046,POL-004940,CYC-2024-01,2024-01-22,2024-01-27,Wind,Open,55623.0,0.0,2024-01-27
CLM-001046,POL-004940,CYC-2024-01,2024-01-22,2024-01-27,Wind,Closed,102336.16,92316.81,2024-03-10
CLM-001047,POL-004352,CYC-2025-01,2025-02-10,2025-02-14,Wind,Open,123190.36,0.0,2025-02-14
CLM-001047,POL-004352,CYC-2025-01,2025-02-10,2025-02-14,Wind,Closed,287728.71,263919.15,2025-07-27
CLM-001048,POL-003678,CYC-2025-01,2025-02-10,2025-02-21,Riverine Flood,Open,46194.49,0.0,2025-02-21
CLM-001049,POL-002676,CYC-2024-02,2024-03-17,2024-03-26,Wind,Open,66243.99,0.0,2024-03-26
CLM-001050,POL-001823,CYC-2025-02,2025-11-27,2025-12-07,Storm Surge,Open,63440.81,0.0,2025-12-07
CLM-001050,POL-001823,CYC-2025-02,2025-11-27,2025-12-07,Storm Surge,Closed,130786.15,114524.43,2026-03-23
CLM-001051,POL-000070,CYC-2025-02,2025-11-29,2025-12-08,Wind,Open,117707.2,0.0,2025-12-08
CLM-001051,POL-000070,CYC-2025-02,2025-11-29,2025-12-08,Wind,Closed,212399.79,192208.1,2026-01-11
CLM-001052,POL-000341,CYC-2025-01,2025-02-09,2025-02-11,Riverine Flood,Open,6008.49,0.0,2025-02-11
CLM-001052,POL-000341,CYC-2025-01,2025-02-09,2025-02-11,Riverine Flood,Closed,12349.6,12037.03,2025-07-25
CLM-001053,POL-000117,CYC-2024-02,2024-03-17,2024-03-27,Riverine Flood,Open,34866.54,0.0,2024-03-27
CLM-001053,POL-000117,CYC-2024-02,2024-03-17,2024-03-27,Riverine Flood,Closed,91790.15,84300.92,2024-05-09
CLM-001054,POL-004522,CYC-2024-02,2024-03-17,2024-03-30,Wind,Open,12546.02,0.0,2024-03-30
CLM-001054,POL-004522,CYC-2024-02,2024-03-17,2024-03-30,Wind,Closed,26618.04,25059.36,2024-07-16
CLM-001055,POL-003626,CYC-2024-02,2024-03-15,2024-03-21,Wind,Open,95462.7,0.0,2024-03-21
CLM-001055,POL-003626,CYC-2024-02,2024-03-15,2024-03-21,Wind,Closed,195253.84,177132.64,2024-07-20
CLM-001056,POL-001227,CYC-2023-02,2023-12-03,2023-12-13,Wind,Open,5190.05,0.0,2023-12-13
CLM-001056,POL-001227,CYC-2023-02,2023-12-03,2023-12-13,Wind,Closed,16605.45,14418.25,2024-01-11
CLM-001057,POL-003104,CYC-2025-01,2025-02-09,2025-02-17,Wind,Open,158023.95,0.0,2025-02-17
CLM-001057,POL-003104,CYC-2025-01,2025-02-09,2025-02-17,Wind,Closed,285795.69,254998.88,2025-04-06
CLM-001058,POL-000669,CYC-2024-02,2024-03-15,2024-03-20,Wind,Open,72062.38,0.0,2024-03-20
CLM-001059,POL-003545,CYC-2024-02,2024-03-15,2024-03-21,Wind,Open,35465.29,0.0,2024-03-21
CLM-001060,POL-003823,CYC-2024-01,2024-01-23,2024-02-03,Riverine Flood,Open,7030.97,0.0,2024-02-03
CLM-001060,POL-003823,CYC-2024-01,2024-01-23,2024-02-03,Riverine Flood,Closed,13260.85,13190.94,2024-04-25
CLM-001061,POL-000946,CYC-2025-02,2025-11-28,2025-12-02,Wind,Open,6253.31,0.0,2025-12-02
CLM-001061,POL-000946,CYC-2025-02,2025-11-28,2025-12-02,Wind,Closed,18068.45,15602.37,2026-04-03
CLM-001062,POL-004293,CYC-2024-02,2024-03-17,2024-03-20,Wind,Open,131733.22,0.0,2024-03-20
CLM-001062,POL-004293,CYC-2024-02,2024-03-17,2024-03-20,Wind,Closed,290747.82,268898.03,2024-04-11
CLM-001063,POL-003420,CYC-2024-02,2024-03-16,2024-03-28,Storm Surge,Open,17747.49,0.0,2024-03-28
CLM-001063,POL-003420,CYC-2024-02,2024-03-16,2024-03-28,Storm Surge,Closed,36774.27,35915.64,2024-07-05
CLM-001064,POL-000967,CYC-2023-02,2023-12-05,2023-12-17,Riverine Flood,Open,47082.66,0.0,2023-12-17
CLM-001064,POL-000967,CYC-2023-02,2023-12-05,2023-12-17,Riverine Flood,Closed,99204.1,92078.14,2024-02-19
CLM-001065,POL-001762,CYC-2023-02,2023-12-03,2023-12-16,Storm Surge,Open,83808.55,0.0,2023-12-16
CLM-001065,POL-001762,CYC-2023-02,2023-12-03,2023-12-16,Storm Surge,Closed,161142.26,149047.39,2024-02-06
CLM-001066,POL-000229,CYC-2023-02,2023-12-04,2023-12-14,Riverine Flood,Open,24024.22,0.0,2023-12-14
CLM-001067,POL-001762,CYC-2023-02,2023-12-04,2023-12-11,Storm Surge,Open,80409.87,0.0,2023-12-11
CLM-001067,POL-001762,CYC-2023-02,2023-12-04,2023-12-11,Storm Surge,Closed,176955.02,170961.36,2024-02-02
CLM-001068,POL-003020,CYC-2024-01,2024-01-24,2024-02-04,Riverine Flood,Open,93612.76,0.0,2024-02-04
CLM-001068,POL-003020,CYC-2024-01,2024-01-24,2024-02-04,Riverine Flood,Closed,212747.66,183324.29,2024-07-29
CLM-001069,POL-002898,CYC-2023-02,2023-12-03,2023-12-10,Riverine Flood,Open,52017.21,0.0,2023-12-10
CLM-001069,POL-002898,CYC-2023-02,2023-12-03,2023-12-10,Riverine Flood,Closed,129601.27,117477.84,2024-01-15
CLM-001070,POL-000990,CYC-2024-01,2024-01-24,2024-02-01,Wind,Open,100928.85,0.0,2024-02-01
CLM-001070,POL-000990,CYC-2024-01,2024-01-24,2024-02-01,Wind,Closed,226076.59,215134.54,2024-02-24
CLM-001071,POL-000070,CYC-2025-02,2025-11-28,2025-12-05,Wind,Open,119591.05,0.0,2025-12-05
CLM-001071,POL-000070,CYC-2025-02,2025-11-28,2025-12-05,Wind,Closed,229551.66,198139.28,2026-01-19
CLM-001072,POL-004889,CYC-2025-01,2025-02-09,2025-02-14,Storm Surge,Open,22629.51,0.0,2025-02-14
CLM-001072,POL-004889,CYC-2025-01,2025-02-09,2025-02-14,Storm Surge,Closed,66516.6,63226.65,2025-06-10
CLM-001073,POL-004147,CYC-2025-02,2025-11-29,2025-12-11,Wind,Open,168645.34,0.0,2025-12-11
CLM-001073,POL-004147,CYC-2025-02,2025-11-29,2025-12-11,Wind,Closed,495564.98,483159.07,2026-06-01
CLM-001074,POL-004003,CYC-2024-01,2024-01-24,2024-02-03,Wind,Open,56796.35,0.0,2024-02-03
CLM-001074,POL-004003,CYC-2024-01,2024-01-24,2024-02-03,Wind,Closed,121683.21,106846.42,2024-04-08
CLM-001075,POL-004846,CYC-2025-01,2025-02-08,2025-02-13,Wind,Open,90686.15,0.0,2025-02-13
CLM-001075,POL-004846,CYC-2025-01,2025-02-08,2025-02-13,Wind,Closed,220363.69,211151.36,2025-03-13
CLM-001076,POL-004477,CYC-2024-02,2024-03-15,2024-03-19,Wind,Open,34646.31,0.0,2024-03-19
CLM-001076,POL-004477,CYC-2024-02,2024-03-15,2024-03-19,Wind,Closed,59950.37,51250.33,2024-04-10
CLM-001077,POL-002878,CYC-2023-02,2023-12-05,2023-12-19,Riverine Flood,Open,65510.37,0.0,2023-12-19
CLM-001077,POL-002878,CYC-2023-02,2023-12-05,2023-12-19,Riverine Flood,Closed,119832.01,103753.75,2024-03-03
CLM-001078,POL-003645,CYC-2024-01,2024-01-22,2024-01-27,Wind,Open,293454.42,0.0,2024-01-27
CLM-001078,POL-003645,CYC-2024-01,2024-01-22,2024-01-27,Wind,Closed,533852.37,480752.92,2024-03-18
CLM-001079,POL-004532,CYC-2024-02,2024-03-16,2024-03-26,Storm Surge,Open,15871.32,0.0,2024-03-26
CLM-001080,POL-000463,CYC-2024-01,2024-01-23,2024-01-27,Riverine Flood,Open,83706.7,0.0,2024-01-27
CLM-001080,POL-000463,CYC-2024-01,2024-01-23,2024-01-27,Riverine Flood,Closed,173207.68,164720.05,2024-04-06
CLM-001081,POL-004911,CYC-2025-01,2025-02-10,2025-02-15,Wind,Open,13232.27,0.0,2025-02-15
CLM-001081,POL-004911,CYC-2025-01,2025-02-10,2025-02-15,Wind,Closed,38248.98,34407.91,2025-07-08
CLM-001082,POL-003145,CYC-2024-02,2024-03-15,2024-03-20,Riverine Flood,Open,31236.75,0.0,2024-03-20
CLM-001082,POL-003145,CYC-2024-02,2024-03-15,2024-03-20,Riverine Flood,Closed,80633.27,71399.63,2024-09-02
CLM-001083,POL-002621,CYC-2024-02,2024-03-17,2024-03-31,Riverine Flood,Open,49789.81,0.0,2024-03-31
CLM-001083,POL-002621,CYC-2024-02,2024-03-17,2024-03-31,Riverine Flood,Closed,147501.51,141230.56,2024-07-29
CLM-001084,POL-000081,CYC-2025-02,2025-11-28,2025-12-04,Wind,Open,147581.51,0.0,2025-12-04
CLM-001084,POL-000081,CYC-2025-02,2025-11-28,2025-12-04,Wind,Closed,263495.73,240869.65,2026-01-15
CLM-001085,POL-000765,CYC-2023-02,2023-12-03,2023-12-11,Riverine Flood,Open,108131.73,0.0,2023-12-11
CLM-001085,POL-000765,CYC-2023-02,2023-12-03,2023-12-11,Riverine Flood,Closed,334193.47,298558.26,2024-05-09
CLM-001086,POL-002395,CYC-2024-01,2024-01-23,2024-01-28,Riverine Flood,Open,2637274.19,0.0,2024-01-28
CLM-001087,POL-002838,CYC-2023-01,2023-02-11,2023-02-25,Wind,Open,106913.05,0.0,2023-02-25
CLM-001088,POL-003309,CYC-2023-01,2023-02-11,2023-02-18,Wind,Open,25529.64,0.0,2023-02-18
CLM-001088,POL-003309,CYC-2023-01,2023-02-11,2023-02-18,Wind,Closed,59606.21,55811.49,2023-06-16
CLM-001089,POL-003448,CYC-2025-01,2025-02-09,2025-02-14,Riverine Flood,Open,55205.99,0.0,2025-02-14
CLM-001090,POL-002130,CYC-2023-02,2023-12-05,2023-12-12,Riverine Flood,Open,101247.07,0.0,2023-12-12
CLM-001090,POL-002130,CYC-2023-02,2023-12-05,2023-12-12,Riverine Flood,Closed,321393.52,299804.24,2024-01-18
CLM-001091,POL-000064,CYC-2025-01,2025-02-09,2025-02-21,Wind,Open,69555.52,0.0,2025-02-21
CLM-001091,POL-000064,CYC-2025-01,2025-02-09,2025-02-21,Wind,Closed,138253.65,127402.57,2025-04-19
CLM-001092,POL-004145,CYC-2025-01,2025-02-08,2025-02-22,Riverine Flood,Open,59483.61,0.0,2025-02-22
CLM-001092,POL-004145,CYC-2025-01,2025-02-08,2025-02-22,Riverine Flood,Closed,130041.62,119441.93,2025-06-14
CLM-001093,POL-003601,CYC-2025-02,2025-11-29,2025-12-05,Riverine Flood,Open,16554.71,0.0,2025-12-05
CLM-001093,POL-003601,CYC-2025-02,2025-11-29,2025-12-05,Riverine Flood,Closed,48890.37,42789.26,2026-02-20
CLM-001094,POL-000659,CYC-2024-02,2024-03-15,2024-03-20,Storm Surge,Open,20625.53,0.0,2024-03-20
CLM-001094,POL-000659,CYC-2024-02,2024-03-15,2024-03-20,Storm Surge,Closed,43808.88,38141.92,2024-07-01
CLM-001095,POL-000761,CYC-2025-01,2025-02-09,2025-02-16,Storm Surge,Open,79760.14,0.0,2025-02-16
CLM-001095,POL-000761,CYC-2025-01,2025-02-09,2025-02-16,Storm Surge,Closed,218911.12,201468.33,2025-04-20
CLM-001096,POL-002064,CYC-2025-01,2025-02-09,2025-02-14,Riverine Flood,Open,6730.85,0.0,2025-02-14
CLM-001096,POL-002064,CYC-2025-01,2025-02-09,2025-02-14,Riverine Flood,Closed,20005.79,17568.57,2025-03-12
CLM-001097,POL-000102,CYC-2025-02,2025-11-29,2025-12-04,Wind,Open,37731.06,0.0,2025-12-04
CLM-001097,POL-000102,CYC-2025-02,2025-11-29,2025-12-04,Wind,Closed,76422.52,68450.51,2026-03-14
CLM-001098,POL-004222,CYC-2024-02,2024-03-17,2024-03-23,Wind,Open,208008.01,0.0,2024-03-23
CLM-001099,POL-003107,CYC-2024-01,2024-01-24,2024-01-31,Wind,Open,38955.9,0.0,2024-01-31
CLM-001099,POL-003107,CYC-2024-01,2024-01-24,2024-01-31,Wind,Closed,76848.23,74418.32,2024-06-24
CLM-001100,POL-004249,CYC-2025-02,2025-11-29,2025-12-12,Storm Surge,Open,49813.19,0.0,2025-12-12
CLM-001101,POL-003650,CYC-2024-02,2024-03-16,2024-03-23,Riverine Flood,Open,41781.53,0.0,2024-03-23
CLM-001101,POL-003650,CYC-2024-02,2024-03-16,2024-03-23,Riverine Flood,Closed,76607.41,75365.99,2024-06-11
CLM-001102,POL-003080,CYC-2024-02,2024-03-16,2024-03-27,Storm Surge,Open,59116.5,0.0,2024-03-27
CLM-001102,POL-003080,CYC-2024-02,2024-03-16,2024-03-27,Storm Surge,Closed,126424.09,124565.86,2024-08-14
CLM-001103,POL-000918,CYC-2025-01,2025-02-10,2025-02-16,Wind,Open,183223.78,0.0,2025-02-16
CLM-001103,POL-000918,CYC-2025-01,2025-02-10,2025-02-16,Wind,Closed,351597.22,337674.29,2025-07-08
CLM-001104,POL-003256,CYC-2024-02,2024-03-16,2024-03-26,Wind,Open,72487.17,0.0,2024-03-26
CLM-001104,POL-003256,CYC-2024-02,2024-03-16,2024-03-26,Wind,Closed,164705.8,148638.49,2024-07-01
CLM-001105,POL-004028,CYC-2025-01,2025-02-09,2025-02-19,Riverine Flood,Open,121718.07,0.0,2025-02-19
CLM-001106,POL-004679,CYC-2024-01,2024-01-24,2024-01-28,Wind,Open,151432.38,0.0,2024-01-28
CLM-001106,POL-004679,CYC-2024-01,2024-01-24,2024-01-28,Wind,Closed,259090.6,257619.97,2024-06-28
CLM-001107,POL-001197,CYC-2023-01,2023-02-11,2023-02-12,Wind,Open,232073.9,0.0,2023-02-12
CLM-001108,POL-001770,CYC-2024-01,2024-01-24,2024-02-04,Wind,Open,55807.08,0.0,2024-02-04
CLM-001108,POL-001770,CYC-2024-01,2024-01-24,2024-02-04,Wind,Closed,106109.31,106011.03,2024-03-13
CLM-001109,POL-004652,CYC-2024-02,2024-03-16,2024-03-29,Wind,Open,36294.37,0.0,2024-03-29
CLM-001109,POL-004652,CYC-2024-02,2024-03-16,2024-03-29,Wind,Closed,113252.3,113033.89,2024-06-15
CLM-001110,POL-001617,CYC-2025-02,2025-11-29,2025-12-09,Storm Surge,Open,24380.72,0.0,2025-12-09
CLM-001110,POL-001617,CYC-2025-02,2025-11-29,2025-12-09,Storm Surge,Closed,43510.9,38583.46,2026-03-31
CLM-001111,POL-000349,CYC-2024-01,2024-01-22,2024-01-30,Wind,Open,397489.61,0.0,2024-01-30
CLM-001111,POL-000349,CYC-2024-01,2024-01-22,2024-01-30,Wind,Closed,769061.01,688187.39,2024-04-11
CLM-001112,POL-001331,CYC-2023-01,2023-02-12,2023-02-17,Riverine Flood,Open,59849.62,0.0,2023-02-17
CLM-001113,POL-004017,CYC-2025-02,2025-11-27,2025-12-09,Riverine Flood,Open,13159.78,0.0,2025-12-09
CLM-001113,POL-004017,CYC-2025-02,2025-11-27,2025-12-09,Riverine Flood,Closed,22683.97,21398.87,2026-01-18
CLM-001114,POL-003213,CYC-2023-02,2023-12-04,2023-12-13,Wind,Open,228018.67,0.0,2023-12-13
CLM-001114,POL-003213,CYC-2023-02,2023-12-04,2023-12-13,Wind,Closed,399667.24,365847.91,2024-05-10
CLM-001115,POL-004676,CYC-2023-02,2023-12-05,2023-12-13,Storm Surge,Open,77017.29,0.0,2023-12-13
CLM-001116,POL-001041,CYC-2023-02,2023-12-05,2023-12-08,Riverine Flood,Open,1634900.45,0.0,2023-12-08
CLM-001117,POL-004428,CYC-2024-02,2024-03-17,2024-03-29,Wind,Open,72710.35,0.0,2024-03-29
CLM-001117,POL-004428,CYC-2024-02,2024-03-17,2024-03-29,Wind,Closed,205672.53,179178.41,2024-09-13
CLM-001118,POL-003299,CYC-2025-01,2025-02-10,2025-02-23,Wind,Open,74286.39,0.0,2025-02-23
CLM-001118,POL-003299,CYC-2025-01,2025-02-10,2025-02-23,Wind,Closed,166064.08,149316.83,2025-05-27
CLM-001119,POL-004752,CYC-2023-02,2023-12-04,2023-12-12,Wind,Open,136538.82,0.0,2023-12-12
CLM-001119,POL-004752,CYC-2023-02,2023-12-04,2023-12-12,Wind,Closed,332055.69,290397.35,2024-02-05
CLM-001120,POL-001955,CYC-2025-02,2025-11-29,2025-12-11,Riverine Flood,Open,82013.27,0.0,2025-12-11
CLM-001120,POL-001955,CYC-2025-02,2025-11-29,2025-12-11,Riverine Flood,Closed,165998.51,148231.78,2026-01-25
CLM-001121,POL-002075,CYC-2024-02,2024-03-15,2024-03-16,Wind,Open,25942.95,0.0,2024-03-16
CLM-001121,POL-002075,CYC-2024-02,2024-03-15,2024-03-16,Wind,Closed,58379.36,50887.72,2024-04-17
CLM-001122,POL-003511,CYC-2024-01,2024-01-23,2024-01-31,Wind,Open,56741.61,0.0,2024-01-31
CLM-001122,POL-003511,CYC-2024-01,2024-01-23,2024-01-31,Wind,Closed,117987.12,113666.2,2024-04-17
CLM-001123,POL-003655,CYC-2024-02,2024-03-15,2024-03-18,Riverine Flood,Open,95941.85,0.0,2024-03-18
CLM-001123,POL-003655,CYC-2024-02,2024-03-15,2024-03-18,Riverine Flood,Closed,237686.12,209534.35,2024-07-30
CLM-001124,POL-004942,CYC-2025-02,2025-11-27,2025-11-30,Riverine Flood,Open,519298.37,0.0,2025-11-30
CLM-001124,POL-004942,CYC-2025-02,2025-11-27,2025-11-30,Riverine Flood,Closed,1553846.42,1408616.3,2025-12-26
CLM-001125,POL-000250,CYC-2025-02,2025-11-27,2025-12-08,Wind,Open,34155.41,0.0,2025-12-08
CLM-001125,POL-000250,CYC-2025-02,2025-11-27,2025-12-08,Wind,Closed,79398.68,72842.61,2026-01-11
CLM-001126,POL-000554,CYC-2025-01,2025-02-10,2025-02-20,Wind,Open,62036.21,0.0,2025-02-20
CLM-001126,POL-000554,CYC-2025-01,2025-02-10,2025-02-20,Wind,Closed,109139.97,98687.92,2025-03-20
CLM-001127,POL-002299,CYC-2023-01,2023-02-11,2023-02-20,Riverine Flood,Open,60306.96,0.0,2023-02-20
CLM-001127,POL-002299,CYC-2023-01,2023-02-11,2023-02-20,Riverine Flood,Closed,118743.33,107169.13,2023-06-19
CLM-001128,POL-001733,CYC-2023-02,2023-12-03,2023-12-13,Riverine Flood,Open,45543.9,0.0,2023-12-13
CLM-001128,POL-001733,CYC-2023-02,2023-12-03,2023-12-13,Riverine Flood,Closed,97897.61,95078.17,2024-02-08
CLM-001129,POL-000135,CYC-2024-01,2024-01-23,2024-01-29,Wind,Open,246739.05,0.0,2024-01-29
CLM-001129,POL-000135,CYC-2024-01,2024-01-23,2024-01-29,Wind,Closed,477944.42,422432.14,2024-04-27
CLM-001130,POL-002635,CYC-2023-02,2023-12-04,2023-12-16,Storm Surge,Open,250240.39,0.0,2023-12-16
CLM-001130,POL-002635,CYC-2023-02,2023-12-04,2023-12-16,Storm Surge,Closed,434886.83,399434.29,2024-04-27
CLM-001131,POL-003104,CYC-2025-02,2025-11-28,2025-12-12,Riverine Flood,Open,14194.93,0.0,2025-12-12
CLM-001131,POL-003104,CYC-2025-02,2025-11-28,2025-12-12,Riverine Flood,Closed,32051.7,29505.37,2026-06-06
CLM-001132,POL-004613,CYC-2023-02,2023-12-05,2023-12-14,Storm Surge,Open,5876.89,0.0,2023-12-14
CLM-001132,POL-004613,CYC-2023-02,2023-12-05,2023-12-14,Storm Surge,Closed,14222.81,12339.03,2024-01-05
CLM-001133,POL-003298,CYC-2025-01,2025-02-10,2025-02-16,Storm Surge,Open,105428.0,0.0,2025-02-16
CLM-001133,POL-003298,CYC-2025-01,2025-02-10,2025-02-16,Storm Surge,Closed,182280.74,179374.26,2025-08-04
CLM-001134,POL-001738,CYC-2023-02,2023-12-04,2023-12-06,Wind,Open,261308.03,0.0,2023-12-06
CLM-001135,POL-004913,CYC-2023-02,2023-12-03,2023-12-04,Wind,Open,726961.19,0.0,2023-12-04
CLM-001135,POL-004913,CYC-2023-02,2023-12-03,2023-12-04,Wind,Closed,1635504.74,1536819.35,2024-04-13
CLM-001136,POL-000568,CYC-2024-01,2024-01-24,2024-02-03,Wind,Open,29711.84,0.0,2024-02-03
CLM-001136,POL-000568,CYC-2024-01,2024-01-24,2024-02-03,Wind,Closed,52435.21,49102.58,2024-07-01
CLM-001137,POL-001533,CYC-2025-01,2025-02-09,2025-02-10,Wind,Open,25997.5,0.0,2025-02-10
CLM-001137,POL-001533,CYC-2025-01,2025-02-09,2025-02-10,Wind,Closed,55563.29,51987.43,2025-03-29
CLM-001138,POL-004328,CYC-2025-01,2025-02-09,2025-02-10,Wind,Open,619217.27,0.0,2025-02-10
CLM-001138,POL-004328,CYC-2025-01,2025-02-09,2025-02-10,Wind,Closed,1294700.21,1169090.11,2025-06-19
CLM-001139,POL-004181,CYC-2024-02,2024-03-16,2024-03-29,Wind,Open,17893.63,0.0,2024-03-29
CLM-001139,POL-004181,CYC-2024-02,2024-03-16,2024-03-29,Wind,Closed,30958.91,28137.76,2024-07-22
CLM-001139,POL-004181,CYC-2024-02,2024-03-16,2024-03-29,Wind,Reopened,32223.03,28132.38,2024-11-04
CLM-001140,POL-001812,CYC-2024-01,2024-01-23,2024-02-06,Wind,Open,60241.0,0.0,2024-02-06
CLM-001141,POL-004189,CYC-2024-01,2024-01-24,2024-02-07,Riverine Flood,Open,56686.68,0.0,2024-02-07
CLM-001141,POL-004189,CYC-2024-01,2024-01-24,2024-02-07,Riverine Flood,Closed,104717.83,98177.74,2024-04-30
CLM-001142,POL-002527,CYC-2024-02,2024-03-16,2024-03-22,Wind,Open,127339.31,0.0,2024-03-22
CLM-001142,POL-002527,CYC-2024-02,2024-03-16,2024-03-22,Wind,Closed,227036.58,217907.22,2024-09-03
CLM-001143,POL-000150,CYC-2025-01,2025-02-08,2025-02-21,Wind,Open,103027.93,0.0,2025-02-21
CLM-001143,POL-000150,CYC-2025-01,2025-02-08,2025-02-21,Wind,Closed,194104.08,184658.29,2025-05-16
CLM-001144,POL-000609,CYC-2025-02,2025-11-27,2025-12-05,Riverine Flood,Open,48258.12,0.0,2025-12-05
CLM-001144,POL-000609,CYC-2025-02,2025-11-27,2025-12-05,Riverine Flood,Closed,134933.42,116900.92,2026-05-15
CLM-001145,POL-003031,CYC-2023-02,2023-12-05,2023-12-08,Wind,Open,16511.78,0.0,2023-12-08
CLM-001145,POL-003031,CYC-2023-02,2023-12-05,2023-12-08,Wind,Closed,36330.19,35257.3,2024-02-05
CLM-001146,POL-000407,CYC-2025-02,2025-11-29,2025-12-08,Wind,Open,18694.82,0.0,2025-12-08
CLM-001146,POL-000407,CYC-2025-02,2025-11-29,2025-12-08,Wind,Closed,55846.82,54717.25,2026-04-02
CLM-001147,POL-000759,CYC-2024-01,2024-01-24,2024-02-02,Wind,Open,27289.72,0.0,2024-02-02
CLM-001147,POL-000759,CYC-2024-01,2024-01-24,2024-02-02,Wind,Closed,82207.7,75476.05,2024-06-24
CLM-001148,POL-000874,CYC-2024-01,2024-01-24,2024-02-04,Storm Surge,Open,100241.96,0.0,2024-02-04
CLM-001148,POL-000874,CYC-2024-01,2024-01-24,2024-02-04,Storm Surge,Closed,209634.67,181120.26,2024-06-19
CLM-001148,POL-000874,CYC-2024-01,2024-01-24,2024-02-04,Storm Surge,Reopened,238523.72,191240.04,2024-09-24
CLM-001149,POL-003203,CYC-2024-02,2024-03-16,2024-03-30,Wind,Open,38359.94,0.0,2024-03-30
CLM-001149,POL-003203,CYC-2024-02,2024-03-16,2024-03-30,Wind,Closed,78263.65,77455.51,2024-08-24
CLM-001150,POL-003552,CYC-2024-01,2024-01-23,2024-02-05,Riverine Flood,Open,291850.24,0.0,2024-02-05
CLM-001150,POL-003552,CYC-2024-01,2024-01-23,2024-02-05,Riverine Flood,Closed,541206.28,468328.71,2024-07-17
CLM-001151,POL-004181,CYC-2024-01,2024-01-22,2024-01-31,Riverine Flood,Open,62002.46,0.0,2024-01-31
CLM-001151,POL-004181,CYC-2024-01,2024-01-22,2024-01-31,Riverine Flood,Closed,136263.81,126810.44,2024-05-15
CLM-001152,POL-003065,CYC-2023-02,2023-12-05,2023-12-11,Wind,Open,45988.31,0.0,2023-12-11
CLM-001153,POL-000040,CYC-2023-02,2023-12-04,2023-12-17,Wind,Open,48468.57,0.0,2023-12-17
CLM-001153,POL-000040,CYC-2023-02,2023-12-04,2023-12-17,Wind,Closed,135602.61,119872.62,2024-02-19
CLM-001154,POL-000904,CYC-2024-02,2024-03-15,2024-03-18,Riverine Flood,Open,710171.15,0.0,2024-03-18
CLM-001154,POL-000904,CYC-2024-02,2024-03-15,2024-03-18,Riverine Flood,Closed,1758400.98,1755541.46,2024-08-18
CLM-001155,POL-002240,CYC-2025-02,2025-11-27,2025-12-02,Wind,Open,162208.7,0.0,2025-12-02
CLM-001155,POL-002240,CYC-2025-02,2025-11-27,2025-12-02,Wind,Closed,532649.21,474633.27,2026-04-15
CLM-001156,POL-001600,CYC-2025-01,2025-02-10,2025-02-18,Wind,Open,51986.87,0.0,2025-02-18
CLM-001156,POL-001600,CYC-2025-01,2025-02-10,2025-02-18,Wind,Closed,116685.06,105918.51,2025-03-24
CLM-001157,POL-001990,CYC-2025-02,2025-11-27,2025-12-03,Wind,Open,169202.34,0.0,2025-12-03
CLM-001157,POL-001990,CYC-2025-02,2025-11-27,2025-12-03,Wind,Closed,429481.97,383703.03,2026-01-24
CLM-001158,POL-000547,CYC-2024-02,2024-03-15,2024-03-20,Riverine Flood,Open,277030.06,0.0,2024-03-20
CLM-001158,POL-000547,CYC-2024-02,2024-03-15,2024-03-20,Riverine Flood,Closed,707104.01,653249.65,2024-06-10
CLM-001159,POL-000790,CYC-2024-01,2024-01-22,2024-01-27,Wind,Open,107075.86,0.0,2024-01-27
CLM-001159,POL-000790,CYC-2024-01,2024-01-22,2024-01-27,Wind,Closed,179020.91,158287.61,2024-06-16
CLM-001160,POL-000060,CYC-2025-02,2025-11-27,2025-11-28,Riverine Flood,Open,28452.19,0.0,2025-11-28
CLM-001160,POL-000060,CYC-2025-02,2025-11-27,2025-11-28,Riverine Flood,Closed,63781.42,60359.74,2026-04-20
CLM-001161,POL-000809,CYC-2024-01,2024-01-24,2024-02-07,Riverine Flood,Open,1049951.33,0.0,2024-02-07
CLM-001161,POL-000809,CYC-2024-01,2024-01-24,2024-02-07,Riverine Flood,Closed,2886038.08,2528821.35,2024-06-25
CLM-001162,POL-004431,CYC-2024-01,2024-01-23,2024-02-02,Wind,Open,39945.28,0.0,2024-02-02
CLM-001162,POL-004431,CYC-2024-01,2024-01-23,2024-02-02,Wind,Closed,83004.49,80360.5,2024-02-26
CLM-001163,POL-000027,CYC-2023-02,2023-12-03,2023-12-12,Wind,Open,11386.83,0.0,2023-12-12
CLM-001163,POL-000027,CYC-2023-02,2023-12-03,2023-12-12,Wind,Closed,35026.36,30881.01,2024-02-29
CLM-001163,POL-000027,CYC-2023-02,2023-12-03,2023-12-12,Wind,Reopened,38379.17,31756.38,2024-08-12
CLM-001164,POL-001694,CYC-2024-02,2024-03-16,2024-03-27,Wind,Open,180709.52,0.0,2024-03-27
CLM-001164,POL-001694,CYC-2024-02,2024-03-16,2024-03-27,Wind,Closed,434657.37,372593.06,2024-09-12
CLM-001165,POL-001346,CYC-2024-02,2024-03-17,2024-03-21,Riverine Flood,Open,28288.63,0.0,2024-03-21
CLM-001165,POL-001346,CYC-2024-02,2024-03-17,2024-03-21,Riverine Flood,Closed,48075.98,46409.19,2024-05-28
CLM-001166,POL-000791,CYC-2023-02,2023-12-04,2023-12-15,Riverine Flood,Open,53176.89,0.0,2023-12-15
CLM-001166,POL-000791,CYC-2023-02,2023-12-04,2023-12-15,Riverine Flood,Closed,128461.06,120947.31,2024-01-10
CLM-001167,POL-001282,CYC-2025-02,2025-11-28,2025-12-09,Wind,Open,10887.81,0.0,2025-12-09
CLM-001167,POL-001282,CYC-2025-02,2025-11-28,2025-12-09,Wind,Closed,30674.6,27010.42,2026-03-05
CLM-001168,POL-004991,CYC-2025-01,2025-02-10,2025-02-19,Wind,Open,49815.16,0.0,2025-02-19
CLM-001168,POL-004991,CYC-2025-01,2025-02-10,2025-02-19,Wind,Closed,106086.83,100373.55,2025-03-27
CLM-001169,POL-003001,CYC-2024-01,2024-01-24,2024-01-30,Wind,Open,180739.76,0.0,2024-01-30
CLM-001169,POL-003001,CYC-2024-01,2024-01-24,2024-01-30,Wind,Closed,301951.49,276051.2,2024-04-07
CLM-001170,POL-002844,CYC-2024-02,2024-03-15,2024-03-27,Wind,Open,49780.11,0.0,2024-03-27
CLM-001170,POL-002844,CYC-2024-02,2024-03-15,2024-03-27,Wind,Closed,84417.79,79871.96,2024-06-08
CLM-001171,POL-004189,CYC-2023-02,2023-12-04,2023-12-09,Riverine Flood,Open,41462.62,0.0,2023-12-09
CLM-001171,POL-004189,CYC-2023-02,2023-12-04,2023-12-09,Riverine Flood,Closed,88374.53,78181.41,2024-06-06
CLM-001172,POL-004263,CYC-2023-02,2023-12-03,2023-12-17,Riverine Flood,Open,51237.01,0.0,2023-12-17
CLM-001172,POL-004263,CYC-2023-02,2023-12-03,2023-12-17,Riverine Flood,Closed,143245.05,141783.27,2024-03-09
CLM-001173,POL-000518,CYC-2024-02,2024-03-16,2024-03-23,Wind,Open,50272.38,0.0,2024-03-23
CLM-001173,POL-000518,CYC-2024-02,2024-03-16,2024-03-23,Wind,Closed,85810.07,83354.05,2024-09-03
CLM-001174,POL-000141,CYC-2025-01,2025-02-08,2025-02-18,Wind,Open,16768.74,0.0,2025-02-18
CLM-001174,POL-000141,CYC-2025-01,2025-02-08,2025-02-18,Wind,Closed,41767.79,36107.43,2025-04-24
CLM-001175,POL-004885,CYC-2025-01,2025-02-08,2025-02-11,Wind,Open,78405.59,0.0,2025-02-11
CLM-001175,POL-004885,CYC-2025-01,2025-02-08,2025-02-11,Wind,Closed,135032.19,127495.55,2025-05-01
CLM-001176,POL-002617,CYC-2023-02,2023-12-03,2023-12-10,Storm Surge,Open,113570.25,0.0,2023-12-10
CLM-001177,POL-000643,CYC-2025-02,2025-11-28,2025-12-10,Wind,Open,43953.05,0.0,2025-12-10
CLM-001177,POL-000643,CYC-2025-02,2025-11-28,2025-12-10,Wind,Closed,86890.98,84194.27,2026-03-30
CLM-001178,POL-002901,CYC-2024-01,2024-01-22,2024-02-02,Wind,Open,55583.37,0.0,2024-02-02
CLM-001178,POL-002901,CYC-2024-01,2024-01-22,2024-02-02,Wind,Closed,104194.38,102310.72,2024-02-23
CLM-001179,POL-004169,CYC-2025-01,2025-02-10,2025-02-20,Storm Surge,Open,36760.27,0.0,2025-02-20
CLM-001179,POL-004169,CYC-2025-01,2025-02-10,2025-02-20,Storm Surge,Closed,77976.11,77399.48,2025-07-24
CLM-001180,POL-004655,CYC-2024-01,2024-01-24,2024-01-26,Riverine Flood,Open,58750.72,0.0,2024-01-26
CLM-001180,POL-004655,CYC-2024-01,2024-01-24,2024-01-26,Riverine Flood,Closed,122502.61,106736.89,2024-02-24
CLM-001181,POL-004258,CYC-2024-02,2024-03-16,2024-03-19,Storm Surge,Open,38863.73,0.0,2024-03-19
CLM-001182,POL-004367,CYC-2024-01,2024-01-24,2024-01-25,Riverine Flood,Open,39755.94,0.0,2024-01-25
CLM-001182,POL-004367,CYC-2024-01,2024-01-24,2024-01-25,Riverine Flood,Closed,77388.75,75801.11,2024-05-14
CLM-001183,POL-002378,CYC-2025-02,2025-11-27,2025-12-08,Wind,Open,56066.09,0.0,2025-12-08
CLM-001183,POL-002378,CYC-2025-02,2025-11-27,2025-12-08,Wind,Closed,105434.57,96172.41,2026-05-23
CLM-001184,POL-003138,CYC-2025-01,2025-02-08,2025-02-18,Wind,Open,19820.34,0.0,2025-02-18
CLM-001184,POL-003138,CYC-2025-01,2025-02-08,2025-02-18,Wind,Closed,51755.45,45302.76,2025-04-04
CLM-001185,POL-004491,CYC-2024-02,2024-03-15,2024-03-17,Wind,Open,164111.0,0.0,2024-03-17
CLM-001185,POL-004491,CYC-2024-02,2024-03-15,2024-03-17,Wind,Closed,352572.87,334236.29,2024-04-18
CLM-001186,POL-000851,CYC-2024-01,2024-01-22,2024-01-27,Wind,Open,120014.72,0.0,2024-01-27
CLM-001186,POL-000851,CYC-2024-01,2024-01-22,2024-01-27,Wind,Closed,270449.8,269243.97,2024-03-28
CLM-001187,POL-001497,CYC-2023-02,2023-12-04,2023-12-14,Riverine Flood,Open,94731.12,0.0,2023-12-14
CLM-001187,POL-001497,CYC-2023-02,2023-12-04,2023-12-14,Riverine Flood,Closed,181497.96,160041.69,2024-03-30
CLM-001188,POL-002265,CYC-2023-02,2023-12-03,2023-12-16,Wind,Open,166363.27,0.0,2023-12-16
CLM-001188,POL-002265,CYC-2023-02,2023-12-03,2023-12-16,Wind,Closed,341102.18,315678.85,2024-04-24
CLM-001189,POL-004490,CYC-2025-02,2025-11-27,2025-12-02,Wind,Open,26613.39,0.0,2025-12-02
CLM-001189,POL-004490,CYC-2025-02,2025-11-27,2025-12-02,Wind,Closed,47093.63,40305.97,2026-05-08
CLM-001190,POL-000126,CYC-2025-01,2025-02-08,2025-02-18,Wind,Open,350347.3,0.0,2025-02-18
CLM-001190,POL-000126,CYC-2025-01,2025-02-08,2025-02-18,Wind,Closed,1083919.17,959658.79,2025-05-03
CLM-001191,POL-002870,CYC-2023-02,2023-12-05,2023-12-09,Wind,Open,368400.78,0.0,2023-12-09
CLM-001191,POL-002870,CYC-2023-02,2023-12-05,2023-12-09,Wind,Closed,836678.4,780245.36,2024-03-26
CLM-001192,POL-003013,CYC-2023-02,2023-12-04,2023-12-05,Wind,Open,18726.71,0.0,2023-12-05
CLM-001193,POL-000823,CYC-2024-01,2024-01-23,2024-01-30,Wind,Open,62929.74,0.0,2024-01-30
CLM-001193,POL-000823,CYC-2024-01,2024-01-23,2024-01-30,Wind,Closed,126669.62,113419.34,2024-05-23
CLM-001194,POL-004858,CYC-2025-01,2025-02-08,2025-02-12,Wind,Open,53332.01,0.0,2025-02-12
CLM-001195,POL-000684,CYC-2025-02,2025-11-28,2025-12-04,Storm Surge,Open,30098.67,0.0,2025-12-04
CLM-001196,POL-002630,CYC-2025-02,2025-11-29,2025-12-09,Wind,Open,107828.75,0.0,2025-12-09
CLM-001196,POL-002630,CYC-2025-02,2025-11-29,2025-12-09,Wind,Closed,194406.81,178545.42,2026-04-20
CLM-001197,POL-001813,CYC-2024-01,2024-01-24,2024-02-06,Wind,Open,146459.23,0.0,2024-02-06
CLM-001197,POL-001813,CYC-2024-01,2024-01-24,2024-02-06,Wind,Closed,280882.83,240474.0,2024-05-07
CLM-001198,POL-003771,CYC-2025-01,2025-02-09,2025-02-20,Wind,Open,34793.69,0.0,2025-02-20
CLM-001198,POL-003771,CYC-2025-01,2025-02-09,2025-02-20,Wind,Closed,91369.3,89528.09,2025-04-07
CLM-001199,POL-003387,CYC-2024-01,2024-01-22,2024-01-27,Wind,Open,71101.12,0.0,2024-01-27
CLM-001200,POL-003985,CYC-2024-02,2024-03-16,2024-03-27,Wind,Open,37594.64,0.0,2024-03-27
CLM-001200,POL-003985,CYC-2024-02,2024-03-16,2024-03-27,Wind,Closed,67537.02,62611.77,2024-09-15
CLM-001201,POL-001905,CYC-2023-02,2023-12-04,2023-12-07,Wind,Open,1507338.9,0.0,2023-12-07
CLM-001201,POL-001905,CYC-2023-02,2023-12-04,2023-12-07,Wind,Reopened,3050377.76,2558546.2,2024-07-28
CLM-001202,POL-002430,CYC-2025-01,2025-02-08,2025-02-15,Wind,Open,294713.49,0.0,2025-02-15
CLM-001202,POL-002430,CYC-2025-01,2025-02-08,2025-02-15,Wind,Closed,564904.56,504162.79,2025-07-24
CLM-001203,POL-004223,CYC-2023-02,2023-12-05,2023-12-07,Riverine Flood,Open,77401.44,0.0,2023-12-07
CLM-001203,POL-004223,CYC-2023-02,2023-12-05,2023-12-07,Riverine Flood,Closed,147151.77,133522.64,2024-04-02
CLM-001204,POL-003954,CYC-2025-02,2025-11-29,2025-12-13,Riverine Flood,Open,67768.64,0.0,2025-12-13
CLM-001204,POL-003954,CYC-2025-02,2025-11-29,2025-12-13,Riverine Flood,Closed,115274.39,110125.62,2026-03-27
CLM-001205,POL-001142,CYC-2025-01,2025-02-08,2025-02-14,Riverine Flood,Open,64557.36,0.0,2025-02-14
CLM-001205,POL-001142,CYC-2025-01,2025-02-08,2025-02-14,Riverine Flood,Closed,123959.84,116082.4,2025-05-02
CLM-001206,POL-004773,CYC-2024-02,2024-03-16,2024-03-24,Riverine Flood,Open,63466.82,0.0,2024-03-24
CLM-001206,POL-004773,CYC-2024-02,2024-03-16,2024-03-24,Riverine Flood,Closed,152196.22,148124.02,2024-08-27
CLM-001207,POL-003301,CYC-2023-02,2023-12-04,2023-12-15,Riverine Flood,Open,55189.59,0.0,2023-12-15
CLM-001207,POL-003301,CYC-2023-02,2023-12-04,2023-12-15,Riverine Flood,Closed,141646.69,123020.74,2024-06-12
CLM-001208,POL-003597,CYC-2023-02,2023-12-05,2023-12-09,Wind,Open,126709.68,0.0,2023-12-09
CLM-001209,POL-000619,CYC-2025-02,2025-11-28,2025-11-29,Storm Surge,Open,509628.69,0.0,2025-11-29
CLM-001209,POL-000619,CYC-2025-02,2025-11-28,2025-11-29,Storm Surge,Closed,849941.6,795306.45,2026-02-28
CLM-001210,POL-001959,CYC-2023-02,2023-12-05,2023-12-16,Wind,Open,9993.13,0.0,2023-12-16
CLM-001211,POL-000940,CYC-2025-02,2025-11-27,2025-12-09,Riverine Flood,Open,301626.95,0.0,2025-12-09
CLM-001211,POL-000940,CYC-2025-02,2025-11-27,2025-12-09,Riverine Flood,Closed,761606.25,656099.94,2026-03-14
CLM-001212,POL-001436,CYC-2024-02,2024-03-16,2024-03-29,Storm Surge,Open,1883904.65,0.0,2024-03-29
CLM-001212,POL-001436,CYC-2024-02,2024-03-16,2024-03-29,Storm Surge,Closed,4093499.44,3972213.91,2024-05-09
CLM-001213,POL-004040,CYC-2025-01,2025-02-08,2025-02-22,Wind,Open,778391.89,0.0,2025-02-22
CLM-001214,POL-000483,CYC-2023-02,2023-12-05,2023-12-16,Riverine Flood,Open,351994.83,0.0,2023-12-16
CLM-001214,POL-000483,CYC-2023-02,2023-12-05,2023-12-16,Riverine Flood,Closed,630118.18,587671.55,2024-01-30
CLM-001215,POL-000769,CYC-2024-01,2024-01-22,2024-02-04,Wind,Open,48142.78,0.0,2024-02-04
CLM-001215,POL-000769,CYC-2024-01,2024-01-22,2024-02-04,Wind,Closed,100798.46,93393.53,2024-04-05
CLM-001215,POL-000769,CYC-2024-01,2024-01-22,2024-02-04,Wind,Reopened,115341.33,93810.87,2024-09-06
CLM-001216,POL-001986,CYC-2024-01,2024-01-22,2024-01-24,Wind,Open,130835.63,0.0,2024-01-24
CLM-001216,POL-001986,CYC-2024-01,2024-01-22,2024-01-24,Wind,Closed,312172.74,290102.59,2024-06-10
CLM-001217,POL-004555,CYC-2024-01,2024-01-24,2024-02-05,Storm Surge,Open,254511.59,0.0,2024-02-05
CLM-001217,POL-004555,CYC-2024-01,2024-01-24,2024-02-05,Storm Surge,Reopened,869016.4,810244.64,2024-09-05
CLM-001218,POL-001514,CYC-2025-01,2025-02-08,2025-02-11,Wind,Open,15294.37,0.0,2025-02-11
CLM-001219,POL-002465,CYC-2025-02,2025-11-28,2025-12-08,Wind,Open,85715.99,0.0,2025-12-08
CLM-001219,POL-002465,CYC-2025-02,2025-11-28,2025-12-08,Wind,Closed,220348.68,200937.02,2026-05-21
CLM-001220,POL-003700,CYC-2024-02,2024-03-17,2024-03-19,Wind,Open,159098.33,0.0,2024-03-19
CLM-001220,POL-003700,CYC-2024-02,2024-03-17,2024-03-19,Wind,Closed,327675.11,288261.1,2024-04-30
CLM-001220,POL-003700,CYC-2024-02,2024-03-17,2024-03-19,Wind,Reopened,349463.57,297640.57,2024-09-19
CLM-001221,POL-000871,CYC-2024-02,2024-03-16,2024-03-25,Riverine Flood,Open,44570.55,0.0,2024-03-25
CLM-001221,POL-000871,CYC-2024-02,2024-03-16,2024-03-25,Riverine Flood,Closed,88729.33,87812.71,2024-04-21
CLM-001222,POL-001037,CYC-2025-01,2025-02-10,2025-02-20,Wind,Open,621123.13,0.0,2025-02-20
CLM-001222,POL-001037,CYC-2025-01,2025-02-10,2025-02-20,Wind,Closed,1486087.1,1319885.65,2025-05-22
CLM-001223,POL-002676,CYC-2024-01,2024-01-23,2024-02-02,Wind,Open,89343.86,0.0,2024-02-02
CLM-001223,POL-002676,CYC-2024-01,2024-01-23,2024-02-02,Wind,Closed,211226.1,184380.87,2024-06-04
CLM-001224,POL-000560,CYC-2025-01,2025-02-09,2025-02-16,Wind,Open,37503.45,0.0,2025-02-16
CLM-001224,POL-000560,CYC-2025-01,2025-02-09,2025-02-16,Wind,Closed,100589.91,96026.48,2025-04-02
CLM-001225,POL-001302,CYC-2024-02,2024-03-16,2024-03-22,Wind,Open,58782.51,0.0,2024-03-22
CLM-001225,POL-001302,CYC-2024-02,2024-03-16,2024-03-22,Wind,Closed,140455.82,126448.96,2024-05-05
CLM-001226,POL-000320,CYC-2024-02,2024-03-17,2024-03-27,Wind,Open,28999.52,0.0,2024-03-27
CLM-001226,POL-000320,CYC-2024-02,2024-03-17,2024-03-27,Wind,Closed,67941.84,65944.38,2024-06-02
CLM-001227,POL-001947,CYC-2023-02,2023-12-05,2023-12-14,Wind,Open,78903.52,0.0,2023-12-14
CLM-001227,POL-001947,CYC-2023-02,2023-12-05,2023-12-14,Wind,Closed,185508.08,178285.19,2024-05-14
CLM-001228,POL-000083,CYC-2024-01,2024-01-22,2024-01-28,Wind,Open,42123.89,0.0,2024-01-28
CLM-001229,POL-001970,CYC-2023-02,2023-12-05,2023-12-06,Storm Surge,Open,62285.91,0.0,2023-12-06
CLM-001230,POL-002779,CYC-2024-02,2024-03-15,2024-03-27,Wind,Open,93655.4,0.0,2024-03-27
CLM-001230,POL-002779,CYC-2024-02,2024-03-15,2024-03-27,Wind,Closed,171826.18,154426.34,2024-09-19
CLM-001231,POL-003777,CYC-2025-02,2025-11-27,2025-12-07,Riverine Flood,Open,119650.91,0.0,2025-12-07
CLM-001232,POL-001581,CYC-2025-01,2025-02-09,2025-02-16,Wind,Open,35373.2,0.0,2025-02-16
CLM-001232,POL-001581,CYC-2025-01,2025-02-09,2025-02-16,Wind,Closed,109224.64,108464.13,2025-06-15
CLM-001233,POL-001518,CYC-2025-01,2025-02-10,2025-02-17,Wind,Open,226095.2,0.0,2025-02-17
CLM-001233,POL-001518,CYC-2025-01,2025-02-10,2025-02-17,Wind,Closed,464418.58,444029.39,2025-05-17
CLM-001234,POL-002687,CYC-2023-02,2023-12-04,2023-12-10,Riverine Flood,Open,42256.73,0.0,2023-12-10
CLM-001234,POL-002687,CYC-2023-02,2023-12-04,2023-12-10,Riverine Flood,Closed,98503.53,84915.17,2024-05-14
CLM-001235,POL-004397,CYC-2025-01,2025-02-09,2025-02-11,Riverine Flood,Open,44075.34,0.0,2025-02-11
CLM-001235,POL-004397,CYC-2025-01,2025-02-09,2025-02-11,Riverine Flood,Closed,119861.34,105494.19,2025-07-28
CLM-001236,POL-000662,CYC-2024-01,2024-01-22,2024-01-31,Storm Surge,Open,79286.91,0.0,2024-01-31
CLM-001236,POL-000662,CYC-2024-01,2024-01-22,2024-01-31,Storm Surge,Closed,142208.73,132520.66,2024-04-04
CLM-001237,POL-000616,CYC-2024-01,2024-01-23,2024-02-05,Wind,Open,18278.65,0.0,2024-02-05
CLM-001237,POL-000616,CYC-2024-01,2024-01-23,2024-02-05,Wind,Closed,44876.05,39596.35,2024-04-12
CLM-001238,POL-002610,CYC-2024-01,2024-01-24,2024-02-07,Wind,Open,105966.76,0.0,2024-02-07
CLM-001238,POL-002610,CYC-2024-01,2024-01-24,2024-02-07,Wind,Closed,332338.2,325622.19,2024-03-08
CLM-001239,POL-002425,CYC-2025-01,2025-02-09,2025-02-22,Wind,Open,26250.02,0.0,2025-02-22
CLM-001239,POL-002425,CYC-2025-01,2025-02-09,2025-02-22,Wind,Closed,45989.35,43043.02,2025-03-14
CLM-001240,POL-003251,CYC-2024-02,2024-03-16,2024-03-20,Wind,Open,10138.99,0.0,2024-03-20
CLM-001240,POL-003251,CYC-2024-02,2024-03-16,2024-03-20,Wind,Closed,19709.35,17694.6,2024-05-20
CLM-001241,POL-000465,CYC-2025-02,2025-11-27,2025-12-03,Riverine Flood,Open,510589.54,0.0,2025-12-03
CLM-001242,POL-003067,CYC-2025-02,2025-11-27,2025-11-30,Wind,Open,108380.68,0.0,2025-11-30
CLM-001242,POL-003067,CYC-2025-02,2025-11-27,2025-11-30,Wind,Closed,353581.25,329220.0,2026-03-11
CLM-001243,POL-001859,CYC-2025-02,2025-11-28,2025-12-07,Wind,Open,7010.5,0.0,2025-12-07
CLM-001243,POL-001859,CYC-2025-02,2025-11-28,2025-12-07,Wind,Closed,11799.95,10432.5,2026-02-01
CLM-001244,POL-003946,CYC-2024-01,2024-01-23,2024-01-29,Wind,Open,50751.74,0.0,2024-01-29
CLM-001244,POL-003946,CYC-2024-01,2024-01-23,2024-01-29,Wind,Closed,140449.67,139767.29,2024-03-18
CLM-001245,POL-003429,CYC-2025-02,2025-11-29,2025-12-05,Storm Surge,Open,61977.28,0.0,2025-12-05
CLM-001245,POL-003429,CYC-2025-02,2025-11-29,2025-12-05,Storm Surge,Closed,139942.55,128128.87,2026-03-08
CLM-001246,POL-002776,CYC-2025-02,2025-11-29,2025-12-09,Riverine Flood,Open,44337.91,0.0,2025-12-09
CLM-001246,POL-002776,CYC-2025-02,2025-11-29,2025-12-09,Riverine Flood,Closed,125302.93,111057.42,2026-05-23
CLM-001247,POL-004584,CYC-2024-01,2024-01-23,2024-01-29,Wind,Open,18235.47,0.0,2024-01-29
CLM-001247,POL-004584,CYC-2024-01,2024-01-23,2024-01-29,Wind,Closed,54866.66,51000.99,2024-06-20
CLM-001248,POL-000557,CYC-2024-01,2024-01-23,2024-01-27,Wind,Open,1741534.62,0.0,2024-01-27
CLM-001248,POL-000557,CYC-2024-01,2024-01-23,2024-01-27,Wind,Closed,3664404.36,3639130.54,2024-03-06
CLM-001249,POL-004419,CYC-2025-01,2025-02-10,2025-02-13,Riverine Flood,Open,57606.16,0.0,2025-02-13
CLM-001249,POL-004419,CYC-2025-01,2025-02-10,2025-02-13,Riverine Flood,Closed,98389.47,93440.66,2025-03-12
CLM-001250,POL-002426,CYC-2024-02,2024-03-15,2024-03-27,Wind,Open,29014.72,0.0,2024-03-27
CLM-001250,POL-002426,CYC-2024-02,2024-03-15,2024-03-27,Wind,Closed,68851.91,62098.97,2024-05-15
CLM-001251,POL-000588,CYC-2025-02,2025-11-29,2025-12-09,Storm Surge,Open,58117.82,0.0,2025-12-09
CLM-001251,POL-000588,CYC-2025-02,2025-11-29,2025-12-09,Storm Surge,Closed,185047.89,175636.3,2026-04-18
CLM-001252,POL-002077,CYC-2024-02,2024-03-15,2024-03-22,Riverine Flood,Open,8763.66,0.0,2024-03-22
CLM-001252,POL-002077,CYC-2024-02,2024-03-15,2024-03-22,Riverine Flood,Closed,19965.79,18077.8,2024-07-05
CLM-001253,POL-001508,CYC-2024-02,2024-03-17,2024-03-29,Wind,Open,17274.85,0.0,2024-03-29
CLM-001253,POL-001508,CYC-2024-02,2024-03-17,2024-03-29,Wind,Closed,35964.62,33010.15,2024-09-08
CLM-001254,POL-001756,CYC-2025-02,2025-11-27,2025-12-06,Wind,Open,37979.03,0.0,2025-12-06
CLM-001255,POL-003981,CYC-2023-02,2023-12-05,2023-12-09,Wind,Open,28243.36,0.0,2023-12-09
CLM-001255,POL-003981,CYC-2023-02,2023-12-05,2023-12-09,Wind,Closed,83506.31,77867.09,2024-01-14
CLM-001256,POL-001975,CYC-2024-02,2024-03-17,2024-03-24,Wind,Open,34497.13,0.0,2024-03-24
CLM-001257,POL-001133,CYC-2025-01,2025-02-09,2025-02-13,Storm Surge,Open,59928.5,0.0,2025-02-13
CLM-001257,POL-001133,CYC-2025-01,2025-02-09,2025-02-13,Storm Surge,Closed,136240.78,134498.91,2025-05-10
CLM-001258,POL-004999,CYC-2025-01,2025-02-10,2025-02-20,Wind,Open,41593.71,0.0,2025-02-20
CLM-001258,POL-004999,CYC-2025-01,2025-02-10,2025-02-20,Wind,Closed,106904.12,103959.61,2025-03-25
CLM-001259,POL-003488,CYC-2024-01,2024-01-23,2024-01-26,Wind,Open,36259.17,0.0,2024-01-26
CLM-001259,POL-003488,CYC-2024-01,2024-01-23,2024-01-26,Wind,Closed,60859.39,55280.17,2024-05-01
CLM-001260,POL-001987,CYC-2023-01,2023-02-13,2023-02-16,Wind,Open,38870.82,0.0,2023-02-16
CLM-001260,POL-001987,CYC-2023-01,2023-02-13,2023-02-16,Wind,Closed,88835.5,86533.03,2023-07-31
CLM-001261,POL-001489,CYC-2023-01,2023-02-11,2023-02-17,Wind,Open,22858.2,0.0,2023-02-17
CLM-001261,POL-001489,CYC-2023-01,2023-02-11,2023-02-17,Wind,Closed,59035.11,56105.92,2023-06-16
CLM-001262,POL-004403,CYC-2024-02,2024-03-16,2024-03-30,Wind,Open,15978.9,0.0,2024-03-30
CLM-001262,POL-004403,CYC-2024-02,2024-03-16,2024-03-30,Wind,Closed,36374.52,31795.5,2024-06-19
CLM-001263,POL-002102,CYC-2025-01,2025-02-09,2025-02-14,Wind,Open,58203.08,0.0,2025-02-14
CLM-001263,POL-002102,CYC-2025-01,2025-02-09,2025-02-14,Wind,Closed,156119.18,138230.74,2025-07-07
CLM-001264,POL-004408,CYC-2023-02,2023-12-04,2023-12-09,Wind,Open,23811.51,0.0,2023-12-09
CLM-001265,POL-002915,CYC-2024-01,2024-01-24,2024-01-25,Storm Surge,Open,70254.48,0.0,2024-01-25
CLM-001265,POL-002915,CYC-2024-01,2024-01-24,2024-01-25,Storm Surge,Closed,158532.25,137786.88,2024-03-13
CLM-001266,POL-002703,CYC-2024-02,2024-03-16,2024-03-27,Wind,Open,77795.44,0.0,2024-03-27
CLM-001266,POL-002703,CYC-2024-02,2024-03-16,2024-03-27,Wind,Closed,149851.58,146292.21,2024-06-02
CLM-001267,POL-004936,CYC-2024-02,2024-03-15,2024-03-19,Wind,Open,50738.01,0.0,2024-03-19
CLM-001267,POL-004936,CYC-2024-02,2024-03-15,2024-03-19,Wind,Closed,151395.78,132258.9,2024-06-23
CLM-001268,POL-002600,CYC-2025-01,2025-02-09,2025-02-21,Riverine Flood,Open,45661.42,0.0,2025-02-21
CLM-001268,POL-002600,CYC-2025-01,2025-02-09,2025-02-21,Riverine Flood,Closed,138425.09,117963.71,2025-08-06
CLM-001269,POL-004545,CYC-2025-02,2025-11-29,2025-12-07,Wind,Open,52649.75,0.0,2025-12-07
CLM-001270,POL-000055,CYC-2023-02,2023-12-04,2023-12-05,Wind,Open,186634.77,0.0,2023-12-05
CLM-001270,POL-000055,CYC-2023-02,2023-12-04,2023-12-05,Wind,Closed,417916.0,413764.31,2024-04-09
CLM-001271,POL-000022,CYC-2025-02,2025-11-29,2025-12-03,Riverine Flood,Open,11796.05,0.0,2025-12-03
CLM-001272,POL-003392,CYC-2023-02,2023-12-04,2023-12-12,Wind,Open,60514.39,0.0,2023-12-12
CLM-001272,POL-003392,CYC-2023-02,2023-12-04,2023-12-12,Wind,Closed,200637.26,171748.16,2024-01-02
CLM-001273,POL-000452,CYC-2024-01,2024-01-24,2024-01-31,Wind,Open,32591.2,0.0,2024-01-31
CLM-001273,POL-000452,CYC-2024-01,2024-01-24,2024-01-31,Wind,Closed,54704.64,50834.33,2024-07-15
CLM-001274,POL-002343,CYC-2024-02,2024-03-15,2024-03-27,Storm Surge,Open,22074.55,0.0,2024-03-27
CLM-001274,POL-002343,CYC-2024-02,2024-03-15,2024-03-27,Storm Surge,Closed,66915.52,58799.88,2024-08-18
CLM-001274,POL-002343,CYC-2024-02,2024-03-15,2024-03-27,Storm Surge,Reopened,71118.29,57463.25,2024-11-13
CLM-001275,POL-001498,CYC-2024-02,2024-03-15,2024-03-18,Storm Surge,Open,49578.86,0.0,2024-03-18
CLM-001275,POL-001498,CYC-2024-02,2024-03-15,2024-03-18,Storm Surge,Closed,94870.09,93919.13,2024-04-22
CLM-001276,POL-003502,CYC-2025-01,2025-02-10,2025-02-17,Riverine Flood,Open,116848.89,0.0,2025-02-17
CLM-001276,POL-003502,CYC-2025-01,2025-02-10,2025-02-17,Riverine Flood,Closed,265539.88,242108.71,2025-05-13
CLM-001277,POL-001359,CYC-2025-02,2025-11-27,2025-11-29,Wind,Open,2542.43,0.0,2025-11-29
CLM-001278,POL-004007,CYC-2025-02,2025-11-28,2025-12-04,Wind,Open,40747.7,0.0,2025-12-04
CLM-001279,POL-003940,CYC-2024-02,2024-03-15,2024-03-21,Riverine Flood,Open,96153.52,0.0,2024-03-21
CLM-001279,POL-003940,CYC-2024-02,2024-03-15,2024-03-21,Riverine Flood,Closed,251195.96,227423.2,2024-07-22
CLM-001280,POL-003454,CYC-2024-02,2024-03-17,2024-03-28,Wind,Open,334868.26,0.0,2024-03-28
CLM-001281,POL-000155,CYC-2025-01,2025-02-09,2025-02-11,Wind,Open,64496.13,0.0,2025-02-11
CLM-001281,POL-000155,CYC-2025-01,2025-02-09,2025-02-11,Wind,Closed,142473.08,124004.56,2025-07-22
CLM-001282,POL-002250,CYC-2024-01,2024-01-24,2024-01-28,Wind,Open,243597.6,0.0,2024-01-28
CLM-001282,POL-002250,CYC-2024-01,2024-01-24,2024-01-28,Wind,Closed,538973.25,527057.54,2024-05-03
CLM-001283,POL-002293,CYC-2024-01,2024-01-22,2024-02-02,Wind,Open,49413.95,0.0,2024-02-02
CLM-001283,POL-002293,CYC-2024-01,2024-01-22,2024-02-02,Wind,Closed,158680.95,139462.92,2024-05-24
CLM-001283,POL-002293,CYC-2024-01,2024-01-22,2024-02-02,Wind,Reopened,177483.15,154544.71,2024-09-07
CLM-001284,POL-001507,CYC-2024-02,2024-03-15,2024-03-22,Riverine Flood,Open,49171.03,0.0,2024-03-22
CLM-001285,POL-000181,CYC-2024-01,2024-01-23,2024-01-30,Wind,Open,129359.64,0.0,2024-01-30
CLM-001285,POL-000181,CYC-2024-01,2024-01-23,2024-01-30,Wind,Closed,231347.45,203130.15,2024-07-10
CLM-001286,POL-003529,CYC-2024-01,2024-01-24,2024-01-26,Wind,Open,80806.21,0.0,2024-01-26
CLM-001286,POL-003529,CYC-2024-01,2024-01-24,2024-01-26,Wind,Closed,137582.19,127296.46,2024-03-20
CLM-001287,POL-003891,CYC-2024-01,2024-01-24,2024-02-03,Riverine Flood,Open,77586.4,0.0,2024-02-03
CLM-001288,POL-000235,CYC-2024-02,2024-03-17,2024-03-18,Riverine Flood,Open,19140.58,0.0,2024-03-18
CLM-001289,POL-004521,CYC-2024-02,2024-03-17,2024-03-26,Wind,Open,58679.25,0.0,2024-03-26
CLM-001290,POL-004981,CYC-2023-02,2023-12-03,2023-12-11,Wind,Open,294610.23,0.0,2023-12-11
CLM-001290,POL-004981,CYC-2023-02,2023-12-03,2023-12-11,Wind,Closed,620383.98,540139.06,2024-02-17
CLM-001291,POL-000648,CYC-2025-01,2025-02-10,2025-02-12,Wind,Open,67279.53,0.0,2025-02-12
CLM-001291,POL-000648,CYC-2025-01,2025-02-10,2025-02-12,Wind,Closed,222757.75,191124.03,2025-04-17
CLM-001292,POL-001793,CYC-2024-02,2024-03-16,2024-03-26,Wind,Open,29726.42,0.0,2024-03-26
CLM-001292,POL-001793,CYC-2024-02,2024-03-16,2024-03-26,Wind,Closed,92922.43,79064.43,2024-08-28
CLM-001293,POL-000740,CYC-2023-02,2023-12-05,2023-12-06,Wind,Open,224259.28,0.0,2023-12-06
CLM-001293,POL-000740,CYC-2023-02,2023-12-05,2023-12-06,Wind,Closed,595516.18,571097.73,2024-01-18
CLM-001294,POL-004676,CYC-2023-02,2023-12-05,2023-12-13,Wind,Open,53835.68,0.0,2023-12-13
CLM-001295,POL-003673,CYC-2025-02,2025-11-28,2025-12-03,Wind,Open,40742.17,0.0,2025-12-03
CLM-001295,POL-003673,CYC-2025-02,2025-11-28,2025-12-03,Wind,Closed,95217.88,86266.98,2026-01-17
CLM-001296,POL-001607,CYC-2023-02,2023-12-04,2023-12-15,Storm Surge,Open,854354.44,0.0,2023-12-15
CLM-001296,POL-001607,CYC-2023-02,2023-12-04,2023-12-15,Storm Surge,Closed,1450986.82,1333758.52,2024-05-14
CLM-001297,POL-001517,CYC-2025-02,2025-11-27,2025-11-30,Riverine Flood,Open,183929.86,0.0,2025-11-30
CLM-001297,POL-001517,CYC-2025-02,2025-11-27,2025-11-30,Riverine Flood,Closed,332696.81,288845.15,2026-04-07
CLM-001298,POL-004703,CYC-2025-01,2025-02-10,2025-02-24,Storm Surge,Open,161933.59,0.0,2025-02-24
CLM-001298,POL-004703,CYC-2025-01,2025-02-10,2025-02-24,Storm Surge,Closed,359285.94,324529.74,2025-06-20
CLM-001299,POL-002429,CYC-2025-01,2025-02-09,2025-02-20,Riverine Flood,Open,45617.59,0.0,2025-02-20
CLM-001299,POL-002429,CYC-2025-01,2025-02-09,2025-02-20,Riverine Flood,Closed,84840.29,72613.58,2025-03-16
CLM-001300,POL-000279,CYC-2025-02,2025-11-29,2025-12-13,Riverine Flood,Open,33812.02,0.0,2025-12-13
CLM-001300,POL-000279,CYC-2025-02,2025-11-29,2025-12-13,Riverine Flood,Closed,59291.83,54557.02,2026-03-14
CLM-001301,POL-004086,CYC-2025-01,2025-02-09,2025-02-15,Wind,Open,89580.74,0.0,2025-02-15
CLM-001301,POL-004086,CYC-2025-01,2025-02-09,2025-02-15,Wind,Closed,236700.94,206713.66,2025-06-07
CLM-001302,POL-003595,CYC-2025-02,2025-11-27,2025-12-09,Riverine Flood,Open,39154.6,0.0,2025-12-09
CLM-001303,POL-004081,CYC-2025-02,2025-11-29,2025-12-12,Wind,Open,88477.37,0.0,2025-12-12
CLM-001303,POL-004081,CYC-2025-02,2025-11-29,2025-12-12,Wind,Closed,170839.48,162767.02,2026-02-18
CLM-001304,POL-002311,CYC-2023-02,2023-12-04,2023-12-12,Riverine Flood,Open,52838.37,0.0,2023-12-12
CLM-001304,POL-002311,CYC-2023-02,2023-12-04,2023-12-12,Riverine Flood,Closed,175591.91,163508.57,2024-03-14
CLM-001305,POL-002402,CYC-2025-01,2025-02-09,2025-02-23,Wind,Open,18174.62,0.0,2025-02-23
CLM-001305,POL-002402,CYC-2025-01,2025-02-09,2025-02-23,Wind,Closed,57861.7,52806.47,2025-04-10
CLM-001306,POL-003210,CYC-2024-02,2024-03-15,2024-03-17,Wind,Open,94068.24,0.0,2024-03-17
CLM-001306,POL-003210,CYC-2024-02,2024-03-15,2024-03-17,Wind,Closed,165869.38,150249.1,2024-05-01
CLM-001307,POL-002733,CYC-2025-02,2025-11-29,2025-12-08,Riverine Flood,Open,31094.13,0.0,2025-12-08
CLM-001307,POL-002733,CYC-2025-02,2025-11-29,2025-12-08,Riverine Flood,Closed,55532.85,48451.16,2026-01-02
CLM-001308,POL-000858,CYC-2025-01,2025-02-09,2025-02-17,Riverine Flood,Open,200364.47,0.0,2025-02-17
CLM-001308,POL-000858,CYC-2025-01,2025-02-09,2025-02-17,Riverine Flood,Closed,351678.07,313634.89,2025-03-31
CLM-001309,POL-000714,CYC-2024-01,2024-01-23,2024-01-30,Riverine Flood,Open,42695.95,0.0,2024-01-30
CLM-001309,POL-000714,CYC-2024-01,2024-01-23,2024-01-30,Riverine Flood,Closed,82986.12,70775.66,2024-05-14
CLM-001310,POL-002414,CYC-2024-01,2024-01-22,2024-01-26,Wind,Open,55418.77,0.0,2024-01-26
CLM-001310,POL-002414,CYC-2024-01,2024-01-22,2024-01-26,Wind,Closed,132174.33,125260.63,2024-05-25
CLM-001311,POL-003932,CYC-2024-02,2024-03-15,2024-03-20,Wind,Open,23227.75,0.0,2024-03-20
CLM-001311,POL-003932,CYC-2024-02,2024-03-15,2024-03-20,Wind,Closed,50031.0,43012.86,2024-09-05
CLM-001312,POL-000201,CYC-2025-01,2025-02-09,2025-02-14,Wind,Open,21497.23,0.0,2025-02-14
CLM-001313,POL-002110,CYC-2025-02,2025-11-28,2025-11-29,Riverine Flood,Open,13959.09,0.0,2025-11-29
CLM-001313,POL-002110,CYC-2025-02,2025-11-28,2025-11-29,Riverine Flood,Closed,44976.88,38930.02,2026-05-17
CLM-001314,POL-003868,CYC-2025-02,2025-11-29,2025-12-06,Wind,Open,114250.03,0.0,2025-12-06
CLM-001314,POL-003868,CYC-2025-02,2025-11-29,2025-12-06,Wind,Closed,204878.7,194393.48,2026-02-02
CLM-001315,POL-003204,CYC-2023-02,2023-12-03,2023-12-05,Wind,Open,22916.11,0.0,2023-12-05
CLM-001315,POL-003204,CYC-2023-02,2023-12-03,2023-12-05,Wind,Closed,68747.59,60176.47,2024-05-28
CLM-001316,POL-004702,CYC-2025-02,2025-11-29,2025-12-06,Wind,Open,69889.84,0.0,2025-12-06
CLM-001316,POL-004702,CYC-2025-02,2025-11-29,2025-12-06,Wind,Closed,198575.22,172145.1,2026-05-11
CLM-001317,POL-001393,CYC-2024-01,2024-01-23,2024-02-04,Wind,Open,83495.87,0.0,2024-02-04
CLM-001317,POL-001393,CYC-2024-01,2024-01-23,2024-02-04,Wind,Closed,176925.66,171876.29,2024-07-31
CLM-001318,POL-002673,CYC-2025-01,2025-02-10,2025-02-19,Wind,Open,176870.87,0.0,2025-02-19
CLM-001318,POL-002673,CYC-2025-01,2025-02-10,2025-02-19,Wind,Closed,317271.0,316395.83,2025-05-29
CLM-001319,POL-000181,CYC-2024-01,2024-01-24,2024-02-01,Riverine Flood,Open,13450.11,0.0,2024-02-01
CLM-001320,POL-004997,CYC-2025-01,2025-02-10,2025-02-12,Wind,Open,75238.74,0.0,2025-02-12
CLM-001320,POL-004997,CYC-2025-01,2025-02-10,2025-02-12,Wind,Closed,179117.19,165366.57,2025-08-04
CLM-001321,POL-003534,CYC-2025-02,2025-11-29,2025-12-02,Wind,Open,85020.75,0.0,2025-12-02
CLM-001321,POL-003534,CYC-2025-02,2025-11-29,2025-12-02,Wind,Closed,232735.37,206629.47,2026-01-26
CLM-001322,POL-000853,CYC-2024-01,2024-01-22,2024-02-03,Wind,Open,162658.76,0.0,2024-02-03
CLM-001322,POL-000853,CYC-2024-01,2024-01-22,2024-02-03,Wind,Closed,497300.41,443076.42,2024-04-17
CLM-001323,POL-004803,CYC-2024-01,2024-01-22,2024-02-01,Riverine Flood,Open,40066.47,0.0,2024-02-01
CLM-001323,POL-004803,CYC-2024-01,2024-01-22,2024-02-01,Riverine Flood,Closed,107124.76,104486.74,2024-05-07
CLM-001324,POL-004725,CYC-2025-01,2025-02-08,2025-02-21,Wind,Open,1308489.44,0.0,2025-02-21
CLM-001324,POL-004725,CYC-2025-01,2025-02-08,2025-02-21,Wind,Closed,3451102.61,3339381.64,2025-07-30
CLM-001325,POL-002337,CYC-2025-01,2025-02-08,2025-02-22,Storm Surge,Open,284928.41,0.0,2025-02-22
CLM-001326,POL-000421,CYC-2025-01,2025-02-10,2025-02-20,Storm Surge,Open,50837.79,0.0,2025-02-20
CLM-001327,POL-000295,CYC-2025-01,2025-02-09,2025-02-14,Riverine Flood,Open,36747.77,0.0,2025-02-14
CLM-001327,POL-000295,CYC-2025-01,2025-02-09,2025-02-14,Riverine Flood,Closed,69310.32,65970.28,2025-06-02
CLM-001328,POL-000407,CYC-2025-02,2025-11-29,2025-12-01,Wind,Open,8106.51,0.0,2025-12-01
CLM-001328,POL-000407,CYC-2025-02,2025-11-29,2025-12-01,Wind,Closed,26420.64,23128.79,2026-02-01
CLM-001329,POL-001116,CYC-2024-01,2024-01-24,2024-02-06,Riverine Flood,Open,1441881.54,0.0,2024-02-06
CLM-001329,POL-001116,CYC-2024-01,2024-01-24,2024-02-06,Riverine Flood,Closed,2763503.36,2418965.52,2024-04-20
CLM-001330,POL-001399,CYC-2024-01,2024-01-22,2024-01-23,Wind,Open,47704.52,0.0,2024-01-23
CLM-001330,POL-001399,CYC-2024-01,2024-01-22,2024-01-23,Wind,Closed,83858.4,74973.85,2024-03-20
CLM-001330,POL-001399,CYC-2024-01,2024-01-22,2024-01-23,Wind,Reopened,95063.53,78349.43,2024-09-25
CLM-001331,POL-004718,CYC-2023-02,2023-12-03,2023-12-06,Storm Surge,Open,101253.4,0.0,2023-12-06
CLM-001331,POL-004718,CYC-2023-02,2023-12-03,2023-12-06,Storm Surge,Closed,205034.9,203876.94,2024-04-02
CLM-001331,POL-004718,CYC-2023-02,2023-12-03,2023-12-06,Storm Surge,Reopened,234766.12,183191.13,2024-08-01
CLM-001332,POL-000843,CYC-2024-02,2024-03-17,2024-03-20,Wind,Open,46208.31,0.0,2024-03-20
CLM-001332,POL-000843,CYC-2024-02,2024-03-17,2024-03-20,Wind,Closed,90770.43,87432.43,2024-04-14
CLM-001333,POL-002288,CYC-2025-01,2025-02-09,2025-02-20,Riverine Flood,Open,73390.17,0.0,2025-02-20
CLM-001333,POL-002288,CYC-2025-01,2025-02-09,2025-02-20,Riverine Flood,Closed,171505.82,153812.61,2025-06-05
CLM-001334,POL-001509,CYC-2025-02,2025-11-29,2025-12-12,Riverine Flood,Open,374471.44,0.0,2025-12-12
CLM-001335,POL-000365,CYC-2024-02,2024-03-17,2024-03-21,Storm Surge,Open,1754092.19,0.0,2024-03-21
CLM-001335,POL-000365,CYC-2024-02,2024-03-17,2024-03-21,Storm Surge,Closed,4278782.78,4216356.97,2024-06-06
CLM-001336,POL-000938,CYC-2025-02,2025-11-27,2025-12-09,Storm Surge,Open,32500.52,0.0,2025-12-09
CLM-001336,POL-000938,CYC-2025-02,2025-11-27,2025-12-09,Storm Surge,Closed,56105.05,51227.82,2026-04-19
CLM-001337,POL-002229,CYC-2025-02,2025-11-28,2025-11-30,Wind,Open,10736.73,0.0,2025-11-30
CLM-001338,POL-002769,CYC-2025-01,2025-02-10,2025-02-18,Wind,Open,47101.55,0.0,2025-02-18
CLM-001338,POL-002769,CYC-2025-01,2025-02-10,2025-02-18,Wind,Closed,130263.51,118990.13,2025-06-17
CLM-001339,POL-002283,CYC-2023-02,2023-12-04,2023-12-05,Wind,Open,11819.45,0.0,2023-12-05
CLM-001339,POL-002283,CYC-2023-02,2023-12-04,2023-12-05,Wind,Closed,20767.58,18216.81,2024-02-05
CLM-001340,POL-001927,CYC-2023-02,2023-12-04,2023-12-12,Wind,Open,65630.3,0.0,2023-12-12
CLM-001340,POL-001927,CYC-2023-02,2023-12-04,2023-12-12,Wind,Closed,145788.22,125342.71,2024-03-24
CLM-001341,POL-000924,CYC-2024-01,2024-01-22,2024-01-26,Wind,Open,29055.31,0.0,2024-01-26
CLM-001341,POL-000924,CYC-2024-01,2024-01-22,2024-01-26,Wind,Closed,76277.56,70943.91,2024-04-20
CLM-001342,POL-000235,CYC-2024-01,2024-01-22,2024-01-29,Riverine Flood,Open,104164.39,0.0,2024-01-29
CLM-001342,POL-000235,CYC-2024-01,2024-01-22,2024-01-29,Riverine Flood,Closed,218847.8,189086.24,2024-07-05
CLM-001343,POL-001770,CYC-2023-02,2023-12-03,2023-12-16,Storm Surge,Open,19340.7,0.0,2023-12-16
CLM-001343,POL-001770,CYC-2023-02,2023-12-03,2023-12-16,Storm Surge,Closed,33656.39,30864.37,2024-01-17
CLM-001343,POL-001770,CYC-2023-02,2023-12-03,2023-12-16,Storm Surge,Reopened,36965.56,30781.98,2024-06-17
CLM-001344,POL-003077,CYC-2024-02,2024-03-17,2024-03-30,Wind,Open,61706.18,0.0,2024-03-30
CLM-001344,POL-003077,CYC-2024-02,2024-03-17,2024-03-30,Wind,Closed,103215.76,96098.64,2024-04-25
CLM-001345,POL-004087,CYC-2024-01,2024-01-23,2024-02-01,Riverine Flood,Open,46501.59,0.0,2024-02-01
CLM-001346,POL-002722,CYC-2024-01,2024-01-22,2024-02-04,Storm Surge,Open,52989.48,0.0,2024-02-04
CLM-001346,POL-002722,CYC-2024-01,2024-01-22,2024-02-04,Storm Surge,Closed,88734.27,85168.22,2024-07-04
CLM-001346,POL-002722,CYC-2024-01,2024-01-22,2024-02-04,Storm Surge,Reopened,101954.65,84808.31,2024-09-20
CLM-001347,POL-001953,CYC-2023-02,2023-12-05,2023-12-18,Wind,Open,169777.87,0.0,2023-12-18
CLM-001347,POL-001953,CYC-2023-02,2023-12-05,2023-12-18,Wind,Closed,371040.41,322540.58,2024-04-24
CLM-001348,POL-001039,CYC-2024-01,2024-01-23,2024-01-29,Wind,Open,2098672.5,0.0,2024-01-29
CLM-001349,POL-004875,CYC-2024-02,2024-03-17,2024-03-18,Wind,Open,441816.96,0.0,2024-03-18
CLM-001349,POL-004875,CYC-2024-02,2024-03-17,2024-03-18,Wind,Closed,870037.42,783215.89,2024-04-12
CLM-001350,POL-003065,CYC-2023-02,2023-12-04,2023-12-17,Riverine Flood,Open,25824.26,0.0,2023-12-17
CLM-001350,POL-003065,CYC-2023-02,2023-12-04,2023-12-17,Riverine Flood,Closed,44124.24,43966.43,2024-06-03
CLM-001351,POL-002922,CYC-2025-02,2025-11-28,2025-12-06,Wind,Open,34269.95,0.0,2025-12-06
CLM-001351,POL-002922,CYC-2025-02,2025-11-28,2025-12-06,Wind,Closed,71879.84,71028.79,2026-04-08
CLM-001352,POL-000479,CYC-2024-02,2024-03-15,2024-03-27,Wind,Open,38621.62,0.0,2024-03-27
CLM-001353,POL-001199,CYC-2024-02,2024-03-16,2024-03-22,Wind,Open,10875.48,0.0,2024-03-22
CLM-001353,POL-001199,CYC-2024-02,2024-03-16,2024-03-22,Wind,Closed,30716.22,28233.33,2024-05-02
CLM-001354,POL-003666,CYC-2023-02,2023-12-04,2023-12-07,Storm Surge,Open,55559.09,0.0,2023-12-07
CLM-001355,POL-000674,CYC-2025-02,2025-11-29,2025-12-10,Storm Surge,Open,8733.24,0.0,2025-12-10
CLM-001355,POL-000674,CYC-2025-02,2025-11-29,2025-12-10,Storm Surge,Closed,15264.41,14948.99,2026-03-23
CLM-001356,POL-004155,CYC-2023-02,2023-12-04,2023-12-10,Wind,Open,21951.24,0.0,2023-12-10
CLM-001356,POL-004155,CYC-2023-02,2023-12-04,2023-12-10,Wind,Closed,61316.66,54498.0,2024-05-08
CLM-001357,POL-004610,CYC-2023-02,2023-12-03,2023-12-12,Wind,Open,40973.6,0.0,2023-12-12
CLM-001357,POL-004610,CYC-2023-02,2023-12-03,2023-12-12,Wind,Closed,93112.34,81856.54,2024-04-08
CLM-001358,POL-000387,CYC-2023-02,2023-12-03,2023-12-04,Storm Surge,Open,17904.63,0.0,2023-12-04
CLM-001358,POL-000387,CYC-2023-02,2023-12-03,2023-12-04,Storm Surge,Closed,40701.09,39903.4,2024-02-01
CLM-001359,POL-004463,CYC-2025-01,2025-02-10,2025-02-15,Wind,Open,68857.97,0.0,2025-02-15
CLM-001359,POL-004463,CYC-2025-01,2025-02-10,2025-02-15,Wind,Closed,181278.7,171204.13,2025-06-02
CLM-001360,POL-003181,CYC-2025-01,2025-02-09,2025-02-17,Riverine Flood,Open,78147.37,0.0,2025-02-17
CLM-001360,POL-003181,CYC-2025-01,2025-02-09,2025-02-17,Riverine Flood,Closed,231992.99,207810.16,2025-05-06
CLM-001361,POL-003641,CYC-2024-01,2024-01-24,2024-01-27,Wind,Open,61850.65,0.0,2024-01-27
CLM-001362,POL-003297,CYC-2024-02,2024-03-15,2024-03-21,Wind,Open,80969.98,0.0,2024-03-21
CLM-001363,POL-001310,CYC-2023-01,2023-02-12,2023-02-13,Wind,Open,49484.91,0.0,2023-02-13
CLM-001364,POL-004739,CYC-2023-02,2023-12-04,2023-12-16,Riverine Flood,Open,127166.65,0.0,2023-12-16
CLM-001364,POL-004739,CYC-2023-02,2023-12-04,2023-12-16,Riverine Flood,Closed,249581.07,230812.45,2024-01-28
CLM-001365,POL-002150,CYC-2024-02,2024-03-16,2024-03-23,Wind,Open,45804.93,0.0,2024-03-23
CLM-001365,POL-002150,CYC-2024-02,2024-03-16,2024-03-23,Wind,Closed,80423.78,76926.15,2024-07-23
CLM-001366,POL-001725,CYC-2024-02,2024-03-15,2024-03-25,Riverine Flood,Open,448640.43,0.0,2024-03-25
CLM-001366,POL-001725,CYC-2024-02,2024-03-15,2024-03-25,Riverine Flood,Closed,784676.57,686575.28,2024-04-16
CLM-001367,POL-002195,CYC-2025-01,2025-02-08,2025-02-15,Wind,Open,26766.14,0.0,2025-02-15
CLM-001367,POL-002195,CYC-2025-01,2025-02-08,2025-02-15,Wind,Closed,65753.28,58991.77,2025-06-17
CLM-001368,POL-002888,CYC-2025-01,2025-02-10,2025-02-24,Storm Surge,Open,39839.42,0.0,2025-02-24
CLM-001368,POL-002888,CYC-2025-01,2025-02-10,2025-02-24,Storm Surge,Closed,80183.24,71272.91,2025-05-15
CLM-001369,POL-002221,CYC-2025-02,2025-11-28,2025-12-03,Riverine Flood,Open,22144.87,0.0,2025-12-03
CLM-001369,POL-002221,CYC-2025-02,2025-11-28,2025-12-03,Riverine Flood,Closed,48395.92,46786.53,2026-04-03
CLM-001370,POL-002151,CYC-2023-02,2023-12-04,2023-12-11,Wind,Open,219106.67,0.0,2023-12-11
CLM-001370,POL-002151,CYC-2023-02,2023-12-04,2023-12-11,Wind,Closed,425144.27,374317.07,2024-02-25
CLM-001371,POL-002211,CYC-2023-02,2023-12-03,2023-12-16,Storm Surge,Open,46595.02,0.0,2023-12-16
CLM-001371,POL-002211,CYC-2023-02,2023-12-03,2023-12-16,Storm Surge,Closed,137168.54,123230.24,2024-04-04
CLM-001372,POL-000217,CYC-2023-02,2023-12-05,2023-12-17,Storm Surge,Open,1659968.35,0.0,2023-12-17
CLM-001373,POL-004614,CYC-2023-01,2023-02-11,2023-02-14,Riverine Flood,Open,97599.63,0.0,2023-02-14
CLM-001373,POL-004614,CYC-2023-01,2023-02-11,2023-02-14,Riverine Flood,Closed,214457.92,198697.99,2023-03-27
CLM-001374,POL-002637,CYC-2024-01,2024-01-22,2024-01-29,Wind,Open,60552.72,0.0,2024-01-29
CLM-001375,POL-000585,CYC-2024-02,2024-03-17,2024-03-20,Storm Surge,Open,81029.44,0.0,2024-03-20
CLM-001376,POL-002200,CYC-2025-01,2025-02-09,2025-02-15,Riverine Flood,Open,27640.05,0.0,2025-02-15
CLM-001376,POL-002200,CYC-2025-01,2025-02-09,2025-02-15,Riverine Flood,Closed,69570.01,60065.97,2025-03-07
CLM-001377,POL-004536,CYC-2025-01,2025-02-10,2025-02-13,Wind,Open,22268.28,0.0,2025-02-13
CLM-001377,POL-004536,CYC-2025-01,2025-02-10,2025-02-13,Wind,Closed,64459.53,63269.98,2025-05-23
CLM-001378,POL-004851,CYC-2024-02,2024-03-17,2024-03-20,Wind,Open,16537.24,0.0,2024-03-20
CLM-001378,POL-004851,CYC-2024-02,2024-03-17,2024-03-20,Wind,Closed,39998.67,34361.05,2024-06-22
CLM-001379,POL-000059,CYC-2025-01,2025-02-10,2025-02-21,Storm Surge,Open,37341.37,0.0,2025-02-21
CLM-001379,POL-000059,CYC-2025-01,2025-02-10,2025-02-21,Storm Surge,Closed,88308.33,79698.77,2025-08-13
CLM-001379,POL-000059,CYC-2025-01,2025-02-10,2025-02-21,Storm Surge,Reopened,90177.65,77941.64,2025-09-04
CLM-001380,POL-001817,CYC-2024-01,2024-01-22,2024-01-23,Riverine Flood,Open,36678.25,0.0,2024-01-23
CLM-001380,POL-001817,CYC-2024-01,2024-01-22,2024-01-23,Riverine Flood,Closed,85725.46,76704.26,2024-06-02
CLM-001380,POL-001817,CYC-2024-01,2024-01-22,2024-01-23,Riverine Flood,Reopened,89170.01,75123.18,2024-08-02
CLM-001381,POL-002133,CYC-2024-01,2024-01-24,2024-01-28,Storm Surge,Open,88210.66,0.0,2024-01-28
CLM-001381,POL-002133,CYC-2024-01,2024-01-24,2024-01-28,Storm Surge,Closed,252884.81,246808.79,2024-07-07
CLM-001382,POL-002882,CYC-2024-01,2024-01-23,2024-01-26,Wind,Open,48899.06,0.0,2024-01-26
CLM-001382,POL-002882,CYC-2024-01,2024-01-23,2024-01-26,Wind,Closed,141884.94,137239.15,2024-04-27
CLM-001383,POL-004752,CYC-2023-02,2023-12-05,2023-12-12,Riverine Flood,Open,113146.47,0.0,2023-12-12
CLM-001383,POL-004752,CYC-2023-02,2023-12-05,2023-12-12,Riverine Flood,Closed,250528.16,214119.23,2024-01-26
CLM-001384,POL-002790,CYC-2025-02,2025-11-28,2025-12-09,Wind,Open,31118.03,0.0,2025-12-09
CLM-001385,POL-000370,CYC-2025-02,2025-11-29,2025-12-07,Storm Surge,Open,524287.79,0.0,2025-12-07
CLM-001386,POL-003628,CYC-2024-02,2024-03-17,2024-03-27,Riverine Flood,Open,141745.51,0.0,2024-03-27
CLM-001386,POL-003628,CYC-2024-02,2024-03-17,2024-03-27,Riverine Flood,Closed,461083.21,403723.88,2024-06-22
CLM-001387,POL-004092,CYC-2023-01,2023-02-13,2023-02-27,Wind,Open,201186.07,0.0,2023-02-27
CLM-001387,POL-004092,CYC-2023-01,2023-02-13,2023-02-27,Wind,Closed,425416.78,382232.86,2023-04-07
CLM-001388,POL-004997,CYC-2025-01,2025-02-08,2025-02-18,Riverine Flood,Open,59353.32,0.0,2025-02-18
CLM-001388,POL-004997,CYC-2025-01,2025-02-08,2025-02-18,Riverine Flood,Closed,191362.8,177685.1,2025-07-29
CLM-001389,POL-002525,CYC-2025-02,2025-11-28,2025-12-08,Wind,Open,61061.73,0.0,2025-12-08
CLM-001389,POL-002525,CYC-2025-02,2025-11-28,2025-12-08,Wind,Closed,155389.23,134413.07,2026-05-29
CLM-001390,POL-004723,CYC-2023-02,2023-12-05,2023-12-07,Riverine Flood,Open,34723.69,0.0,2023-12-07
CLM-001390,POL-004723,CYC-2023-02,2023-12-05,2023-12-07,Riverine Flood,Closed,80747.61,72025.96,2024-04-18
CLM-001391,POL-004554,CYC-2024-01,2024-01-22,2024-02-02,Riverine Flood,Open,106879.47,0.0,2024-02-02
CLM-001391,POL-004554,CYC-2024-01,2024-01-22,2024-02-02,Riverine Flood,Closed,179632.44,174381.39,2024-06-04
CLM-001392,POL-003525,CYC-2025-01,2025-02-09,2025-02-21,Wind,Open,37826.13,0.0,2025-02-21
CLM-001392,POL-003525,CYC-2025-01,2025-02-09,2025-02-21,Wind,Closed,104721.78,90938.7,2025-03-15
CLM-001393,POL-001357,CYC-2025-02,2025-11-29,2025-12-12,Storm Surge,Open,109337.98,0.0,2025-12-12
CLM-001393,POL-001357,CYC-2025-02,2025-11-29,2025-12-12,Storm Surge,Closed,341376.28,294765.34,2026-01-22
CLM-001394,POL-003892,CYC-2025-01,2025-02-10,2025-02-13,Wind,Open,19264.75,0.0,2025-02-13
CLM-001395,POL-003780,CYC-2025-01,2025-02-09,2025-02-15,Riverine Flood,Open,195365.5,0.0,2025-02-15
CLM-001395,POL-003780,CYC-2025-01,2025-02-09,2025-02-15,Riverine Flood,Closed,510955.18,438968.41,2025-07-03
CLM-001396,POL-002609,CYC-2025-02,2025-11-28,2025-12-06,Wind,Open,18191.88,0.0,2025-12-06
CLM-001396,POL-002609,CYC-2025-02,2025-11-28,2025-12-06,Wind,Closed,52770.24,50401.83,2026-02-24
CLM-001397,POL-004287,CYC-2025-02,2025-11-27,2025-12-02,Wind,Open,238858.74,0.0,2025-12-02
CLM-001397,POL-004287,CYC-2025-02,2025-11-27,2025-12-02,Wind,Closed,453697.22,425261.89,2026-02-19
CLM-001398,POL-001648,CYC-2025-01,2025-02-09,2025-02-18,Riverine Flood,Open,55020.93,0.0,2025-02-18
CLM-001398,POL-001648,CYC-2025-01,2025-02-09,2025-02-18,Riverine Flood,Closed,140737.39,129142.08,2025-04-18
CLM-001399,POL-002261,CYC-2025-01,2025-02-08,2025-02-18,Storm Surge,Open,92196.47,0.0,2025-02-18
CLM-001399,POL-002261,CYC-2025-01,2025-02-08,2025-02-18,Storm Surge,Closed,291236.4,251130.76,2025-06-01
CLM-001400,POL-004240,CYC-2023-02,2023-12-05,2023-12-06,Wind,Open,6767.02,0.0,2023-12-06
CLM-001400,POL-004240,CYC-2023-02,2023-12-05,2023-12-06,Wind,Closed,15871.11,13821.17,2024-05-15
CLM-001401,POL-002569,CYC-2023-02,2023-12-03,2023-12-05,Wind,Open,21633.08,0.0,2023-12-05
CLM-001401,POL-002569,CYC-2023-02,2023-12-03,2023-12-05,Wind,Closed,51554.4,50159.3,2024-03-15
CLM-001402,POL-001225,CYC-2023-02,2023-12-03,2023-12-10,Wind,Open,191586.58,0.0,2023-12-10
CLM-001402,POL-001225,CYC-2023-02,2023-12-03,2023-12-10,Wind,Closed,345264.65,320666.68,2024-05-20
CLM-001403,POL-000668,CYC-2024-01,2024-01-24,2024-01-28,Riverine Flood,Open,33035.71,0.0,2024-01-28
CLM-001403,POL-000668,CYC-2024-01,2024-01-24,2024-01-28,Riverine Flood,Closed,97718.19,89289.59,2024-05-04
CLM-001404,POL-004930,CYC-2025-01,2025-02-08,2025-02-11,Riverine Flood,Open,10299.12,0.0,2025-02-11
CLM-001405,POL-001858,CYC-2024-02,2024-03-17,2024-03-31,Storm Surge,Open,45479.95,0.0,2024-03-31
CLM-001405,POL-001858,CYC-2024-02,2024-03-17,2024-03-31,Storm Surge,Closed,116443.26,107327.08,2024-05-29
CLM-001406,POL-002083,CYC-2023-02,2023-12-05,2023-12-13,Storm Surge,Open,82375.77,0.0,2023-12-13
CLM-001407,POL-000428,CYC-2025-01,2025-02-09,2025-02-10,Wind,Open,135686.34,0.0,2025-02-10
CLM-001407,POL-000428,CYC-2025-01,2025-02-09,2025-02-10,Wind,Closed,323026.34,286517.38,2025-07-20
CLM-001408,POL-003725,CYC-2024-02,2024-03-16,2024-03-22,Wind,Open,99615.4,0.0,2024-03-22
CLM-001408,POL-003725,CYC-2024-02,2024-03-16,2024-03-22,Wind,Closed,209951.87,208533.74,2024-08-13
CLM-001409,POL-001736,CYC-2024-02,2024-03-17,2024-03-22,Riverine Flood,Open,62193.12,0.0,2024-03-22
CLM-001409,POL-001736,CYC-2024-02,2024-03-17,2024-03-22,Riverine Flood,Closed,116379.67,109294.64,2024-07-31
CLM-001410,POL-003757,CYC-2024-02,2024-03-17,2024-03-25,Riverine Flood,Open,25775.93,0.0,2024-03-25
CLM-001410,POL-003757,CYC-2024-02,2024-03-17,2024-03-25,Riverine Flood,Closed,53512.53,49827.89,2024-06-24
CLM-001411,POL-002894,CYC-2023-02,2023-12-05,2023-12-17,Wind,Open,22219.16,0.0,2023-12-17
CLM-001412,POL-000647,CYC-2024-02,2024-03-17,2024-03-25,Storm Surge,Open,28758.39,0.0,2024-03-25
CLM-001412,POL-000647,CYC-2024-02,2024-03-17,2024-03-25,Storm Surge,Closed,65675.34,59452.99,2024-06-16
CLM-001412,POL-000647,CYC-2024-02,2024-03-17,2024-03-25,Storm Surge,Reopened,70140.91,58815.54,2024-11-14
CLM-001413,POL-004028,CYC-2025-01,2025-02-10,2025-02-24,Storm Surge,Open,13049.38,0.0,2025-02-24
CLM-001413,POL-004028,CYC-2025-01,2025-02-10,2025-02-24,Storm Surge,Closed,38305.66,38180.9,2025-03-16
CLM-001413,POL-004028,CYC-2025-01,2025-02-10,2025-02-24,Storm Surge,Reopened,39594.77,33253.1,2025-09-20
CLM-001414,POL-002564,CYC-2025-02,2025-11-27,2025-12-11,Wind,Open,46985.65,0.0,2025-12-11
CLM-001414,POL-002564,CYC-2025-02,2025-11-27,2025-12-11,Wind,Closed,80899.26,72034.39,2026-04-04
CLM-001415,POL-004513,CYC-2025-01,2025-02-10,2025-02-20,Riverine Flood,Open,53912.95,0.0,2025-02-20
CLM-001415,POL-004513,CYC-2025-01,2025-02-10,2025-02-20,Riverine Flood,Closed,97258.33,84684.68,2025-05-09
CLM-001416,POL-004837,CYC-2023-02,2023-12-03,2023-12-07,Storm Surge,Open,190851.98,0.0,2023-12-07
CLM-001416,POL-004837,CYC-2023-02,2023-12-03,2023-12-07,Storm Surge,Closed,339432.95,309879.35,2024-01-05
CLM-001416,POL-004837,CYC-2023-02,2023-12-03,2023-12-07,Storm Surge,Reopened,381717.0,317121.72,2024-07-29
CLM-001417,POL-001824,CYC-2025-01,2025-02-09,2025-02-17,Wind,Open,42593.36,0.0,2025-02-17
CLM-001417,POL-001824,CYC-2025-01,2025-02-09,2025-02-17,Wind,Closed,136639.85,135594.1,2025-08-12
CLM-001418,POL-002246,CYC-2025-01,2025-02-10,2025-02-18,Wind,Open,63441.72,0.0,2025-02-18
CLM-001418,POL-002246,CYC-2025-01,2025-02-10,2025-02-18,Wind,Closed,118924.94,116924.61,2025-06-03
CLM-001419,POL-000840,CYC-2025-01,2025-02-10,2025-02-11,Riverine Flood,Open,61106.85,0.0,2025-02-11
CLM-001419,POL-000840,CYC-2025-01,2025-02-10,2025-02-11,Riverine Flood,Closed,180060.97,178102.54,2025-07-02
CLM-001420,POL-003051,CYC-2023-02,2023-12-04,2023-12-08,Wind,Open,189134.17,0.0,2023-12-08
CLM-001420,POL-003051,CYC-2023-02,2023-12-04,2023-12-08,Wind,Closed,589731.67,520875.16,2024-03-05
CLM-001421,POL-001300,CYC-2024-02,2024-03-16,2024-03-27,Wind,Open,712443.62,0.0,2024-03-27
CLM-001421,POL-001300,CYC-2024-02,2024-03-16,2024-03-27,Wind,Closed,1510856.3,1290248.57,2024-07-29
CLM-001422,POL-001903,CYC-2024-01,2024-01-24,2024-01-31,Riverine Flood,Open,47581.15,0.0,2024-01-31
CLM-001422,POL-001903,CYC-2024-01,2024-01-24,2024-01-31,Riverine Flood,Closed,88673.05,76613.88,2024-07-13
CLM-001423,POL-001582,CYC-2024-02,2024-03-16,2024-03-25,Riverine Flood,Open,73800.28,0.0,2024-03-25
CLM-001423,POL-001582,CYC-2024-02,2024-03-16,2024-03-25,Riverine Flood,Closed,128799.41,109930.35,2024-04-17
CLM-001424,POL-003858,CYC-2025-01,2025-02-08,2025-02-19,Wind,Open,30151.08,0.0,2025-02-19
CLM-001424,POL-003858,CYC-2025-01,2025-02-08,2025-02-19,Wind,Closed,57591.59,50559.4,2025-04-26
CLM-001425,POL-001230,CYC-2023-02,2023-12-04,2023-12-16,Wind,Open,164586.67,0.0,2023-12-16
CLM-001425,POL-001230,CYC-2023-02,2023-12-04,2023-12-16,Wind,Closed,278759.64,276551.88,2024-05-07
CLM-001426,POL-004913,CYC-2023-02,2023-12-04,2023-12-12,Wind,Open,2038685.16,0.0,2023-12-12
CLM-001426,POL-004913,CYC-2023-02,2023-12-04,2023-12-12,Wind,Closed,5180332.32,4836918.67,2024-04-10
CLM-001427,POL-004734,CYC-2025-02,2025-11-27,2025-12-06,Wind,Open,192174.4,0.0,2025-12-06
CLM-001427,POL-004734,CYC-2025-02,2025-11-27,2025-12-06,Wind,Closed,342818.67,295787.45,2026-04-01
CLM-001428,POL-004957,CYC-2023-02,2023-12-05,2023-12-07,Storm Surge,Open,59043.83,0.0,2023-12-07
CLM-001429,POL-003325,CYC-2023-02,2023-12-05,2023-12-08,Wind,Open,34394.19,0.0,2023-12-08
CLM-001429,POL-003325,CYC-2023-02,2023-12-05,2023-12-08,Wind,Closed,97949.83,92187.97,2024-01-23
CLM-001430,POL-001502,CYC-2025-01,2025-02-10,2025-02-22,Wind,Open,49174.13,0.0,2025-02-22
CLM-001430,POL-001502,CYC-2025-01,2025-02-10,2025-02-22,Wind,Closed,144717.63,127051.96,2025-05-15
CLM-001431,POL-001284,CYC-2025-01,2025-02-08,2025-02-15,Riverine Flood,Open,23480.47,0.0,2025-02-15
CLM-001431,POL-001284,CYC-2025-01,2025-02-08,2025-02-15,Riverine Flood,Closed,40941.81,36067.04,2025-07-16
CLM-001432,POL-004993,CYC-2023-02,2023-12-04,2023-12-13,Storm Surge,Open,63485.9,0.0,2023-12-13
CLM-001432,POL-004993,CYC-2023-02,2023-12-04,2023-12-13,Storm Surge,Closed,108762.24,97392.36,2024-01-30
CLM-001433,POL-000817,CYC-2025-01,2025-02-09,2025-02-19,Wind,Open,10965.03,0.0,2025-02-19
CLM-001433,POL-000817,CYC-2025-01,2025-02-09,2025-02-19,Wind,Closed,20893.98,18812.87,2025-07-20
CLM-001434,POL-003058,CYC-2024-02,2024-03-17,2024-03-22,Wind,Open,16470.06,0.0,2024-03-22
CLM-001434,POL-003058,CYC-2024-02,2024-03-17,2024-03-22,Wind,Reopened,54901.74,45616.53,2024-11-17
CLM-001435,POL-003710,CYC-2025-02,2025-11-29,2025-12-07,Riverine Flood,Open,50848.99,0.0,2025-12-07
CLM-001435,POL-003710,CYC-2025-02,2025-11-29,2025-12-07,Riverine Flood,Closed,94935.0,81368.51,2026-03-19
CLM-001436,POL-002756,CYC-2025-01,2025-02-10,2025-02-15,Wind,Open,1254404.98,0.0,2025-02-15
CLM-001436,POL-002756,CYC-2025-01,2025-02-10,2025-02-15,Wind,Closed,2492683.41,2466235.51,2025-06-08
CLM-001437,POL-004472,CYC-2023-02,2023-12-04,2023-12-15,Wind,Open,52136.17,0.0,2023-12-15
CLM-001437,POL-004472,CYC-2023-02,2023-12-04,2023-12-15,Wind,Closed,117032.75,116327.19,2024-01-06
CLM-001438,POL-001116,CYC-2023-02,2023-12-05,2023-12-07,Riverine Flood,Open,307466.11,0.0,2023-12-07
CLM-001438,POL-001116,CYC-2023-02,2023-12-05,2023-12-07,Riverine Flood,Closed,797136.86,713880.71,2024-03-27
CLM-001438,POL-001116,CYC-2023-02,2023-12-05,2023-12-07,Riverine Flood,Reopened,868292.62,786717.86,2024-06-28
CLM-001439,POL-002967,CYC-2024-02,2024-03-17,2024-03-28,Wind,Open,461247.58,0.0,2024-03-28
CLM-001439,POL-002967,CYC-2024-02,2024-03-17,2024-03-28,Wind,Closed,1209396.71,1125538.89,2024-05-19
CLM-001440,POL-001096,CYC-2023-02,2023-12-03,2023-12-12,Riverine Flood,Open,23743.58,0.0,2023-12-12
CLM-001440,POL-001096,CYC-2023-02,2023-12-03,2023-12-12,Riverine Flood,Closed,48414.53,42914.56,2024-06-08
CLM-001441,POL-004415,CYC-2024-01,2024-01-22,2024-01-28,Wind,Open,36360.79,0.0,2024-01-28
CLM-001441,POL-004415,CYC-2024-01,2024-01-22,2024-01-28,Wind,Closed,72551.78,68266.49,2024-05-22
CLM-001442,POL-001315,CYC-2024-02,2024-03-15,2024-03-17,Storm Surge,Open,40966.08,0.0,2024-03-17
CLM-001442,POL-001315,CYC-2024-02,2024-03-15,2024-03-17,Storm Surge,Closed,77786.15,77476.52,2024-09-04
CLM-001443,POL-001471,CYC-2024-02,2024-03-17,2024-03-26,Wind,Open,52793.4,0.0,2024-03-26
CLM-001443,POL-001471,CYC-2024-02,2024-03-17,2024-03-26,Wind,Closed,96992.97,91034.39,2024-08-14
CLM-001444,POL-000667,CYC-2024-02,2024-03-17,2024-03-26,Riverine Flood,Open,83057.65,0.0,2024-03-26
CLM-001445,POL-002342,CYC-2025-02,2025-11-28,2025-12-07,Wind,Open,81603.75,0.0,2025-12-07
CLM-001445,POL-002342,CYC-2025-02,2025-11-28,2025-12-07,Wind,Closed,154139.99,137612.52,2026-04-24
CLM-001446,POL-002801,CYC-2025-02,2025-11-29,2025-12-06,Wind,Open,43420.7,0.0,2025-12-06
CLM-001447,POL-002636,CYC-2024-02,2024-03-16,2024-03-26,Wind,Open,46650.08,0.0,2024-03-26
CLM-001447,POL-002636,CYC-2024-02,2024-03-16,2024-03-26,Wind,Closed,99393.58,96743.06,2024-04-29
CLM-001448,POL-002088,CYC-2024-02,2024-03-15,2024-03-22,Wind,Open,49785.02,0.0,2024-03-22
CLM-001449,POL-004414,CYC-2023-02,2023-12-03,2023-12-07,Wind,Open,1149976.02,0.0,2023-12-07
CLM-001449,POL-004414,CYC-2023-02,2023-12-03,2023-12-07,Wind,Closed,2321972.25,2151730.77,2024-03-09
CLM-001450,POL-001349,CYC-2025-01,2025-02-10,2025-02-22,Riverine Flood,Open,182470.82,0.0,2025-02-22
CLM-001450,POL-001349,CYC-2025-01,2025-02-10,2025-02-22,Riverine Flood,Closed,343855.36,293382.99,2025-03-19
CLM-001451,POL-004190,CYC-2024-02,2024-03-16,2024-03-19,Riverine Flood,Open,778309.47,0.0,2024-03-19
CLM-001451,POL-004190,CYC-2024-02,2024-03-16,2024-03-19,Riverine Flood,Closed,1328133.28,1197780.9,2024-07-22
CLM-001452,POL-004989,CYC-2024-01,2024-01-22,2024-02-01,Storm Surge,Open,456416.11,0.0,2024-02-01
CLM-001453,POL-004853,CYC-2024-02,2024-03-17,2024-03-30,Storm Surge,Open,46775.48,0.0,2024-03-30
CLM-001453,POL-004853,CYC-2024-02,2024-03-17,2024-03-30,Storm Surge,Closed,87272.64,75613.93,2024-04-25
CLM-001454,POL-003593,CYC-2024-02,2024-03-16,2024-03-17,Riverine Flood,Open,116952.91,0.0,2024-03-17
CLM-001454,POL-003593,CYC-2024-02,2024-03-16,2024-03-17,Riverine Flood,Closed,267791.97,231445.74,2024-05-27
CLM-001455,POL-001854,CYC-2024-01,2024-01-23,2024-02-06,Riverine Flood,Open,58982.3,0.0,2024-02-06
CLM-001455,POL-001854,CYC-2024-01,2024-01-23,2024-02-06,Riverine Flood,Closed,112108.07,101151.24,2024-06-20
CLM-001456,POL-003112,CYC-2024-01,2024-01-24,2024-01-28,Riverine Flood,Open,185070.1,0.0,2024-01-28
CLM-001456,POL-003112,CYC-2024-01,2024-01-24,2024-01-28,Riverine Flood,Closed,383277.03,380591.67,2024-04-06
CLM-001457,POL-004335,CYC-2024-02,2024-03-17,2024-03-21,Wind,Open,65736.83,0.0,2024-03-21
CLM-001457,POL-004335,CYC-2024-02,2024-03-17,2024-03-21,Wind,Closed,116115.46,110115.58,2024-07-10
CLM-001458,POL-000558,CYC-2023-02,2023-12-05,2023-12-15,Wind,Open,136210.84,0.0,2023-12-15
CLM-001458,POL-000558,CYC-2023-02,2023-12-05,2023-12-15,Wind,Closed,264761.25,232645.2,2024-03-26
CLM-001459,POL-002225,CYC-2025-01,2025-02-08,2025-02-14,Riverine Flood,Open,40491.37,0.0,2025-02-14
CLM-001459,POL-002225,CYC-2025-01,2025-02-08,2025-02-14,Riverine Flood,Closed,80437.03,71505.99,2025-03-31
CLM-001460,POL-001678,CYC-2025-01,2025-02-09,2025-02-16,Wind,Open,3929.72,0.0,2025-02-16
CLM-001460,POL-001678,CYC-2025-01,2025-02-09,2025-02-16,Wind,Closed,12814.93,11020.88,2025-04-10
CLM-001461,POL-003975,CYC-2025-01,2025-02-08,2025-02-14,Wind,Open,14388.66,0.0,2025-02-14
CLM-001461,POL-003975,CYC-2025-01,2025-02-08,2025-02-14,Wind,Closed,36905.82,35287.18,2025-05-29
CLM-001462,POL-001165,CYC-2023-02,2023-12-03,2023-12-11,Wind,Open,67717.46,0.0,2023-12-11
CLM-001462,POL-001165,CYC-2023-02,2023-12-03,2023-12-11,Wind,Closed,185810.63,163973.38,2024-06-06
CLM-001463,POL-002058,CYC-2025-02,2025-11-28,2025-12-11,Wind,Open,12723.45,0.0,2025-12-11
CLM-001463,POL-002058,CYC-2025-02,2025-11-28,2025-12-11,Wind,Closed,24121.61,22792.67,2026-05-23
CLM-001464,POL-003786,CYC-2024-01,2024-01-22,2024-02-03,Riverine Flood,Open,65030.17,0.0,2024-02-03
CLM-001465,POL-003786,CYC-2023-02,2023-12-04,2023-12-08,Storm Surge,Open,58585.74,0.0,2023-12-08
CLM-001465,POL-003786,CYC-2023-02,2023-12-04,2023-12-08,Storm Surge,Closed,125303.57,120841.43,2024-04-07
CLM-001466,POL-001045,CYC-2024-01,2024-01-22,2024-02-03,Wind,Open,44332.12,0.0,2024-02-03
CLM-001467,POL-003366,CYC-2024-01,2024-01-23,2024-02-02,Wind,Open,226481.63,0.0,2024-02-02
CLM-001467,POL-003366,CYC-2024-01,2024-01-23,2024-02-02,Wind,Closed,381695.96,355441.09,2024-03-14
CLM-001468,POL-000506,CYC-2023-02,2023-12-03,2023-12-08,Riverine Flood,Open,138393.66,0.0,2023-12-08
CLM-001468,POL-000506,CYC-2023-02,2023-12-03,2023-12-08,Riverine Flood,Closed,262763.57,237678.9,2024-01-06
CLM-001468,POL-000506,CYC-2023-02,2023-12-03,2023-12-08,Riverine Flood,Reopened,264868.52,246245.84,2024-08-14
CLM-001469,POL-001978,CYC-2024-01,2024-01-24,2024-02-01,Wind,Open,4528983.72,0.0,2024-02-01
CLM-001469,POL-001978,CYC-2024-01,2024-01-24,2024-02-01,Wind,Closed,8042317.48,7640543.16,2024-05-05
CLM-001470,POL-002682,CYC-2025-01,2025-02-08,2025-02-14,Riverine Flood,Open,10641.35,0.0,2025-02-14
CLM-001470,POL-002682,CYC-2025-01,2025-02-08,2025-02-14,Riverine Flood,Closed,24170.15,23595.37,2025-06-25
CLM-001471,POL-004763,CYC-2023-02,2023-12-04,2023-12-16,Wind,Open,49366.3,0.0,2023-12-16
CLM-001471,POL-004763,CYC-2023-02,2023-12-04,2023-12-16,Wind,Closed,116886.12,104250.48,2024-06-09
CLM-001472,POL-001564,CYC-2025-01,2025-02-09,2025-02-10,Riverine Flood,Open,92940.47,0.0,2025-02-10
CLM-001472,POL-001564,CYC-2025-01,2025-02-09,2025-02-10,Riverine Flood,Closed,178955.15,164366.94,2025-05-22
CLM-001473,POL-000416,CYC-2024-01,2024-01-24,2024-01-26,Riverine Flood,Open,49372.17,0.0,2024-01-26
CLM-001473,POL-000416,CYC-2024-01,2024-01-24,2024-01-26,Riverine Flood,Closed,85721.15,75487.12,2024-05-14
CLM-001474,POL-003559,CYC-2024-01,2024-01-23,2024-01-28,Storm Surge,Open,255106.3,0.0,2024-01-28
CLM-001474,POL-003559,CYC-2024-01,2024-01-23,2024-01-28,Storm Surge,Closed,442020.88,432502.33,2024-05-26
CLM-001475,POL-000234,CYC-2025-02,2025-11-28,2025-12-09,Wind,Open,136879.79,0.0,2025-12-09
CLM-001475,POL-000234,CYC-2025-02,2025-11-28,2025-12-09,Wind,Closed,269368.9,267123.33,2026-01-30
CLM-001476,POL-001634,CYC-2024-02,2024-03-16,2024-03-22,Wind,Open,33855.03,0.0,2024-03-22
CLM-001476,POL-001634,CYC-2024-02,2024-03-16,2024-03-22,Wind,Closed,57941.0,49626.77,2024-05-05
CLM-001477,POL-004608,CYC-2025-01,2025-02-10,2025-02-20,Wind,Open,143134.51,0.0,2025-02-20
CLM-001477,POL-004608,CYC-2025-01,2025-02-10,2025-02-20,Wind,Closed,464339.54,425222.19,2025-07-18
CLM-001478,POL-001525,CYC-2024-02,2024-03-17,2024-03-20,Wind,Open,31524.79,0.0,2024-03-20
CLM-001478,POL-001525,CYC-2024-02,2024-03-17,2024-03-20,Wind,Closed,99109.94,95810.31,2024-04-26
CLM-001479,POL-000551,CYC-2025-01,2025-02-09,2025-02-21,Riverine Flood,Open,51055.12,0.0,2025-02-21
CLM-001480,POL-000669,CYC-2024-02,2024-03-15,2024-03-19,Wind,Open,106031.79,0.0,2024-03-19
CLM-001480,POL-000669,CYC-2024-02,2024-03-15,2024-03-19,Wind,Closed,199586.0,185366.05,2024-04-26
CLM-001481,POL-004403,CYC-2024-02,2024-03-15,2024-03-25,Wind,Open,54200.4,0.0,2024-03-25
CLM-001481,POL-004403,CYC-2024-02,2024-03-15,2024-03-25,Wind,Closed,151878.42,151250.69,2024-06-09
CLM-001482,POL-002395,CYC-2024-02,2024-03-17,2024-03-28,Wind,Open,1187218.34,0.0,2024-03-28
CLM-001482,POL-002395,CYC-2024-02,2024-03-17,2024-03-28,Wind,Closed,2143143.58,1911137.54,2024-07-13
CLM-001482,POL-002395,CYC-2024-02,2024-03-17,2024-03-28,Wind,Reopened,2224846.61,2106192.93,2024-11-16
CLM-001483,POL-002306,CYC-2025-01,2025-02-09,2025-02-18,Riverine Flood,Open,108621.54,0.0,2025-02-18
CLM-001483,POL-002306,CYC-2025-01,2025-02-09,2025-02-18,Riverine Flood,Closed,195691.58,185900.27,2025-06-06
CLM-001484,POL-002698,CYC-2025-01,2025-02-08,2025-02-09,Wind,Open,8516.29,0.0,2025-02-09
CLM-001484,POL-002698,CYC-2025-01,2025-02-08,2025-02-09,Wind,Closed,25130.06,22957.16,2025-03-14
CLM-001485,POL-003973,CYC-2023-02,2023-12-04,2023-12-09,Wind,Open,27966.06,0.0,2023-12-09
CLM-001486,POL-004824,CYC-2023-01,2023-02-12,2023-02-13,Wind,Open,22087.78,0.0,2023-02-13
CLM-001486,POL-004824,CYC-2023-01,2023-02-12,2023-02-13,Wind,Closed,51999.98,45759.21,2023-05-19
CLM-001487,POL-002766,CYC-2023-02,2023-12-05,2023-12-19,Riverine Flood,Open,45695.81,0.0,2023-12-19
CLM-001487,POL-002766,CYC-2023-02,2023-12-05,2023-12-19,Riverine Flood,Closed,77621.57,67909.58,2024-02-26
CLM-001488,POL-001812,CYC-2024-01,2024-01-22,2024-01-23,Wind,Open,31427.0,0.0,2024-01-23
CLM-001488,POL-001812,CYC-2024-01,2024-01-22,2024-01-23,Wind,Closed,87849.08,86193.16,2024-06-16
CLM-001489,POL-001333,CYC-2023-02,2023-12-05,2023-12-10,Riverine Flood,Open,16538.63,0.0,2023-12-10
CLM-001489,POL-001333,CYC-2023-02,2023-12-05,2023-12-10,Riverine Flood,Reopened,53611.62,45342.01,2024-07-06
CLM-001490,POL-002472,CYC-2024-01,2024-01-22,2024-01-31,Storm Surge,Open,23135.57,0.0,2024-01-31
CLM-001490,POL-002472,CYC-2024-01,2024-01-22,2024-01-31,Storm Surge,Closed,64358.45,57406.02,2024-07-13
CLM-001491,POL-003335,CYC-2024-01,2024-01-24,2024-02-02,Wind,Open,940629.49,0.0,2024-02-02
CLM-001491,POL-003335,CYC-2024-01,2024-01-24,2024-02-02,Wind,Closed,1850106.14,1805598.27,2024-03-22
CLM-001492,POL-002537,CYC-2024-01,2024-01-24,2024-01-28,Riverine Flood,Open,176606.85,0.0,2024-01-28
CLM-001492,POL-002537,CYC-2024-01,2024-01-24,2024-01-28,Riverine Flood,Closed,394669.3,387073.43,2024-05-06
CLM-001493,POL-003227,CYC-2023-01,2023-02-12,2023-02-25,Wind,Open,811783.13,0.0,2023-02-25
CLM-001493,POL-003227,CYC-2023-01,2023-02-12,2023-02-25,Wind,Closed,2615227.6,2324776.68,2023-06-11
CLM-001494,POL-000047,CYC-2024-01,2024-01-23,2024-01-28,Riverine Flood,Open,77149.93,0.0,2024-01-28
CLM-001495,POL-002215,CYC-2024-02,2024-03-15,2024-03-25,Wind,Open,45344.62,0.0,2024-03-25
CLM-001495,POL-002215,CYC-2024-02,2024-03-15,2024-03-25,Wind,Closed,79919.96,72108.91,2024-06-10
CLM-001496,POL-002996,CYC-2024-02,2024-03-17,2024-03-23,Wind,Open,25944.95,0.0,2024-03-23
CLM-001496,POL-002996,CYC-2024-02,2024-03-17,2024-03-23,Wind,Closed,78011.55,68121.98,2024-05-21
CLM-001497,POL-004866,CYC-2024-01,2024-01-22,2024-01-28,Wind,Open,38667.83,0.0,2024-01-28
CLM-001497,POL-004866,CYC-2024-01,2024-01-22,2024-01-28,Wind,Closed,77181.42,68766.65,2024-03-30
CLM-001498,POL-001790,CYC-2023-02,2023-12-04,2023-12-11,Riverine Flood,Open,15202.55,0.0,2023-12-11
CLM-001498,POL-001790,CYC-2023-02,2023-12-04,2023-12-11,Riverine Flood,Closed,32043.5,29684.7,2024-02-21
CLM-001499,POL-001352,CYC-2025-01,2025-02-09,2025-02-15,Wind,Open,85100.71,0.0,2025-02-15
CLM-001499,POL-001352,CYC-2025-01,2025-02-09,2025-02-15,Wind,Closed,173056.04,148335.66,2025-08-10
CLM-001500,POL-003668,CYC-2025-02,2025-11-28,2025-12-08,Wind,Open,455468.32,0.0,2025-12-08
CLM-001501,POL-003826,CYC-2025-02,2025-11-27,2025-12-11,Wind,Open,89698.43,0.0,2025-12-11
CLM-001501,POL-003826,CYC-2025-02,2025-11-27,2025-12-11,Wind,Closed,292857.79,274305.17,2026-01-19
CLM-001502,POL-004799,CYC-2025-01,2025-02-10,2025-02-12,Wind,Open,88718.7,0.0,2025-02-12
CLM-001502,POL-004799,CYC-2025-01,2025-02-10,2025-02-12,Wind,Closed,154416.48,133104.62,2025-06-11
CLM-001503,POL-003637,CYC-2024-01,2024-01-23,2024-02-06,Wind,Open,26238.23,0.0,2024-02-06
CLM-001504,POL-000406,CYC-2025-02,2025-11-28,2025-11-30,Wind,Open,85897.51,0.0,2025-11-30
CLM-001504,POL-000406,CYC-2025-02,2025-11-28,2025-11-30,Wind,Closed,276099.2,273153.04,2026-05-18
CLM-001505,POL-001235,CYC-2025-01,2025-02-09,2025-02-17,Riverine Flood,Open,108297.51,0.0,2025-02-17
CLM-001505,POL-001235,CYC-2025-01,2025-02-09,2025-02-17,Riverine Flood,Closed,189886.24,164257.76,2025-05-06
CLM-001506,POL-000065,CYC-2025-01,2025-02-09,2025-02-17,Wind,Open,47922.38,0.0,2025-02-17
CLM-001507,POL-000378,CYC-2024-02,2024-03-17,2024-03-26,Wind,Open,51276.4,0.0,2024-03-26
CLM-001507,POL-000378,CYC-2024-02,2024-03-17,2024-03-26,Wind,Closed,133542.46,121491.67,2024-08-17
CLM-001508,POL-000645,CYC-2025-01,2025-02-09,2025-02-11,Riverine Flood,Open,28375.92,0.0,2025-02-11
CLM-001508,POL-000645,CYC-2025-01,2025-02-09,2025-02-11,Riverine Flood,Closed,47514.25,42394.95,2025-05-02
CLM-001509,POL-002869,CYC-2025-01,2025-02-08,2025-02-13,Storm Surge,Open,77798.12,0.0,2025-02-13
CLM-001509,POL-002869,CYC-2025-01,2025-02-08,2025-02-13,Storm Surge,Closed,151473.43,130778.32,2025-06-10
CLM-001510,POL-002625,CYC-2024-02,2024-03-16,2024-03-21,Wind,Open,128314.83,0.0,2024-03-21
CLM-001511,POL-002187,CYC-2024-02,2024-03-16,2024-03-27,Riverine Flood,Open,33218.26,0.0,2024-03-27
CLM-001511,POL-002187,CYC-2024-02,2024-03-16,2024-03-27,Riverine Flood,Closed,81871.0,74927.87,2024-05-17
CLM-001512,POL-002774,CYC-2025-01,2025-02-09,2025-02-21,Storm Surge,Open,167557.52,0.0,2025-02-21
CLM-001512,POL-002774,CYC-2025-01,2025-02-09,2025-02-21,Storm Surge,Closed,491169.02,476351.03,2025-06-07
CLM-001513,POL-000338,CYC-2023-02,2023-12-03,2023-12-15,Riverine Flood,Open,37168.56,0.0,2023-12-15
CLM-001514,POL-001791,CYC-2024-02,2024-03-15,2024-03-17,Wind,Open,39174.38,0.0,2024-03-17
CLM-001514,POL-001791,CYC-2024-02,2024-03-15,2024-03-17,Wind,Closed,77254.62,69581.46,2024-07-20
CLM-001515,POL-002602,CYC-2024-02,2024-03-17,2024-03-26,Wind,Open,36300.59,0.0,2024-03-26
CLM-001515,POL-002602,CYC-2024-02,2024-03-17,2024-03-26,Wind,Closed,72573.07,63243.37,2024-09-20
CLM-001516,POL-004401,CYC-2024-02,2024-03-17,2024-03-20,Riverine Flood,Open,711754.31,0.0,2024-03-20
CLM-001516,POL-004401,CYC-2024-02,2024-03-17,2024-03-20,Riverine Flood,Closed,1926134.75,1878033.67,2024-08-01
CLM-001517,POL-002431,CYC-2025-01,2025-02-08,2025-02-17,Riverine Flood,Open,80087.12,0.0,2025-02-17
CLM-001517,POL-002431,CYC-2025-01,2025-02-08,2025-02-17,Riverine Flood,Closed,145071.73,128191.12,2025-07-30
CLM-001518,POL-001927,CYC-2024-02,2024-03-17,2024-03-22,Riverine Flood,Open,122330.32,0.0,2024-03-22
CLM-001518,POL-001927,CYC-2024-02,2024-03-17,2024-03-22,Riverine Flood,Closed,272036.26,243005.25,2024-09-13
CLM-001519,POL-000912,CYC-2025-02,2025-11-28,2025-12-11,Wind,Open,2593744.71,0.0,2025-12-11
CLM-001519,POL-000912,CYC-2025-02,2025-11-28,2025-12-11,Wind,Closed,4433606.21,3877719.26,2026-02-16
CLM-001520,POL-004134,CYC-2025-01,2025-02-09,2025-02-12,Riverine Flood,Open,56934.31,0.0,2025-02-12
CLM-001520,POL-004134,CYC-2025-01,2025-02-09,2025-02-12,Riverine Flood,Reopened,200957.47,179922.83,2025-10-17
CLM-001521,POL-001161,CYC-2099-01,2025-11-29,2025-12-08,Storm Surge,Open,223110.93,0.0,2025-12-08
CLM-001521,POL-999999,CYC-2025-02,2025-11-29,2025-12-08,Storm Surge,Closed,617975.4,548487.62,2026-03-06
CLM-001522,POL-000755,CYC-2024-02,2024-03-17,2024-03-20,Wind,Open,61227.83,0.0,2024-03-20
CLM-001522,POL-000755,CYC-2024-02,02/10/2025,2024-03-20,Wind,Closed,135439.52,116246.8,2024-04-29
CLM-001523,POL-004856,CYC-2024-02,2024-03-17,2024-03-19,Riverine Flood,Open,313388.29,"1,250.00",2024-03-19
CLM-001523,POL-004856,CYC-2024-02,2024-03-17,2024-03-19,Riverine Flood,Closed,N/A,1013450.74,2024-05-17
CLM-001524,POL-003196,CYC-2023-02,2023-12-04,2023-12-06,Wind,Open,113299.72,0.0,2023-12-06
CLM-001524,POL-003196,CYC-2023-02,2023-12-04,2023-12-01,Wind,Closed,194084.17,187899.61,2024-04-23
CLM-001525,POL-004424,CYC-2025-01,2025-02-10,2025-02-20,Wind,Open,84951.16,0.0,2025-02-20
CLM-001525,POL-004424,CYC-2025-01,2025-02-10,2025-02-07,Wind,Closed,144688.54,129526.34,2025-03-17
CLM-001526,POL-004474,CYC-2025-02,2025-11-27,2025-12-06,Wind,Open,90294.99,0.0,2025-12-06
CLM-001526,POL-004474,CYC-2025-02,2025-11-27,2025-11-24,Wind,Closed,174233.93,164706.66,2026-05-26
CLM-001527,POL-004568,CYC-2023-02,2023-12-04,2023-12-05,Riverine Flood,Open,12991.47,0.0,2023-12-05
CLM-001528,POL-000198,CYC-2024-01,2024-01-24,2024-01-26,Riverine Flood,Open,22077.18,27077.18,2024-01-26
CLM-001529,POL-001040,CYC-2024-02,2024-03-15,2024-03-24,Wind,Open,54599.79,0.0,2024-03-24
CLM-001530,POL-000606,CYC-2023-01,2023-02-13,2023-02-22,Wind,Open,79851.25,84851.25,2023-02-22
CLM-001530,POL-000606,CYC-2023-01,2023-02-13,2023-02-22,Wind,Closed,233606.97,213866.28,2023-03-20
CLM-001531,POL-000678,CYC-2025-02,2025-11-28,2025-12-12,Riverine Flood,Open,40125.86,45125.86,2025-12-12
CLM-001531,POL-000678,CYC-2025-02,2025-11-28,2025-12-12,Riverine Flood,Closed,87374.18,85446.24,2026-04-11
CLM-001532,POL-002553,CYC-2023-02,2023-12-04,2023-12-17,Wind,Open,,0.0,2023-12-17
CLM-001532,,CYC-2023-02,2023-12-04,2023-12-17,Wind,Closed,32373.63,31599.72,2024-02-13
,POL-002346,CYC-2025-02,2025-11-28,2025-11-29,Wind,Open,43462.77,0.0,2025-11-29
CLM-001519,POL-000912,CYC-2025-02,2025-11-28,2025-12-11,Wind,Closed,4434606.20,3877830.37,2026-02-16
CLM-001519,POL-000912,CYC-2025-02,2025-11-28,2025-12-11,Wind,Open,2594744.70,111.11,2025-12-11
CLM-001518,POL-001927,CYC-2024-02,2024-03-17,2024-03-22,Riverine Flood,Closed,273036.25,243116.36,2024-09-13
