policy_id,insurer_name,postcode,region_name,wind_risk_band,building_type,sum_insured,mitigation_flag,annual_premium,policy_start_date,policy_end_date
POL-000001,Pacific Rim Insurance,800,Darwin NT,T-W,Home,484053,Shutters Installed,3626.94,2023-04-15,2024-04-14
POL-000002,Pacific Rim Insurance,4825,Mount Isa QLD,B-F,Home,348246,Roof Tie-Down,502.83,2024-06-01,2025-06-01
POL-000003,Pacific Rim Insurance,4870,Cairns QLD,T-W,Home,821412,,7677.81,2024-04-04,2025-04-04
POL-000004,Coral Coast Mutual,6000,Perth WA,B-F,SME,1069659,Roof Tie-Down,1701.43,2023-12-15,2024-12-14
POL-000005,Coral Coast Mutual,810,Darwin NT,T-W,Home,357175,,3116.79,2023-04-10,2024-04-09
POL-000006,Outback Assurance Group,4680,Gladstone QLD,L-P,Home,731741,,3095.58,2025-09-23,2026-09-23
POL-000007,Pacific Rim Insurance,4825,Mount Isa QLD,B-F,Home,898564,,1742.1,2024-01-06,2025-01-05
POL-000008,Northbeam General,4703,Rockhampton QLD,Q-S,SME,1355874,Roof Tie-Down,7900.33,2023-03-23,2024-03-22
POL-000009,Northbeam General,800,Darwin NT,T-W,Home,632554,,5603.82,2023-12-30,2024-12-29
POL-000010,Pacific Rim Insurance,6000,Perth WA,B-F,SME,699483,,1286.55,2023-06-25,2024-06-24
POL-000011,Southern Cross Insurance,4350,Toowoomba QLD,B-F,Home,834004,Elevated Slab,1204.47,2023-11-29,2024-11-28
POL-000012,Pacific Rim Insurance,4350,Toowoomba QLD,B-F,SME,2082607,,3574.56,2023-08-05,2024-08-04
POL-000013,Northbeam General,6714,Karratha WA,T-W,Home,731141,,6449.73,2023-05-23,2024-05-22
POL-000014,Coral Coast Mutual,4825,Cloncurry QLD,B-F,Home,699245,,1358.78,2024-02-13,2025-02-12
POL-000015,Southern Cross Insurance,4350,Toowoomba QLD,B-F,Strata,10279821,Roof Tie-Down,14441.28,2023-02-18,2024-02-18
POL-000016,Outback Assurance Group,810,Darwin NT,T-W,Home,692666,,6707.21,2024-01-30,2025-01-29
POL-000017,Southern Cross Insurance,4810,Townsville QLD,T-W,Strata,11281590,,114908.43,2023-01-12,2024-01-12
POL-000018,Northbeam General,4825,Cloncurry QLD,B-F,SME,1826799,,3032.78,2024-03-21,2025-03-21
POL-000019,Northbeam General,4737,Bowen QLD,Q-S,Home,526183,,3742.98,2025-02-19,2026-02-19
POL-000020,Pacific Rim Insurance,4720,Charters Towers QLD,L-P,Strata,7007072,,31440.75,2024-06-03,2025-06-03
POL-000021,Pacific Rim Insurance,4703,Rockhampton QLD,Q-S,Home,815579,,5782.09,2025-08-02,2026-08-02
POL-000022,Coral Coast Mutual,4870,Cairns QLD,T-W,Home,367301,,3788.82,2025-06-18,2026-06-18
POL-000023,Southern Cross Insurance,4350,Toowoomba QLD,B-F,Home,332582,,549.04,2024-05-12,2025-05-12
POL-000024,Coral Coast Mutual,4825,Cloncurry QLD,B-F,SME,2393478,Roof Tie-Down,3989.3,2023-06-19,2024-06-18
POL-000025,Northbeam General,4720,Charters Towers QLD,L-P,SME,1288346,Elevated Slab,4993.94,2025-02-12,2026-02-12
POL-000026,Outback Assurance Group,6721,Port Hedland WA,T-W,Home,641559,,6019.36,2024-06-13,2025-06-13
POL-000027,Pacific Rim Insurance,800,Darwin NT,T-W,Home,272056,Roof Tie-Down,2235.65,2023-08-24,2024-08-23
POL-000028,Southern Cross Insurance,4350,Toowoomba QLD,B-F,Home,311733,,530.7,2025-07-16,2026-07-16
POL-000029,Pacific Rim Insurance,6714,Karratha WA,T-W,Home,758993,Shutters Installed,5778.59,2023-05-16,2024-05-15
POL-000030,Outback Assurance Group,4802,Townsville QLD,T-W,Home,676833,,6031.79,2023-04-10,2024-04-09
POL-000031,Southern Cross Insurance,4680,Gladstone QLD,L-P,Home,306802,,1333.25,2024-10-23,2025-10-23
POL-000032,Pacific Rim Insurance,4740,Mackay QLD,Q-S,Home,364576,Shutters Installed,1913.03,2023-07-14,2024-07-13
POL-000033,Southern Cross Insurance,4737,Bowen QLD,Q-S,Home,735100,Roof Tie-Down,3858.2,2025-08-03,2026-08-03
POL-000034,Southern Cross Insurance,4737,Bowen QLD,Q-S,SME,810658,,4795.66,2024-07-07,2025-07-07
POL-000035,Northbeam General,4825,Mount Isa QLD,B-F,Strata,4790237,,8461.04,2024-05-07,2025-05-07
POL-000036,Outback Assurance Group,4655,Hervey Bay QLD,L-P,Strata,2036161,Roof Tie-Down,7974.65,2023-09-29,2024-09-28
POL-000037,Northbeam General,6721,Port Hedland WA,T-W,Home,832765,,8167.39,2024-05-13,2025-05-13
POL-000038,Coral Coast Mutual,4703,Rockhampton QLD,Q-S,Home,857314,,5835.27,2023-03-04,2024-03-03
POL-000039,Pacific Rim Insurance,4740,Mackay QLD,Q-S,Home,806926,,4885.66,2025-09-10,2026-09-10
POL-000040,Outback Assurance Group,4825,Mount Isa QLD,B-F,SME,685048,Roof Tie-Down,1084.85,2023-08-29,2024-08-28
POL-000041,Southern Cross Insurance,800,Darwin NT,T-W,Strata,11712650,,113373.61,2024-09-26,2025-09-26
POL-000042,Coral Coast Mutual,4879,Innisfail QLD,T-W,SME,1726951,,17832.4,2023-07-29,2024-07-28
POL-000043,Southern Cross Insurance,4350,Toowoomba QLD,B-F,Home,564569,Roof Tie-Down,856.4,2025-08-09,2026-08-09
POL-000044,Pacific Rim Insurance,4870,Cairns QLD,T-W,Home,354837,,3083.25,2023-08-07,2024-08-06
POL-000045,Coral Coast Mutual,6000,Perth WA,B-F,Home,322132,Shutters Installed,530.25,2024-01-14,2025-01-13
POL-000046,Pacific Rim Insurance,4700,Rockhampton QLD,Q-S,Home,567212,,3769.23,2025-04-06,2026-04-06
POL-000047,Coral Coast Mutual,4870,Cairns QLD,T-W,SME,834473,,8623.42,2023-05-18,2024-05-17
POL-000048,Northbeam General,800,Darwin NT,T-W,SME,1051995,,9538.92,2024-09-11,2025-09-11
POL-000049,Southern Cross Insurance,6714,Karratha WA,T-W,Home,526807,,5010.08,2023-09-15,2024-09-14
POL-000050,Northbeam General,4825,Mount Isa QLD,B-F,Home,296228,,480.27,2025-02-28,2026-02-28
POL-000051,Southern Cross Insurance,6000,Perth WA,B-F,Home,698462,Elevated Slab,1081.66,2023-04-25,2024-04-24
POL-000052,Northbeam General,810,Darwin NT,T-W,Home,860805,,8263.55,2024-03-16,2025-03-16
POL-000053,Northbeam General,4740,Mackay QLD,Q-S,Home,291832,,2048.25,2023-08-04,2024-08-03
POL-000054,Northbeam General,800,Darwin NT,T-W,Home,676117,,7031.81,2025-02-06,2026-02-06
POL-000055,Northbeam General,4350,Toowoomba QLD,B-F,SME,1142611,,2213.59,2023-01-26,2024-01-26
POL-000056,Southern Cross Insurance,6714,Karratha WA,T-W,SME,1440888,Elevated Slab,11092.52,2025-03-17,2026-03-17
POL-000057,Outback Assurance Group,4655,Hervey Bay QLD,L-P,SME,1332954,,5262.02,2025-07-29,2026-07-29
POL-000058,Northbeam General,4680,Gladstone QLD,L-P,Home,488651,,1938.6,2024-11-06,2025-11-06
POL-000059,Outback Assurance Group,4655,Hervey Bay QLD,L-P,Home,542683,,2211.41,2024-06-05,2025-06-05
POL-000060,Coral Coast Mutual,4825,Cloncurry QLD,B-F,Home,523903,Roof Tie-Down,750.04,2025-09-12,2026-09-12
POL-000061,Southern Cross Insurance,4740,Mackay QLD,Q-S,Home,578914,Elevated Slab,3157.81,2024-06-07,2025-06-07
POL-000062,Pacific Rim Insurance,4655,Hervey Bay QLD,L-P,SME,586170,Roof Tie-Down,2180.01,2023-01-02,2024-01-02
POL-000063,Coral Coast Mutual,4825,Cloncurry QLD,B-F,SME,1226425,,2147.62,2023-03-13,2024-03-12
POL-000064,Outback Assurance Group,4810,Townsville QLD,T-W,Home,564910,,5374.29,2024-11-13,2025-11-13
POL-000065,Outback Assurance Group,6714,Karratha WA,T-W,Home,383470,Shutters Installed,2905.68,2024-11-11,2025-11-11
POL-000066,Coral Coast Mutual,4700,Rockhampton QLD,Q-S,Home,824553,Shutters Installed,4859.72,2023-11-08,2024-11-07
POL-000067,Northbeam General,4703,Rockhampton QLD,Q-S,Home,587902,,3794.6,2024-03-28,2025-03-28
POL-000068,Pacific Rim Insurance,4720,Charters Towers QLD,L-P,Home,427934,,1854.42,2023-10-18,2024-10-17
POL-000069,Northbeam General,4810,Townsville QLD,T-W,Home,496277,,4877.57,2023-08-19,2024-08-18
POL-000070,Southern Cross Insurance,810,Darwin NT,T-W,Home,748216,Shutters Installed,6176.3,2025-02-25,2026-02-25
POL-000071,Outback Assurance Group,4737,Bowen QLD,Q-S,Home,453880,,3079.05,2024-01-29,2025-01-28
POL-000072,Southern Cross Insurance,4655,Hervey Bay QLD,L-P,Home,255814,,1158.8,2025-05-31,2026-05-31
POL-000073,Northbeam General,4879,Innisfail QLD,T-W,Home,793118,,7481.2,2024-07-24,2025-07-24
POL-000074,Coral Coast Mutual,800,Darwin NT,T-W,Home,806932,,8413.88,2024-09-01,2025-09-01
POL-000075,Pacific Rim Insurance,4737,Bowen QLD,Q-S,Home,779298,,4991.22,2025-07-17,2026-07-17
POL-000076,Northbeam General,4737,Bowen QLD,Q-S,SME,2390928,,15385.84,2025-02-08,2026-02-08
POL-000077,Coral Coast Mutual,6000,Perth WA,B-F,SME,1403469,,2412.36,2023-03-21,2024-03-20
POL-000078,Northbeam General,4350,Toowoomba QLD,B-F,Home,816390,Shutters Installed,1144.3,2023-06-04,2024-06-03
POL-000079,Pacific Rim Insurance,4655,Hervey Bay QLD,L-P,SME,669395,,2763.59,2023-12-05,2024-12-04
POL-000080,Pacific Rim Insurance,4737,Bowen QLD,Q-S,Home,690552,Shutters Installed,3730.96,2025-02-27,2026-02-27
POL-000081,Coral Coast Mutual,4870,Cairns QLD,T-W,SME,1995433,,18869.34,2025-08-23,2026-08-23
POL-000082,Pacific Rim Insurance,6721,Port Hedland WA,T-W,SME,2157502,,20652.94,2025-01-22,2026-01-22
POL-000083,Outback Assurance Group,4810,Townsville QLD,T-W,SME,1544773,,14487.02,2023-01-30,2024-01-30
POL-000084,Northbeam General,6714,Karratha WA,T-W,SME,1092247,,11082.99,2025-07-30,2026-07-30
POL-000085,Southern Cross Insurance,4810,Townsville QLD,T-W,Home,870644,,8377.64,2023-01-28,2024-01-28
POL-000086,Northbeam General,4879,Innisfail QLD,T-W,Home,302727,,2737.95,2023-12-02,2024-12-01
POL-000087,Outback Assurance Group,4737,Bowen QLD,Q-S,Home,647542,,4022.36,2025-09-01,2026-09-01
POL-000088,Coral Coast Mutual,6000,Perth WA,B-F,SME,2662487,,4363.15,2025-09-01,2026-09-01
POL-000089,Northbeam General,4350,Toowoomba QLD,B-F,SME,568854,,1076.0,2025-08-30,2026-08-30
POL-000090,Southern Cross Insurance,4703,Rockhampton QLD,Q-S,SME,1400530,,8422.91,2024-11-16,2025-11-16
POL-000091,Pacific Rim Insurance,4802,Townsville QLD,T-W,Strata,6299055,,63035.31,2023-06-21,2024-06-20
POL-000092,Pacific Rim Insurance,4810,Townsville QLD,T-W,Strata,4747534,,49293.5,2023-04-21,2024-04-20
POL-000093,Northbeam General,4870,Cairns QLD,T-W,Strata,8296605,,77188.65,2025-01-02,2026-01-02
POL-000094,Coral Coast Mutual,4825,Mount Isa QLD,B-F,Home,504646,,836.04,2025-03-02,2026-03-02
POL-000095,Pacific Rim Insurance,4810,Townsville QLD,T-W,SME,2773693,,27839.58,2023-12-22,2024-12-21
POL-000096,Outback Assurance Group,4879,Innisfail QLD,T-W,SME,1831227,Roof Tie-Down,13345.86,2024-03-06,2025-03-06
POL-000097,Northbeam General,800,Darwin NT,T-W,Home,732071,Elevated Slab,6156.57,2024-03-21,2025-03-21
POL-000098,Outback Assurance Group,4720,Charters Towers QLD,L-P,Strata,11029043,Shutters Installed,41536.41,2024-04-21,2025-04-21
POL-000099,Northbeam General,4802,Townsville QLD,T-W,Home,340872,,3095.11,2024-04-06,2025-04-06
POL-000100,Coral Coast Mutual,4737,Bowen QLD,Q-S,Home,602737,,3548.5,2025-05-21,2026-05-21
POL-000101,Pacific Rim Insurance,4700,Rockhampton QLD,Q-S,Home,520902,Elevated Slab,2786.08,2025-06-20,2026-06-20
POL-000102,Outback Assurance Group,6000,Perth WA,B-F,Home,450337,,743.43,2025-01-07,2026-01-07
POL-000103,Outback Assurance Group,850,Alice Springs NT,B-F,Home,749219,Shutters Installed,1179.75,2024-05-17,2025-05-17
POL-000104,Coral Coast Mutual,4870,Cairns QLD,T-W,Home,505123,Shutters Installed,3920.78,2024-08-18,2025-08-18
POL-000105,Outback Assurance Group,850,Alice Springs NT,B-F,Home,827124,Shutters Installed,1222.67,2024-12-20,2025-12-20
POL-000106,Pacific Rim Insurance,6000,Perth WA,B-F,Home,451939,Shutters Installed,665.96,2025-01-30,2026-01-30
POL-000107,Pacific Rim Insurance,4700,Rockhampton QLD,Q-S,Home,539930,,3667.18,2025-09-27,2026-09-27
POL-000108,Northbeam General,4810,Townsville QLD,T-W,Home,453547,Roof Tie-Down,3513.15,2024-01-05,2025-01-04
POL-000109,Pacific Rim Insurance,6721,Port Hedland WA,T-W,Home,537636,,4643.28,2023-02-25,2024-02-25
POL-000110,Pacific Rim Insurance,6721,Port Hedland WA,T-W,SME,2458894,Roof Tie-Down,18277.4,2023-01-13,2024-01-13
POL-000111,Outback Assurance Group,6721,Port Hedland WA,T-W,Home,443319,Elevated Slab,3913.08,2023-09-16,2024-09-15
POL-000112,Southern Cross Insurance,800,Darwin NT,T-W,SME,710723,Elevated Slab,5827.49,2024-12-03,2025-12-03
POL-000113,Southern Cross Insurance,810,Darwin NT,T-W,Home,568594,,4953.5,2023-09-12,2024-09-11
POL-000114,Outback Assurance Group,4825,Cloncurry QLD,B-F,SME,2993834,,5093.25,2024-06-19,2025-06-19
POL-000115,Pacific Rim Insurance,4737,Bowen QLD,Q-S,Strata,11873813,Shutters Installed,72032.3,2023-11-09,2024-11-08
POL-000116,Northbeam General,4810,Townsville QLD,T-W,Home,354053,,3664.6,2023-08-01,2024-07-31
POL-000117,Southern Cross Insurance,6000,Perth WA,B-F,SME,1129026,Roof Tie-Down,1745.37,2023-06-10,2024-06-09
POL-000118,Coral Coast Mutual,4879,Innisfail QLD,T-W,Home,555407,,4783.17,2023-10-23,2024-10-22
POL-000119,Pacific Rim Insurance,4737,Bowen QLD,Q-S,Home,527405,Shutters Installed,3081.65,2024-10-02,2025-10-02
POL-000120,Northbeam General,4703,Rockhampton QLD,Q-S,Home,406226,,2856.15,2025-04-26,2026-04-26
POL-000121,Coral Coast Mutual,4825,Mount Isa QLD,B-F,Home,873948,,1651.43,2024-08-05,2025-08-05
POL-000122,Pacific Rim Insurance,4737,Bowen QLD,Q-S,Home,672060,,4755.15,2024-05-27,2025-05-27
POL-000123,Coral Coast Mutual,850,Alice Springs NT,B-F,Home,703014,,1324.78,2024-09-10,2025-09-10
POL-000124,Coral Coast Mutual,4870,Cairns QLD,T-W,Home,853139,,8246.04,2023-01-22,2024-01-22
POL-000125,Coral Coast Mutual,4802,Townsville QLD,T-W,Home,743355,,7088.66,2024-03-28,2025-03-28
POL-000126,Coral Coast Mutual,4700,Rockhampton QLD,Q-S,Strata,10249789,Elevated Slab,61942.61,2024-04-26,2025-04-26
POL-000127,Outback Assurance Group,4879,Innisfail QLD,T-W,Home,418637,,3841.68,2024-12-11,2025-12-11
POL-000128,Coral Coast Mutual,6721,Port Hedland WA,T-W,SME,2707272,Elevated Slab,19835.55,2023-04-01,2024-03-31
POL-000129,Southern Cross Insurance,6000,Perth WA,B-F,Home,673808,,1301.37,2025-04-24,2026-04-24
POL-000130,Outback Assurance Group,4825,Cloncurry QLD,B-F,Home,793623,Roof Tie-Down,1180.68,2025-02-13,2026-02-13
POL-000131,Outback Assurance Group,4737,Bowen QLD,Q-S,SME,2703594,Shutters Installed,13835.02,2023-10-22,2024-10-21
POL-000132,Northbeam General,850,Alice Springs NT,B-F,Home,888448,,1694.94,2024-12-27,2025-12-27
POL-000133,Southern Cross Insurance,6721,Port Hedland WA,T-W,Home,347736,,3121.6,2025-05-11,2026-05-11
POL-000134,Coral Coast Mutual,4737,Bowen QLD,Q-S,Strata,4583206,,29781.16,2025-01-03,2026-01-03
POL-000135,Outback Assurance Group,4720,Charters Towers QLD,L-P,SME,2423749,Elevated Slab,9483.87,2023-09-07,2024-09-06
POL-000136,Northbeam General,4825,Cloncurry QLD,B-F,Home,878492,Roof Tie-Down,1346.31,2025-06-19,2026-06-19
POL-000137,Pacific Rim Insurance,4825,Mount Isa QLD,B-F,Home,685098,,1193.68,2025-03-17,2026-03-17
POL-000138,Outback Assurance Group,6000,Perth WA,B-F,SME,1652233,Shutters Installed,2698.54,2024-08-16,2025-08-16
POL-000139,Outback Assurance Group,810,Darwin NT,T-W,Home,598588,,5745.63,2024-07-10,2025-07-10
POL-000140,Northbeam General,4737,Bowen QLD,Q-S,Strata,13702081,,84410.95,2024-01-28,2025-01-27
POL-000141,Northbeam General,4879,Innisfail QLD,T-W,Home,649749,,6031.98,2024-11-10,2025-11-10
POL-000142,Outback Assurance Group,850,Alice Springs NT,B-F,Strata,11901584,Roof Tie-Down,17597.57,2023-04-13,2024-04-12
POL-000143,Northbeam General,800,Darwin NT,T-W,Home,401157,,3742.38,2024-11-01,2025-11-01
POL-000144,Southern Cross Insurance,4825,Mount Isa QLD,B-F,Home,605007,,1115.86,2024-02-12,2025-02-11
POL-000145,Outback Assurance Group,6714,Karratha WA,T-W,SME,1993874,,20662.25,2024-10-03,2025-10-03
POL-000146,Southern Cross Insurance,4825,Cloncurry QLD,B-F,Home,551338,Roof Tie-Down,927.47,2025-02-03,2026-02-03
POL-000147,Northbeam General,4879,Innisfail QLD,T-W,Strata,13809328,,140964.25,2024-03-30,2025-03-30
POL-000148,Outback Assurance Group,6721,Port Hedland WA,T-W,Strata,2941524,Roof Tie-Down,22771.19,2024-01-19,2025-01-18
POL-000149,Pacific Rim Insurance,810,Darwin NT,T-W,Home,438803,Elevated Slab,3309.46,2023-03-22,2024-03-21
POL-000150,Coral Coast Mutual,4655,Hervey Bay QLD,L-P,Home,861484,Shutters Installed,2855.98,2024-04-17,2025-04-17
POL-000151,Pacific Rim Insurance,4737,Bowen QLD,Q-S,Home,737853,Roof Tie-Down,4403.75,2024-11-24,2025-11-24
POL-000152,Outback Assurance Group,4700,Rockhampton QLD,Q-S,Home,866113,,5403.59,2025-09-12,2026-09-12
POL-000153,Northbeam General,6000,Perth WA,B-F,Home,653380,Shutters Installed,1070.32,2023-04-20,2024-04-19
POL-000154,Outback Assurance Group,4655,Hervey Bay QLD,L-P,Home,559571,,2125.49,2025-04-29,2026-04-29
POL-000155,Outback Assurance Group,6000,Perth WA,B-F,Home,301426,,587.12,2025-02-02,2026-02-02
POL-000156,Pacific Rim Insurance,6721,Port Hedland WA,T-W,SME,1877741,Shutters Installed,14310.63,2023-07-14,2024-07-13
POL-000157,Southern Cross Insurance,6000,Perth WA,B-F,SME,973693,,1797.6,2025-07-14,2026-07-14
POL-000158,Coral Coast Mutual,6721,Port Hedland WA,T-W,SME,1930338,Roof Tie-Down,16311.86,2023-04-03,2024-04-02
POL-000159,Coral Coast Mutual,6714,Karratha WA,T-W,SME,954318,Roof Tie-Down,8147.7,2025-06-16,2026-06-16
POL-000160,Outback Assurance Group,4720,Charters Towers QLD,L-P,Home,422537,Shutters Installed,1435.14,2025-04-24,2026-04-24
POL-000161,Northbeam General,6721,Port Hedland WA,T-W,SME,883056,Shutters Installed,7085.51,2023-03-19,2024-03-18
POL-000162,Pacific Rim Insurance,4350,Toowoomba QLD,B-F,SME,2066864,,4068.04,2025-04-03,2026-04-03
POL-000163,Coral Coast Mutual,4680,Gladstone QLD,L-P,Home,527304,Elevated Slab,1896.24,2024-04-10,2025-04-10
POL-000164,Outback Assurance Group,6000,Perth WA,B-F,Home,639518,,1060.96,2023-08-28,2024-08-27
POL-000165,Southern Cross Insurance,4870,Cairns QLD,T-W,Home,593939,,6111.03,2023-08-15,2024-08-14
POL-000166,Southern Cross Insurance,4737,Bowen QLD,Q-S,Strata,8850067,Shutters Installed,45147.97,2023-02-16,2024-02-16
POL-000167,Outback Assurance Group,6721,Port Hedland WA,T-W,Strata,5939290,Roof Tie-Down,51674.34,2023-05-19,2024-05-18
POL-000168,Northbeam General,4737,Bowen QLD,Q-S,Home,816432,,5220.97,2025-01-30,2026-01-30
POL-000169,Coral Coast Mutual,4879,Innisfail QLD,T-W,SME,2982232,,27810.57,2025-09-01,2026-09-01
POL-000170,Coral Coast Mutual,4740,Mackay QLD,Q-S,SME,2265189,Shutters Installed,13642.92,2025-05-25,2026-05-25
POL-000171,Coral Coast Mutual,800,Darwin NT,T-W,Strata,12818398,Elevated Slab,100582.87,2024-02-12,2025-02-11
POL-000172,Pacific Rim Insurance,4703,Rockhampton QLD,Q-S,Strata,9628891,,57476.54,2023-08-06,2024-08-05
POL-000173,Southern Cross Insurance,4870,Cairns QLD,T-W,Home,382040,Shutters Installed,3262.04,2023-07-30,2024-07-29
POL-000174,Pacific Rim Insurance,4825,Cloncurry QLD,B-F,Home,494316,Shutters Installed,730.37,2023-06-01,2024-05-31
POL-000175,Northbeam General,4870,Cairns QLD,T-W,Home,386306,,3699.42,2025-03-28,2026-03-28
POL-000176,Northbeam General,800,Darwin NT,T-W,SME,462328,Roof Tie-Down,3627.45,2025-03-18,2026-03-18
POL-000177,Pacific Rim Insurance,4802,Townsville QLD,T-W,Home,304944,Roof Tie-Down,2278.61,2024-03-07,2025-03-07
POL-000178,Outback Assurance Group,800,Darwin NT,T-W,SME,1918501,,18274.01,2023-04-22,2024-04-21
POL-000179,Southern Cross Insurance,4720,Charters Towers QLD,L-P,Home,796781,,3213.71,2024-10-20,2025-10-20
POL-000180,Outback Assurance Group,4740,Mackay QLD,Q-S,Strata,9151684,,61699.98,2024-05-17,2025-05-17
POL-000181,Pacific Rim Insurance,4825,Mount Isa QLD,B-F,SME,1022157,Shutters Installed,1428.05,2023-10-09,2024-10-08
POL-000182,Pacific Rim Insurance,4802,Townsville QLD,T-W,Home,876410,Shutters Installed,7120.26,2024-04-09,2025-04-09
POL-000183,Pacific Rim Insurance,4810,Townsville QLD,T-W,Home,369971,,3762.72,2024-10-28,2025-10-28
POL-000184,Outback Assurance Group,4703,Rockhampton QLD,Q-S,Home,683914,,4302.24,2024-04-09,2025-04-09
POL-000185,Northbeam General,4879,Innisfail QLD,T-W,SME,1710818,Shutters Installed,14271.04,2024-01-19,2025-01-18
POL-000186,Coral Coast Mutual,850,Alice Springs NT,B-F,Home,347758,,617.44,2025-02-01,2026-02-01
POL-000187,Southern Cross Insurance,810,Darwin NT,T-W,Home,838866,,8067.54,2024-11-17,2025-11-17
POL-000188,Southern Cross Insurance,4879,Innisfail QLD,T-W,Home,693481,,7073.07,2025-01-08,2026-01-08
POL-000189,Outback Assurance Group,6721,Port Hedland WA,T-W,Home,855991,Elevated Slab,6922.37,2023-06-08,2024-06-07
POL-000190,Coral Coast Mutual,4350,Toowoomba QLD,B-F,SME,2733146,Elevated Slab,4070.95,2025-02-19,2026-02-19
POL-000191,Pacific Rim Insurance,4802,Townsville QLD,T-W,Home,838215,Elevated Slab,7410.99,2025-04-18,2026-04-18
POL-000192,Coral Coast Mutual,4810,Townsville QLD,T-W,SME,2954309,,30474.47,2025-04-29,2026-04-29
POL-000193,Southern Cross Insurance,4870,Cairns QLD,T-W,Home,573993,,5912.66,2023-12-26,2024-12-25
POL-000194,Southern Cross Insurance,4700,Rockhampton QLD,Q-S,SME,2081011,,12362.16,2025-01-28,2026-01-28
POL-000195,Coral Coast Mutual,4825,Mount Isa QLD,B-F,SME,2160905,Shutters Installed,3275.53,2023-06-11,2024-06-10
POL-000196,Southern Cross Insurance,6721,Port Hedland WA,T-W,SME,2780659,,26924.63,2025-06-23,2026-06-23
POL-000197,Outback Assurance Group,810,Darwin NT,T-W,Home,335544,,3042.38,2024-11-08,2025-11-08
POL-000198,Coral Coast Mutual,850,Alice Springs NT,B-F,Home,476040,Elevated Slab,765.48,2023-04-27,2024-04-26
POL-000199,Coral Coast Mutual,4879,Innisfail QLD,T-W,Home,871946,,8261.34,2024-11-14,2025-11-14
POL-000200,Northbeam General,4740,Mackay QLD,Q-S,Home,307443,,1801.61,2023-11-05,2024-11-04
POL-000201,Outback Assurance Group,810,Darwin NT,T-W,SME,903250,Shutters Installed,6575.65,2025-02-03,2026-02-03
POL-000202,Coral Coast Mutual,4700,Rockhampton QLD,Q-S,Home,491288,,3193.54,2025-05-03,2026-05-03
POL-000203,Southern Cross Insurance,4825,Mount Isa QLD,B-F,Home,707409,,1150.78,2025-08-01,2026-08-01
POL-000204,Southern Cross Insurance,6714,Karratha WA,T-W,Home,687983,,6260.7,2024-02-19,2025-02-18
POL-000205,Coral Coast Mutual,6714,Karratha WA,T-W,Home,732446,,7420.3,2025-07-30,2026-07-30
POL-000206,Southern Cross Insurance,4825,Mount Isa QLD,B-F,Home,706839,Roof Tie-Down,1100.69,2024-06-20,2025-06-20
POL-000207,Southern Cross Insurance,4655,Hervey Bay QLD,L-P,SME,1329340,,5396.82,2023-06-22,2024-06-21
POL-000208,Coral Coast Mutual,4720,Charters Towers QLD,L-P,Home,453322,,2058.52,2023-12-24,2024-12-23
POL-000209,Southern Cross Insurance,810,Darwin NT,T-W,Home,456854,Roof Tie-Down,3448.2,2023-06-06,2024-06-05
POL-000210,Pacific Rim Insurance,4700,Rockhampton QLD,Q-S,Strata,9783840,,66831.25,2025-02-17,2026-02-17
POL-000211,Coral Coast Mutual,4737,Bowen QLD,Q-S,SME,1755633,,12242.94,2024-10-04,2025-10-04
POL-000212,Southern Cross Insurance,810,Darwin NT,T-W,Home,567530,,5711.07,2024-08-28,2025-08-28
POL-000213,Coral Coast Mutual,4680,Gladstone QLD,L-P,Home,723866,Shutters Installed,2345.22,2024-01-13,2025-01-12
POL-000214,Outback Assurance Group,4825,Mount Isa QLD,B-F,Home,344682,,634.7,2024-06-03,2025-06-03
POL-000215,Pacific Rim Insurance,4737,Bowen QLD,Q-S,Home,293015,,1885.45,2025-04-09,2026-04-09
POL-000216,Southern Cross Insurance,4703,Rockhampton QLD,Q-S,Home,408189,,2896.12,2024-04-06,2025-04-06
POL-000217,Outback Assurance Group,6714,Karratha WA,T-W,Strata,12840213,Roof Tie-Down,96894.59,2023-09-11,2024-09-10
POL-000218,Outback Assurance Group,4737,Bowen QLD,Q-S,Home,631574,,4000.84,2023-10-17,2024-10-16
POL-000219,Coral Coast Mutual,4879,Innisfail QLD,T-W,SME,619636,,6227.05,2024-10-24,2025-10-24
POL-000220,Pacific Rim Insurance,4825,Mount Isa QLD,B-F,Home,655341,,1128.69,2025-01-11,2026-01-11
POL-000221,Outback Assurance Group,810,Darwin NT,T-W,Home,398298,,4099.21,2023-11-14,2024-11-13
POL-000222,Coral Coast Mutual,810,Darwin NT,T-W,Home,574620,,5523.22,2024-10-20,2025-10-20
POL-000223,Outback Assurance Group,810,Darwin NT,T-W,SME,2607853,,22760.2,2024-11-17,2025-11-17
POL-000224,Outback Assurance Group,4720,Charters Towers QLD,L-P,Home,439019,Elevated Slab,1708.72,2023-12-16,2024-12-15
POL-000225,Southern Cross Insurance,4703,Rockhampton QLD,Q-S,Home,330913,Roof Tie-Down,1753.62,2025-03-18,2026-03-18
POL-000226,Pacific Rim Insurance,4720,Charters Towers QLD,L-P,SME,2608433,,9942.58,2023-12-11,2024-12-10
POL-000227,Pacific Rim Insurance,810,Darwin NT,T-W,Home,439630,Roof Tie-Down,3785.27,2025-02-28,2026-02-28
POL-000228,Outback Assurance Group,4700,Rockhampton QLD,Q-S,SME,1927982,Roof Tie-Down,11027.83,2023-09-01,2024-08-31
POL-000229,Coral Coast Mutual,4810,Townsville QLD,T-W,Home,720735,,6482.73,2023-09-02,2024-09-01
POL-000230,Outback Assurance Group,850,Alice Springs NT,B-F,Strata,13380100,Roof Tie-Down,22302.24,2024-03-27,2025-03-27
POL-000231,Northbeam General,6721,Port Hedland WA,T-W,SME,2155990,,22391.92,2025-04-16,2026-04-16
POL-000232,Southern Cross Insurance,4810,Townsville QLD,T-W,Home,753935,Shutters Installed,6543.55,2024-07-21,2025-07-21
POL-000233,Pacific Rim Insurance,4720,Charters Towers QLD,L-P,SME,1072398,Shutters Installed,3654.49,2025-07-16,2026-07-16
POL-000234,Coral Coast Mutual,810,Darwin NT,T-W,SME,1331294,Roof Tie-Down,11431.12,2025-06-24,2026-06-24
POL-000235,Coral Coast Mutual,4870,Cairns QLD,T-W,Home,642127,Elevated Slab,4911.17,2023-03-25,2024-03-24
POL-000236,Southern Cross Insurance,4350,Toowoomba QLD,B-F,Home,601577,,1145.94,2023-05-21,2024-05-20
POL-000237,Outback Assurance Group,6721,Port Hedland WA,T-W,Strata,4328554,,43250.04,2024-04-25,2025-04-25
POL-000238,Pacific Rim Insurance,4810,Townsville QLD,T-W,Home,518355,Roof Tie-Down,3947.68,2023-06-03,2024-06-02
POL-000239,Southern Cross Insurance,4810,Townsville QLD,T-W,Home,552096,Roof Tie-Down,4224.25,2023-05-05,2024-05-04
POL-000240,Outback Assurance Group,4350,Toowoomba QLD,B-F,Home,729318,,1197.99,2025-05-06,2026-05-06
POL-000241,Coral Coast Mutual,4810,Townsville QLD,T-W,Home,852980,,7685.08,2023-05-28,2024-05-27
POL-000242,Southern Cross Insurance,4879,Innisfail QLD,T-W,Home,848384,Elevated Slab,6736.39,2024-11-11,2025-11-11
POL-000243,Pacific Rim Insurance,4720,Charters Towers QLD,L-P,Strata,10825812,Roof Tie-Down,38988.89,2025-03-16,2026-03-16
POL-000244,Coral Coast Mutual,4825,Cloncurry QLD,B-F,Home,295649,,546.61,2024-01-18,2025-01-17
POL-000245,Southern Cross Insurance,4870,Cairns QLD,T-W,Home,502838,Roof Tie-Down,4249.58,2024-10-05,2025-10-05
POL-000246,Northbeam General,4802,Townsville QLD,T-W,SME,585957,Shutters Installed,4591.83,2023-12-13,2024-12-12
POL-000247,Outback Assurance Group,4737,Bowen QLD,Q-S,Strata,5058117,,34926.03,2023-03-06,2024-03-05
POL-000248,Coral Coast Mutual,4740,Mackay QLD,Q-S,Home,459159,Roof Tie-Down,2732.59,2023-11-20,2024-11-19
POL-000249,Northbeam General,4720,Charters Towers QLD,L-P,Home,746395,,2980.19,2025-02-10,2026-02-10
POL-000250,Coral Coast Mutual,6721,Port Hedland WA,T-W,Home,598048,,5423.76,2025-03-29,2026-03-29
POL-000251,Outback Assurance Group,4879,Innisfail QLD,T-W,SME,2021705,,18587.9,2023-07-11,2024-07-10
POL-000252,Outback Assurance Group,850,Alice Springs NT,B-F,Home,529676,,1010.84,2025-01-14,2026-01-14
POL-000253,Southern Cross Insurance,4825,Mount Isa QLD,B-F,Home,439222,,797.79,2023-11-25,2024-11-24
POL-000254,Northbeam General,4825,Mount Isa QLD,B-F,Home,717576,Shutters Installed,1120.42,2024-03-12,2025-03-12
POL-000255,Coral Coast Mutual,4737,Bowen QLD,Q-S,Home,619685,Roof Tie-Down,3502.4,2024-03-21,2025-03-21
POL-000256,Northbeam General,4740,Mackay QLD,Q-S,Home,630959,,4111.97,2025-02-06,2026-02-06
POL-000257,Northbeam General,4870,Cairns QLD,T-W,Home,709457,,6112.77,2023-03-10,2024-03-09
POL-000258,Outback Assurance Group,4680,Gladstone QLD,L-P,Home,283958,,1217.69,2024-11-26,2025-11-26
POL-000259,Outback Assurance Group,4680,Gladstone QLD,L-P,Home,851800,,3318.33,2024-01-11,2025-01-10
POL-000260,Outback Assurance Group,6714,Karratha WA,T-W,Home,368959,Shutters Installed,2696.85,2023-07-10,2024-07-09
POL-000261,Outback Assurance Group,4720,Charters Towers QLD,L-P,Home,524492,,2324.01,2024-12-21,2025-12-21
POL-000262,Southern Cross Insurance,4703,Rockhampton QLD,Q-S,Strata,10240971,Shutters Installed,53188.5,2023-05-19,2024-05-18
POL-000263,Coral Coast Mutual,4737,Bowen QLD,Q-S,Home,342055,,2361.43,2025-09-17,2026-09-17
POL-000264,Northbeam General,4680,Gladstone QLD,L-P,SME,1617867,,7326.86,2025-05-21,2026-05-21
POL-000265,Northbeam General,4700,Rockhampton QLD,Q-S,SME,909031,,6482.0,2025-03-22,2026-03-22
POL-000266,Pacific Rim Insurance,4350,Toowoomba QLD,B-F,SME,2723734,Roof Tie-Down,4227.55,2024-04-23,2025-04-23
POL-000267,Outback Assurance Group,810,Darwin NT,T-W,Home,574314,Roof Tie-Down,4543.13,2025-01-04,2026-01-04
POL-000268,Coral Coast Mutual,4720,Charters Towers QLD,L-P,Home,852826,Elevated Slab,2785.04,2025-09-22,2026-09-22
POL-000269,Pacific Rim Insurance,4825,Mount Isa QLD,B-F,Home,611249,,1018.46,2025-04-28,2026-04-28
POL-000270,Southern Cross Insurance,4802,Townsville QLD,T-W,Home,703633,,6688.34,2025-06-08,2026-06-08
POL-000271,Northbeam General,800,Darwin NT,T-W,Home,419834,Shutters Installed,3269.92,2024-12-27,2025-12-27
POL-000272,Northbeam General,4680,Gladstone QLD,L-P,Strata,6765539,,30381.22,2023-09-14,2024-09-13
POL-000273,Northbeam General,4825,Cloncurry QLD,B-F,Home,894274,,1620.47,2024-05-29,2025-05-29
POL-000274,Pacific Rim Insurance,4802,Townsville QLD,T-W,Strata,13051703,Roof Tie-Down,108016.34,2025-07-12,2026-07-12
POL-000275,Pacific Rim Insurance,6714,Karratha WA,T-W,SME,519007,,4517.6,2025-08-29,2026-08-29
POL-000276,Outback Assurance Group,6000,Perth WA,B-F,SME,2147291,,3956.42,2023-02-01,2024-02-01
POL-000277,Outback Assurance Group,4825,Cloncurry QLD,B-F,Home,756404,,1292.06,2025-04-06,2026-04-06
POL-000278,Outback Assurance Group,6721,Port Hedland WA,T-W,Home,415759,,3902.0,2024-05-10,2025-05-10
POL-000279,Coral Coast Mutual,4703,Rockhampton QLD,Q-S,Home,584827,Roof Tie-Down,3382.52,2025-05-31,2026-05-31
POL-000280,Outback Assurance Group,4655,Hervey Bay QLD,L-P,Home,838933,Elevated Slab,2759.1,2023-09-05,2024-09-04
POL-000281,Outback Assurance Group,800,Darwin NT,T-W,Home,351514,Shutters Installed,2583.36,2025-08-26,2026-08-26
POL-000282,Pacific Rim Insurance,4810,Townsville QLD,T-W,Home,417457,,4214.48,2025-08-14,2026-08-14
POL-000283,Coral Coast Mutual,6714,Karratha WA,T-W,Home,789728,Roof Tie-Down,6334.73,2025-06-19,2026-06-19
POL-000284,Northbeam General,850,Alice Springs NT,B-F,Home,779996,,1391.98,2023-09-04,2024-09-03
POL-000285,Outback Assurance Group,4802,Townsville QLD,T-W,Home,768934,Roof Tie-Down,6330.24,2025-05-13,2026-05-13
POL-000286,Coral Coast Mutual,6721,Port Hedland WA,T-W,Home,701860,,6179.51,2023-09-28,2024-09-27
POL-000287,Pacific Rim Insurance,4655,Hervey Bay QLD,L-P,Home,847983,Elevated Slab,3064.73,2024-01-07,2025-01-06
POL-000288,Pacific Rim Insurance,6721,Port Hedland WA,T-W,Home,826566,,7506.43,2024-09-30,2025-09-30
POL-000289,Pacific Rim Insurance,800,Darwin NT,T-W,Home,641326,Roof Tie-Down,5484.14,2023-12-14,2024-12-13
POL-000290,Southern Cross Insurance,4680,Gladstone QLD,L-P,SME,2535414,Roof Tie-Down,8872.91,2023-02-11,2024-02-11
POL-000291,Pacific Rim Insurance,4740,Mackay QLD,Q-S,Home,746756,Shutters Installed,4141.78,2023-06-02,2024-06-01
POL-000292,Coral Coast Mutual,4720,Charters Towers QLD,L-P,Home,584002,,2287.24,2024-09-23,2025-09-23
POL-000293,Coral Coast Mutual,4802,Townsville QLD,T-W,Home,808198,,7662.29,2024-07-30,2025-07-30
POL-000294,Coral Coast Mutual,850,Alice Springs NT,B-F,SME,859714,Elevated Slab,1441.61,2024-08-20,2025-08-20
POL-000295,Southern Cross Insurance,4870,Cairns QLD,T-W,Home,856574,Shutters Installed,7024.23,2025-01-08,2026-01-08
POL-000296,Northbeam General,4802,Townsville QLD,T-W,Home,899840,,9017.97,2024-01-25,2025-01-24
POL-000297,Coral Coast Mutual,4350,Toowoomba QLD,B-F,Home,365233,,616.76,2024-03-27,2025-03-27
POL-000298,Outback Assurance Group,4879,Innisfail QLD,T-W,Home,680311,,6465.31,2024-09-18,2025-09-18
POL-000299,Outback Assurance Group,4740,Mackay QLD,Q-S,SME,2752529,,17265.42,2024-11-09,2025-11-09
POL-000300,Pacific Rim Insurance,4720,Charters Towers QLD,L-P,Home,731992,,3327.77,2023-12-17,2024-12-16
POL-000301,Northbeam General,4680,Gladstone QLD,L-P,SME,1508815,,6476.53,2023-07-16,2024-07-15
POL-000302,Northbeam General,6000,Perth WA,B-F,Home,562071,Shutters Installed,906.61,2024-12-22,2025-12-22
POL-000303,Pacific Rim Insurance,850,Alice Springs NT,B-F,Home,536741,Shutters Installed,786.36,2024-08-10,2025-08-10
POL-000304,Northbeam General,4655,Hervey Bay QLD,L-P,SME,1847599,Elevated Slab,7195.64,2025-04-03,2026-04-03
POL-000305,Coral Coast Mutual,6721,Port Hedland WA,T-W,Home,332868,,3065.08,2024-03-28,2025-03-28
POL-000306,Coral Coast Mutual,850,Alice Springs NT,B-F,Home,534303,,1045.04,2024-12-13,2025-12-13
POL-000307,Pacific Rim Insurance,810,Darwin NT,T-W,Home,500905,,4513.49,2024-11-16,2025-11-16
POL-000308,Southern Cross Insurance,4350,Toowoomba QLD,B-F,Home,683377,Roof Tie-Down,1010.08,2024-04-28,2025-04-28
POL-000309,Outback Assurance Group,810,Darwin NT,T-W,Home,415613,,3874.81,2025-08-15,2026-08-15
POL-000310,Southern Cross Insurance,850,Alice Springs NT,B-F,SME,1604793,,2785.31,2024-10-23,2025-10-23
POL-000311,Outback Assurance Group,4825,Mount Isa QLD,B-F,SME,556440,Shutters Installed,921.71,2023-06-29,2024-06-28
POL-000312,Coral Coast Mutual,4700,Rockhampton QLD,Q-S,Strata,8660463,Roof Tie-Down,50604.79,2023-07-10,2024-07-09
POL-000313,Coral Coast Mutual,4740,Mackay QLD,Q-S,Home,362512,,2558.24,2023-12-10,2024-12-09
POL-000314,Pacific Rim Insurance,4737,Bowen QLD,Q-S,Strata,10286475,,72067.43,2023-05-18,2024-05-17
POL-000315,Coral Coast Mutual,4737,Bowen QLD,Q-S,Home,596747,,3617.03,2024-04-14,2025-04-14
POL-000316,Northbeam General,4700,Rockhampton QLD,Q-S,Home,559355,Shutters Installed,3132.33,2025-02-14,2026-02-14
POL-000317,Coral Coast Mutual,4700,Rockhampton QLD,Q-S,Home,675187,,4675.73,2024-06-11,2025-06-11
POL-000318,Northbeam General,4825,Mount Isa QLD,B-F,Home,397442,Roof Tie-Down,605.34,2025-08-16,2026-08-16
POL-000319,Pacific Rim Insurance,4870,Cairns QLD,T-W,Home,529963,Shutters Installed,4668.06,2023-11-06,2024-11-05
POL-000320,Outback Assurance Group,4802,Townsville QLD,T-W,Home,497781,,4314.78,2023-05-02,2024-05-01
POL-000321,Coral Coast Mutual,6721,Port Hedland WA,T-W,Home,576084,,5681.08,2024-10-16,2025-10-16
POL-000322,Pacific Rim Insurance,4680,Gladstone QLD,L-P,Home,390057,Shutters Installed,1386.43,2024-04-10,2025-04-10
POL-000323,Northbeam General,4680,Gladstone QLD,L-P,Home,743699,,3284.3,2025-04-01,2026-04-01
POL-000324,Coral Coast Mutual,4350,Toowoomba QLD,B-F,SME,743388,,1344.92,2024-06-24,2025-06-24
POL-000325,Pacific Rim Insurance,4825,Mount Isa QLD,B-F,Strata,11188029,Roof Tie-Down,18496.99,2023-07-27,2024-07-26
POL-000326,Northbeam General,4825,Cloncurry QLD,B-F,Home,795617,Shutters Installed,1203.13,2024-11-27,2025-11-27
POL-000327,Northbeam General,4802,Townsville QLD,T-W,Home,717122,,7233.26,2024-04-09,2025-04-09
POL-000328,Coral Coast Mutual,4720,Charters Towers QLD,L-P,Home,835941,,3484.53,2025-04-06,2026-04-06
POL-000329,Outback Assurance Group,4870,Cairns QLD,T-W,Home,478486,,4616.81,2023-02-16,2024-02-16
POL-000330,Outback Assurance Group,4680,Gladstone QLD,L-P,SME,652730,,2979.74,2023-03-12,2024-03-11
POL-000331,Outback Assurance Group,4740,Mackay QLD,Q-S,Home,392007,Roof Tie-Down,2280.99,2025-01-16,2026-01-16
POL-000332,Pacific Rim Insurance,4680,Gladstone QLD,L-P,Strata,8333337,Elevated Slab,29010.1,2024-11-30,2025-11-30
POL-000333,Pacific Rim Insurance,810,Darwin NT,T-W,SME,1148572,Shutters Installed,10188.92,2024-02-07,2025-02-06
POL-000334,Outback Assurance Group,810,Darwin NT,T-W,SME,414568,Shutters Installed,3519.16,2023-11-02,2024-11-01
POL-000335,Northbeam General,4825,Cloncurry QLD,B-F,Home,490820,Elevated Slab,713.03,2023-12-21,2024-12-20
POL-000336,Outback Assurance Group,6000,Perth WA,B-F,Home,368326,,600.96,2024-11-07,2025-11-07
POL-000337,Southern Cross Insurance,4810,Townsville QLD,T-W,SME,465623,,4193.99,2023-03-10,2024-03-09
POL-000338,Outback Assurance Group,4810,Townsville QLD,T-W,Home,301040,,2713.87,2023-02-15,2024-02-15
POL-000339,Northbeam General,4737,Bowen QLD,Q-S,Home,309185,Shutters Installed,1585.3,2023-10-24,2024-10-23
POL-000340,Northbeam General,4802,Townsville QLD,T-W,Home,586241,,5276.24,2025-06-16,2026-06-16
POL-000341,Northbeam General,4720,Charters Towers QLD,L-P,Home,313918,Shutters Installed,1133.4,2024-08-28,2025-08-28
POL-000342,Outback Assurance Group,4879,Innisfail QLD,T-W,Home,611145,Roof Tie-Down,5370.84,2024-11-18,2025-11-18
POL-000343,Pacific Rim Insurance,4720,Charters Towers QLD,L-P,Home,406466,Elevated Slab,1393.01,2023-07-08,2024-07-07
POL-000344,Southern Cross Insurance,850,Alice Springs NT,B-F,Home,401363,Shutters Installed,651.64,2025-07-25,2026-07-25
POL-000345,Coral Coast Mutual,4825,Cloncurry QLD,B-F,Home,805736,Elevated Slab,1142.56,2023-09-06,2024-09-05
POL-000346,Pacific Rim Insurance,4703,Rockhampton QLD,Q-S,Home,721635,Roof Tie-Down,4263.84,2023-04-05,2024-04-04
POL-000347,Southern Cross Insurance,4703,Rockhampton QLD,Q-S,Home,884356,Elevated Slab,4986.64,2025-06-13,2026-06-13
POL-000348,Coral Coast Mutual,4703,Rockhampton QLD,Q-S,SME,2743988,,16826.47,2023-08-02,2024-08-01
POL-000349,Outback Assurance Group,6721,Port Hedland WA,T-W,Strata,5188068,Roof Tie-Down,45765.27,2023-05-01,2024-04-30
POL-000350,Coral Coast Mutual,4350,Toowoomba QLD,B-F,SME,2063595,,4022.87,2024-07-19,2025-07-19
POL-000351,Pacific Rim Insurance,6721,Port Hedland WA,T-W,Home,626710,,5725.62,2024-01-04,2025-01-03
POL-000352,Northbeam General,850,Alice Springs NT,B-F,Home,742296,,1406.05,2023-11-24,2024-11-23
POL-000353,Coral Coast Mutual,4680,Gladstone QLD,L-P,Home,482022,Roof Tie-Down,1803.85,2023-01-17,2024-01-17
POL-000354,Coral Coast Mutual,4825,Cloncurry QLD,B-F,Strata,9005797,,15546.43,2023-07-20,2024-07-19
POL-000355,Coral Coast Mutual,4350,Toowoomba QLD,B-F,Home,773555,,1406.5,2025-08-24,2026-08-24
POL-000356,Coral Coast Mutual,6000,Perth WA,B-F,SME,2457707,,4389.22,2025-01-20,2026-01-20
POL-000357,Southern Cross Insurance,4700,Rockhampton QLD,Q-S,Home,442988,,3119.51,2024-07-09,2025-07-09
POL-000358,Northbeam General,4720,Charters Towers QLD,L-P,Home,300871,,1330.46,2024-02-27,2025-02-26
POL-000359,Southern Cross Insurance,4350,Toowoomba QLD,B-F,Home,479344,Roof Tie-Down,734.24,2024-01-18,2025-01-17
POL-000360,Southern Cross Insurance,4810,Townsville QLD,T-W,Home,756676,,7417.42,2023-01-17,2024-01-17
POL-000361,Coral Coast Mutual,4825,Cloncurry QLD,B-F,Home,805134,Roof Tie-Down,1286.6,2024-07-02,2025-07-02
POL-000362,Northbeam General,4870,Cairns QLD,T-W,Home,701488,,7072.2,2025-07-20,2026-07-20
POL-000363,Coral Coast Mutual,800,Darwin NT,T-W,Strata,6042786,,53869.45,2024-06-23,2025-06-23
POL-000364,Pacific Rim Insurance,4680,Gladstone QLD,L-P,Home,641172,Elevated Slab,2499.25,2024-04-15,2025-04-15
POL-000365,Southern Cross Insurance,4350,Toowoomba QLD,B-F,Strata,13476314,Shutters Installed,21971.61,2023-03-24,2024-03-23
POL-000366,Northbeam General,4825,Mount Isa QLD,B-F,Home,749127,Elevated Slab,1044.41,2023-01-10,2024-01-10
POL-000367,Southern Cross Insurance,4825,Mount Isa QLD,B-F,Home,597362,Elevated Slab,926.0,2025-05-28,2026-05-28
POL-000368,Coral Coast Mutual,4720,Charters Towers QLD,L-P,Strata,13614660,Shutters Installed,52371.7,2024-05-01,2025-05-01
POL-000369,Southern Cross Insurance,4740,Mackay QLD,Q-S,Strata,6703878,,47055.22,2024-07-31,2025-07-31
POL-000370,Outback Assurance Group,4700,Rockhampton QLD,Q-S,Strata,5475536,Shutters Installed,30778.95,2025-02-09,2026-02-09
POL-000371,Pacific Rim Insurance,4825,Mount Isa QLD,B-F,Home,844223,,1621.31,2024-02-03,2025-02-02
POL-000372,Coral Coast Mutual,6714,Karratha WA,T-W,Home,332237,,3156.75,2025-09-24,2026-09-24
POL-000373,Pacific Rim Insurance,4740,Mackay QLD,Q-S,Home,329710,Shutters Installed,1763.57,2025-02-26,2026-02-26
POL-000374,Outback Assurance Group,4810,Townsville QLD,T-W,Home,281064,,2741.73,2025-03-13,2026-03-13
POL-000375,Pacific Rim Insurance,850,Alice Springs NT,B-F,Home,643663,,1142.8,2024-11-27,2025-11-27
POL-000376,Coral Coast Mutual,4655,Hervey Bay QLD,L-P,Home,508421,,2226.38,2023-03-26,2024-03-25
POL-000377,Coral Coast Mutual,810,Darwin NT,T-W,Home,411771,,4099.32,2023-11-21,2024-11-20
POL-000378,Southern Cross Insurance,800,Darwin NT,T-W,Home,716339,,6614.56,2023-10-04,2024-10-03
POL-000379,Southern Cross Insurance,810,Darwin NT,T-W,Home,834041,Elevated Slab,6808.61,2024-02-22,2025-02-21
POL-000380,Outback Assurance Group,4870,Cairns QLD,T-W,Home,875920,,8484.41,2023-11-29,2024-11-28
POL-000381,Northbeam General,4870,Cairns QLD,T-W,Home,338813,Elevated Slab,2858.95,2024-07-26,2025-07-26
POL-000382,Coral Coast Mutual,4802,Townsville QLD,T-W,Home,427735,,3769.97,2023-11-05,2024-11-04
POL-000383,Southern Cross Insurance,850,Alice Springs NT,B-F,Home,539366,Roof Tie-Down,812.21,2024-05-10,2025-05-10
POL-000384,Outback Assurance Group,4680,Gladstone QLD,L-P,Home,769886,Shutters Installed,2800.06,2023-07-20,2024-07-19
POL-000385,Outback Assurance Group,800,Darwin NT,T-W,Home,664913,Roof Tie-Down,5189.0,2024-09-27,2025-09-27
POL-000386,Pacific Rim Insurance,6714,Karratha WA,T-W,Home,873266,Elevated Slab,6538.44,2023-11-25,2024-11-24
POL-000387,Outback Assurance Group,4703,Rockhampton QLD,Q-S,Home,667584,Roof Tie-Down,4034.17,2023-10-26,2024-10-25
POL-000388,Coral Coast Mutual,4802,Townsville QLD,T-W,SME,1575664,Shutters Installed,13528.87,2024-02-07,2025-02-06
POL-000389,Pacific Rim Insurance,800,Darwin NT,T-W,Strata,11154137,Roof Tie-Down,84303.89,2025-02-25,2026-02-25
POL-000390,Coral Coast Mutual,4870,Cairns QLD,T-W,Strata,13884427,,124242.46,2025-03-27,2026-03-27
POL-000391,Coral Coast Mutual,4825,Mount Isa QLD,B-F,SME,2116064,,3940.69,2023-05-23,2024-05-22
POL-000392,Outback Assurance Group,4350,Toowoomba QLD,B-F,Home,693681,Roof Tie-Down,1122.69,2023-03-17,2024-03-16
POL-000393,Outback Assurance Group,4810,Townsville QLD,T-W,Home,781221,Elevated Slab,6842.67,2025-06-09,2026-06-09
POL-000394,Southern Cross Insurance,4825,Cloncurry QLD,B-F,Home,812986,,1490.83,2025-07-25,2026-07-25
POL-000395,Southern Cross Insurance,800,Darwin NT,T-W,SME,1889014,,16748.08,2024-09-19,2025-09-19
POL-000396,Outback Assurance Group,4802,Townsville QLD,T-W,Strata,8704473,,90412.85,2023-12-06,2024-12-05
POL-000397,Pacific Rim Insurance,800,Darwin NT,T-W,Home,785482,Shutters Installed,6655.91,2024-07-25,2025-07-25
POL-000398,Pacific Rim Insurance,4802,Townsville QLD,T-W,Home,735556,Elevated Slab,6263.14,2024-08-25,2025-08-25
POL-000399,Southern Cross Insurance,810,Darwin NT,T-W,Home,359627,Roof Tie-Down,2785.18,2025-07-31,2026-07-31
POL-000400,Northbeam General,800,Darwin NT,T-W,SME,1860996,,17014.33,2024-04-11,2025-04-11
POL-000401,Coral Coast Mutual,4720,Charters Towers QLD,L-P,Home,709450,,3111.98,2024-04-08,2025-04-08
POL-000402,Southern Cross Insurance,4825,Mount Isa QLD,B-F,Home,370675,,603.51,2023-12-18,2024-12-17
POL-000403,Coral Coast Mutual,4700,Rockhampton QLD,Q-S,Strata,10656941,,64759.98,2023-06-13,2024-06-12
POL-000404,Outback Assurance Group,4825,Cloncurry QLD,B-F,Home,674723,,1246.02,2023-07-10,2024-07-09
POL-000405,Outback Assurance Group,4655,Hervey Bay QLD,L-P,Home,456909,,1899.66,2024-03-15,2025-03-15
POL-000406,Pacific Rim Insurance,4870,Cairns QLD,T-W,SME,662411,Shutters Installed,5431.72,2025-03-29,2026-03-29
POL-000407,Outback Assurance Group,4700,Rockhampton QLD,Q-S,Home,369490,Roof Tie-Down,1944.4,2025-06-02,2026-06-02
POL-000408,Southern Cross Insurance,4720,Charters Towers QLD,L-P,Strata,8520284,Shutters Installed,31094.56,2024-08-24,2025-08-24
POL-000409,Coral Coast Mutual,4680,Gladstone QLD,L-P,Home,430908,,1923.38,2024-12-23,2025-12-23
POL-000410,Southern Cross Insurance,4810,Townsville QLD,T-W,Home,578399,,5074.84,2023-11-09,2024-11-08
POL-000411,Pacific Rim Insurance,4700,Rockhampton QLD,Q-S,Home,657333,Roof Tie-Down,3572.38,2023-05-22,2024-05-21
POL-000412,Northbeam General,4655,Hervey Bay QLD,L-P,Home,813483,,3548.81,2024-10-22,2025-10-22
POL-000413,Pacific Rim Insurance,4825,Cloncurry QLD,B-F,Home,446187,Shutters Installed,657.35,2024-04-06,2025-04-06
POL-000414,Outback Assurance Group,4740,Mackay QLD,Q-S,SME,2432597,,14662.47,2025-04-14,2026-04-14
POL-000415,Outback Assurance Group,4825,Cloncurry QLD,B-F,Home,765611,,1354.85,2025-05-10,2026-05-10
POL-000416,Northbeam General,850,Alice Springs NT,B-F,Home,481241,,830.21,2023-10-09,2024-10-08
POL-000417,Outback Assurance Group,4825,Cloncurry QLD,B-F,Home,843127,,1591.24,2025-02-23,2026-02-23
POL-000418,Coral Coast Mutual,4825,Cloncurry QLD,B-F,Home,530901,,1008.2,2025-04-23,2026-04-23
POL-000419,Southern Cross Insurance,4825,Cloncurry QLD,B-F,SME,2251225,Roof Tie-Down,3476.31,2024-03-11,2025-03-11
POL-000420,Southern Cross Insurance,4350,Toowoomba QLD,B-F,Home,721578,,1237.23,2025-06-01,2026-06-01
POL-000421,Pacific Rim Insurance,4737,Bowen QLD,Q-S,SME,1393823,Roof Tie-Down,7254.03,2025-01-25,2026-01-25
POL-000422,Northbeam General,4680,Gladstone QLD,L-P,SME,2195862,,8606.52,2023-05-23,2024-05-22
POL-000423,Northbeam General,4703,Rockhampton QLD,Q-S,SME,2632547,,16362.36,2024-07-05,2025-07-05
POL-000424,Pacific Rim Insurance,6714,Karratha WA,T-W,Strata,11608908,Shutters Installed,89379.99,2025-05-28,2026-05-28
POL-000425,Northbeam General,800,Darwin NT,T-W,Home,681589,,7017.41,2023-10-11,2024-10-10
POL-000426,Outback Assurance Group,810,Darwin NT,T-W,Home,509579,,5094.16,2024-11-23,2025-11-23
POL-000427,Southern Cross Insurance,850,Alice Springs NT,B-F,Home,684346,,1201.07,2023-03-19,2024-03-18
POL-000428,Coral Coast Mutual,4655,Hervey Bay QLD,L-P,Home,636999,Shutters Installed,2253.48,2024-05-14,2025-05-14
POL-000429,Coral Coast Mutual,4802,Townsville QLD,T-W,Home,347666,,3455.37,2024-04-14,2025-04-14
POL-000430,Coral Coast Mutual,4825,Mount Isa QLD,B-F,SME,2202053,Elevated Slab,3588.03,2024-05-21,2025-05-21
POL-000431,Outback Assurance Group,6714,Karratha WA,T-W,SME,2824029,Shutters Installed,21119.25,2025-05-22,2026-05-22
POL-000432,Outback Assurance Group,6714,Karratha WA,T-W,SME,592698,,5179.7,2025-03-13,2026-03-13
POL-000433,Outback Assurance Group,4870,Cairns QLD,T-W,Home,712721,,6711.97,2025-09-08,2026-09-08
POL-000434,Coral Coast Mutual,4703,Rockhampton QLD,Q-S,Strata,12905143,,80559.39,2025-06-14,2026-06-14
POL-000435,Northbeam General,4825,Mount Isa QLD,B-F,SME,1959625,Shutters Installed,3096.87,2024-10-26,2025-10-26
POL-000436,Southern Cross Insurance,4740,Mackay QLD,Q-S,Home,495517,Shutters Installed,2698.98,2023-04-04,2024-04-03
POL-000437,Outback Assurance Group,4870,Cairns QLD,T-W,Home,872518,Roof Tie-Down,6659.75,2024-11-27,2025-11-27
POL-000438,Northbeam General,4870,Cairns QLD,T-W,Home,376451,Shutters Installed,3336.62,2024-03-08,2025-03-08
POL-000439,Coral Coast Mutual,850,Alice Springs NT,B-F,Home,357402,Elevated Slab,503.43,2024-01-12,2025-01-11
POL-000440,Northbeam General,810,Darwin NT,T-W,Home,389613,,3806.13,2024-11-24,2025-11-24
POL-000441,Northbeam General,4825,Mount Isa QLD,B-F,Home,422088,Roof Tie-Down,638.06,2025-01-09,2026-01-09
POL-000442,Southern Cross Insurance,810,Darwin NT,T-W,Strata,9421969,,95952.66,2023-03-30,2024-03-29
POL-000443,Coral Coast Mutual,810,Darwin NT,T-W,SME,2010746,,18534.89,2024-03-15,2025-03-15
POL-000444,Pacific Rim Insurance,810,Darwin NT,T-W,Home,510221,,4898.86,2024-09-06,2025-09-06
POL-000445,Pacific Rim Insurance,6721,Port Hedland WA,T-W,SME,1665209,,14887.55,2024-09-13,2025-09-13
POL-000446,Northbeam General,4703,Rockhampton QLD,Q-S,SME,628879,Shutters Installed,3671.77,2025-03-23,2026-03-23
POL-000447,Southern Cross Insurance,850,Alice Springs NT,B-F,Home,872780,Shutters Installed,1220.78,2025-06-29,2026-06-29
POL-000448,Northbeam General,4680,Gladstone QLD,L-P,Strata,11535840,Roof Tie-Down,40531.13,2024-07-13,2025-07-13
POL-000449,Coral Coast Mutual,850,Alice Springs NT,B-F,Strata,2280001,,4175.71,2023-01-15,2024-01-15
POL-000450,Pacific Rim Insurance,4703,Rockhampton QLD,Q-S,Home,667307,Roof Tie-Down,3691.75,2024-10-05,2025-10-05
POL-000451,Coral Coast Mutual,4879,Innisfail QLD,T-W,Home,812628,Elevated Slab,6611.39,2023-06-06,2024-06-05
POL-000452,Pacific Rim Insurance,4825,Mount Isa QLD,B-F,Home,463068,,912.59,2023-06-09,2024-06-08
POL-000453,Northbeam General,6714,Karratha WA,T-W,Home,319326,,2918.42,2024-03-23,2025-03-23
POL-000454,Southern Cross Insurance,4740,Mackay QLD,Q-S,Home,371620,,2393.0,2024-09-15,2025-09-15
POL-000455,Northbeam General,6721,Port Hedland WA,T-W,SME,1136712,,9976.85,2024-12-25,2025-12-25
POL-000456,Coral Coast Mutual,4870,Cairns QLD,T-W,Home,798410,,7611.02,2025-04-22,2026-04-22
POL-000457,Southern Cross Insurance,4700,Rockhampton QLD,Q-S,Home,531819,,3617.87,2023-05-01,2024-04-30
POL-000458,Pacific Rim Insurance,6714,Karratha WA,T-W,SME,667898,Shutters Installed,5137.58,2025-09-25,2026-09-25
POL-000459,Northbeam General,4825,Mount Isa QLD,B-F,Home,308132,,554.59,2024-08-03,2025-08-03
POL-000460,Northbeam General,4680,Gladstone QLD,L-P,Home,851790,,3702.1,2023-04-29,2024-04-28
POL-000461,Coral Coast Mutual,4720,Charters Towers QLD,L-P,Home,262884,,1047.7,2024-04-28,2025-04-28
POL-000462,Outback Assurance Group,4655,Hervey Bay QLD,L-P,Strata,2593302,Roof Tie-Down,9355.97,2025-07-24,2026-07-24
POL-000463,Pacific Rim Insurance,4350,Toowoomba QLD,B-F,Home,585476,Elevated Slab,854.8,2023-03-21,2024-03-20
POL-000464,Pacific Rim Insurance,4680,Gladstone QLD,L-P,Home,305230,,1199.75,2025-04-03,2026-04-03
POL-000465,Coral Coast Mutual,4740,Mackay QLD,Q-S,Strata,9802985,Roof Tie-Down,58126.46,2025-03-03,2026-03-03
POL-000466,Coral Coast Mutual,6714,Karratha WA,T-W,Home,636839,,5687.78,2024-07-31,2025-07-31
POL-000467,Northbeam General,4810,Townsville QLD,T-W,Home,767326,Elevated Slab,6813.03,2025-03-05,2026-03-05
POL-000468,Northbeam General,4825,Cloncurry QLD,B-F,SME,426750,Shutters Installed,709.39,2023-01-25,2024-01-25
POL-000469,Outback Assurance Group,4825,Cloncurry QLD,B-F,Home,260060,,510.33,2023-01-02,2024-01-02
POL-000470,Southern Cross Insurance,6721,Port Hedland WA,T-W,Home,499736,,4671.36,2025-09-11,2026-09-11
POL-000471,Outback Assurance Group,810,Darwin NT,T-W,SME,1370866,Roof Tie-Down,11949.32,2024-06-16,2025-06-16
POL-000472,Outback Assurance Group,4680,Gladstone QLD,L-P,Home,858982,,3315.92,2023-05-17,2024-05-16
POL-000473,Coral Coast Mutual,4825,Mount Isa QLD,B-F,Home,387057,Roof Tie-Down,561.02,2023-09-25,2024-09-24
POL-000474,Southern Cross Insurance,4655,Hervey Bay QLD,L-P,SME,1734030,,7214.11,2023-08-28,2024-08-27
POL-000475,Outback Assurance Group,4703,Rockhampton QLD,Q-S,Home,364266,,2204.55,2023-06-18,2024-06-17
POL-000476,Outback Assurance Group,4737,Bowen QLD,Q-S,Home,625691,Roof Tie-Down,3778.19,2023-08-01,2024-07-31
POL-000477,Coral Coast Mutual,6721,Port Hedland WA,T-W,Home,344813,,3051.41,2024-12-03,2025-12-03
POL-000478,Northbeam General,4810,Townsville QLD,T-W,Home,593716,,5243.59,2024-12-29,2025-12-29
POL-000479,Southern Cross Insurance,4680,Gladstone QLD,L-P,Home,563357,Roof Tie-Down,1914.71,2023-06-28,2024-06-27
POL-000480,Southern Cross Insurance,4655,Hervey Bay QLD,L-P,SME,2707374,,10802.09,2024-04-18,2025-04-18
POL-000481,Outback Assurance Group,810,Darwin NT,T-W,Home,483086,Roof Tie-Down,3612.81,2025-04-23,2026-04-23
POL-000482,Southern Cross Insurance,4680,Gladstone QLD,L-P,SME,752486,,3212.48,2023-09-23,2024-09-22
POL-000483,Southern Cross Insurance,4870,Cairns QLD,T-W,Strata,12837861,Roof Tie-Down,102492.88,2023-05-12,2024-05-11
POL-000484,Outback Assurance Group,6714,Karratha WA,T-W,Home,303097,,2688.22,2024-08-10,2025-08-10
POL-000485,Northbeam General,4655,Hervey Bay QLD,L-P,Home,697389,Elevated Slab,2326.76,2023-08-08,2024-08-07
POL-000486,Northbeam General,6000,Perth WA,B-F,Home,286332,,527.16,2024-09-23,2025-09-23
POL-000487,Outback Assurance Group,6721,Port Hedland WA,T-W,Home,752300,,6519.33,2023-10-14,2024-10-13
POL-000488,Pacific Rim Insurance,810,Darwin NT,T-W,Home,801356,,7230.94,2025-04-01,2026-04-01
POL-000489,Outback Assurance Group,4870,Cairns QLD,T-W,Strata,8024901,,75926.8,2025-03-11,2026-03-11
POL-000490,Coral Coast Mutual,4680,Gladstone QLD,L-P,Strata,8515956,,34124.85,2023-01-27,2024-01-27
POL-000491,Pacific Rim Insurance,4810,Townsville QLD,T-W,Home,544579,,4716.77,2024-04-28,2025-04-28
POL-000492,Northbeam General,4680,Gladstone QLD,L-P,SME,1069514,,4132.72,2024-11-03,2025-11-03
POL-000493,Northbeam General,6000,Perth WA,B-F,Home,308624,,584.86,2025-08-28,2026-08-28
POL-000494,Northbeam General,4802,Townsville QLD,T-W,SME,1888158,,19498.8,2025-05-15,2026-05-15
POL-000495,Coral Coast Mutual,4700,Rockhampton QLD,Q-S,Home,626211,Shutters Installed,3746.27,2023-01-29,2024-01-29
POL-000496,Outback Assurance Group,4802,Townsville QLD,T-W,Home,447377,,4536.28,2025-04-09,2026-04-09
POL-000497,Northbeam General,4825,Cloncurry QLD,B-F,Home,344641,,565.29,2024-09-08,2025-09-08
POL-000498,Coral Coast Mutual,4870,Cairns QLD,T-W,Home,893966,Roof Tie-Down,6787.76,2023-05-14,2024-05-13
POL-000499,Pacific Rim Insurance,4700,Rockhampton QLD,Q-S,Strata,7428919,,44034.34,2023-06-01,2024-05-31
POL-000500,Outback Assurance Group,810,Darwin NT,T-W,SME,1930458,,20028.62,2024-01-18,2025-01-17
POL-000501,Outback Assurance Group,4802,Townsville QLD,T-W,Home,393079,Shutters Installed,3476.2,2025-01-19,2026-01-19
POL-000502,Pacific Rim Insurance,850,Alice Springs NT,B-F,Home,839275,Roof Tie-Down,1333.8,2025-08-09,2026-08-09
POL-000503,Coral Coast Mutual,4680,Gladstone QLD,L-P,Home,433869,,1777.93,2025-01-21,2026-01-21
POL-000504,Pacific Rim Insurance,810,Darwin NT,T-W,Home,850660,Roof Tie-Down,6720.16,2025-02-28,2026-02-28
POL-000505,Southern Cross Insurance,4740,Mackay QLD,Q-S,Home,891079,Shutters Installed,4648.39,2024-08-02,2025-08-02
POL-000506,Northbeam General,850,Alice Springs NT,B-F,Home,499556,,871.65,2023-11-24,2024-11-23
POL-000507,Northbeam General,4825,Mount Isa QLD,B-F,SME,1808235,,3220.08,2023-09-29,2024-09-28
POL-000508,Outback Assurance Group,4350,Toowoomba QLD,B-F,SME,853129,Elevated Slab,1362.83,2023-02-19,2024-02-19
POL-000509,Coral Coast Mutual,4737,Bowen QLD,Q-S,SME,2136522,,13868.18,2024-01-23,2025-01-22
POL-000510,Northbeam General,4825,Cloncurry QLD,B-F,Home,856135,,1587.57,2024-12-04,2025-12-04
POL-000511,Coral Coast Mutual,4700,Rockhampton QLD,Q-S,Home,285035,,1776.73,2023-11-23,2024-11-22
POL-000512,Pacific Rim Insurance,800,Darwin NT,T-W,Home,643696,Roof Tie-Down,4845.33,2023-03-18,2024-03-17
POL-000513,Northbeam General,4825,Mount Isa QLD,B-F,Home,756186,,1416.81,2024-03-17,2025-03-17
POL-000514,Northbeam General,4810,Townsville QLD,T-W,SME,824706,Roof Tie-Down,6434.54,2025-09-24,2026-09-24
POL-000515,Coral Coast Mutual,4879,Innisfail QLD,T-W,SME,2665450,,24132.99,2023-10-16,2024-10-15
POL-000516,Southern Cross Insurance,4350,Toowoomba QLD,B-F,Home,826363,Elevated Slab,1350.27,2023-06-07,2024-06-06
POL-000517,Southern Cross Insurance,4680,Gladstone QLD,L-P,Home,879371,Roof Tie-Down,3127.0,2023-04-10,2024-04-09
POL-000518,Coral Coast Mutual,4703,Rockhampton QLD,Q-S,Home,335916,Shutters Installed,1846.13,2023-04-29,2024-04-28
POL-000519,Outback Assurance Group,4655,Hervey Bay QLD,L-P,Home,527877,,2035.79,2024-07-11,2025-07-11
POL-000520,Outback Assurance Group,4700,Rockhampton QLD,Q-S,Home,445646,Elevated Slab,2435.49,2023-09-27,2024-09-26
POL-000521,Southern Cross Insurance,4737,Bowen QLD,Q-S,Home,841655,,4991.12,2025-02-09,2026-02-09
POL-000522,Northbeam General,4825,Mount Isa QLD,B-F,SME,2136385,,4207.51,2024-08-26,2025-08-26
POL-000523,Outback Assurance Group,4825,Cloncurry QLD,B-F,Home,797967,Elevated Slab,1201.02,2024-07-02,2025-07-02
POL-000524,Southern Cross Insurance,4802,Townsville QLD,T-W,SME,731161,,6799.89,2025-05-24,2026-05-24
POL-000525,Northbeam General,4720,Charters Towers QLD,L-P,Home,849245,,3693.48,2024-09-27,2025-09-27
POL-000526,Northbeam General,800,Darwin NT,T-W,Strata,4804559,Elevated Slab,42460.51,2025-04-07,2026-04-07
POL-000527,Northbeam General,810,Darwin NT,T-W,Home,706542,Roof Tie-Down,5365.2,2025-04-22,2026-04-22
POL-000528,Outback Assurance Group,4810,Townsville QLD,T-W,Home,320267,,2791.24,2024-07-23,2025-07-23
POL-000529,Pacific Rim Insurance,4825,Cloncurry QLD,B-F,Home,730412,Shutters Installed,1210.77,2023-01-13,2024-01-13
POL-000530,Pacific Rim Insurance,4802,Townsville QLD,T-W,Home,684574,Elevated Slab,5140.58,2024-08-03,2025-08-03
POL-000531,Coral Coast Mutual,4802,Townsville QLD,T-W,SME,843064,,8109.52,2023-04-14,2024-04-13
POL-000532,Pacific Rim Insurance,4825,Cloncurry QLD,B-F,SME,1507869,,2650.68,2024-05-12,2025-05-12
POL-000533,Outback Assurance Group,4810,Townsville QLD,T-W,Home,672548,Roof Tie-Down,5043.99,2024-09-15,2025-09-15
POL-000534,Coral Coast Mutual,4740,Mackay QLD,Q-S,Home,499119,,2951.83,2024-05-01,2025-05-01
POL-000535,Outback Assurance Group,4680,Gladstone QLD,L-P,Home,567776,,2294.49,2025-05-13,2026-05-13
POL-000536,Coral Coast Mutual,800,Darwin NT,T-W,Strata,7041225,Shutters Installed,62250.52,2024-03-29,2025-03-29
POL-000537,Outback Assurance Group,6000,Perth WA,B-F,SME,774496,,1307.08,2023-08-05,2024-08-04
POL-000538,Southern Cross Insurance,850,Alice Springs NT,B-F,SME,635744,,1147.83,2023-06-12,2024-06-11
POL-000539,Northbeam General,6721,Port Hedland WA,T-W,SME,2599015,Elevated Slab,22579.26,2023-01-30,2024-01-30
POL-000540,Southern Cross Insurance,4703,Rockhampton QLD,Q-S,SME,641707,Shutters Installed,3367.8,2024-04-12,2025-04-12
POL-000541,Southern Cross Insurance,4680,Gladstone QLD,L-P,SME,2347073,Shutters Installed,8387.64,2024-10-12,2025-10-12
POL-000542,Outback Assurance Group,4870,Cairns QLD,T-W,Home,717773,,6379.14,2025-06-10,2026-06-10
POL-000543,Southern Cross Insurance,4802,Townsville QLD,T-W,Home,521224,Shutters Installed,4418.45,2024-12-06,2025-12-06
POL-000544,Northbeam General,6721,Port Hedland WA,T-W,Home,850056,Roof Tie-Down,7248.36,2023-08-08,2024-08-07
POL-000545,Southern Cross Insurance,4350,Toowoomba QLD,B-F,SME,2117597,Shutters Installed,3248.53,2025-06-04,2026-06-04
POL-000546,Coral Coast Mutual,850,Alice Springs NT,B-F,Strata,12085488,,23062.87,2023-08-18,2024-08-17
POL-000547,Coral Coast Mutual,4810,Townsville QLD,T-W,SME,1555021,Shutters Installed,12365.45,2024-01-21,2025-01-20
POL-000548,Pacific Rim Insurance,4737,Bowen QLD,Q-S,Home,795928,,5509.1,2024-02-11,2025-02-10
POL-000549,Pacific Rim Insurance,800,Darwin NT,T-W,Home,642408,,6177.89,2024-08-31,2025-08-31
POL-000550,Coral Coast Mutual,6721,Port Hedland WA,T-W,Home,316938,Roof Tie-Down,2475.48,2023-10-11,2024-10-10
POL-000551,Northbeam General,6000,Perth WA,B-F,Home,563305,,950.75,2024-06-13,2025-06-13
POL-000552,Northbeam General,4740,Mackay QLD,Q-S,SME,2916722,,18595.06,2023-11-24,2024-11-23
POL-000553,Outback Assurance Group,4870,Cairns QLD,T-W,SME,1488112,,15287.57,2024-02-19,2025-02-18
POL-000554,Northbeam General,4740,Mackay QLD,Q-S,Home,449140,,2827.84,2024-12-31,2025-12-31
POL-000555,Northbeam General,4825,Cloncurry QLD,B-F,Home,625911,,1128.29,2025-05-15,2026-05-15
POL-000556,Pacific Rim Insurance,4825,Cloncurry QLD,B-F,Home,384159,Roof Tie-Down,616.08,2025-01-12,2026-01-12
POL-000557,Northbeam General,4700,Rockhampton QLD,Q-S,Strata,12979591,,77437.41,2023-12-30,2024-12-29
POL-000558,Outback Assurance Group,6721,Port Hedland WA,T-W,Home,639737,,5786.46,2023-10-29,2024-10-28
POL-000559,Southern Cross Insurance,800,Darwin NT,T-W,Home,861922,,8319.78,2024-09-27,2025-09-27
POL-000560,Southern Cross Insurance,850,Alice Springs NT,B-F,SME,2000836,,3623.0,2024-02-28,2025-02-27
POL-000561,Outback Assurance Group,810,Darwin NT,T-W,Home,679068,Shutters Installed,6017.77,2025-07-03,2026-07-03
POL-000562,Northbeam General,810,Darwin NT,T-W,Home,334736,,3172.09,2024-10-08,2025-10-08
POL-000563,Northbeam General,6714,Karratha WA,T-W,Home,536814,Roof Tie-Down,4082.82,2025-03-03,2026-03-03
POL-000564,Outback Assurance Group,4802,Townsville QLD,T-W,SME,769272,,6766.42,2024-03-20,2025-03-20
POL-000565,Coral Coast Mutual,4655,Hervey Bay QLD,L-P,Home,254895,,971.58,2023-07-24,2024-07-23
POL-000566,Southern Cross Insurance,4870,Cairns QLD,T-W,SME,2627317,,23414.9,2024-11-23,2025-11-23
POL-000567,Pacific Rim Insurance,4350,Toowoomba QLD,B-F,Home,577252,,961.94,2024-01-28,2025-01-27
POL-000568,Outback Assurance Group,4802,Townsville QLD,T-W,Home,297939,Roof Tie-Down,2308.76,2023-10-25,2024-10-24
POL-000569,Outback Assurance Group,4720,Charters Towers QLD,L-P,Home,390288,Shutters Installed,1349.5,2025-07-12,2026-07-12
POL-000570,Northbeam General,4680,Gladstone QLD,L-P,SME,2091947,Roof Tie-Down,6749.99,2023-08-18,2024-08-17
POL-000571,Southern Cross Insurance,4703,Rockhampton QLD,Q-S,SME,1108773,,6663.85,2024-12-29,2025-12-29
POL-000572,Southern Cross Insurance,4655,Hervey Bay QLD,L-P,SME,2642834,Shutters Installed,9667.27,2024-08-31,2025-08-31
POL-000573,Southern Cross Insurance,800,Darwin NT,T-W,SME,885657,Roof Tie-Down,7032.64,2024-01-25,2025-01-24
POL-000574,Southern Cross Insurance,4825,Cloncurry QLD,B-F,Home,465477,,870.57,2024-10-07,2025-10-07
POL-000575,Northbeam General,6721,Port Hedland WA,T-W,Home,795583,Roof Tie-Down,6128.78,2024-09-12,2025-09-12
POL-000576,Southern Cross Insurance,4879,Innisfail QLD,T-W,SME,2990813,Roof Tie-Down,22304.41,2023-04-27,2024-04-26
POL-000577,Northbeam General,850,Alice Springs NT,B-F,Home,525769,Roof Tie-Down,857.76,2025-09-23,2026-09-23
POL-000578,Northbeam General,4680,Gladstone QLD,L-P,SME,565279,Shutters Installed,2037.48,2025-07-21,2026-07-21
POL-000579,Pacific Rim Insurance,850,Alice Springs NT,B-F,Home,343326,Roof Tie-Down,568.03,2025-05-05,2026-05-05
POL-000580,Southern Cross Insurance,850,Alice Springs NT,B-F,Home,786561,Roof Tie-Down,1101.16,2025-01-10,2026-01-10
POL-000581,Southern Cross Insurance,6000,Perth WA,B-F,Home,560401,,961.14,2023-02-21,2024-02-21
POL-000582,Outback Assurance Group,4700,Rockhampton QLD,Q-S,SME,1910849,,13169.71,2023-11-17,2024-11-16
POL-000583,Northbeam General,800,Darwin NT,T-W,Home,298118,,2554.39,2023-05-22,2024-05-21
POL-000584,Coral Coast Mutual,6714,Karratha WA,T-W,Home,531342,Elevated Slab,4615.36,2023-04-06,2024-04-05
POL-000585,Outback Assurance Group,6714,Karratha WA,T-W,Home,728715,Elevated Slab,5615.85,2024-01-30,2025-01-29
POL-000586,Southern Cross Insurance,4879,Innisfail QLD,T-W,Home,368548,,3243.88,2025-01-13,2026-01-13
POL-000587,Outback Assurance Group,4700,Rockhampton QLD,Q-S,Home,756121,,5211.9,2024-11-25,2025-11-25
POL-000588,Northbeam General,4700,Rockhampton QLD,Q-S,Home,891055,,5246.05,2024-12-01,2025-12-01
POL-000589,Coral Coast Mutual,850,Alice Springs NT,B-F,Strata,8900204,Roof Tie-Down,13455.78,2023-03-06,2024-03-05
POL-000590,Pacific Rim Insurance,6714,Karratha WA,T-W,Home,800311,,8009.76,2024-08-13,2025-08-13
POL-000591,Pacific Rim Insurance,4350,Toowoomba QLD,B-F,Strata,7675742,,13869.11,2024-12-05,2025-12-05
POL-000592,Outback Assurance Group,800,Darwin NT,T-W,Home,755339,,6954.35,2024-11-23,2025-11-23
POL-000593,Northbeam General,810,Darwin NT,T-W,SME,2970747,,25707.88,2024-10-20,2025-10-20
POL-000594,Coral Coast Mutual,4720,Charters Towers QLD,L-P,SME,1093754,,4203.17,2024-05-18,2025-05-18
POL-000595,Outback Assurance Group,4350,Toowoomba QLD,B-F,Home,781553,Shutters Installed,1129.46,2024-10-20,2025-10-20
POL-000596,Southern Cross Insurance,4655,Hervey Bay QLD,L-P,SME,2263063,Roof Tie-Down,8565.92,2024-04-03,2025-04-03
POL-000597,Southern Cross Insurance,850,Alice Springs NT,B-F,Home,771533,Roof Tie-Down,1238.34,2023-01-19,2024-01-19
POL-000598,Pacific Rim Insurance,4655,Hervey Bay QLD,L-P,Home,250177,,1119.23,2025-03-21,2026-03-21
POL-000599,Outback Assurance Group,4810,Townsville QLD,T-W,Home,839648,,7508.99,2024-11-18,2025-11-18
POL-000600,Pacific Rim Insurance,6714,Karratha WA,T-W,Home,483746,Roof Tie-Down,4175.25,2023-12-06,2024-12-05
POL-000601,Southern Cross Insurance,4810,Townsville QLD,T-W,Home,630941,,6252.77,2023-04-27,2024-04-26
POL-000602,Southern Cross Insurance,4350,Toowoomba QLD,B-F,Home,556166,Elevated Slab,859.05,2024-01-18,2025-01-17
POL-000603,Northbeam General,4740,Mackay QLD,Q-S,SME,2116354,,12674.95,2024-09-17,2025-09-17
POL-000604,Northbeam General,4703,Rockhampton QLD,Q-S,Home,476061,,3067.81,2025-03-11,2026-03-11
POL-000605,Outback Assurance Group,6714,Karratha WA,T-W,Home,867413,Elevated Slab,6476.54,2025-07-02,2026-07-02
POL-000606,Pacific Rim Insurance,4737,Bowen QLD,Q-S,SME,964704,,6852.3,2023-01-05,2024-01-05
POL-000607,Northbeam General,4740,Mackay QLD,Q-S,Home,863543,Elevated Slab,4754.79,2024-06-04,2025-06-04
POL-000608,Pacific Rim Insurance,4802,Townsville QLD,T-W,Home,358584,,3329.84,2024-09-06,2025-09-06
POL-000609,Northbeam General,6714,Karratha WA,T-W,Home,888576,Elevated Slab,7772.1,2025-02-19,2026-02-19
POL-000610,Northbeam General,6000,Perth WA,B-F,Home,558463,Shutters Installed,846.39,2023-05-17,2024-05-16
POL-000611,Pacific Rim Insurance,4879,Innisfail QLD,T-W,Home,787179,,7177.45,2024-12-19,2025-12-19
POL-000612,Coral Coast Mutual,6714,Karratha WA,T-W,SME,1311600,,11714.8,2024-10-01,2025-10-01
POL-000613,Northbeam General,4680,Gladstone QLD,L-P,Strata,13918474,Roof Tie-Down,51180.48,2025-09-08,2026-09-08
POL-000614,Outback Assurance Group,4720,Charters Towers QLD,L-P,Home,371011,,1639.52,2024-07-29,2025-07-29
POL-000615,Pacific Rim Insurance,4802,Townsville QLD,T-W,Home,687757,,6761.38,2025-07-04,2026-07-04
POL-000616,Outback Assurance Group,6721,Port Hedland WA,T-W,SME,453563,Elevated Slab,3679.17,2023-01-26,2024-01-26
POL-000617,Coral Coast Mutual,810,Darwin NT,T-W,Home,529947,Roof Tie-Down,4493.45,2023-06-14,2024-06-13
POL-000618,Southern Cross Insurance,6000,Perth WA,B-F,Home,559477,Roof Tie-Down,805.32,2024-07-08,2025-07-08
POL-000619,Pacific Rim Insurance,4680,Gladstone QLD,L-P,SME,2756716,Roof Tie-Down,10559.59,2025-01-30,2026-01-30
POL-000620,Outback Assurance Group,4655,Hervey Bay QLD,L-P,Home,551610,,2406.16,2023-02-18,2024-02-18
POL-000621,Southern Cross Insurance,4655,Hervey Bay QLD,L-P,Home,577841,,2653.04,2023-02-25,2024-02-25
POL-000622,Coral Coast Mutual,6000,Perth WA,B-F,Home,714586,,1371.14,2025-07-22,2026-07-22
POL-000623,Southern Cross Insurance,4802,Townsville QLD,T-W,Home,452897,,4125.41,2023-07-01,2024-06-30
POL-000624,Coral Coast Mutual,4700,Rockhampton QLD,Q-S,Strata,4002424,,25376.8,2024-03-14,2025-03-14
POL-000625,Northbeam General,4825,Cloncurry QLD,B-F,Home,517403,Roof Tie-Down,713.36,2024-04-22,2025-04-22
POL-000626,Pacific Rim Insurance,4740,Mackay QLD,Q-S,Home,303325,Shutters Installed,1767.59,2024-10-02,2025-10-02
POL-000627,Coral Coast Mutual,6721,Port Hedland WA,T-W,Home,625479,,5434.46,2024-12-25,2025-12-25
POL-000628,Outback Assurance Group,4720,Charters Towers QLD,L-P,Home,321488,Roof Tie-Down,1213.42,2023-06-13,2024-06-12
POL-000629,Coral Coast Mutual,4825,Cloncurry QLD,B-F,Home,481942,Roof Tie-Down,793.91,2024-11-10,2025-11-10
POL-000630,Southern Cross Insurance,6714,Karratha WA,T-W,Home,898314,Shutters Installed,7298.13,2024-07-28,2025-07-28
POL-000631,Southern Cross Insurance,800,Darwin NT,T-W,SME,2974048,Elevated Slab,26026.05,2023-09-07,2024-09-06
POL-000632,Coral Coast Mutual,6714,Karratha WA,T-W,Home,368881,,3424.38,2024-07-07,2025-07-07
POL-000633,Outback Assurance Group,4870,Cairns QLD,T-W,Strata,8290752,,78987.55,2024-06-04,2025-06-04
POL-000634,Southern Cross Insurance,850,Alice Springs NT,B-F,Home,451863,,784.12,2023-03-26,2024-03-25
POL-000635,Northbeam General,4700,Rockhampton QLD,Q-S,Strata,10945709,,64136.71,2023-03-09,2024-03-08
POL-000636,Outback Assurance Group,4703,Rockhampton QLD,Q-S,SME,835900,Elevated Slab,4346.4,2025-04-28,2026-04-28
POL-000637,Southern Cross Insurance,4825,Mount Isa QLD,B-F,SME,2326130,Roof Tie-Down,3713.34,2023-02-08,2024-02-08
POL-000638,Northbeam General,4825,Mount Isa QLD,B-F,Home,835193,,1374.19,2025-04-21,2026-04-21
POL-000639,Outback Assurance Group,6000,Perth WA,B-F,Home,674094,,1197.12,2023-01-18,2024-01-18
POL-000640,Pacific Rim Insurance,800,Darwin NT,T-W,Home,898386,,7789.14,2025-02-02,2026-02-02
POL-000641,Coral Coast Mutual,4740,Mackay QLD,Q-S,SME,2509051,Roof Tie-Down,12770.52,2025-03-16,2026-03-16
POL-000642,Southern Cross Insurance,4810,Townsville QLD,T-W,Home,708936,,6575.16,2025-04-21,2026-04-21
POL-000643,Pacific Rim Insurance,850,Alice Springs NT,B-F,Home,659985,Shutters Installed,1069.71,2025-05-19,2026-05-19
POL-000644,Coral Coast Mutual,6721,Port Hedland WA,T-W,Strata,13363024,Roof Tie-Down,116257.9,2025-09-15,2026-09-15
POL-000645,Pacific Rim Insurance,4870,Cairns QLD,T-W,Home,379221,,3272.44,2024-08-09,2025-08-09
POL-000646,Coral Coast Mutual,4655,Hervey Bay QLD,L-P,Home,569491,,2253.16,2025-01-29,2026-01-29
POL-000647,Northbeam General,4703,Rockhampton QLD,Q-S,Home,787450,,4752.41,2023-07-08,2024-07-07
POL-000648,Southern Cross Insurance,4810,Townsville QLD,T-W,SME,1160670,Roof Tie-Down,9692.91,2024-08-03,2025-08-03
POL-000649,Southern Cross Insurance,4825,Cloncurry QLD,B-F,Home,554771,,1032.88,2023-09-14,2024-09-13
POL-000650,Northbeam General,4703,Rockhampton QLD,Q-S,SME,1787689,,11287.97,2024-11-18,2025-11-18
POL-000651,Coral Coast Mutual,800,Darwin NT,T-W,Home,452897,Roof Tie-Down,3523.87,2024-04-06,2025-04-06
POL-000652,Coral Coast Mutual,4810,Townsville QLD,T-W,SME,1039190,,10001.73,2024-01-09,2025-01-08
POL-000653,Outback Assurance Group,4879,Innisfail QLD,T-W,Home,482286,Shutters Installed,4059.74,2024-10-18,2025-10-18
POL-000654,Outback Assurance Group,6000,Perth WA,B-F,SME,1790675,Roof Tie-Down,2946.79,2024-04-18,2025-04-18
POL-000655,Southern Cross Insurance,4680,Gladstone QLD,L-P,SME,856477,,3363.94,2024-09-13,2025-09-13
POL-000656,Southern Cross Insurance,6000,Perth WA,B-F,SME,2659127,Roof Tie-Down,3821.45,2025-01-21,2026-01-21
POL-000657,Outback Assurance Group,4825,Mount Isa QLD,B-F,SME,530838,,1015.25,2024-08-15,2025-08-15
POL-000658,Outback Assurance Group,4802,Townsville QLD,T-W,Home,523276,Roof Tie-Down,4262.19,2024-07-06,2025-07-06
POL-000659,Northbeam General,810,Darwin NT,T-W,Home,868241,Shutters Installed,7338.08,2023-10-25,2024-10-24
POL-000660,Northbeam General,4737,Bowen QLD,Q-S,Home,631540,Roof Tie-Down,3490.77,2024-11-09,2025-11-09
POL-000661,Pacific Rim Insurance,4810,Townsville QLD,T-W,SME,988757,,9292.16,2023-07-03,2024-07-02
POL-000662,Northbeam General,4802,Townsville QLD,T-W,SME,2427960,,25091.59,2023-02-11,2024-02-11
POL-000663,Pacific Rim Insurance,850,Alice Springs NT,B-F,Home,495386,Shutters Installed,688.64,2023-07-31,2024-07-30
POL-000664,Coral Coast Mutual,4680,Gladstone QLD,L-P,Home,298693,,1139.07,2024-10-26,2025-10-26
POL-000665,Pacific Rim Insurance,800,Darwin NT,T-W,SME,1547122,,15682.03,2023-09-27,2024-09-26
POL-000666,Southern Cross Insurance,4825,Cloncurry QLD,B-F,Home,646905,Elevated Slab,963.1,2024-10-31,2025-10-31
POL-000667,Coral Coast Mutual,4720,Charters Towers QLD,L-P,Home,483726,,2038.3,2023-12-28,2024-12-27
POL-000668,Outback Assurance Group,850,Alice Springs NT,B-F,SME,427672,,770.09,2023-05-23,2024-05-22
POL-000669,Northbeam General,4700,Rockhampton QLD,Q-S,Home,544450,,3334.74,2023-07-11,2024-07-10
POL-000670,Southern Cross Insurance,4680,Gladstone QLD,L-P,Home,491535,,2029.19,2023-12-05,2024-12-04
POL-000671,Outback Assurance Group,850,Alice Springs NT,B-F,SME,2877956,,4829.35,2025-05-03,2026-05-03
POL-000672,Pacific Rim Insurance,4870,Cairns QLD,T-W,Home,871121,Roof Tie-Down,6557.56,2024-10-06,2025-10-06
POL-000673,Pacific Rim Insurance,4740,Mackay QLD,Q-S,SME,1097686,Roof Tie-Down,5771.5,2023-07-04,2024-07-03
POL-000674,Coral Coast Mutual,4655,Hervey Bay QLD,L-P,Home,269524,,1217.7,2025-01-15,2026-01-15
POL-000675,Northbeam General,4825,Mount Isa QLD,B-F,Home,744312,,1438.18,2023-06-24,2024-06-23
POL-000676,Coral Coast Mutual,4879,Innisfail QLD,T-W,Home,440719,,4290.0,2024-06-07,2025-06-07
POL-000677,Northbeam General,4700,Rockhampton QLD,Q-S,SME,2301991,Shutters Installed,12964.05,2023-03-12,2024-03-11
POL-000678,Pacific Rim Insurance,4655,Hervey Bay QLD,L-P,Home,462177,Roof Tie-Down,1657.47,2025-07-20,2026-07-20
POL-000679,Pacific Rim Insurance,4879,Innisfail QLD,T-W,SME,1144162,,10817.08,2024-09-21,2025-09-21
POL-000680,Northbeam General,4740,Mackay QLD,Q-S,SME,892899,,5331.63,2024-11-06,2025-11-06
POL-000681,Southern Cross Insurance,4810,Townsville QLD,T-W,Home,702457,Roof Tie-Down,5697.35,2024-01-15,2025-01-14
POL-000682,Coral Coast Mutual,4720,Charters Towers QLD,L-P,Home,755543,,3357.05,2024-01-26,2025-01-25
POL-000683,Coral Coast Mutual,4802,Townsville QLD,T-W,SME,2816425,,24603.34,2023-05-18,2024-05-17
POL-000684,Pacific Rim Insurance,850,Alice Springs NT,B-F,SME,751556,,1294.16,2025-06-16,2026-06-16
POL-000685,Pacific Rim Insurance,4879,Innisfail QLD,T-W,Home,257459,Roof Tie-Down,2111.41,2023-05-01,2024-04-30
POL-000686,Northbeam General,4870,Cairns QLD,T-W,Home,581246,Shutters Installed,4607.99,2023-04-20,2024-04-19
POL-000687,Pacific Rim Insurance,4879,Innisfail QLD,T-W,SME,2648586,Shutters Installed,21060.37,2024-01-10,2025-01-09
POL-000688,Pacific Rim Insurance,6000,Perth WA,B-F,Strata,5417412,Elevated Slab,8144.8,2025-03-13,2026-03-13
POL-000689,Pacific Rim Insurance,850,Alice Springs NT,B-F,Home,757259,,1295.94,2023-11-11,2024-11-10
POL-000690,Southern Cross Insurance,4680,Gladstone QLD,L-P,SME,979101,Elevated Slab,3743.56,2024-11-06,2025-11-06
POL-000691,Outback Assurance Group,4350,Toowoomba QLD,B-F,Home,419654,,694.99,2024-06-04,2025-06-04
POL-000692,Southern Cross Insurance,6714,Karratha WA,T-W,SME,618325,,5475.52,2025-09-14,2026-09-14
POL-000693,Coral Coast Mutual,4825,Mount Isa QLD,B-F,SME,2917611,,5183.82,2023-03-07,2024-03-06
POL-000694,Pacific Rim Insurance,4350,Toowoomba QLD,B-F,Home,652995,,1276.64,2024-02-15,2025-02-14
POL-000695,Northbeam General,4720,Charters Towers QLD,L-P,Home,310254,,1419.23,2025-04-19,2026-04-19
POL-000696,Pacific Rim Insurance,850,Alice Springs NT,B-F,Home,793323,Shutters Installed,1161.84,2023-02-04,2024-02-04
POL-000697,Northbeam General,4720,Charters Towers QLD,L-P,Home,427715,Shutters Installed,1580.09,2024-01-04,2025-01-03
POL-000698,Outback Assurance Group,4870,Cairns QLD,T-W,Strata,6629452,Roof Tie-Down,56527.16,2023-12-28,2024-12-27
POL-000699,Coral Coast Mutual,4655,Hervey Bay QLD,L-P,Home,321950,,1465.55,2024-07-16,2025-07-16
POL-000700,Northbeam General,4825,Cloncurry QLD,B-F,Strata,6639031,Shutters Installed,9601.67,2025-09-13,2026-09-13
POL-000701,Southern Cross Insurance,4737,Bowen QLD,Q-S,Strata,6380657,,38778.73,2024-06-02,2025-06-02
POL-000702,Coral Coast Mutual,4825,Cloncurry QLD,B-F,Home,372692,Shutters Installed,604.77,2025-09-06,2026-09-06
POL-000703,Outback Assurance Group,4825,Cloncurry QLD,B-F,SME,2257106,,4441.49,2024-07-30,2025-07-30
POL-000704,Pacific Rim Insurance,4350,Toowoomba QLD,B-F,SME,2324549,,4336.15,2025-07-07,2026-07-07
POL-000705,Northbeam General,4870,Cairns QLD,T-W,Home,651261,Shutters Installed,5399.52,2023-08-14,2024-08-13
POL-000706,Coral Coast Mutual,6714,Karratha WA,T-W,Home,811671,Elevated Slab,5911.56,2025-05-02,2026-05-02
POL-000707,Northbeam General,4350,Toowoomba QLD,B-F,Home,608605,Elevated Slab,852.21,2025-08-11,2026-08-11
POL-000708,Northbeam General,850,Alice Springs NT,B-F,Home,851581,Shutters Installed,1242.74,2025-08-27,2026-08-27
POL-000709,Northbeam General,850,Alice Springs NT,B-F,SME,1415258,Shutters Installed,2326.77,2023-07-31,2024-07-30
POL-000710,Southern Cross Insurance,4703,Rockhampton QLD,Q-S,SME,1893287,,11459.68,2023-04-20,2024-04-19
POL-000711,Pacific Rim Insurance,4825,Mount Isa QLD,B-F,SME,2974576,,4825.91,2025-05-27,2026-05-27
POL-000712,Pacific Rim Insurance,4740,Mackay QLD,Q-S,SME,1722954,Elevated Slab,9504.74,2025-06-21,2026-06-21
POL-000713,Pacific Rim Insurance,6000,Perth WA,B-F,Home,785962,,1352.56,2023-08-16,2024-08-15
POL-000714,Pacific Rim Insurance,810,Darwin NT,T-W,Home,751554,,7767.57,2023-02-03,2024-02-03
POL-000715,Pacific Rim Insurance,4680,Gladstone QLD,L-P,Home,433291,,1804.24,2023-05-04,2024-05-03
POL-000716,Coral Coast Mutual,4737,Bowen QLD,Q-S,Home,470989,Roof Tie-Down,2539.46,2023-04-14,2024-04-13
POL-000717,Outback Assurance Group,4680,Gladstone QLD,L-P,Home,825210,Shutters Installed,2806.27,2023-10-03,2024-10-02
POL-000718,Coral Coast Mutual,4810,Townsville QLD,T-W,Home,694536,Roof Tie-Down,5283.69,2024-12-18,2025-12-18
POL-000719,Northbeam General,4680,Gladstone QLD,L-P,SME,1154510,Shutters Installed,4180.47,2024-08-12,2025-08-12
POL-000720,Northbeam General,800,Darwin NT,T-W,SME,2729264,,25576.52,2024-01-26,2025-01-25
POL-000721,Outback Assurance Group,810,Darwin NT,T-W,SME,2383851,,24031.05,2023-06-30,2024-06-29
POL-000722,Outback Assurance Group,850,Alice Springs NT,B-F,Home,792121,,1435.51,2023-11-20,2024-11-19
POL-000723,Northbeam General,6721,Port Hedland WA,T-W,Home,300026,,2792.33,2024-12-08,2025-12-08
POL-000724,Coral Coast Mutual,4740,Mackay QLD,Q-S,Home,350979,Shutters Installed,1919.71,2023-12-09,2024-12-08
POL-000725,Southern Cross Insurance,4680,Gladstone QLD,L-P,Home,520233,,2116.87,2024-02-26,2025-02-25
POL-000726,Pacific Rim Insurance,4680,Gladstone QLD,L-P,SME,1234490,,5264.55,2024-10-27,2025-10-27
POL-000727,Outback Assurance Group,4700,Rockhampton QLD,Q-S,Strata,7454109,Shutters Installed,42610.51,2024-05-14,2025-05-14
POL-000728,Coral Coast Mutual,4825,Mount Isa QLD,B-F,Home,401884,Shutters Installed,660.17,2024-10-17,2025-10-17
POL-000729,Northbeam General,4879,Innisfail QLD,T-W,Home,324809,,2825.94,2023-12-18,2024-12-17
POL-000730,Coral Coast Mutual,6714,Karratha WA,T-W,Home,530465,Shutters Installed,4373.79,2024-02-09,2025-02-08
POL-000731,Outback Assurance Group,4737,Bowen QLD,Q-S,SME,2861719,,18679.06,2024-04-06,2025-04-06
POL-000732,Southern Cross Insurance,4700,Rockhampton QLD,Q-S,Home,496024,Roof Tie-Down,2829.34,2025-08-21,2026-08-21
POL-000733,Pacific Rim Insurance,4703,Rockhampton QLD,Q-S,Home,316891,Roof Tie-Down,1903.77,2024-04-29,2025-04-29
POL-000734,Northbeam General,4740,Mackay QLD,Q-S,Home,337295,Elevated Slab,1715.93,2024-09-24,2025-09-24
POL-000735,Coral Coast Mutual,4825,Mount Isa QLD,B-F,SME,1697594,,2890.27,2025-01-25,2026-01-25
POL-000736,Coral Coast Mutual,4737,Bowen QLD,Q-S,Home,428895,Roof Tie-Down,2146.22,2024-11-10,2025-11-10
POL-000737,Outback Assurance Group,6714,Karratha WA,T-W,SME,2667374,,27543.92,2024-07-15,2025-07-15
POL-000738,Pacific Rim Insurance,810,Darwin NT,T-W,Strata,4970181,,48074.47,2024-04-12,2025-04-12
POL-000739,Pacific Rim Insurance,4879,Innisfail QLD,T-W,Home,574703,,5906.2,2024-05-08,2025-05-08
POL-000740,Coral Coast Mutual,4350,Toowoomba QLD,B-F,SME,1934206,Elevated Slab,2907.37,2023-06-09,2024-06-08
POL-000741,Pacific Rim Insurance,4870,Cairns QLD,T-W,Home,392921,,3616.2,2024-04-25,2025-04-25
POL-000742,Outback Assurance Group,4870,Cairns QLD,T-W,SME,2400964,,21895.01,2025-02-23,2026-02-23
POL-000743,Pacific Rim Insurance,6721,Port Hedland WA,T-W,Home,824842,,7637.97,2024-02-26,2025-02-25
POL-000744,Coral Coast Mutual,4879,Innisfail QLD,T-W,Home,658654,Roof Tie-Down,5667.99,2023-08-14,2024-08-13
POL-000745,Coral Coast Mutual,4825,Mount Isa QLD,B-F,Home,893003,Shutters Installed,1450.34,2024-12-02,2025-12-02
POL-000746,Southern Cross Insurance,6721,Port Hedland WA,T-W,Home,531880,,4964.84,2025-05-23,2026-05-23
POL-000747,Pacific Rim Insurance,4700,Rockhampton QLD,Q-S,Home,727461,Roof Tie-Down,4113.86,2023-10-06,2024-10-05
POL-000748,Northbeam General,850,Alice Springs NT,B-F,Home,302042,Roof Tie-Down,505.54,2023-01-23,2024-01-23
POL-000749,Southern Cross Insurance,800,Darwin NT,T-W,Home,709713,Roof Tie-Down,5991.24,2023-08-27,2024-08-26
POL-000750,Outback Assurance Group,810,Darwin NT,T-W,Home,690656,Shutters Installed,5366.88,2025-03-29,2026-03-29
POL-000751,Northbeam General,4680,Gladstone QLD,L-P,Home,596290,,2294.16,2025-02-07,2026-02-07
POL-000752,Coral Coast Mutual,4740,Mackay QLD,Q-S,Home,819578,Elevated Slab,4501.13,2023-07-16,2024-07-15
POL-000753,Outback Assurance Group,4655,Hervey Bay QLD,L-P,SME,1444223,Roof Tie-Down,5037.08,2025-09-25,2026-09-25
POL-000754,Pacific Rim Insurance,4350,Toowoomba QLD,B-F,SME,2332880,Roof Tie-Down,3737.29,2023-04-07,2024-04-06
POL-000755,Southern Cross Insurance,4703,Rockhampton QLD,Q-S,Home,577270,,4079.61,2023-06-12,2024-06-11
POL-000756,Southern Cross Insurance,4825,Cloncurry QLD,B-F,Home,563328,Shutters Installed,809.96,2025-06-27,2026-06-27
POL-000757,Coral Coast Mutual,4703,Rockhampton QLD,Q-S,Strata,9284023,Shutters Installed,49493.94,2023-06-21,2024-06-20
POL-000758,Outback Assurance Group,4802,Townsville QLD,T-W,Home,259363,,2694.99,2024-08-18,2025-08-18
POL-000759,Pacific Rim Insurance,4810,Townsville QLD,T-W,Home,510804,,4520.42,2023-04-04,2024-04-03
POL-000760,Northbeam General,6714,Karratha WA,T-W,Strata,12487980,,108197.1,2023-12-31,2024-12-30
POL-000761,Coral Coast Mutual,4825,Cloncurry QLD,B-F,SME,1375908,Roof Tie-Down,2027.98,2024-07-25,2025-07-25
POL-000762,Coral Coast Mutual,4737,Bowen QLD,Q-S,SME,1984477,Roof Tie-Down,10653.22,2023-05-18,2024-05-17
POL-000763,Northbeam General,4740,Mackay QLD,Q-S,Home,559030,Elevated Slab,3115.04,2024-05-16,2025-05-16
POL-000764,Pacific Rim Insurance,4802,Townsville QLD,T-W,Home,741147,Shutters Installed,5715.84,2025-05-01,2026-05-01
POL-000765,Pacific Rim Insurance,4825,Cloncurry QLD,B-F,Home,721213,,1245.13,2023-09-27,2024-09-26
POL-000766,Southern Cross Insurance,4680,Gladstone QLD,L-P,Home,780535,,3198.94,2023-07-09,2024-07-08
POL-000767,Pacific Rim Insurance,4810,Townsville QLD,T-W,SME,1401543,,12837.18,2023-03-06,2024-03-05
POL-000768,Coral Coast Mutual,4655,Hervey Bay QLD,L-P,Home,828255,,3238.04,2023-10-17,2024-10-16
POL-000769,Northbeam General,4879,Innisfail QLD,T-W,Home,798615,Roof Tie-Down,6653.75,2023-02-14,2024-02-14
POL-000770,Pacific Rim Insurance,4700,Rockhampton QLD,Q-S,SME,2435790,Shutters Installed,12627.71,2023-02-02,2024-02-02
POL-000771,Northbeam General,4655,Hervey Bay QLD,L-P,SME,2875901,,11489.19,2024-01-11,2025-01-10
POL-000772,Southern Cross Insurance,4810,Townsville QLD,T-W,SME,1275511,Roof Tie-Down,10620.59,2025-08-08,2026-08-08
POL-000773,Outback Assurance Group,4737,Bowen QLD,Q-S,SME,2740505,Roof Tie-Down,15878.6,2025-06-30,2026-06-30
POL-000774,Southern Cross Insurance,4680,Gladstone QLD,L-P,SME,2987605,Roof Tie-Down,10166.2,2023-02-11,2024-02-11
POL-000775,Northbeam General,6721,Port Hedland WA,T-W,Home,794719,Shutters Installed,5900.27,2025-01-12,2026-01-12
POL-000776,Northbeam General,4825,Cloncurry QLD,B-F,Home,510846,Roof Tie-Down,792.54,2025-08-28,2026-08-28
POL-000777,Coral Coast Mutual,4825,Cloncurry QLD,B-F,SME,842558,Elevated Slab,1357.77,2024-08-13,2025-08-13
POL-000778,Pacific Rim Insurance,4737,Bowen QLD,Q-S,SME,836637,Elevated Slab,4314.39,2023-07-04,2024-07-03
POL-000779,Coral Coast Mutual,4655,Hervey Bay QLD,L-P,Home,809835,,3740.37,2024-03-29,2025-03-29
POL-000780,Outback Assurance Group,6714,Karratha WA,T-W,Home,639776,,5971.32,2024-10-10,2025-10-10
POL-000781,Coral Coast Mutual,6714,Karratha WA,T-W,Home,474319,,4393.44,2024-07-17,2025-07-17
POL-000782,Coral Coast Mutual,4680,Gladstone QLD,L-P,Strata,8662074,Elevated Slab,27832.45,2023-02-05,2024-02-05
POL-000783,Northbeam General,4810,Townsville QLD,T-W,Home,566503,Roof Tie-Down,4123.07,2023-08-16,2024-08-15
POL-000784,Pacific Rim Insurance,6714,Karratha WA,T-W,Home,539362,,5553.44,2024-06-07,2025-06-07
POL-000785,Northbeam General,4802,Townsville QLD,T-W,Strata,2633110,Roof Tie-Down,21093.84,2023-06-09,2024-06-08
POL-000786,Southern Cross Insurance,6000,Perth WA,B-F,Home,494312,,846.38,2023-11-04,2024-11-03
POL-000787,Outback Assurance Group,4802,Townsville QLD,T-W,Home,330951,,3284.62,2025-03-22,2026-03-22
POL-000788,Pacific Rim Insurance,4700,Rockhampton QLD,Q-S,Home,854223,,5907.27,2023-04-08,2024-04-07
POL-000789,Coral Coast Mutual,6721,Port Hedland WA,T-W,Home,650080,,5655.12,2023-02-27,2024-02-27
POL-000790,Pacific Rim Insurance,4680,Gladstone QLD,L-P,SME,905583,Elevated Slab,3472.03,2023-08-21,2024-08-20
POL-000791,Coral Coast Mutual,4870,Cairns QLD,T-W,Home,306757,,2800.41,2023-02-12,2024-02-12
POL-000792,Outback Assurance Group,4825,Cloncurry QLD,B-F,Home,481522,Shutters Installed,685.63,2024-11-20,2025-11-20
POL-000793,Outback Assurance Group,4737,Bowen QLD,Q-S,SME,777835,,4774.9,2023-10-24,2024-10-23
POL-000794,Outback Assurance Group,810,Darwin NT,T-W,Home,849198,Roof Tie-Down,7193.71,2024-07-15,2025-07-15
POL-000795,Pacific Rim Insurance,6000,Perth WA,B-F,Home,386708,,732.55,2024-05-07,2025-05-07
POL-000796,Pacific Rim Insurance,4703,Rockhampton QLD,Q-S,Home,455625,,2997.79,2025-01-23,2026-01-23
POL-000797,Pacific Rim Insurance,4350,Toowoomba QLD,B-F,Home,700956,Shutters Installed,1034.59,2025-08-04,2026-08-04
POL-000798,Coral Coast Mutual,4825,Mount Isa QLD,B-F,Home,633010,Elevated Slab,939.12,2023-11-25,2024-11-24
POL-000799,Outback Assurance Group,4810,Townsville QLD,T-W,SME,1109908,,11572.5,2024-09-23,2025-09-23
POL-000800,Northbeam General,4810,Townsville QLD,T-W,Home,494831,Roof Tie-Down,3755.76,2024-01-18,2025-01-17
POL-000801,Coral Coast Mutual,4825,Mount Isa QLD,B-F,Home,404850,Roof Tie-Down,665.1,2025-04-19,2026-04-19
POL-000802,Coral Coast Mutual,4870,Cairns QLD,T-W,Home,569939,,5360.34,2023-01-24,2024-01-24
POL-000803,Pacific Rim Insurance,4703,Rockhampton QLD,Q-S,SME,2691869,Shutters Installed,14941.78,2023-09-22,2024-09-21
POL-000804,Pacific Rim Insurance,850,Alice Springs NT,B-F,Home,269281,,472.74,2025-07-16,2026-07-16
POL-000805,Coral Coast Mutual,4740,Mackay QLD,Q-S,Home,460445,Roof Tie-Down,2691.1,2024-09-24,2025-09-24
POL-000806,Coral Coast Mutual,4740,Mackay QLD,Q-S,Home,319832,,2032.61,2023-10-05,2024-10-04
POL-000807,Pacific Rim Insurance,800,Darwin NT,T-W,Home,655298,,5890.62,2024-01-25,2025-01-24
POL-000808,Northbeam General,800,Darwin NT,T-W,Strata,12017783,,114889.59,2023-07-10,2024-07-09
POL-000809,Pacific Rim Insurance,4720,Charters Towers QLD,L-P,Strata,13953249,,52995.14,2023-09-11,2024-09-10
POL-000810,Coral Coast Mutual,6721,Port Hedland WA,T-W,Home,414631,Elevated Slab,3025.63,2024-12-01,2025-12-01
POL-000811,Coral Coast Mutual,4680,Gladstone QLD,L-P,Home,775600,Shutters Installed,2644.78,2023-03-05,2024-03-04
POL-000812,Coral Coast Mutual,4655,Hervey Bay QLD,L-P,SME,523588,,2394.41,2025-08-29,2026-08-29
POL-000813,Pacific Rim Insurance,4350,Toowoomba QLD,B-F,Home,393928,,650.61,2024-01-27,2025-01-26
POL-000814,Outback Assurance Group,4810,Townsville QLD,T-W,SME,2150422,,19368.17,2023-06-06,2024-06-05
POL-000815,Northbeam General,6721,Port Hedland WA,T-W,Strata,11097172,Shutters Installed,83010.31,2024-10-30,2025-10-30
POL-000816,Pacific Rim Insurance,4802,Townsville QLD,T-W,Home,394818,,3607.49,2024-12-23,2025-12-23
POL-000817,Northbeam General,810,Darwin NT,T-W,Home,402203,,3940.32,2024-08-01,2025-08-01
POL-000818,Northbeam General,6714,Karratha WA,T-W,Home,374138,,3329.77,2025-05-09,2026-05-09
POL-000819,Outback Assurance Group,4870,Cairns QLD,T-W,SME,2136610,,22170.05,2023-11-07,2024-11-06
POL-000820,Pacific Rim Insurance,6000,Perth WA,B-F,Home,387935,Roof Tie-Down,556.12,2025-02-19,2026-02-19
POL-000821,Southern Cross Insurance,4810,Townsville QLD,T-W,Home,492128,,4765.32,2023-08-25,2024-08-24
POL-000822,Outback Assurance Group,4680,Gladstone QLD,L-P,Home,390600,,1641.28,2024-09-11,2025-09-11
POL-000823,Northbeam General,4680,Gladstone QLD,L-P,Home,746864,Elevated Slab,2473.0,2023-07-17,2024-07-16
POL-000824,Northbeam General,4740,Mackay QLD,Q-S,Home,532967,,3776.21,2023-08-16,2024-08-15
POL-000825,Coral Coast Mutual,4703,Rockhampton QLD,Q-S,Home,710623,,4958.21,2024-05-16,2025-05-16
POL-000826,Outback Assurance Group,4737,Bowen QLD,Q-S,SME,575432,Elevated Slab,3247.89,2025-04-24,2026-04-24
POL-000827,Southern Cross Insurance,6714,Karratha WA,T-W,Home,849716,,8223.75,2024-06-21,2025-06-21
POL-000828,Pacific Rim Insurance,4720,Charters Towers QLD,L-P,Home,294476,,1330.25,2023-09-09,2024-09-08
POL-000829,Southern Cross Insurance,4825,Cloncurry QLD,B-F,Home,834791,,1468.78,2025-02-22,2026-02-22
POL-000830,Outback Assurance Group,4703,Rockhampton QLD,Q-S,Home,569348,Elevated Slab,3317.83,2023-10-20,2024-10-19
POL-000831,Northbeam General,4700,Rockhampton QLD,Q-S,Home,307196,,2072.63,2025-07-14,2026-07-14
POL-000832,Pacific Rim Insurance,4737,Bowen QLD,Q-S,SME,2499910,,14992.27,2025-03-08,2026-03-08
POL-000833,Pacific Rim Insurance,4825,Cloncurry QLD,B-F,Home,722788,Elevated Slab,1000.79,2024-04-09,2025-04-09
POL-000834,Northbeam General,4703,Rockhampton QLD,Q-S,SME,1759268,Roof Tie-Down,10092.65,2025-07-17,2026-07-17
POL-000835,Outback Assurance Group,800,Darwin NT,T-W,Home,630573,,5493.6,2024-12-25,2025-12-25
POL-000836,Northbeam General,4720,Charters Towers QLD,L-P,Home,827079,Roof Tie-Down,2882.17,2025-02-25,2026-02-25
POL-000837,Northbeam General,6714,Karratha WA,T-W,Home,407380,,3608.59,2023-05-29,2024-05-28
POL-000838,Southern Cross Insurance,4740,Mackay QLD,Q-S,Home,717935,Shutters Installed,3799.03,2023-07-05,2024-07-04
POL-000839,Outback Assurance Group,810,Darwin NT,T-W,Strata,14841210,Roof Tie-Down,113925.2,2024-04-14,2025-04-14
POL-000840,Outback Assurance Group,850,Alice Springs NT,B-F,Home,767437,Roof Tie-Down,1112.62,2024-08-25,2025-08-25
POL-000841,Pacific Rim Insurance,4737,Bowen QLD,Q-S,Home,879252,Roof Tie-Down,4378.47,2025-06-22,2026-06-22
POL-000842,Southern Cross Insurance,6000,Perth WA,B-F,Home,467723,,765.95,2023-06-01,2024-05-31
POL-000843,Coral Coast Mutual,4680,Gladstone QLD,L-P,Home,856174,,3839.03,2023-11-02,2024-11-01
POL-000844,Pacific Rim Insurance,4825,Mount Isa QLD,B-F,Home,436906,Elevated Slab,623.19,2023-10-19,2024-10-18
POL-000845,Southern Cross Insurance,4810,Townsville QLD,T-W,Home,727456,,7255.45,2024-01-04,2025-01-03
POL-000846,Outback Assurance Group,4825,Mount Isa QLD,B-F,SME,1989386,Shutters Installed,3238.72,2025-02-15,2026-02-15
POL-000847,Coral Coast Mutual,4825,Cloncurry QLD,B-F,Home,377950,,706.79,2023-10-09,2024-10-08
POL-000848,Pacific Rim Insurance,4720,Charters Towers QLD,L-P,Home,469205,Shutters Installed,1712.6,2023-04-22,2024-04-21
POL-000849,Coral Coast Mutual,4720,Charters Towers QLD,L-P,Strata,13553701,,58118.45,2025-03-18,2026-03-18
POL-000850,Coral Coast Mutual,4879,Innisfail QLD,T-W,Home,800912,Shutters Installed,6564.56,2024-09-30,2025-09-30
POL-000851,Pacific Rim Insurance,810,Darwin NT,T-W,Home,771919,,7322.24,2023-07-04,2024-07-03
POL-000852,Southern Cross Insurance,4350,Toowoomba QLD,B-F,SME,406630,,676.04,2024-04-21,2025-04-21
POL-000853,Pacific Rim Insurance,4703,Rockhampton QLD,Q-S,SME,2136614,,12625.55,2023-12-25,2024-12-24
POL-000854,Coral Coast Mutual,4703,Rockhampton QLD,Q-S,Home,545307,Shutters Installed,2864.84,2023-03-11,2024-03-10
POL-000855,Coral Coast Mutual,6721,Port Hedland WA,T-W,Home,256429,Shutters Installed,1910.74,2023-12-08,2024-12-07
POL-000856,Coral Coast Mutual,4655,Hervey Bay QLD,L-P,SME,522127,,2338.56,2023-07-18,2024-07-17
POL-000857,Northbeam General,6714,Karratha WA,T-W,Strata,9960796,,100253.25,2024-10-23,2025-10-23
POL-000858,Outback Assurance Group,850,Alice Springs NT,B-F,Home,813051,,1579.38,2024-04-18,2025-04-18
POL-000859,Northbeam General,4740,Mackay QLD,Q-S,SME,1723314,Shutters Installed,9626.38,2023-01-20,2024-01-20
POL-000860,Coral Coast Mutual,4802,Townsville QLD,T-W,SME,1883087,,16337.3,2023-06-02,2024-06-01
POL-000861,Pacific Rim Insurance,4870,Cairns QLD,T-W,Home,810226,Elevated Slab,6990.62,2024-08-07,2025-08-07
POL-000862,Southern Cross Insurance,4655,Hervey Bay QLD,L-P,Home,573256,Roof Tie-Down,2130.54,2023-11-19,2024-11-18
POL-000863,Coral Coast Mutual,6000,Perth WA,B-F,Home,499185,,875.46,2025-04-29,2026-04-29
POL-000864,Northbeam General,4703,Rockhampton QLD,Q-S,Home,642393,Roof Tie-Down,3751.49,2025-03-07,2026-03-07
POL-000865,Northbeam General,4825,Mount Isa QLD,B-F,Home,756109,Roof Tie-Down,1250.54,2023-06-07,2024-06-06
POL-000866,Northbeam General,6714,Karratha WA,T-W,Strata,10785019,,98571.64,2023-12-02,2024-12-01
POL-000867,Outback Assurance Group,800,Darwin NT,T-W,SME,956656,,8552.37,2023-02-07,2024-02-07
POL-000868,Pacific Rim Insurance,4655,Hervey Bay QLD,L-P,SME,417238,,1686.15,2023-02-15,2024-02-15
POL-000869,Coral Coast Mutual,4825,Mount Isa QLD,B-F,Home,358111,,647.25,2024-11-05,2025-11-05
POL-000870,Coral Coast Mutual,4870,Cairns QLD,T-W,Home,470039,Shutters Installed,3659.59,2023-07-17,2024-07-16
POL-000871,Coral Coast Mutual,6000,Perth WA,B-F,Home,373365,,641.5,2023-06-11,2024-06-10
POL-000872,Coral Coast Mutual,800,Darwin NT,T-W,Home,789031,,6899.69,2024-07-09,2025-07-09
POL-000873,Southern Cross Insurance,4825,Cloncurry QLD,B-F,Home,547027,Roof Tie-Down,849.35,2023-06-25,2024-06-24
POL-000874,Outback Assurance Group,6721,Port Hedland WA,T-W,Home,715198,Shutters Installed,5256.29,2023-01-30,2024-01-30
POL-000875,Pacific Rim Insurance,4740,Mackay QLD,Q-S,Home,697181,Roof Tie-Down,3768.66,2024-12-22,2025-12-22
POL-000876,Coral Coast Mutual,4802,Townsville QLD,T-W,Home,717493,,6974.75,2023-11-16,2024-11-15
POL-000877,Outback Assurance Group,4703,Rockhampton QLD,Q-S,SME,2637597,,15699.27,2025-08-02,2026-08-02
POL-000878,Outback Assurance Group,4802,Townsville QLD,T-W,Home,741022,,6472.68,2023-11-14,2024-11-13
POL-000879,Outback Assurance Group,850,Alice Springs NT,B-F,Home,896910,Shutters Installed,1305.87,2024-01-08,2025-01-07
POL-000880,Southern Cross Insurance,4700,Rockhampton QLD,Q-S,SME,1762146,,11346.93,2023-01-31,2024-01-31
POL-000881,Pacific Rim Insurance,850,Alice Springs NT,B-F,Home,429098,,738.74,2023-12-23,2024-12-22
POL-000882,Southern Cross Insurance,4802,Townsville QLD,T-W,Home,362178,Roof Tie-Down,2822.74,2024-10-27,2025-10-27
POL-000883,Pacific Rim Insurance,6721,Port Hedland WA,T-W,Home,683525,Elevated Slab,5230.88,2023-09-07,2024-09-06
POL-000884,Pacific Rim Insurance,4700,Rockhampton QLD,Q-S,Strata,7716235,Elevated Slab,40144.51,2024-12-11,2025-12-11
POL-000885,Northbeam General,4879,Innisfail QLD,T-W,SME,1835294,Elevated Slab,14951.98,2023-08-30,2024-08-29
POL-000886,Outback Assurance Group,4825,Mount Isa QLD,B-F,SME,2441075,,4055.01,2024-09-02,2025-09-02
POL-000887,Southern Cross Insurance,6714,Karratha WA,T-W,Home,434731,,3971.38,2024-02-20,2025-02-19
POL-000888,Southern Cross Insurance,4810,Townsville QLD,T-W,Home,647316,,5937.23,2024-10-22,2025-10-22
POL-000889,Southern Cross Insurance,4825,Mount Isa QLD,B-F,Home,858979,Roof Tie-Down,1420.23,2024-10-13,2025-10-13
POL-000890,Outback Assurance Group,810,Darwin NT,T-W,SME,1622653,,15076.02,2024-08-14,2025-08-14
POL-000891,Coral Coast Mutual,4703,Rockhampton QLD,Q-S,Home,564295,,3719.47,2025-07-24,2026-07-24
POL-000892,Pacific Rim Insurance,4879,Innisfail QLD,T-W,SME,774498,,7479.47,2024-09-18,2025-09-18
POL-000893,Southern Cross Insurance,4655,Hervey Bay QLD,L-P,SME,661768,,2706.73,2024-07-16,2025-07-16
POL-000894,Southern Cross Insurance,4870,Cairns QLD,T-W,SME,1906781,,16700.4,2023-10-16,2024-10-15
POL-000895,Outback Assurance Group,4350,Toowoomba QLD,B-F,Home,583580,,1094.94,2024-02-20,2025-02-19
POL-000896,Outback Assurance Group,4879,Innisfail QLD,T-W,Home,747938,,6592.5,2024-07-22,2025-07-22
POL-000897,Southern Cross Insurance,4680,Gladstone QLD,L-P,SME,926591,Roof Tie-Down,3065.97,2023-03-15,2024-03-14
POL-000898,Southern Cross Insurance,810,Darwin NT,T-W,SME,2231799,,23216.18,2023-05-20,2024-05-19
POL-000899,Pacific Rim Insurance,810,Darwin NT,T-W,Home,728180,Elevated Slab,6342.91,2024-12-13,2025-12-13
POL-000900,Outback Assurance Group,4879,Innisfail QLD,T-W,Home,694726,,6668.6,2024-04-05,2025-04-05
POL-000901,Northbeam General,4680,Gladstone QLD,L-P,Home,257790,Elevated Slab,934.66,2025-05-17,2026-05-17
POL-000902,Pacific Rim Insurance,4720,Charters Towers QLD,L-P,Home,854349,,3492.8,2023-02-08,2024-02-08
POL-000903,Northbeam General,850,Alice Springs NT,B-F,SME,2419695,Roof Tie-Down,4044.02,2023-03-23,2024-03-22
POL-000904,Pacific Rim Insurance,4720,Charters Towers QLD,L-P,Strata,6687895,,27892.18,2023-03-22,2024-03-21
POL-000905,Pacific Rim Insurance,4810,Townsville QLD,T-W,Home,331874,,3268.87,2024-07-06,2025-07-06
POL-000906,Outback Assurance Group,6721,Port Hedland WA,T-W,Home,811023,,8133.91,2024-04-25,2025-04-25
POL-000907,Coral Coast Mutual,4720,Charters Towers QLD,L-P,Strata,7561881,,31258.2,2025-09-10,2026-09-10
POL-000908,Pacific Rim Insurance,6721,Port Hedland WA,T-W,Home,876667,,8743.8,2025-01-14,2026-01-14
POL-000909,Coral Coast Mutual,6000,Perth WA,B-F,Home,427292,,780.33,2024-11-03,2025-11-03
POL-000910,Coral Coast Mutual,4810,Townsville QLD,T-W,Home,382981,,3642.39,2025-05-21,2026-05-21
POL-000911,Pacific Rim Insurance,6000,Perth WA,B-F,Home,519437,Shutters Installed,717.52,2023-04-25,2024-04-24
POL-000912,Northbeam General,4700,Rockhampton QLD,Q-S,Strata,13058796,,83976.53,2025-04-07,2026-04-07
POL-000913,Southern Cross Insurance,6000,Perth WA,B-F,SME,1158368,Shutters Installed,1878.42,2025-06-01,2026-06-01
POL-000914,Outback Assurance Group,6714,Karratha WA,T-W,Strata,11991571,,123806.85,2023-06-07,2024-06-06
POL-000915,Northbeam General,4879,Innisfail QLD,T-W,SME,2246269,Shutters Installed,18958.48,2023-06-21,2024-06-20
POL-000916,Southern Cross Insurance,4802,Townsville QLD,T-W,SME,1508955,Shutters Installed,12807.42,2023-04-29,2024-04-28
POL-000917,Pacific Rim Insurance,4700,Rockhampton QLD,Q-S,Home,749401,,5110.91,2025-02-09,2026-02-09
POL-000918,Outback Assurance Group,4350,Toowoomba QLD,B-F,Home,747643,,1281.87,2024-06-27,2025-06-27
POL-000919,Pacific Rim Insurance,4870,Cairns QLD,T-W,Home,650560,,6400.95,2025-09-11,2026-09-11
POL-000920,Pacific Rim Insurance,4740,Mackay QLD,Q-S,Home,621015,,4404.88,2024-03-18,2025-03-18
POL-000921,Outback Assurance Group,6000,Perth WA,B-F,Home,353050,Shutters Installed,513.74,2024-08-21,2025-08-21
POL-000922,Coral Coast Mutual,4737,Bowen QLD,Q-S,SME,2869288,,19659.35,2024-06-16,2025-06-16
POL-000923,Outback Assurance Group,4700,Rockhampton QLD,Q-S,Home,258887,Roof Tie-Down,1525.24,2023-01-13,2024-01-13
POL-000924,Coral Coast Mutual,800,Darwin NT,T-W,Home,618591,,5546.84,2023-10-18,2024-10-17
POL-000925,Northbeam General,4703,Rockhampton QLD,Q-S,Home,309645,,2189.21,2024-11-03,2025-11-03
POL-000926,Northbeam General,4810,Townsville QLD,T-W,Home,375805,,3274.82,2024-09-11,2025-09-11
POL-000927,Southern Cross Insurance,4655,Hervey Bay QLD,L-P,SME,2774264,,12358.48,2023-07-09,2024-07-08
POL-000928,Coral Coast Mutual,4700,Rockhampton QLD,Q-S,Home,329392,,2200.48,2025-08-02,2026-08-02
POL-000929,Southern Cross Insurance,4879,Innisfail QLD,T-W,SME,1756455,,15876.49,2025-03-10,2026-03-10
POL-000930,Coral Coast Mutual,6000,Perth WA,B-F,SME,1795255,Elevated Slab,3019.19,2023-09-22,2024-09-21
POL-000931,Outback Assurance Group,4700,Rockhampton QLD,Q-S,Home,460416,,3058.72,2023-07-02,2024-07-01
POL-000932,Outback Assurance Group,800,Darwin NT,T-W,Home,478994,,4654.16,2023-04-19,2024-04-18
POL-000933,Outback Assurance Group,6000,Perth WA,B-F,Home,849098,Roof Tie-Down,1358.24,2025-03-06,2026-03-06
POL-000934,Outback Assurance Group,4870,Cairns QLD,T-W,SME,403639,Roof Tie-Down,3541.58,2024-11-11,2025-11-11
POL-000935,Outback Assurance Group,6000,Perth WA,B-F,Home,660339,Shutters Installed,1025.4,2024-06-11,2025-06-11
POL-000936,Outback Assurance Group,850,Alice Springs NT,B-F,Home,323504,,586.98,2023-01-04,2024-01-04
POL-000937,Outback Assurance Group,850,Alice Springs NT,B-F,Home,626353,,1089.88,2023-11-07,2024-11-06
POL-000938,Coral Coast Mutual,4740,Mackay QLD,Q-S,Home,345071,,2182.56,2025-05-23,2026-05-23
POL-000939,Pacific Rim Insurance,4825,Mount Isa QLD,B-F,SME,1616174,,2995.1,2023-06-30,2024-06-29
POL-000940,Southern Cross Insurance,4740,Mackay QLD,Q-S,Strata,7014212,,47378.53,2025-07-06,2026-07-06
POL-000941,Southern Cross Insurance,4680,Gladstone QLD,L-P,Home,709259,,3119.09,2023-05-24,2024-05-23
POL-000942,Pacific Rim Insurance,4703,Rockhampton QLD,Q-S,Home,500069,,3243.45,2023-03-06,2024-03-05
POL-000943,Southern Cross Insurance,6721,Port Hedland WA,T-W,Home,721132,,7490.03,2023-01-17,2024-01-17
POL-000944,Pacific Rim Insurance,6714,Karratha WA,T-W,Home,294894,,2748.55,2023-08-05,2024-08-04
POL-000945,Northbeam General,4737,Bowen QLD,Q-S,Strata,11002006,,66492.16,2024-08-16,2025-08-16
POL-000946,Pacific Rim Insurance,4825,Mount Isa QLD,B-F,Home,269989,Roof Tie-Down,410.71,2025-07-29,2026-07-29
POL-000947,Coral Coast Mutual,4740,Mackay QLD,Q-S,Home,265063,,1609.97,2023-02-21,2024-02-21
POL-000948,Southern Cross Insurance,800,Darwin NT,T-W,Home,869752,Roof Tie-Down,6410.76,2025-04-17,2026-04-17
POL-000949,Outback Assurance Group,800,Darwin NT,T-W,Home,481287,,4172.71,2023-07-27,2024-07-26
POL-000950,Pacific Rim Insurance,6714,Karratha WA,T-W,SME,2086146,,19121.71,2025-09-26,2026-09-26
POL-000951,Northbeam General,4825,Cloncurry QLD,B-F,Home,473589,,897.51,2024-08-30,2025-08-30
POL-000952,Pacific Rim Insurance,6714,Karratha WA,T-W,Home,685320,Shutters Installed,5166.56,2024-01-14,2025-01-13
POL-000953,Pacific Rim Insurance,4700,Rockhampton QLD,Q-S,Home,292675,,1762.89,2025-03-21,2026-03-21
POL-000954,Northbeam General,4655,Hervey Bay QLD,L-P,SME,2442489,Roof Tie-Down,7988.49,2023-01-08,2024-01-08
POL-000955,Outback Assurance Group,4825,Mount Isa QLD,B-F,SME,1590056,,2814.14,2025-04-06,2026-04-06
POL-000956,Northbeam General,810,Darwin NT,T-W,Home,798496,,7510.49,2023-09-02,2024-09-01
POL-000957,Coral Coast Mutual,4810,Townsville QLD,T-W,SME,2496680,,24249.99,2023-04-01,2024-03-31
POL-000958,Southern Cross Insurance,4680,Gladstone QLD,L-P,Home,451224,,1750.17,2024-06-26,2025-06-26
POL-000959,Northbeam General,4810,Townsville QLD,T-W,Home,815940,,7763.12,2024-04-20,2025-04-20
POL-000960,Outback Assurance Group,6000,Perth WA,B-F,Home,406465,Roof Tie-Down,644.93,2025-09-18,2026-09-18
POL-000961,Coral Coast Mutual,850,Alice Springs NT,B-F,Home,295209,,483.98,2024-01-08,2025-01-07
POL-000962,Southern Cross Insurance,4703,Rockhampton QLD,Q-S,Home,725159,Shutters Installed,3640.56,2025-01-28,2026-01-28
POL-000963,Northbeam General,4825,Cloncurry QLD,B-F,Home,758623,,1369.59,2023-03-14,2024-03-13
POL-000964,Coral Coast Mutual,4737,Bowen QLD,Q-S,Home,458405,Shutters Installed,2657.85,2025-07-08,2026-07-08
POL-000965,Northbeam General,4350,Toowoomba QLD,B-F,SME,811310,Shutters Installed,1176.04,2024-02-27,2025-02-26
POL-000966,Outback Assurance Group,4655,Hervey Bay QLD,L-P,SME,2854054,Roof Tie-Down,10157.2,2025-06-30,2026-06-30
POL-000967,Outback Assurance Group,810,Darwin NT,T-W,Home,436710,,4055.26,2023-05-20,2024-05-19
POL-000968,Pacific Rim Insurance,4703,Rockhampton QLD,Q-S,Home,462033,,2904.64,2023-02-02,2024-02-02
POL-000969,Coral Coast Mutual,4740,Mackay QLD,Q-S,Home,738148,Roof Tie-Down,4044.48,2023-06-25,2024-06-24
POL-000970,Pacific Rim Insurance,4350,Toowoomba QLD,B-F,SME,2964934,,5769.79,2024-08-14,2025-08-14
POL-000971,Pacific Rim Insurance,4350,Toowoomba QLD,B-F,Home,762977,,1472.84,2023-08-10,2024-08-09
POL-000972,Northbeam General,850,Alice Springs NT,B-F,SME,2195625,Shutters Installed,3517.99,2023-09-10,2024-09-09
POL-000973,Pacific Rim Insurance,6714,Karratha WA,T-W,Home,870517,Shutters Installed,7656.8,2025-07-24,2026-07-24
POL-000974,Southern Cross Insurance,4870,Cairns QLD,T-W,Home,743515,Roof Tie-Down,6284.24,2024-05-31,2025-05-31
POL-000975,Southern Cross Insurance,4879,Innisfail QLD,T-W,Home,352759,,3319.33,2023-09-04,2024-09-03
POL-000976,Coral Coast Mutual,4825,Cloncurry QLD,B-F,SME,2105479,,4130.9,2023-05-16,2024-05-15
POL-000977,Northbeam General,6721,Port Hedland WA,T-W,Home,266703,,2523.43,2023-11-09,2024-11-08
POL-000978,Northbeam General,4737,Bowen QLD,Q-S,SME,502397,,3576.74,2024-04-19,2025-04-19
POL-000979,Southern Cross Insurance,4655,Hervey Bay QLD,L-P,Home,736849,,3220.97,2023-01-02,2024-01-02
POL-000980,Coral Coast Mutual,4655,Hervey Bay QLD,L-P,SME,537213,Shutters Installed,1839.83,2025-02-09,2026-02-09
POL-000981,Southern Cross Insurance,4810,Townsville QLD,T-W,Home,334891,,3258.11,2023-12-10,2024-12-09
POL-000982,Outback Assurance Group,4720,Charters Towers QLD,L-P,Strata,2865076,,11097.05,2024-01-10,2025-01-09
POL-000983,Northbeam General,4810,Townsville QLD,T-W,Home,835934,Elevated Slab,7026.75,2024-07-28,2025-07-28
POL-000984,Pacific Rim Insurance,810,Darwin NT,T-W,Strata,3905181,Shutters Installed,32474.3,2025-01-25,2026-01-25
POL-000985,Pacific Rim Insurance,4703,Rockhampton QLD,Q-S,SME,1744122,,11002.84,2023-10-01,2024-09-30
POL-000986,Pacific Rim Insurance,4879,Innisfail QLD,T-W,Home,611996,Roof Tie-Down,4894.83,2024-05-28,2025-05-28
POL-000987,Pacific Rim Insurance,800,Darwin NT,T-W,Home,808739,,8296.82,2024-04-07,2025-04-07
POL-000988,Outback Assurance Group,4680,Gladstone QLD,L-P,SME,675262,,2659.33,2025-06-24,2026-06-24
POL-000989,Southern Cross Insurance,4825,Mount Isa QLD,B-F,Home,552380,,1085.41,2023-03-20,2024-03-19
POL-000990,Pacific Rim Insurance,4700,Rockhampton QLD,Q-S,Home,770438,,4657.8,2023-07-29,2024-07-28
POL-000991,Coral Coast Mutual,4870,Cairns QLD,T-W,Home,817735,,8439.25,2024-04-30,2025-04-30
POL-000992,Northbeam General,4879,Innisfail QLD,T-W,Home,555677,,4950.65,2023-01-23,2024-01-23
POL-000993,Coral Coast Mutual,4720,Charters Towers QLD,L-P,Home,609443,Elevated Slab,2243.49,2025-03-16,2026-03-16
POL-000994,Pacific Rim Insurance,850,Alice Springs NT,B-F,Home,825111,,1468.94,2023-11-08,2024-11-07
POL-000995,Coral Coast Mutual,810,Darwin NT,T-W,SME,1490550,Shutters Installed,11378.49,2024-01-16,2025-01-15
POL-000996,Pacific Rim Insurance,4740,Mackay QLD,Q-S,Home,424444,Shutters Installed,2400.69,2023-06-14,2024-06-13
POL-000997,Southern Cross Insurance,6721,Port Hedland WA,T-W,Home,410940,Roof Tie-Down,3093.53,2023-04-30,2024-04-29
POL-000998,Southern Cross Insurance,6714,Karratha WA,T-W,Home,637629,Elevated Slab,4823.96,2024-07-29,2025-07-29
POL-000999,Pacific Rim Insurance,6714,Karratha WA,T-W,Strata,9523391,Roof Tie-Down,77514.54,2023-06-16,2024-06-15
POL-001000,Outback Assurance Group,6721,Port Hedland WA,T-W,Home,773676,Roof Tie-Down,6582.94,2025-08-28,2026-08-28
POL-001001,Coral Coast Mutual,6714,Karratha WA,T-W,Home,822675,,8558.82,2023-12-06,2024-12-05
POL-001002,Pacific Rim Insurance,850,Alice Springs NT,B-F,SME,2806387,,5220.1,2025-03-29,2026-03-29
POL-001003,Pacific Rim Insurance,4737,Bowen QLD,Q-S,Home,752248,Roof Tie-Down,4488.81,2023-05-23,2024-05-22
POL-001004,Coral Coast Mutual,800,Darwin NT,T-W,Home,481069,Elevated Slab,3842.66,2023-04-05,2024-04-04
POL-001005,Coral Coast Mutual,4740,Mackay QLD,Q-S,Home,802005,Roof Tie-Down,4184.84,2025-08-16,2026-08-16
POL-001006,Southern Cross Insurance,4703,Rockhampton QLD,Q-S,Home,717096,,4826.19,2025-09-07,2026-09-07
POL-001007,Southern Cross Insurance,4720,Charters Towers QLD,L-P,Home,882471,,3784.27,2025-08-24,2026-08-24
POL-001008,Southern Cross Insurance,4680,Gladstone QLD,L-P,Home,698413,,2856.85,2024-01-17,2025-01-16
POL-001009,Northbeam General,6721,Port Hedland WA,T-W,Home,717220,Shutters Installed,6225.11,2023-03-31,2024-03-30
POL-001010,Outback Assurance Group,4737,Bowen QLD,Q-S,SME,2255997,Elevated Slab,11937.47,2025-04-05,2026-04-05
POL-001011,Outback Assurance Group,4879,Innisfail QLD,T-W,Home,340259,,3002.08,2023-11-07,2024-11-06
POL-001012,Southern Cross Insurance,4720,Charters Towers QLD,L-P,Strata,11909947,Roof Tie-Down,44696.43,2023-04-01,2024-03-31
POL-001013,Pacific Rim Insurance,4879,Innisfail QLD,T-W,Home,433388,Shutters Installed,3538.67,2024-12-28,2025-12-28
POL-001014,Coral Coast Mutual,810,Darwin NT,T-W,Home,553524,,5315.13,2023-02-13,2024-02-13
POL-001015,Southern Cross Insurance,4802,Townsville QLD,T-W,Home,735964,,6606.45,2025-03-21,2026-03-21
POL-001016,Coral Coast Mutual,810,Darwin NT,T-W,Home,745495,,6549.87,2024-11-12,2025-11-12
POL-001017,Coral Coast Mutual,4879,Innisfail QLD,T-W,Home,506639,,4359.14,2025-02-22,2026-02-22
POL-001018,Pacific Rim Insurance,850,Alice Springs NT,B-F,Strata,14508514,Roof Tie-Down,21584.29,2024-05-07,2025-05-07
POL-001019,Southern Cross Insurance,4879,Innisfail QLD,T-W,SME,2396659,,24927.87,2025-04-17,2026-04-17
POL-001020,Northbeam General,4680,Gladstone QLD,L-P,Home,522144,,2045.13,2023-03-01,2024-02-29
POL-001021,Coral Coast Mutual,6714,Karratha WA,T-W,Home,624745,,5535.42,2023-10-07,2024-10-06
POL-001022,Southern Cross Insurance,4879,Innisfail QLD,T-W,Home,301081,,2740.06,2024-06-26,2025-06-26
POL-001023,Pacific Rim Insurance,4720,Charters Towers QLD,L-P,Home,349099,,1495.18,2023-06-21,2024-06-20
POL-001024,Coral Coast Mutual,6714,Karratha WA,T-W,SME,1662788,,15074.46,2024-12-15,2025-12-15
POL-001025,Coral Coast Mutual,800,Darwin NT,T-W,Home,400698,Elevated Slab,2920.42,2024-06-14,2025-06-14
POL-001026,Pacific Rim Insurance,4680,Gladstone QLD,L-P,SME,1083793,Elevated Slab,3561.48,2023-06-08,2024-06-07
POL-001027,Pacific Rim Insurance,4350,Toowoomba QLD,B-F,SME,2743169,,5049.72,2025-05-01,2026-05-01
POL-001028,Southern Cross Insurance,4825,Cloncurry QLD,B-F,SME,878011,,1554.29,2025-07-27,2026-07-27
POL-001029,Coral Coast Mutual,800,Darwin NT,T-W,SME,2411245,,22211.42,2024-12-08,2025-12-08
POL-001030,Coral Coast Mutual,810,Darwin NT,T-W,SME,2906720,,27741.53,2025-09-20,2026-09-20
POL-001031,Northbeam General,4700,Rockhampton QLD,Q-S,SME,897431,Roof Tie-Down,4682.98,2025-05-27,2026-05-27
POL-001032,Southern Cross Insurance,4350,Toowoomba QLD,B-F,Home,332423,Shutters Installed,500.96,2025-02-20,2026-02-20
POL-001033,Southern Cross Insurance,4825,Mount Isa QLD,B-F,Home,702195,,1148.3,2023-04-21,2024-04-20
POL-001034,Southern Cross Insurance,4720,Charters Towers QLD,L-P,Home,515302,,1966.58,2023-11-05,2024-11-04
POL-001035,Northbeam General,800,Darwin NT,T-W,SME,1261515,,12194.37,2023-07-24,2024-07-23
POL-001036,Coral Coast Mutual,4680,Gladstone QLD,L-P,Home,540849,Roof Tie-Down,2104.14,2023-12-23,2024-12-22
POL-001037,Southern Cross Insurance,4700,Rockhampton QLD,Q-S,SME,2970925,,18313.88,2024-08-06,2025-08-06
POL-001038,Coral Coast Mutual,800,Darwin NT,T-W,SME,2618110,,23464.28,2023-07-16,2024-07-15
POL-001039,Pacific Rim Insurance,4700,Rockhampton QLD,Q-S,Strata,14169342,,84708.46,2023-08-08,2024-08-07
POL-001040,Northbeam General,850,Alice Springs NT,B-F,Home,711023,,1324.26,2023-04-20,2024-04-19
POL-001041,Coral Coast Mutual,4680,Gladstone QLD,L-P,Strata,10627700,Elevated Slab,35873.52,2023-04-26,2024-04-25
POL-001042,Coral Coast Mutual,800,Darwin NT,T-W,Home,769900,,7697.71,2024-12-22,2025-12-22
POL-001043,Outback Assurance Group,4825,Cloncurry QLD,B-F,SME,2470781,Roof Tie-Down,3489.76,2023-10-18,2024-10-17
POL-001044,Coral Coast Mutual,4810,Townsville QLD,T-W,SME,2262085,,20311.62,2024-02-22,2025-02-21
POL-001045,Northbeam General,4879,Innisfail QLD,T-W,Home,748783,Roof Tie-Down,6577.4,2024-01-12,2025-01-11
POL-001046,Southern Cross Insurance,4870,Cairns QLD,T-W,Strata,3764491,,35021.45,2024-06-19,2025-06-19
POL-001047,Northbeam General,800,Darwin NT,T-W,Home,869244,Elevated Slab,7689.57,2025-01-29,2026-01-29
POL-001048,Southern Cross Insurance,4825,Mount Isa QLD,B-F,Home,459991,Roof Tie-Down,717.15,2024-02-18,2025-02-17
POL-001049,Pacific Rim Insurance,4350,Toowoomba QLD,B-F,SME,1568190,,2972.24,2025-02-23,2026-02-23
POL-001050,Pacific Rim Insurance,4802,Townsville QLD,T-W,Home,669677,,6178.83,2024-11-13,2025-11-13
POL-001051,Southern Cross Insurance,4655,Hervey Bay QLD,L-P,Strata,4472527,,19791.47,2023-04-21,2024-04-20
POL-001052,Southern Cross Insurance,6000,Perth WA,B-F,Home,391147,Shutters Installed,542.17,2025-01-25,2026-01-25
POL-001053,Coral Coast Mutual,4825,Mount Isa QLD,B-F,Home,437795,Roof Tie-Down,654.1,2024-11-26,2025-11-26
POL-001054,Outback Assurance Group,810,Darwin NT,T-W,Home,330234,,3238.29,2024-06-16,2025-06-16
POL-001055,Coral Coast Mutual,4737,Bowen QLD,Q-S,Home,764064,,4971.18,2024-07-09,2025-07-09
POL-001056,Southern Cross Insurance,4825,Cloncurry QLD,B-F,Home,283133,,559.66,2025-06-20,2026-06-20
POL-001057,Northbeam General,4655,Hervey Bay QLD,L-P,Home,714053,,2974.82,2023-02-03,2024-02-03
POL-001058,Coral Coast Mutual,4825,Cloncurry QLD,B-F,SME,1088470,,1955.91,2023-05-18,2024-05-17
POL-001059,Pacific Rim Insurance,4655,Hervey Bay QLD,L-P,Home,764382,Roof Tie-Down,2816.21,2024-12-02,2025-12-02
POL-001060,Coral Coast Mutual,4802,Townsville QLD,T-W,Home,413903,,3937.34,2024-02-05,2025-02-04
POL-001061,Coral Coast Mutual,850,Alice Springs NT,B-F,Home,619899,Elevated Slab,998.99,2023-10-19,2024-10-18
POL-001062,Pacific Rim Insurance,4740,Mackay QLD,Q-S,Home,634208,Roof Tie-Down,3398.09,2025-01-29,2026-01-29
POL-001063,Coral Coast Mutual,4870,Cairns QLD,T-W,SME,1996240,,17437.09,2023-12-20,2024-12-19
POL-001064,Pacific Rim Insurance,4879,Innisfail QLD,T-W,Home,509642,,4584.63,2023-11-16,2024-11-15
POL-001065,Southern Cross Insurance,4825,Mount Isa QLD,B-F,Strata,7115582,Roof Tie-Down,10047.4,2023-06-23,2024-06-22
POL-001066,Outback Assurance Group,4825,Cloncurry QLD,B-F,Home,692995,,1264.37,2025-07-12,2026-07-12
POL-001067,Pacific Rim Insurance,6000,Perth WA,B-F,Home,273316,,539.77,2024-01-22,2025-01-21
POL-001068,Northbeam General,4655,Hervey Bay QLD,L-P,Home,762081,Roof Tie-Down,2503.01,2024-11-22,2025-11-22
POL-001069,Coral Coast Mutual,6714,Karratha WA,T-W,Home,606032,,5373.44,2023-11-03,2024-11-02
POL-001070,Northbeam General,4879,Innisfail QLD,T-W,Home,328979,,3338.06,2024-07-02,2025-07-02
POL-001071,Pacific Rim Insurance,6721,Port Hedland WA,T-W,Home,851380,Shutters Installed,6740.18,2023-08-20,2024-08-19
POL-001072,Pacific Rim Insurance,4825,Mount Isa QLD,B-F,SME,2882460,,5019.12,2023-03-10,2024-03-09
POL-001073,Pacific Rim Insurance,4720,Charters Towers QLD,L-P,Home,330385,Shutters Installed,1215.22,2023-11-06,2024-11-05
POL-001074,Pacific Rim Insurance,6721,Port Hedland WA,T-W,Home,459795,,4293.2,2023-09-15,2024-09-14
POL-001075,Pacific Rim Insurance,4720,Charters Towers QLD,L-P,Home,439373,,1985.95,2024-10-04,2025-10-04
POL-001076,Pacific Rim Insurance,4700,Rockhampton QLD,Q-S,Home,739994,Shutters Installed,3898.71,2024-10-15,2025-10-15
POL-001077,Pacific Rim Insurance,4810,Townsville QLD,T-W,SME,2774464,,27552.01,2023-03-03,2024-03-02
POL-001078,Coral Coast Mutual,4703,Rockhampton QLD,Q-S,Home,407782,Roof Tie-Down,2364.04,2025-02-22,2026-02-22
POL-001079,Outback Assurance Group,4879,Innisfail QLD,T-W,Home,317557,,3097.6,2025-05-16,2026-05-16
POL-001080,Outback Assurance Group,6000,Perth WA,B-F,SME,1475615,,2755.37,2023-08-30,2024-08-29
POL-001081,Outback Assurance Group,4350,Toowoomba QLD,B-F,Home,507516,Roof Tie-Down,822.63,2023-11-14,2024-11-13
POL-001082,Northbeam General,850,Alice Springs NT,B-F,Home,288801,Elevated Slab,415.53,2023-10-07,2024-10-06
POL-001083,Southern Cross Insurance,4870,Cairns QLD,T-W,Home,827457,,7351.44,2025-05-22,2026-05-22
POL-001084,Southern Cross Insurance,850,Alice Springs NT,B-F,SME,752026,Roof Tie-Down,1107.78,2023-11-02,2024-11-01
POL-001085,Northbeam General,4879,Innisfail QLD,T-W,SME,778772,,7245.77,2025-05-09,2026-05-09
POL-001086,Pacific Rim Insurance,4350,Toowoomba QLD,B-F,Home,376502,,680.68,2025-04-28,2026-04-28
POL-001087,Coral Coast Mutual,4720,Charters Towers QLD,L-P,Home,499641,,2140.39,2025-03-02,2026-03-02
POL-001088,Northbeam General,6714,Karratha WA,T-W,SME,1389596,,14350.98,2023-08-12,2024-08-11
POL-001089,Pacific Rim Insurance,800,Darwin NT,T-W,Home,710823,,6629.07,2025-06-02,2026-06-02
POL-001090,Outback Assurance Group,4740,Mackay QLD,Q-S,Home,368448,Elevated Slab,1960.96,2024-03-09,2025-03-09
POL-001091,Coral Coast Mutual,4350,Toowoomba QLD,B-F,Strata,4431212,,7757.63,2025-01-02,2026-01-02
POL-001092,Southern Cross Insurance,6721,Port Hedland WA,T-W,Home,885242,,7627.37,2025-01-27,2026-01-27
POL-001093,Southern Cross Insurance,4350,Toowoomba QLD,B-F,Home,630481,Elevated Slab,1042.42,2024-12-02,2025-12-02
POL-001094,Outback Assurance Group,4825,Cloncurry QLD,B-F,SME,2029365,,3293.32,2025-09-10,2026-09-10
POL-001095,Northbeam General,6000,Perth WA,B-F,Home,496898,,858.18,2025-05-30,2026-05-30
POL-001096,Southern Cross Insurance,4737,Bowen QLD,Q-S,Home,676024,,4648.42,2023-10-08,2024-10-07
POL-001097,Southern Cross Insurance,850,Alice Springs NT,B-F,Home,598884,Elevated Slab,956.13,2025-06-16,2026-06-16
POL-001098,Pacific Rim Insurance,4700,Rockhampton QLD,Q-S,SME,1875792,,11999.69,2025-01-16,2026-01-16
POL-001099,Outback Assurance Group,6714,Karratha WA,T-W,Home,304629,Roof Tie-Down,2529.43,2023-07-08,2024-07-07
POL-001100,Southern Cross Insurance,810,Darwin NT,T-W,Home,570389,Shutters Installed,4434.3,2023-03-26,2024-03-25
POL-001101,Outback Assurance Group,4700,Rockhampton QLD,Q-S,Home,386412,,2685.97,2024-12-03,2025-12-03
POL-001102,Pacific Rim Insurance,6714,Karratha WA,T-W,Home,389995,,3527.62,2024-12-04,2025-12-04
POL-001103,Outback Assurance Group,6714,Karratha WA,T-W,SME,2138524,Roof Tie-Down,16811.31,2024-02-07,2025-02-06
POL-001104,Northbeam General,4802,Townsville QLD,T-W,Home,835661,,8172.35,2024-10-03,2025-10-03
POL-001105,Outback Assurance Group,4825,Mount Isa QLD,B-F,Strata,13765209,Roof Tie-Down,22542.74,2023-02-20,2024-02-20
POL-001106,Pacific Rim Insurance,4810,Townsville QLD,T-W,Home,343387,Shutters Installed,3026.86,2023-06-24,2024-06-23
POL-001107,Southern Cross Insurance,800,Darwin NT,T-W,Home,725747,,7345.86,2024-05-21,2025-05-21
POL-001108,Outback Assurance Group,4350,Toowoomba QLD,B-F,SME,1516535,Roof Tie-Down,2221.9,2024-05-21,2025-05-21
POL-001109,Northbeam General,810,Darwin NT,T-W,Home,476037,Shutters Installed,4224.71,2023-10-17,2024-10-16
POL-001110,Northbeam General,4879,Innisfail QLD,T-W,Home,280170,,2549.93,2023-09-26,2024-09-25
POL-001111,Southern Cross Insurance,4810,Townsville QLD,T-W,Home,861218,Shutters Installed,7210.63,2024-04-14,2025-04-14
POL-001112,Outback Assurance Group,4870,Cairns QLD,T-W,Home,666866,,6571.98,2024-12-31,2025-12-31
POL-001113,Coral Coast Mutual,4879,Innisfail QLD,T-W,SME,799630,Shutters Installed,6530.62,2023-02-23,2024-02-23
POL-001114,Pacific Rim Insurance,4350,Toowoomba QLD,B-F,Home,885829,Elevated Slab,1474.4,2025-09-17,2026-09-17
POL-001115,Coral Coast Mutual,4740,Mackay QLD,Q-S,Home,649442,,4054.63,2024-02-09,2025-02-08
POL-001116,Pacific Rim Insurance,810,Darwin NT,T-W,Strata,11738954,,104368.78,2023-06-23,2024-06-22
POL-001117,Pacific Rim Insurance,850,Alice Springs NT,B-F,Strata,4213242,,6961.43,2024-12-28,2025-12-28
POL-001118,Coral Coast Mutual,4879,Innisfail QLD,T-W,Home,296307,Roof Tie-Down,2621.67,2024-05-26,2025-05-26
POL-001119,Coral Coast Mutual,4680,Gladstone QLD,L-P,Strata,6416038,Shutters Installed,23422.6,2025-02-18,2026-02-18
POL-001120,Northbeam General,4720,Charters Towers QLD,L-P,Home,580870,,2555.23,2024-05-18,2025-05-18
POL-001121,Southern Cross Insurance,4825,Cloncurry QLD,B-F,SME,2245450,,3680.65,2023-06-02,2024-06-01
POL-001122,Southern Cross Insurance,4350,Toowoomba QLD,B-F,Home,421499,,789.95,2024-03-22,2025-03-22
POL-001123,Southern Cross Insurance,850,Alice Springs NT,B-F,Home,838098,Elevated Slab,1278.49,2024-05-19,2025-05-19
POL-001124,Pacific Rim Insurance,810,Darwin NT,T-W,Home,547917,Roof Tie-Down,4141.85,2023-06-22,2024-06-21
POL-001125,Southern Cross Insurance,6000,Perth WA,B-F,Home,472713,,865.1,2025-09-21,2026-09-21
POL-001126,Southern Cross Insurance,4720,Charters Towers QLD,L-P,SME,722271,Roof Tie-Down,2447.6,2024-05-25,2025-05-25
POL-001127,Southern Cross Insurance,6714,Karratha WA,T-W,Home,377916,,3514.21,2024-08-27,2025-08-27
POL-001128,Coral Coast Mutual,6714,Karratha WA,T-W,Home,753164,Roof Tie-Down,6025.91,2025-09-05,2026-09-05
POL-001129,Outback Assurance Group,4810,Townsville QLD,T-W,SME,583907,Shutters Installed,4862.32,2025-08-31,2026-08-31
POL-001130,Southern Cross Insurance,6714,Karratha WA,T-W,Strata,11548894,,101580.7,2025-06-02,2026-06-02
POL-001131,Outback Assurance Group,6721,Port Hedland WA,T-W,Home,324159,Roof Tie-Down,2642.27,2024-09-08,2025-09-08
POL-001132,Northbeam General,4825,Mount Isa QLD,B-F,Home,668295,Roof Tie-Down,938.48,2025-05-22,2026-05-22
POL-001133,Outback Assurance Group,4700,Rockhampton QLD,Q-S,Home,411621,Elevated Slab,2101.64,2024-05-17,2025-05-17
POL-001134,Coral Coast Mutual,6721,Port Hedland WA,T-W,Strata,8023763,,78749.13,2025-05-02,2026-05-02
POL-001135,Pacific Rim Insurance,4720,Charters Towers QLD,L-P,Home,656941,Elevated Slab,2334.23,2024-07-30,2025-07-30
POL-001136,Outback Assurance Group,4879,Innisfail QLD,T-W,Home,636123,Elevated Slab,5253.67,2024-03-20,2025-03-20
POL-001137,Northbeam General,4825,Mount Isa QLD,B-F,Home,736041,Shutters Installed,1165.88,2024-10-25,2025-10-25
POL-001138,Southern Cross Insurance,850,Alice Springs NT,B-F,Home,338049,,583.02,2024-03-23,2025-03-23
POL-001139,Outback Assurance Group,850,Alice Springs NT,B-F,Home,565001,,1086.47,2024-06-19,2025-06-19
POL-001140,Outback Assurance Group,6721,Port Hedland WA,T-W,Home,297285,,2831.78,2024-06-06,2025-06-06
POL-001141,Coral Coast Mutual,4879,Innisfail QLD,T-W,Home,846092,,8540.76,2023-12-30,2024-12-29
POL-001142,Northbeam General,4802,Townsville QLD,T-W,Home,369470,,3678.81,2024-04-18,2025-04-18
POL-001143,Coral Coast Mutual,4700,Rockhampton QLD,Q-S,SME,2145885,Roof Tie-Down,12749.38,2023-11-01,2024-10-31
POL-001144,Coral Coast Mutual,4802,Townsville QLD,T-W,SME,2287218,,22266.62,2023-09-29,2024-09-28
POL-001145,Southern Cross Insurance,4700,Rockhampton QLD,Q-S,Home,883395,Roof Tie-Down,4645.81,2024-11-20,2025-11-20
POL-001146,Outback Assurance Group,4879,Innisfail QLD,T-W,Home,372346,Roof Tie-Down,2714.03,2024-11-02,2025-11-02
POL-001147,Pacific Rim Insurance,4737,Bowen QLD,Q-S,SME,2924498,,19868.12,2023-11-07,2024-11-06
POL-001148,Northbeam General,4810,Townsville QLD,T-W,Home,664184,,6694.19,2023-03-31,2024-03-30
POL-001149,Southern Cross Insurance,810,Darwin NT,T-W,Home,266656,Roof Tie-Down,2237.67,2023-07-12,2024-07-11
POL-001150,Pacific Rim Insurance,4703,Rockhampton QLD,Q-S,Home,503524,Roof Tie-Down,2746.24,2024-10-03,2025-10-03
POL-001151,Southern Cross Insurance,4703,Rockhampton QLD,Q-S,Home,405362,,2621.15,2023-01-23,2024-01-23
POL-001152,Southern Cross Insurance,4700,Rockhampton QLD,Q-S,Strata,9470322,,67267.95,2024-04-27,2025-04-27
POL-001153,Southern Cross Insurance,4737,Bowen QLD,Q-S,Home,847091,Shutters Installed,4988.56,2024-02-06,2025-02-05
POL-001154,Outback Assurance Group,6714,Karratha WA,T-W,Home,702762,,7316.47,2025-05-18,2026-05-18
POL-001155,Outback Assurance Group,4802,Townsville QLD,T-W,Home,554899,,4783.41,2024-02-14,2025-02-13
POL-001156,Pacific Rim Insurance,4720,Charters Towers QLD,L-P,Home,761601,,3027.21,2023-03-04,2024-03-03
POL-001157,Outback Assurance Group,4870,Cairns QLD,T-W,Home,316595,Shutters Installed,2437.81,2024-10-25,2025-10-25
POL-001158,Southern Cross Insurance,850,Alice Springs NT,B-F,Home,613608,,1093.08,2024-03-22,2025-03-22
POL-001159,Northbeam General,4700,Rockhampton QLD,Q-S,Home,610550,Roof Tie-Down,3331.53,2024-06-03,2025-06-03
POL-001160,Outback Assurance Group,4802,Townsville QLD,T-W,Strata,12101563,Shutters Installed,104628.03,2025-01-02,2026-01-02
POL-001161,Coral Coast Mutual,810,Darwin NT,T-W,SME,2037335,,21134.55,2025-05-03,2026-05-03
POL-001162,Southern Cross Insurance,850,Alice Springs NT,B-F,SME,1269095,,2184.98,2025-02-06,2026-02-06
POL-001163,Outback Assurance Group,850,Alice Springs NT,B-F,Home,885173,Roof Tie-Down,1352.2,2025-03-23,2026-03-23
POL-001164,Coral Coast Mutual,850,Alice Springs NT,B-F,Home,299334,Shutters Installed,503.71,2024-01-03,2025-01-02
POL-001165,Coral Coast Mutual,4680,Gladstone QLD,L-P,SME,2511743,Roof Tie-Down,8127.56,2023-03-07,2024-03-06
POL-001166,Coral Coast Mutual,4879,Innisfail QLD,T-W,Home,839280,Shutters Installed,6403.21,2023-09-22,2024-09-21
POL-001167,Pacific Rim Insurance,4680,Gladstone QLD,L-P,SME,2736321,,10958.12,2023-06-04,2024-06-03
POL-001168,Southern Cross Insurance,4810,Townsville QLD,T-W,SME,2236378,,22516.02,2025-09-12,2026-09-12
POL-001169,Pacific Rim Insurance,800,Darwin NT,T-W,SME,827265,,8367.67,2023-02-12,2024-02-12
POL-001170,Coral Coast Mutual,800,Darwin NT,T-W,Home,465363,Roof Tie-Down,4066.69,2023-06-10,2024-06-09
POL-001171,Coral Coast Mutual,4737,Bowen QLD,Q-S,SME,816470,,4940.12,2024-01-08,2025-01-07
POL-001172,Northbeam General,810,Darwin NT,T-W,Home,685945,Shutters Installed,5837.25,2023-01-07,2024-01-07
POL-001173,Outback Assurance Group,850,Alice Springs NT,B-F,Home,339374,,582.29,2025-01-02,2026-01-02
POL-001174,Northbeam General,4680,Gladstone QLD,L-P,Home,805378,Shutters Installed,2830.19,2023-08-22,2024-08-21
POL-001175,Coral Coast Mutual,4879,Innisfail QLD,T-W,Home,731037,Elevated Slab,6436.58,2024-06-12,2025-06-12
POL-001176,Coral Coast Mutual,4870,Cairns QLD,T-W,Home,792479,,8196.55,2023-03-28,2024-03-27
POL-001177,Southern Cross Insurance,6714,Karratha WA,T-W,Home,705157,,6111.45,2025-02-16,2026-02-16
POL-001178,Pacific Rim Insurance,810,Darwin NT,T-W,Strata,12596616,Roof Tie-Down,111483.53,2025-03-29,2026-03-29
POL-001179,Coral Coast Mutual,6721,Port Hedland WA,T-W,Home,830502,,8479.21,2025-01-08,2026-01-08
POL-001180,Outback Assurance Group,4680,Gladstone QLD,L-P,Home,803429,Shutters Installed,2931.57,2023-05-31,2024-05-30
POL-001181,Coral Coast Mutual,4737,Bowen QLD,Q-S,Home,898216,,6015.93,2024-12-15,2025-12-15
POL-001182,Outback Assurance Group,4655,Hervey Bay QLD,L-P,SME,753499,,2871.63,2023-12-09,2024-12-08
POL-001183,Coral Coast Mutual,810,Darwin NT,T-W,Home,474116,,4137.31,2024-07-19,2025-07-19
POL-001184,Pacific Rim Insurance,4720,Charters Towers QLD,L-P,Home,274559,,1044.27,2025-03-26,2026-03-26
POL-001185,Southern Cross Insurance,4802,Townsville QLD,T-W,Home,568706,,5647.46,2024-06-01,2025-06-01
POL-001186,Southern Cross Insurance,4740,Mackay QLD,Q-S,SME,2528606,Shutters Installed,13563.93,2023-02-18,2024-02-18
POL-001187,Pacific Rim Insurance,4737,Bowen QLD,Q-S,Home,725159,,4561.74,2023-08-30,2024-08-29
POL-001188,Coral Coast Mutual,4802,Townsville QLD,T-W,SME,2636774,,26775.23,2023-08-28,2024-08-27
POL-001189,Outback Assurance Group,6721,Port Hedland WA,T-W,Home,850588,,8359.26,2025-01-01,2026-01-01
POL-001190,Coral Coast Mutual,4720,Charters Towers QLD,L-P,SME,2566155,Roof Tie-Down,9312.09,2025-04-22,2026-04-22
POL-001191,Outback Assurance Group,4737,Bowen QLD,Q-S,Home,682068,,4062.76,2023-03-05,2024-03-04
POL-001192,Pacific Rim Insurance,810,Darwin NT,T-W,Home,637233,Elevated Slab,5327.63,2024-02-17,2025-02-16
POL-001193,Outback Assurance Group,4825,Cloncurry QLD,B-F,Home,526502,Elevated Slab,819.13,2024-10-13,2025-10-13
POL-001194,Pacific Rim Insurance,4737,Bowen QLD,Q-S,SME,2148699,,14871.05,2023-05-28,2024-05-27
POL-001195,Northbeam General,810,Darwin NT,T-W,Home,788113,,8031.04,2023-05-01,2024-04-30
POL-001196,Southern Cross Insurance,4737,Bowen QLD,Q-S,Home,836181,,5293.14,2025-09-01,2026-09-01
POL-001197,Pacific Rim Insurance,4810,Townsville QLD,T-W,SME,1950155,Roof Tie-Down,15973.52,2023-02-11,2024-02-11
POL-001198,Southern Cross Insurance,810,Darwin NT,T-W,Home,642649,Shutters Installed,4985.2,2024-05-12,2025-05-12
POL-001199,Coral Coast Mutual,810,Darwin NT,T-W,Home,301014,,3109.46,2023-11-09,2024-11-08
POL-001200,Southern Cross Insurance,4703,Rockhampton QLD,Q-S,Home,252187,,1515.4,2023-12-24,2024-12-23
POL-001201,Outback Assurance Group,4740,Mackay QLD,Q-S,Home,843246,,5428.89,2023-12-12,2024-12-11
POL-001202,Outback Assurance Group,850,Alice Springs NT,B-F,SME,957043,,1812.93,2024-05-31,2025-05-31
POL-001203,Pacific Rim Insurance,4737,Bowen QLD,Q-S,SME,1764055,Roof Tie-Down,8945.86,2024-10-01,2025-10-01
POL-001204,Outback Assurance Group,4879,Innisfail QLD,T-W,Home,605465,,5799.08,2025-09-08,2026-09-08
POL-001205,Coral Coast Mutual,6000,Perth WA,B-F,Home,276008,,503.97,2025-03-26,2026-03-26
POL-001206,Pacific Rim Insurance,4825,Cloncurry QLD,B-F,Home,339288,,573.15,2024-09-25,2025-09-25
POL-001207,Pacific Rim Insurance,4802,Townsville QLD,T-W,SME,2588394,,23062.21,2024-05-02,2025-05-02
POL-001208,Northbeam General,4870,Cairns QLD,T-W,Home,438474,,4550.71,2023-10-09,2024-10-08
POL-001209,Pacific Rim Insurance,4350,Toowoomba QLD,B-F,SME,2830820,,5038.64,2025-04-06,2026-04-06
POL-001210,Coral Coast Mutual,4810,Townsville QLD,T-W,Home,765346,,7797.15,2023-01-24,2024-01-24
POL-001211,Southern Cross Insurance,4879,Innisfail QLD,T-W,Home,803545,Roof Tie-Down,6251.64,2023-09-21,2024-09-20
POL-001212,Southern Cross Insurance,800,Darwin NT,T-W,Strata,6787407,,59889.81,2023-09-19,2024-09-18
POL-001213,Coral Coast Mutual,810,Darwin NT,T-W,Home,427409,Elevated Slab,3146.86,2025-09-11,2026-09-11
POL-001214,Outback Assurance Group,4700,Rockhampton QLD,Q-S,Home,658881,Roof Tie-Down,3348.18,2023-05-26,2024-05-25
POL-001215,Pacific Rim Insurance,6714,Karratha WA,T-W,Home,376842,,3259.14,2023-09-03,2024-09-02
POL-001216,Coral Coast Mutual,4802,Townsville QLD,T-W,Home,778924,,7229.66,2023-04-28,2024-04-27
POL-001217,Northbeam General,4740,Mackay QLD,Q-S,Home,318637,,2064.58,2024-02-22,2025-02-21
POL-001218,Northbeam General,4870,Cairns QLD,T-W,Home,356440,,3214.38,2024-07-22,2025-07-22
POL-001219,Northbeam General,6721,Port Hedland WA,T-W,Home,774741,Elevated Slab,5885.0,2025-09-18,2026-09-18
POL-001220,Pacific Rim Insurance,4680,Gladstone QLD,L-P,Home,507070,Roof Tie-Down,1823.83,2024-03-09,2025-03-09
POL-001221,Southern Cross Insurance,4737,Bowen QLD,Q-S,Home,553300,,3706.54,2023-06-21,2024-06-20
POL-001222,Outback Assurance Group,4740,Mackay QLD,Q-S,Strata,12030556,,74302.59,2024-11-27,2025-11-27
POL-001223,Pacific Rim Insurance,4680,Gladstone QLD,L-P,SME,2540472,Shutters Installed,8672.81,2023-06-15,2024-06-14
POL-001224,Pacific Rim Insurance,4802,Townsville QLD,T-W,Home,378950,Roof Tie-Down,3262.29,2025-01-12,2026-01-12
POL-001225,Coral Coast Mutual,6000,Perth WA,B-F,SME,2517369,Shutters Installed,4203.93,2023-11-22,2024-11-21
POL-001226,Coral Coast Mutual,6000,Perth WA,B-F,Strata,6580400,,11242.84,2023-11-26,2024-11-25
POL-001227,Southern Cross Insurance,4703,Rockhampton QLD,Q-S,Home,266645,,1876.71,2023-05-17,2024-05-16
POL-001228,Outback Assurance Group,4810,Townsville QLD,T-W,Home,431965,,4032.4,2025-07-05,2026-07-05
POL-001229,Outback Assurance Group,4655,Hervey Bay QLD,L-P,Home,331288,,1402.17,2025-07-02,2026-07-02
POL-001230,Southern Cross Insurance,800,Darwin NT,T-W,Home,880520,,8127.32,2023-07-01,2024-06-30
POL-001231,Southern Cross Insurance,800,Darwin NT,T-W,Home,716173,,6136.02,2025-01-30,2026-01-30
POL-001232,Coral Coast Mutual,6000,Perth WA,B-F,SME,1203258,,1988.25,2024-09-20,2025-09-20
POL-001233,Pacific Rim Insurance,4350,Toowoomba QLD,B-F,Home,630632,,1029.98,2024-05-19,2025-05-19
POL-001234,Pacific Rim Insurance,4703,Rockhampton QLD,Q-S,Home,665326,,3988.12,2023-10-12,2024-10-11
POL-001235,Pacific Rim Insurance,4720,Charters Towers QLD,L-P,Home,843186,,3663.33,2024-09-09,2025-09-09
POL-001236,Pacific Rim Insurance,4700,Rockhampton QLD,Q-S,Home,318209,Roof Tie-Down,1627.1,2025-08-13,2026-08-13
POL-001237,Southern Cross Insurance,4350,Toowoomba QLD,B-F,SME,1550614,,2619.09,2024-11-25,2025-11-25
POL-001238,Southern Cross Insurance,4825,Cloncurry QLD,B-F,Home,725976,,1176.59,2024-03-13,2025-03-13
POL-001239,Outback Assurance Group,6714,Karratha WA,T-W,Home,537347,,4718.59,2024-06-14,2025-06-14
POL-001240,Outback Assurance Group,850,Alice Springs NT,B-F,Home,485455,,794.64,2025-07-29,2026-07-29
POL-001241,Pacific Rim Insurance,4825,Cloncurry QLD,B-F,Home,454061,Roof Tie-Down,671.75,2025-06-20,2026-06-20
POL-001242,Northbeam General,4870,Cairns QLD,T-W,Strata,13568711,Shutters Installed,107897.98,2023-03-18,2024-03-17
POL-001243,Southern Cross Insurance,4703,Rockhampton QLD,Q-S,Home,351424,Shutters Installed,1758.28,2024-03-18,2025-03-18
POL-001244,Northbeam General,4802,Townsville QLD,T-W,SME,1450293,,13081.05,2024-04-29,2025-04-29
POL-001245,Southern Cross Insurance,6714,Karratha WA,T-W,SME,2579675,,25948.46,2025-08-24,2026-08-24
POL-001246,Southern Cross Insurance,4810,Townsville QLD,T-W,Home,718143,,6930.06,2023-03-29,2024-03-28
POL-001247,Outback Assurance Group,4740,Mackay QLD,Q-S,Home,318187,,2185.13,2023-03-05,2024-03-04
POL-001248,Pacific Rim Insurance,4740,Mackay QLD,Q-S,Home,318986,,1908.29,2023-02-27,2024-02-27
POL-001249,Northbeam General,4740,Mackay QLD,Q-S,Home,350485,Elevated Slab,1981.86,2024-02-25,2025-02-24
POL-001250,Outback Assurance Group,4810,Townsville QLD,T-W,SME,2301744,,21358.91,2025-03-25,2026-03-25
POL-001251,Pacific Rim Insurance,4810,Townsville QLD,T-W,Home,277233,Shutters Installed,2218.1,2023-12-03,2024-12-02
POL-001252,Northbeam General,4703,Rockhampton QLD,Q-S,Home,320825,Roof Tie-Down,1805.49,2025-05-10,2026-05-10
POL-001253,Pacific Rim Insurance,4802,Townsville QLD,T-W,Home,622654,,5821.76,2025-01-12,2026-01-12
POL-001254,Pacific Rim Insurance,4737,Bowen QLD,Q-S,Home,296211,Roof Tie-Down,1492.71,2023-11-16,2024-11-15
POL-001255,Pacific Rim Insurance,4879,Innisfail QLD,T-W,Home,625121,,5714.39,2025-06-25,2026-06-25
POL-001256,Southern Cross Insurance,810,Darwin NT,T-W,Home,609557,Shutters Installed,4716.49,2025-09-20,2026-09-20
POL-001257,Pacific Rim Insurance,4720,Charters Towers QLD,L-P,Home,310101,,1234.02,2025-04-18,2026-04-18
POL-001258,Southern Cross Insurance,4740,Mackay QLD,Q-S,Home,460105,Roof Tie-Down,2613.54,2023-07-26,2024-07-25
POL-001259,Pacific Rim Insurance,6714,Karratha WA,T-W,Home,740106,,7171.29,2023-12-06,2024-12-05
POL-001260,Outback Assurance Group,4802,Townsville QLD,T-W,Strata,9024541,,82794.53,2023-04-18,2024-04-17
POL-001261,Pacific Rim Insurance,4740,Mackay QLD,Q-S,Home,483858,,3266.62,2024-04-22,2025-04-22
POL-001262,Northbeam General,4703,Rockhampton QLD,Q-S,Home,597618,,4123.24,2024-01-20,2025-01-19
POL-001263,Southern Cross Insurance,4655,Hervey Bay QLD,L-P,Home,630441,,2388.31,2024-01-02,2025-01-01
POL-001264,Coral Coast Mutual,4825,Cloncurry QLD,B-F,Home,453846,Shutters Installed,712.62,2025-07-23,2026-07-23
POL-001265,Coral Coast Mutual,4740,Mackay QLD,Q-S,Strata,6766421,Roof Tie-Down,34948.1,2025-06-25,2026-06-25
POL-001266,Coral Coast Mutual,4700,Rockhampton QLD,Q-S,Home,437214,,2669.1,2023-06-30,2024-06-29
POL-001267,Southern Cross Insurance,800,Darwin NT,T-W,Home,647329,,6340.1,2025-06-25,2026-06-25
POL-001268,Northbeam General,6714,Karratha WA,T-W,Strata,6029047,Shutters Installed,47415.26,2024-01-17,2025-01-16
POL-001269,Southern Cross Insurance,4720,Charters Towers QLD,L-P,Strata,9276581,,41910.16,2023-03-08,2024-03-07
POL-001270,Coral Coast Mutual,810,Darwin NT,T-W,SME,1195412,Roof Tie-Down,9057.71,2024-01-23,2025-01-22
POL-001271,Pacific Rim Insurance,6714,Karratha WA,T-W,Home,506428,,5216.17,2025-02-20,2026-02-20
POL-001272,Coral Coast Mutual,4802,Townsville QLD,T-W,Home,405783,,3722.08,2023-02-24,2024-02-24
POL-001273,Outback Assurance Group,810,Darwin NT,T-W,SME,2450975,,21930.22,2023-03-25,2024-03-24
POL-001274,Outback Assurance Group,4810,Townsville QLD,T-W,Home,783891,,7259.7,2024-06-15,2025-06-15
POL-001275,Outback Assurance Group,4700,Rockhampton QLD,Q-S,Home,756773,Elevated Slab,4361.5,2024-05-21,2025-05-21
POL-001276,Northbeam General,6000,Perth WA,B-F,Home,862350,,1598.72,2023-08-01,2024-07-31
POL-001277,Outback Assurance Group,4703,Rockhampton QLD,Q-S,Home,479212,Shutters Installed,2544.92,2025-06-29,2026-06-29
POL-001278,Southern Cross Insurance,4802,Townsville QLD,T-W,Home,516893,,4960.13,2023-05-18,2024-05-17
POL-001279,Pacific Rim Insurance,6721,Port Hedland WA,T-W,Home,862328,Elevated Slab,6324.27,2024-06-08,2025-06-08
POL-001280,Coral Coast Mutual,6714,Karratha WA,T-W,Home,678818,,6277.89,2024-05-24,2025-05-24
POL-001281,Coral Coast Mutual,6000,Perth WA,B-F,Home,495147,Roof Tie-Down,722.06,2023-03-19,2024-03-18
POL-001282,Coral Coast Mutual,4825,Mount Isa QLD,B-F,Home,823206,,1524.34,2025-03-15,2026-03-15
POL-001283,Northbeam General,4350,Toowoomba QLD,B-F,Home,290140,Roof Tie-Down,448.0,2023-12-08,2024-12-07
POL-001284,Northbeam General,6714,Karratha WA,T-W,Home,537796,,4792.96,2024-09-10,2025-09-10
POL-001285,Outback Assurance Group,4825,Cloncurry QLD,B-F,Strata,7024342,Roof Tie-Down,10278.33,2023-12-21,2024-12-20
POL-001286,Northbeam General,4655,Hervey Bay QLD,L-P,SME,449873,,1878.89,2024-06-08,2025-06-08
POL-001287,Pacific Rim Insurance,4655,Hervey Bay QLD,L-P,Home,470069,,1964.2,2024-06-12,2025-06-12
POL-001288,Coral Coast Mutual,4825,Cloncurry QLD,B-F,SME,2335256,,4069.5,2023-03-29,2024-03-28
POL-001289,Pacific Rim Insurance,4703,Rockhampton QLD,Q-S,Home,687977,,4212.11,2024-04-05,2025-04-05
POL-001290,Southern Cross Insurance,4870,Cairns QLD,T-W,Home,384580,,3511.44,2025-01-25,2026-01-25
POL-001291,Outback Assurance Group,850,Alice Springs NT,B-F,SME,1825317,,3105.19,2024-03-11,2025-03-11
POL-001292,Northbeam General,4825,Cloncurry QLD,B-F,Home,845148,,1608.09,2025-08-02,2026-08-02
POL-001293,Pacific Rim Insurance,810,Darwin NT,T-W,Strata,11532661,,112405.33,2024-09-09,2025-09-09
POL-001294,Pacific Rim Insurance,4802,Townsville QLD,T-W,SME,1256496,,13007.9,2023-03-07,2024-03-06
POL-001295,Coral Coast Mutual,4655,Hervey Bay QLD,L-P,Home,847179,Roof Tie-Down,3303.85,2024-10-16,2025-10-16
POL-001296,Pacific Rim Insurance,4825,Mount Isa QLD,B-F,Home,436264,,711.78,2024-12-06,2025-12-06
POL-001297,Coral Coast Mutual,850,Alice Springs NT,B-F,Home,654639,Roof Tie-Down,958.29,2023-08-27,2024-08-26
POL-001298,Outback Assurance Group,4720,Charters Towers QLD,L-P,Home,793719,Roof Tie-Down,2556.48,2023-12-01,2024-11-30
POL-001299,Southern Cross Insurance,4655,Hervey Bay QLD,L-P,Home,812511,Roof Tie-Down,2853.33,2025-01-30,2026-01-30
POL-001300,Outback Assurance Group,4655,Hervey Bay QLD,L-P,Strata,4179901,,18856.27,2023-11-14,2024-11-13
POL-001301,Outback Assurance Group,850,Alice Springs NT,B-F,Home,575387,,1053.82,2024-05-29,2025-05-29
POL-001302,Pacific Rim Insurance,6000,Perth WA,B-F,Home,717383,,1178.68,2024-02-13,2025-02-12
POL-001303,Southern Cross Insurance,4350,Toowoomba QLD,B-F,Home,764807,,1365.7,2024-08-12,2025-08-12
POL-001304,Coral Coast Mutual,4825,Mount Isa QLD,B-F,Home,728472,,1271.07,2025-05-12,2026-05-12
POL-001305,Pacific Rim Insurance,4655,Hervey Bay QLD,L-P,Home,433633,,1790.32,2023-07-03,2024-07-02
POL-001306,Outback Assurance Group,4879,Innisfail QLD,T-W,Home,442355,,4369.23,2023-04-08,2024-04-07
POL-001307,Coral Coast Mutual,4740,Mackay QLD,Q-S,Home,537075,,3758.09,2024-07-04,2025-07-04
POL-001308,Pacific Rim Insurance,4825,Mount Isa QLD,B-F,SME,1311232,,2553.16,2024-02-26,2025-02-25
POL-001309,Coral Coast Mutual,800,Darwin NT,T-W,Strata,3765375,Roof Tie-Down,30432.13,2025-03-09,2026-03-09
POL-001310,Southern Cross Insurance,4879,Innisfail QLD,T-W,Home,780647,Shutters Installed,5729.63,2023-01-28,2024-01-28
POL-001311,Coral Coast Mutual,4737,Bowen QLD,Q-S,Home,453846,,2889.04,2023-01-11,2024-01-11
POL-001312,Southern Cross Insurance,800,Darwin NT,T-W,SME,2347186,Roof Tie-Down,18895.75,2023-03-11,2024-03-10
POL-001313,Coral Coast Mutual,4825,Cloncurry QLD,B-F,SME,2235946,,3735.13,2025-04-20,2026-04-20
POL-001314,Pacific Rim Insurance,4700,Rockhampton QLD,Q-S,Home,355397,Roof Tie-Down,1836.81,2023-05-08,2024-05-07
POL-001315,Outback Assurance Group,4655,Hervey Bay QLD,L-P,Home,261755,,1138.37,2023-06-07,2024-06-06
POL-001316,Southern Cross Insurance,4680,Gladstone QLD,L-P,Home,808155,,3201.57,2024-12-14,2025-12-14
POL-001317,Outback Assurance Group,4720,Charters Towers QLD,L-P,Home,357786,,1469.83,2023-11-12,2024-11-11
POL-001318,Northbeam General,4740,Mackay QLD,Q-S,Home,645727,Roof Tie-Down,3758.24,2025-08-09,2026-08-09
POL-001319,Coral Coast Mutual,4680,Gladstone QLD,L-P,Strata,2269080,Roof Tie-Down,7973.73,2023-01-15,2024-01-15
POL-001320,Northbeam General,4703,Rockhampton QLD,Q-S,SME,805183,Roof Tie-Down,4712.82,2025-04-30,2026-04-30
POL-001321,Northbeam General,4700,Rockhampton QLD,Q-S,Home,593032,,3718.0,2024-10-03,2025-10-03
POL-001322,Southern Cross Insurance,4810,Townsville QLD,T-W,Home,698665,,6133.95,2023-08-07,2024-08-06
POL-001323,Outback Assurance Group,4680,Gladstone QLD,L-P,Home,581601,Roof Tie-Down,1873.66,2023-08-06,2024-08-05
POL-001324,Northbeam General,4350,Toowoomba QLD,B-F,Home,636903,,1041.86,2025-06-25,2026-06-25
POL-001325,Pacific Rim Insurance,4879,Innisfail QLD,T-W,Home,356759,,3533.27,2025-03-21,2026-03-21
POL-001326,Outback Assurance Group,4700,Rockhampton QLD,Q-S,Home,590110,Roof Tie-Down,3574.28,2024-12-14,2025-12-14
POL-001327,Outback Assurance Group,810,Darwin NT,T-W,Home,583412,,6072.29,2024-11-13,2025-11-13
POL-001328,Northbeam General,4825,Mount Isa QLD,B-F,Home,863455,,1538.34,2024-06-07,2025-06-07
POL-001329,Southern Cross Insurance,4720,Charters Towers QLD,L-P,Home,493904,,1875.76,2025-02-16,2026-02-16
POL-001330,Northbeam General,6721,Port Hedland WA,T-W,Home,505376,Elevated Slab,4178.66,2023-03-03,2024-03-02
POL-001331,Northbeam General,4680,Gladstone QLD,L-P,Home,644000,Shutters Installed,2163.15,2023-02-08,2024-02-08
POL-001332,Southern Cross Insurance,4810,Townsville QLD,T-W,Strata,7514500,Elevated Slab,56241.08,2023-11-22,2024-11-21
POL-001333,Coral Coast Mutual,4720,Charters Towers QLD,L-P,SME,1609868,Elevated Slab,6035.22,2023-08-23,2024-08-22
POL-001334,Northbeam General,6714,Karratha WA,T-W,Home,510401,,5141.15,2024-12-13,2025-12-13
POL-001335,Southern Cross Insurance,4810,Townsville QLD,T-W,SME,1169845,,10985.41,2023-01-07,2024-01-07
POL-001336,Southern Cross Insurance,850,Alice Springs NT,B-F,Home,398407,Roof Tie-Down,662.99,2023-05-09,2024-05-08
POL-001337,Outback Assurance Group,4700,Rockhampton QLD,Q-S,Home,464300,,2858.79,2023-03-22,2024-03-21
POL-001338,Northbeam General,4737,Bowen QLD,Q-S,Home,506822,,3244.28,2024-09-12,2025-09-12
POL-001339,Outback Assurance Group,6721,Port Hedland WA,T-W,Home,461184,Elevated Slab,3554.14,2025-03-11,2026-03-11
POL-001340,Outback Assurance Group,4825,Mount Isa QLD,B-F,Strata,8337047,Elevated Slab,11908.11,2024-03-27,2025-03-27
POL-001341,Outback Assurance Group,4720,Charters Towers QLD,L-P,Home,413450,Elevated Slab,1570.36,2025-03-23,2026-03-23
POL-001342,Coral Coast Mutual,4870,Cairns QLD,T-W,SME,749103,Elevated Slab,6362.17,2025-08-01,2026-08-01
POL-001343,Coral Coast Mutual,4810,Townsville QLD,T-W,Home,434234,,3924.98,2024-04-19,2025-04-19
POL-001344,Outback Assurance Group,4737,Bowen QLD,Q-S,Home,754201,,4482.61,2023-05-20,2024-05-19
POL-001345,Coral Coast Mutual,4703,Rockhampton QLD,Q-S,Home,263457,Roof Tie-Down,1560.88,2025-01-17,2026-01-17
POL-001346,Outback Assurance Group,850,Alice Springs NT,B-F,Home,663820,Elevated Slab,1111.22,2024-01-18,2025-01-17
POL-001347,Southern Cross Insurance,850,Alice Springs NT,B-F,Home,324694,,573.79,2023-02-09,2024-02-09
POL-001348,Coral Coast Mutual,4655,Hervey Bay QLD,L-P,Strata,14800191,Roof Tie-Down,52163.52,2023-09-19,2024-09-18
POL-001349,Outback Assurance Group,4720,Charters Towers QLD,L-P,SME,1944261,,8486.74,2024-10-28,2025-10-28
POL-001350,Southern Cross Insurance,4879,Innisfail QLD,T-W,SME,544735,Shutters Installed,4769.52,2024-01-06,2025-01-05
POL-001351,Pacific Rim Insurance,810,Darwin NT,T-W,Home,404525,,3654.13,2024-09-08,2025-09-08
POL-001352,Southern Cross Insurance,4700,Rockhampton QLD,Q-S,Home,653017,,4157.74,2024-08-23,2025-08-23
POL-001353,Coral Coast Mutual,4720,Charters Towers QLD,L-P,Strata,4782058,,21409.22,2023-09-16,2024-09-15
POL-001354,Outback Assurance Group,4720,Charters Towers QLD,L-P,Strata,8422127,,35981.91,2025-01-21,2026-01-21
POL-001355,Northbeam General,4825,Mount Isa QLD,B-F,Home,611122,,1169.15,2023-10-03,2024-10-02
POL-001356,Southern Cross Insurance,4655,Hervey Bay QLD,L-P,SME,1106315,Roof Tie-Down,4199.46,2023-01-02,2024-01-02
POL-001357,Outback Assurance Group,4825,Mount Isa QLD,B-F,SME,2148363,Elevated Slab,3388.58,2025-01-20,2026-01-20
POL-001358,Pacific Rim Insurance,4700,Rockhampton QLD,Q-S,Home,390857,Roof Tie-Down,2029.06,2023-07-06,2024-07-05
POL-001359,Northbeam General,800,Darwin NT,T-W,Home,444655,,3971.56,2025-02-06,2026-02-06
POL-001360,Pacific Rim Insurance,4703,Rockhampton QLD,Q-S,Home,678649,,4358.93,2025-07-23,2026-07-23
POL-001361,Coral Coast Mutual,800,Darwin NT,T-W,SME,1629457,Roof Tie-Down,12067.62,2023-05-08,2024-05-07
POL-001362,Southern Cross Insurance,4825,Mount Isa QLD,B-F,Home,751111,,1348.0,2025-02-17,2026-02-17
POL-001363,Southern Cross Insurance,4870,Cairns QLD,T-W,Home,257577,,2527.89,2025-03-19,2026-03-19
POL-001364,Coral Coast Mutual,800,Darwin NT,T-W,Home,643914,,6243.18,2025-09-12,2026-09-12
POL-001365,Coral Coast Mutual,850,Alice Springs NT,B-F,Home,700314,Shutters Installed,1036.45,2024-11-29,2025-11-29
POL-001366,Coral Coast Mutual,6714,Karratha WA,T-W,SME,2071309,,19199.02,2023-02-28,2024-02-28
POL-001367,Northbeam General,6714,Karratha WA,T-W,SME,2085306,Roof Tie-Down,17597.34,2025-06-28,2026-06-28
POL-001368,Northbeam General,4870,Cairns QLD,T-W,Home,543042,,5624.3,2025-02-08,2026-02-08
POL-001369,Northbeam General,4680,Gladstone QLD,L-P,Home,748282,,3152.16,2024-11-07,2025-11-07
POL-001370,Southern Cross Insurance,4870,Cairns QLD,T-W,Strata,7405343,,63549.67,2024-01-04,2025-01-03
POL-001371,Southern Cross Insurance,6714,Karratha WA,T-W,SME,2432291,Shutters Installed,19248.58,2024-09-19,2025-09-19
POL-001372,Southern Cross Insurance,4680,Gladstone QLD,L-P,Home,749250,,3453.27,2025-05-27,2026-05-27
POL-001373,Pacific Rim Insurance,4655,Hervey Bay QLD,L-P,Home,400115,Roof Tie-Down,1534.07,2025-06-16,2026-06-16
POL-001374,Pacific Rim Insurance,4720,Charters Towers QLD,L-P,Home,341320,,1376.59,2024-11-20,2025-11-20
POL-001375,Northbeam General,4737,Bowen QLD,Q-S,Home,371297,Elevated Slab,2044.1,2024-07-07,2025-07-07
POL-001376,Southern Cross Insurance,4350,Toowoomba QLD,B-F,Home,343776,,569.97,2025-01-02,2026-01-02
POL-001377,Coral Coast Mutual,4700,Rockhampton QLD,Q-S,Strata,8433891,Shutters Installed,49079.1,2023-08-14,2024-08-13
POL-001378,Outback Assurance Group,850,Alice Springs NT,B-F,Strata,13164840,,21970.44,2024-07-01,2025-07-01
POL-001379,Pacific Rim Insurance,4825,Mount Isa QLD,B-F,SME,1338711,Shutters Installed,2225.1,2025-02-23,2026-02-23
POL-001380,Pacific Rim Insurance,4825,Mount Isa QLD,B-F,Home,650189,Elevated Slab,1025.41,2025-03-14,2026-03-14
POL-001381,Southern Cross Insurance,4879,Innisfail QLD,T-W,SME,885238,Shutters Installed,6849.46,2023-04-25,2024-04-24
POL-001382,Coral Coast Mutual,6714,Karratha WA,T-W,SME,886984,,8549.1,2023-05-11,2024-05-10
POL-001383,Outback Assurance Group,4655,Hervey Bay QLD,L-P,Home,314891,Roof Tie-Down,1144.41,2023-07-14,2024-07-13
POL-001384,Pacific Rim Insurance,4879,Innisfail QLD,T-W,Home,382442,Elevated Slab,3100.42,2024-09-08,2025-09-08
POL-001385,Coral Coast Mutual,4350,Toowoomba QLD,B-F,Home,732977,Roof Tie-Down,1080.17,2025-04-15,2026-04-15
POL-001386,Southern Cross Insurance,4350,Toowoomba QLD,B-F,Home,880682,,1516.55,2025-02-03,2026-02-03
POL-001387,Pacific Rim Insurance,4810,Townsville QLD,T-W,Home,379461,,3441.54,2025-05-18,2026-05-18
POL-001388,Southern Cross Insurance,850,Alice Springs NT,B-F,Home,555654,Shutters Installed,884.86,2024-01-21,2025-01-20
POL-001389,Northbeam General,6714,Karratha WA,T-W,Home,486004,,4802.1,2023-02-23,2024-02-23
POL-001390,Outback Assurance Group,850,Alice Springs NT,B-F,SME,1067704,Shutters Installed,1794.03,2024-07-15,2025-07-15
POL-001391,Southern Cross Insurance,6714,Karratha WA,T-W,Home,615226,,6145.9,2024-02-05,2025-02-04
POL-001392,Outback Assurance Group,4720,Charters Towers QLD,L-P,SME,1218275,Shutters Installed,4524.18,2024-07-15,2025-07-15
POL-001393,Coral Coast Mutual,800,Darwin NT,T-W,Home,858576,,8753.29,2023-02-25,2024-02-25
POL-001394,Northbeam General,4737,Bowen QLD,Q-S,SME,2253394,,15221.1,2023-10-26,2024-10-25
POL-001395,Pacific Rim Insurance,4703,Rockhampton QLD,Q-S,Home,259576,,1640.75,2025-05-26,2026-05-26
POL-001396,Northbeam General,800,Darwin NT,T-W,SME,1019102,,9442.44,2024-03-13,2025-03-13
POL-001397,Pacific Rim Insurance,4740,Mackay QLD,Q-S,Home,438358,,3102.95,2023-05-01,2024-04-30
POL-001398,Northbeam General,6714,Karratha WA,T-W,Home,673618,,6073.0,2023-05-02,2024-05-01
POL-001399,Southern Cross Insurance,4655,Hervey Bay QLD,L-P,Home,430865,,1864.93,2024-01-20,2025-01-19
POL-001400,Coral Coast Mutual,4737,Bowen QLD,Q-S,SME,1554339,,10370.6,2024-03-31,2025-03-31
POL-001401,Pacific Rim Insurance,4870,Cairns QLD,T-W,Home,762982,Roof Tie-Down,6335.33,2025-07-19,2026-07-19
POL-001402,Southern Cross Insurance,4350,Toowoomba QLD,B-F,Home,850446,,1524.53,2024-12-11,2025-12-11
POL-001403,Southern Cross Insurance,4802,Townsville QLD,T-W,Home,704721,,6424.86,2023-05-09,2024-05-08
POL-001404,Southern Cross Insurance,6714,Karratha WA,T-W,Home,813621,,7242.28,2025-04-12,2026-04-12
POL-001405,Pacific Rim Insurance,4655,Hervey Bay QLD,L-P,Home,805837,,3376.77,2024-06-15,2025-06-15
POL-001406,Southern Cross Insurance,4825,Cloncurry QLD,B-F,SME,920468,,1740.85,2023-08-01,2024-07-31
POL-001407,Coral Coast Mutual,4700,Rockhampton QLD,Q-S,SME,422330,,2775.19,2025-03-30,2026-03-30
POL-001408,Southern Cross Insurance,800,Darwin NT,T-W,Home,419041,,3652.72,2023-09-20,2024-09-19
POL-001409,Outback Assurance Group,4825,Mount Isa QLD,B-F,Strata,8099518,,15938.71,2023-06-25,2024-06-24
POL-001410,Pacific Rim Insurance,4870,Cairns QLD,T-W,Home,794675,Roof Tie-Down,6936.29,2023-10-28,2024-10-27
POL-001411,Pacific Rim Insurance,4737,Bowen QLD,Q-S,Home,578137,,3774.93,2023-12-27,2024-12-26
POL-001412,Northbeam General,4825,Cloncurry QLD,B-F,Home,296908,,506.33,2023-07-12,2024-07-11
POL-001413,Pacific Rim Insurance,6721,Port Hedland WA,T-W,SME,962909,Shutters Installed,7934.33,2023-08-10,2024-08-09
POL-001414,Coral Coast Mutual,4680,Gladstone QLD,L-P,Home,692514,,2660.96,2023-09-19,2024-09-18
POL-001415,Outback Assurance Group,4655,Hervey Bay QLD,L-P,Home,728221,Roof Tie-Down,2383.06,2023-09-18,2024-09-17
POL-001416,Northbeam General,810,Darwin NT,T-W,Home,532486,Roof Tie-Down,4725.82,2024-12-14,2025-12-14
POL-001417,Northbeam General,4680,Gladstone QLD,L-P,Home,786270,,3371.65,2024-03-05,2025-03-05
POL-001418,Southern Cross Insurance,6714,Karratha WA,T-W,Strata,2434695,Elevated Slab,21484.69,2023-09-11,2024-09-10
POL-001419,Southern Cross Insurance,6000,Perth WA,B-F,Home,825006,Roof Tie-Down,1238.73,2023-12-04,2024-12-03
POL-001420,Coral Coast Mutual,4680,Gladstone QLD,L-P,Strata,4455003,,20091.34,2023-08-20,2024-08-19
POL-001421,Southern Cross Insurance,4870,Cairns QLD,T-W,Home,483020,,4477.31,2023-04-18,2024-04-17
POL-001422,Southern Cross Insurance,4700,Rockhampton QLD,Q-S,Home,867429,,6000.65,2024-05-16,2025-05-16
POL-001423,Southern Cross Insurance,4720,Charters Towers QLD,L-P,Home,545694,,2315.54,2024-09-14,2025-09-14
POL-001424,Pacific Rim Insurance,4740,Mackay QLD,Q-S,Home,658486,,4006.8,2025-04-05,2026-04-05
POL-001425,Southern Cross Insurance,4825,Cloncurry QLD,B-F,Home,750025,,1374.97,2023-09-23,2024-09-22
POL-001426,Coral Coast Mutual,4720,Charters Towers QLD,L-P,SME,998401,,4091.64,2025-01-23,2026-01-23
POL-001427,Pacific Rim Insurance,4740,Mackay QLD,Q-S,Strata,8210098,,55580.34,2023-09-13,2024-09-12
POL-001428,Coral Coast Mutual,4879,Innisfail QLD,T-W,SME,1884789,Roof Tie-Down,16128.19,2024-05-29,2025-05-29
POL-001429,Northbeam General,6000,Perth WA,B-F,Strata,14053872,,27226.56,2025-04-13,2026-04-13
POL-001430,Southern Cross Insurance,6721,Port Hedland WA,T-W,Home,570509,Roof Tie-Down,4520.73,2023-11-17,2024-11-16
POL-001431,Southern Cross Insurance,4825,Mount Isa QLD,B-F,Home,348181,Shutters Installed,497.04,2023-02-28,2024-02-28
POL-001432,Pacific Rim Insurance,6721,Port Hedland WA,T-W,Home,261214,,2710.91,2024-03-10,2025-03-10
POL-001433,Southern Cross Insurance,810,Darwin NT,T-W,Home,808271,,7982.46,2024-02-20,2025-02-19
POL-001434,Pacific Rim Insurance,4810,Townsville QLD,T-W,Home,257644,,2552.45,2024-12-20,2025-12-20
POL-001435,Pacific Rim Insurance,4680,Gladstone QLD,L-P,Home,803764,,3500.09,2023-02-13,2024-02-13
POL-001436,Northbeam General,4737,Bowen QLD,Q-S,Strata,14812935,,96736.93,2023-08-19,2024-08-18
POL-001437,Outback Assurance Group,4825,Mount Isa QLD,B-F,Home,620453,Roof Tie-Down,1035.2,2024-03-08,2025-03-08
POL-001438,Pacific Rim Insurance,4655,Hervey Bay QLD,L-P,Home,604375,,2748.58,2023-09-13,2024-09-12
POL-001439,Pacific Rim Insurance,800,Darwin NT,T-W,Home,527611,,4724.66,2025-01-25,2026-01-25
POL-001440,Outback Assurance Group,4655,Hervey Bay QLD,L-P,Home,790571,Shutters Installed,3006.2,2023-02-06,2024-02-06
POL-001441,Coral Coast Mutual,4810,Townsville QLD,T-W,SME,424709,Roof Tie-Down,3508.77,2023-12-03,2024-12-02
POL-001442,Southern Cross Insurance,4680,Gladstone QLD,L-P,Home,445200,Shutters Installed,1558.23,2023-01-10,2024-01-10
POL-001443,Southern Cross Insurance,4879,Innisfail QLD,T-W,Home,789302,Roof Tie-Down,6881.6,2024-02-25,2025-02-24
POL-001444,Coral Coast Mutual,850,Alice Springs NT,B-F,Home,512285,,871.6,2024-02-09,2025-02-08
POL-001445,Outback Assurance Group,6721,Port Hedland WA,T-W,Home,812484,,8199.53,2023-04-22,2024-04-21
POL-001446,Northbeam General,4737,Bowen QLD,Q-S,Home,705040,Elevated Slab,3510.34,2025-06-23,2026-06-23
POL-001447,Southern Cross Insurance,800,Darwin NT,T-W,Home,663711,Roof Tie-Down,5274.85,2023-12-06,2024-12-05
POL-001448,Pacific Rim Insurance,4700,Rockhampton QLD,Q-S,SME,1514844,,9095.77,2024-05-15,2025-05-15
POL-001449,Outback Assurance Group,850,Alice Springs NT,B-F,SME,1762677,,3332.15,2025-03-10,2026-03-10
POL-001450,Southern Cross Insurance,4720,Charters Towers QLD,L-P,SME,2030948,,7901.18,2025-09-07,2026-09-07
POL-001451,Southern Cross Insurance,4870,Cairns QLD,T-W,Home,264311,Shutters Installed,2248.45,2023-08-31,2024-08-30
POL-001452,Coral Coast Mutual,6714,Karratha WA,T-W,Home,258418,,2422.73,2023-10-24,2024-10-23
POL-001453,Northbeam General,850,Alice Springs NT,B-F,Home,897614,Elevated Slab,1277.9,2024-06-07,2025-06-07
POL-001454,Outback Assurance Group,4350,Toowoomba QLD,B-F,Home,526331,Roof Tie-Down,884.89,2023-09-11,2024-09-10
POL-001455,Pacific Rim Insurance,4703,Rockhampton QLD,Q-S,Home,358071,,2421.09,2024-05-29,2025-05-29
POL-001456,Outback Assurance Group,4700,Rockhampton QLD,Q-S,Home,405950,,2495.86,2023-05-16,2024-05-15
POL-001457,Northbeam General,4740,Mackay QLD,Q-S,Home,403311,Roof Tie-Down,2195.45,2024-09-23,2025-09-23
POL-001458,Northbeam General,4825,Mount Isa QLD,B-F,SME,2601888,Elevated Slab,3826.79,2024-10-10,2025-10-10
POL-001459,Coral Coast Mutual,4350,Toowoomba QLD,B-F,Home,784630,,1391.73,2023-02-22,2024-02-22
POL-001460,Coral Coast Mutual,800,Darwin NT,T-W,Home,618075,Shutters Installed,5202.16,2023-09-10,2024-09-09
POL-001461,Coral Coast Mutual,4740,Mackay QLD,Q-S,Home,587263,Roof Tie-Down,3057.72,2024-04-28,2025-04-28
POL-001462,Southern Cross Insurance,4810,Townsville QLD,T-W,Home,765151,Roof Tie-Down,6010.02,2023-11-08,2024-11-07
POL-001463,Coral Coast Mutual,800,Darwin NT,T-W,SME,946551,,8688.68,2025-01-29,2026-01-29
POL-001464,Southern Cross Insurance,4802,Townsville QLD,T-W,Home,539351,Elevated Slab,4102.68,2024-01-29,2025-01-28
POL-001465,Northbeam General,800,Darwin NT,T-W,Home,376200,,3245.84,2025-09-18,2026-09-18
POL-001466,Coral Coast Mutual,4703,Rockhampton QLD,Q-S,SME,714067,,5051.57,2024-09-25,2025-09-25
POL-001467,Southern Cross Insurance,6721,Port Hedland WA,T-W,SME,1247245,,11928.35,2023-06-07,2024-06-06
POL-001468,Pacific Rim Insurance,810,Darwin NT,T-W,Home,514792,,5273.54,2025-02-16,2026-02-16
POL-001469,Outback Assurance Group,4680,Gladstone QLD,L-P,SME,892532,Elevated Slab,3448.16,2023-03-11,2024-03-10
POL-001470,Northbeam General,4879,Innisfail QLD,T-W,Home,272937,,2420.18,2023-10-08,2024-10-07
POL-001471,Outback Assurance Group,6721,Port Hedland WA,T-W,Home,449429,,4475.13,2024-02-12,2025-02-11
POL-001472,Outback Assurance Group,4825,Cloncurry QLD,B-F,SME,1094233,,1945.1,2024-06-05,2025-06-05
POL-001473,Northbeam General,4825,Cloncurry QLD,B-F,SME,1538729,Elevated Slab,2216.26,2023-01-04,2024-01-04
POL-001474,Pacific Rim Insurance,4802,Townsville QLD,T-W,Home,787705,,7416.51,2024-12-25,2025-12-25
POL-001475,Northbeam General,6000,Perth WA,B-F,Home,531558,Shutters Installed,821.77,2023-06-25,2024-06-24
POL-001476,Northbeam General,4740,Mackay QLD,Q-S,Home,405335,Shutters Installed,2437.47,2023-10-12,2024-10-11
POL-001477,Pacific Rim Insurance,6000,Perth WA,B-F,SME,1444415,Roof Tie-Down,2426.33,2023-08-04,2024-08-03
POL-001478,Southern Cross Insurance,800,Darwin NT,T-W,Home,884555,Shutters Installed,7817.37,2023-11-29,2024-11-28
POL-001479,Southern Cross Insurance,4825,Cloncurry QLD,B-F,Home,891185,Roof Tie-Down,1307.58,2023-02-28,2024-02-28
POL-001480,Pacific Rim Insurance,4680,Gladstone QLD,L-P,Home,435320,,1739.12,2023-01-17,2024-01-17
POL-001481,Pacific Rim Insurance,4802,Townsville QLD,T-W,Home,650536,,6730.93,2023-09-21,2024-09-20
POL-001482,Outback Assurance Group,4825,Cloncurry QLD,B-F,Home,590014,Elevated Slab,860.98,2024-08-18,2025-08-18
POL-001483,Outback Assurance Group,810,Darwin NT,T-W,Home,704980,,6521.36,2025-07-12,2026-07-12
POL-001484,Northbeam General,4825,Mount Isa QLD,B-F,Home,434665,,733.71,2024-05-17,2025-05-17
POL-001485,Pacific Rim Insurance,6721,Port Hedland WA,T-W,Home,436367,Roof Tie-Down,3747.42,2024-12-04,2025-12-04
POL-001486,Outback Assurance Group,4703,Rockhampton QLD,Q-S,Home,507167,Roof Tie-Down,2776.89,2024-10-22,2025-10-22
POL-001487,Outback Assurance Group,800,Darwin NT,T-W,SME,449444,Roof Tie-Down,3704.24,2024-01-22,2025-01-21
POL-001488,Southern Cross Insurance,4870,Cairns QLD,T-W,Home,295864,Roof Tie-Down,2213.35,2025-02-27,2026-02-27
POL-001489,Southern Cross Insurance,6000,Perth WA,B-F,Home,264152,,503.28,2023-01-10,2024-01-10
POL-001490,Pacific Rim Insurance,4825,Cloncurry QLD,B-F,SME,756369,Shutters Installed,1088.35,2024-05-06,2025-05-06
POL-001491,Pacific Rim Insurance,4737,Bowen QLD,Q-S,SME,2408687,Shutters Installed,12388.45,2023-02-27,2024-02-27
POL-001492,Southern Cross Insurance,6000,Perth WA,B-F,Home,296688,Roof Tie-Down,417.87,2023-10-31,2024-10-30
POL-001493,Northbeam General,4720,Charters Towers QLD,L-P,SME,405076,Elevated Slab,1565.33,2023-01-25,2024-01-25
POL-001494,Outback Assurance Group,4879,Innisfail QLD,T-W,Home,550780,Elevated Slab,4203.72,2025-06-19,2026-06-19
POL-001495,Coral Coast Mutual,800,Darwin NT,T-W,Home,485428,,4244.24,2025-09-05,2026-09-05
POL-001496,Southern Cross Insurance,4680,Gladstone QLD,L-P,Home,628004,Shutters Installed,2431.79,2025-07-30,2026-07-30
POL-001497,Outback Assurance Group,4740,Mackay QLD,Q-S,Home,806249,Roof Tie-Down,4307.39,2023-07-05,2024-07-04
POL-001498,Coral Coast Mutual,810,Darwin NT,T-W,SME,1603788,,14773.99,2023-04-17,2024-04-16
POL-001499,Northbeam General,850,Alice Springs NT,B-F,SME,720316,,1371.47,2025-06-01,2026-06-01
POL-001500,Pacific Rim Insurance,810,Darwin NT,T-W,Home,751672,Elevated Slab,6451.72,2023-04-26,2024-04-25
POL-001501,Northbeam General,4879,Innisfail QLD,T-W,Strata,3517449,Shutters Installed,27398.22,2023-05-11,2024-05-10
POL-001502,Pacific Rim Insurance,4655,Hervey Bay QLD,L-P,Home,754667,,3292.21,2024-02-28,2025-02-27
POL-001503,Outback Assurance Group,6714,Karratha WA,T-W,Home,507853,,4711.89,2024-07-16,2025-07-16
POL-001504,Outback Assurance Group,4825,Cloncurry QLD,B-F,Home,491292,,863.92,2024-08-17,2025-08-17
POL-001505,Coral Coast Mutual,4720,Charters Towers QLD,L-P,Home,479988,,2097.83,2023-08-29,2024-08-28
POL-001506,Northbeam General,4870,Cairns QLD,T-W,Home,630002,,6054.89,2025-09-07,2026-09-07
POL-001507,Pacific Rim Insurance,800,Darwin NT,T-W,Home,396118,Shutters Installed,3067.31,2023-05-28,2024-05-27
POL-001508,Northbeam General,4879,Innisfail QLD,T-W,Home,308579,,3076.31,2023-05-01,2024-04-30
POL-001509,Southern Cross Insurance,4655,Hervey Bay QLD,L-P,SME,2181357,,8926.58,2024-12-19,2025-12-19
POL-001510,Northbeam General,4802,Townsville QLD,T-W,Home,415856,,3579.42,2024-01-10,2025-01-09
POL-001511,Outback Assurance Group,4825,Mount Isa QLD,B-F,Home,686726,Roof Tie-Down,977.08,2023-07-06,2024-07-05
POL-001512,Coral Coast Mutual,810,Darwin NT,T-W,SME,1656226,,15640.32,2025-01-09,2026-01-09
POL-001513,Southern Cross Insurance,4737,Bowen QLD,Q-S,SME,1602796,,9608.2,2023-03-03,2024-03-02
POL-001514,Outback Assurance Group,4810,Townsville QLD,T-W,SME,445581,,4145.3,2024-03-09,2025-03-09
POL-001515,Northbeam General,4825,Cloncurry QLD,B-F,SME,2799415,Shutters Installed,4284.71,2024-12-27,2025-12-27
POL-001516,Northbeam General,4879,Innisfail QLD,T-W,Strata,3542438,Shutters Installed,28728.2,2025-08-31,2026-08-31
POL-001517,Pacific Rim Insurance,4703,Rockhampton QLD,Q-S,Home,661346,Roof Tie-Down,3422.78,2025-02-02,2026-02-02
POL-001518,Outback Assurance Group,4810,Townsville QLD,T-W,SME,2364763,,22363.78,2024-10-30,2025-10-30
POL-001519,Southern Cross Insurance,4655,Hervey Bay QLD,L-P,Home,694828,,2740.11,2023-04-22,2024-04-21
POL-001520,Northbeam General,4825,Mount Isa QLD,B-F,Home,601767,,980.94,2023-10-16,2024-10-15
POL-001521,Northbeam General,4825,Cloncurry QLD,B-F,Home,261510,Shutters Installed,420.64,2023-11-13,2024-11-12
POL-001522,Pacific Rim Insurance,4825,Cloncurry QLD,B-F,Home,502009,,861.9,2025-09-27,2026-09-27
POL-001523,Southern Cross Insurance,4802,Townsville QLD,T-W,Home,757308,,6540.71,2023-11-19,2024-11-18
POL-001524,Northbeam General,6721,Port Hedland WA,T-W,Home,546120,Elevated Slab,4814.52,2024-05-27,2025-05-27
POL-001525,Coral Coast Mutual,6714,Karratha WA,T-W,SME,943233,,9323.9,2023-04-10,2024-04-09
POL-001526,Southern Cross Insurance,4879,Innisfail QLD,T-W,SME,2506283,,25273.96,2023-06-03,2024-06-02
POL-001527,Outback Assurance Group,4802,Townsville QLD,T-W,SME,556901,,5068.48,2023-06-05,2024-06-04
POL-001528,Northbeam General,4825,Mount Isa QLD,B-F,SME,1371275,Roof Tie-Down,2259.35,2025-04-06,2026-04-06
POL-001529,Coral Coast Mutual,4700,Rockhampton QLD,Q-S,Strata,14225903,,94479.35,2024-06-19,2025-06-19
POL-001530,Outback Assurance Group,4737,Bowen QLD,Q-S,SME,1911276,Shutters Installed,10820.57,2025-08-20,2026-08-20
POL-001531,Pacific Rim Insurance,4740,Mackay QLD,Q-S,SME,2025855,,12480.98,2024-09-17,2025-09-17
POL-001532,Northbeam General,4825,Mount Isa QLD,B-F,Strata,10347047,,17125.05,2023-01-16,2024-01-16
POL-001533,Coral Coast Mutual,6721,Port Hedland WA,T-W,Home,341401,,3242.6,2024-04-10,2025-04-10
POL-001534,Southern Cross Insurance,4700,Rockhampton QLD,Q-S,Strata,6699588,Roof Tie-Down,37581.64,2023-12-28,2024-12-27
POL-001535,Outback Assurance Group,4825,Mount Isa QLD,B-F,Home,520473,,1027.94,2023-09-20,2024-09-19
POL-001536,Coral Coast Mutual,810,Darwin NT,T-W,Strata,10191626,,87905.08,2025-05-29,2026-05-29
POL-001537,Pacific Rim Insurance,4655,Hervey Bay QLD,L-P,Home,385249,,1598.9,2024-06-08,2025-06-08
POL-001538,Southern Cross Insurance,6714,Karratha WA,T-W,Home,780519,,7340.92,2025-06-17,2026-06-17
POL-001539,Southern Cross Insurance,4810,Townsville QLD,T-W,Strata,6107344,Roof Tie-Down,51286.96,2024-07-28,2025-07-28
POL-001540,Southern Cross Insurance,810,Darwin NT,T-W,SME,1063563,Shutters Installed,8708.74,2025-05-24,2026-05-24
POL-001541,Pacific Rim Insurance,4350,Toowoomba QLD,B-F,Home,348045,,607.55,2024-04-24,2025-04-24
POL-001542,Outback Assurance Group,4737,Bowen QLD,Q-S,Home,363611,Roof Tie-Down,2176.68,2025-08-02,2026-08-02
POL-001543,Outback Assurance Group,4879,Innisfail QLD,T-W,Home,582697,Shutters Installed,4556.99,2024-09-10,2025-09-10
POL-001544,Northbeam General,4703,Rockhampton QLD,Q-S,SME,1567589,,10096.77,2024-07-12,2025-07-12
POL-001545,Outback Assurance Group,850,Alice Springs NT,B-F,Home,845807,Shutters Installed,1172.78,2024-09-07,2025-09-07
POL-001546,Southern Cross Insurance,4740,Mackay QLD,Q-S,Strata,9216043,Elevated Slab,55792.17,2023-08-07,2024-08-06
POL-001547,Northbeam General,4703,Rockhampton QLD,Q-S,SME,2173856,,13479.65,2024-10-12,2025-10-12
POL-001548,Outback Assurance Group,4825,Mount Isa QLD,B-F,Home,335678,Shutters Installed,492.87,2024-12-30,2025-12-30
POL-001549,Southern Cross Insurance,4879,Innisfail QLD,T-W,Home,522050,,4646.11,2023-02-25,2024-02-25
POL-001550,Outback Assurance Group,4879,Innisfail QLD,T-W,Home,422525,,3772.03,2025-08-22,2026-08-22
POL-001551,Coral Coast Mutual,850,Alice Springs NT,B-F,Home,418494,,823.43,2024-03-23,2025-03-23
POL-001552,Pacific Rim Insurance,4802,Townsville QLD,T-W,Home,876134,Roof Tie-Down,6648.26,2025-01-10,2026-01-10
POL-001553,Outback Assurance Group,4810,Townsville QLD,T-W,Home,581890,,4990.84,2025-07-07,2026-07-07
POL-001554,Southern Cross Insurance,810,Darwin NT,T-W,Home,676127,Shutters Installed,5200.72,2025-01-09,2026-01-09
POL-001555,Pacific Rim Insurance,4737,Bowen QLD,Q-S,Strata,12641671,,81338.12,2025-09-19,2026-09-19
POL-001556,Northbeam General,800,Darwin NT,T-W,Home,446772,,4176.57,2024-07-13,2025-07-13
POL-001557,Southern Cross Insurance,4810,Townsville QLD,T-W,Home,450444,Shutters Installed,3980.51,2024-08-13,2025-08-13
POL-001558,Southern Cross Insurance,4680,Gladstone QLD,L-P,SME,1687506,Roof Tie-Down,6026.91,2025-06-07,2026-06-07
POL-001559,Pacific Rim Insurance,850,Alice Springs NT,B-F,Home,680321,,1188.26,2025-04-28,2026-04-28
POL-001560,Outback Assurance Group,4879,Innisfail QLD,T-W,Home,368887,,3803.25,2024-04-14,2025-04-14
POL-001561,Outback Assurance Group,4680,Gladstone QLD,L-P,Home,819128,,3396.22,2023-10-19,2024-10-18
POL-001562,Southern Cross Insurance,6721,Port Hedland WA,T-W,SME,816180,,8521.89,2025-04-05,2026-04-05
POL-001563,Pacific Rim Insurance,4825,Mount Isa QLD,B-F,Home,681257,,1129.06,2025-02-06,2026-02-06
POL-001564,Coral Coast Mutual,4825,Cloncurry QLD,B-F,Home,859467,Elevated Slab,1395.43,2024-11-14,2025-11-14
POL-001565,Outback Assurance Group,4879,Innisfail QLD,T-W,Home,828381,,7682.45,2023-07-20,2024-07-19
POL-001566,Outback Assurance Group,800,Darwin NT,T-W,Home,736483,,6874.76,2025-04-20,2026-04-20
POL-001567,Coral Coast Mutual,4870,Cairns QLD,T-W,Strata,10515457,,95573.39,2025-06-19,2026-06-19
POL-001568,Outback Assurance Group,6721,Port Hedland WA,T-W,SME,2139447,,21029.21,2023-01-05,2024-01-05
POL-001569,Pacific Rim Insurance,4740,Mackay QLD,Q-S,Home,642592,Roof Tie-Down,3792.29,2024-06-15,2025-06-15
POL-001570,Outback Assurance Group,6714,Karratha WA,T-W,Home,700908,,6314.82,2025-09-23,2026-09-23
POL-001571,Outback Assurance Group,4703,Rockhampton QLD,Q-S,Home,304086,Elevated Slab,1781.33,2024-08-14,2025-08-14
POL-001572,Coral Coast Mutual,810,Darwin NT,T-W,Strata,14215704,Elevated Slab,107300.89,2025-07-14,2026-07-14
POL-001573,Pacific Rim Insurance,4720,Charters Towers QLD,L-P,Home,382466,Shutters Installed,1366.57,2024-10-08,2025-10-08
POL-001574,Coral Coast Mutual,4655,Hervey Bay QLD,L-P,SME,1491484,,6686.87,2023-06-12,2024-06-11
POL-001575,Northbeam General,4703,Rockhampton QLD,Q-S,Home,262098,Roof Tie-Down,1485.42,2024-08-30,2025-08-30
POL-001576,Northbeam General,4870,Cairns QLD,T-W,Home,332598,,3205.05,2023-01-26,2024-01-26
POL-001577,Northbeam General,4737,Bowen QLD,Q-S,Home,445617,,2745.73,2025-07-08,2026-07-08
POL-001578,Southern Cross Insurance,6721,Port Hedland WA,T-W,Home,646473,,6473.62,2024-11-06,2025-11-06
POL-001579,Southern Cross Insurance,6000,Perth WA,B-F,Home,274264,Roof Tie-Down,431.24,2024-08-16,2025-08-16
POL-001580,Northbeam General,800,Darwin NT,T-W,Home,362278,,3195.11,2023-09-26,2024-09-25
POL-001581,Southern Cross Insurance,4825,Mount Isa QLD,B-F,Home,468074,,824.13,2024-05-17,2025-05-17
POL-001582,Outback Assurance Group,4879,Innisfail QLD,T-W,Home,330019,,2953.53,2024-03-05,2025-03-05
POL-001583,Northbeam General,6714,Karratha WA,T-W,Home,418929,,3724.96,2023-01-11,2024-01-11
POL-001584,Outback Assurance Group,4802,Townsville QLD,T-W,Home,372900,,3879.74,2023-12-22,2024-12-21
POL-001585,Southern Cross Insurance,4810,Townsville QLD,T-W,Home,797093,Roof Tie-Down,6747.66,2025-08-06,2026-08-06
POL-001586,Northbeam General,4703,Rockhampton QLD,Q-S,Home,793157,,5167.63,2023-06-06,2024-06-05
POL-001587,Northbeam General,4680,Gladstone QLD,L-P,Home,593450,Shutters Installed,1965.47,2023-03-27,2024-03-26
POL-001588,Coral Coast Mutual,6000,Perth WA,B-F,Home,346437,Roof Tie-Down,513.99,2024-07-18,2025-07-18
POL-001589,Northbeam General,4737,Bowen QLD,Q-S,SME,2550237,,18056.31,2025-08-02,2026-08-02
POL-001590,Pacific Rim Insurance,6000,Perth WA,B-F,Home,544736,,1071.1,2023-04-16,2024-04-15
POL-001591,Outback Assurance Group,4802,Townsville QLD,T-W,Home,761528,,7138.26,2024-04-01,2025-04-01
POL-001592,Northbeam General,4810,Townsville QLD,T-W,SME,851135,,8259.3,2024-03-15,2025-03-15
POL-001593,Southern Cross Insurance,4802,Townsville QLD,T-W,Home,317388,,2984.67,2025-06-29,2026-06-29
POL-001594,Pacific Rim Insurance,4720,Charters Towers QLD,L-P,Home,883216,Elevated Slab,3359.09,2024-10-22,2025-10-22
POL-001595,Coral Coast Mutual,4680,Gladstone QLD,L-P,Home,588355,Roof Tie-Down,2070.76,2023-07-10,2024-07-09
POL-001596,Southern Cross Insurance,4350,Toowoomba QLD,B-F,Home,640032,,1070.27,2023-11-18,2024-11-17
POL-001597,Coral Coast Mutual,4870,Cairns QLD,T-W,Home,594844,Roof Tie-Down,4528.39,2024-08-04,2025-08-04
POL-001598,Southern Cross Insurance,4350,Toowoomba QLD,B-F,Home,881035,Elevated Slab,1270.39,2023-08-11,2024-08-10
POL-001599,Outback Assurance Group,4825,Cloncurry QLD,B-F,Home,328458,,599.97,2024-10-23,2025-10-23
POL-001600,Outback Assurance Group,4879,Innisfail QLD,T-W,Home,456698,Shutters Installed,3355.68,2024-05-20,2025-05-20
POL-001601,Coral Coast Mutual,4740,Mackay QLD,Q-S,Strata,4081929,Elevated Slab,22339.69,2024-09-07,2025-09-07
POL-001602,Pacific Rim Insurance,4802,Townsville QLD,T-W,Home,548882,,4711.54,2025-03-13,2026-03-13
POL-001603,Pacific Rim Insurance,4870,Cairns QLD,T-W,Strata,8758043,Shutters Installed,64172.53,2024-06-30,2025-06-30
POL-001604,Outback Assurance Group,4740,Mackay QLD,Q-S,Home,742718,Roof Tie-Down,3771.23,2025-04-01,2026-04-01
POL-001605,Coral Coast Mutual,6721,Port Hedland WA,T-W,Home,669791,,5828.23,2025-03-04,2026-03-04
POL-001606,Southern Cross Insurance,850,Alice Springs NT,B-F,Home,726663,Elevated Slab,1110.31,2024-10-18,2025-10-18
POL-001607,Northbeam General,4680,Gladstone QLD,L-P,Strata,5758337,Roof Tie-Down,18698.2,2023-01-11,2024-01-11
POL-001608,Southern Cross Insurance,800,Darwin NT,T-W,Strata,14150955,,132704.78,2023-06-24,2024-06-23
POL-001609,Southern Cross Insurance,4703,Rockhampton QLD,Q-S,SME,2654683,,18944.97,2025-08-14,2026-08-14
POL-001610,Coral Coast Mutual,6000,Perth WA,B-F,SME,601340,Roof Tie-Down,1002.33,2023-03-18,2024-03-17
POL-001611,Northbeam General,6714,Karratha WA,T-W,SME,1991975,,18052.94,2023-06-24,2024-06-23
POL-001612,Outback Assurance Group,4802,Townsville QLD,T-W,Home,405190,Roof Tie-Down,3437.49,2025-06-28,2026-06-28
POL-001613,Outback Assurance Group,4737,Bowen QLD,Q-S,SME,1408828,,9300.03,2024-11-08,2025-11-08
POL-001614,Coral Coast Mutual,6000,Perth WA,B-F,Home,486800,,804.7,2025-02-23,2026-02-23
POL-001615,Northbeam General,4825,Mount Isa QLD,B-F,Home,504149,,936.41,2025-01-22,2026-01-22
POL-001616,Outback Assurance Group,4825,Mount Isa QLD,B-F,Home,472796,,768.16,2023-08-10,2024-08-09
POL-001617,Pacific Rim Insurance,4655,Hervey Bay QLD,L-P,Home,468797,Roof Tie-Down,1778.71,2025-02-18,2026-02-18
POL-001618,Northbeam General,4720,Charters Towers QLD,L-P,SME,1707890,,7472.28,2024-11-02,2025-11-02
POL-001619,Pacific Rim Insurance,4720,Charters Towers QLD,L-P,Home,631308,Roof Tie-Down,2202.19,2024-04-08,2025-04-08
POL-001620,Coral Coast Mutual,4720,Charters Towers QLD,L-P,Home,321973,Elevated Slab,1098.37,2023-06-18,2024-06-17
POL-001621,Southern Cross Insurance,4802,Townsville QLD,T-W,Home,362379,Roof Tie-Down,3069.61,2023-09-04,2024-09-03
POL-001622,Southern Cross Insurance,4737,Bowen QLD,Q-S,Home,806673,Roof Tie-Down,4414.65,2023-09-29,2024-09-28
POL-001623,Pacific Rim Insurance,4825,Cloncurry QLD,B-F,Home,407936,Elevated Slab,611.28,2024-03-17,2025-03-17
POL-001624,Outback Assurance Group,6714,Karratha WA,T-W,Home,352564,Shutters Installed,2590.24,2024-01-27,2025-01-26
POL-001625,Outback Assurance Group,4703,Rockhampton QLD,Q-S,Home,872905,Elevated Slab,4606.67,2024-09-14,2025-09-14
POL-001626,Southern Cross Insurance,4720,Charters Towers QLD,L-P,Home,511036,,2343.37,2023-08-13,2024-08-12
POL-001627,Coral Coast Mutual,4740,Mackay QLD,Q-S,SME,1401461,,8318.51,2023-04-14,2024-04-13
POL-001628,Northbeam General,4350,Toowoomba QLD,B-F,SME,2096845,,3692.73,2023-04-14,2024-04-13
POL-001629,Pacific Rim Insurance,6000,Perth WA,B-F,Home,463464,Roof Tie-Down,687.49,2023-10-22,2024-10-21
POL-001630,Outback Assurance Group,6721,Port Hedland WA,T-W,SME,2510742,Roof Tie-Down,21927.74,2024-09-29,2025-09-29
POL-001631,Northbeam General,6721,Port Hedland WA,T-W,SME,1114007,,10191.73,2023-03-13,2024-03-12
POL-001632,Coral Coast Mutual,4700,Rockhampton QLD,Q-S,Home,263353,,1768.64,2024-03-14,2025-03-14
POL-001633,Southern Cross Insurance,4870,Cairns QLD,T-W,Home,330716,Shutters Installed,2494.66,2025-02-17,2026-02-17
POL-001634,Outback Assurance Group,4810,Townsville QLD,T-W,Home,251055,,2379.45,2023-09-11,2024-09-10
POL-001635,Pacific Rim Insurance,800,Darwin NT,T-W,Home,554777,Roof Tie-Down,4780.29,2024-06-21,2025-06-21
POL-001636,Coral Coast Mutual,4700,Rockhampton QLD,Q-S,SME,819398,,5117.95,2025-01-23,2026-01-23
POL-001637,Coral Coast Mutual,4737,Bowen QLD,Q-S,Home,822223,Elevated Slab,4322.31,2024-05-13,2025-05-13
POL-001638,Pacific Rim Insurance,4680,Gladstone QLD,L-P,Home,565761,,2476.07,2025-07-01,2026-07-01
POL-001639,Northbeam General,4810,Townsville QLD,T-W,Home,794534,Shutters Installed,6708.7,2023-01-22,2024-01-22
POL-001640,Northbeam General,4879,Innisfail QLD,T-W,SME,994052,,9173.78,2023-02-01,2024-02-01
POL-001641,Northbeam General,4802,Townsville QLD,T-W,SME,1907516,,17056.98,2023-04-02,2024-04-01
POL-001642,Pacific Rim Insurance,4655,Hervey Bay QLD,L-P,Home,821386,,3725.27,2024-04-05,2025-04-05
POL-001643,Coral Coast Mutual,4700,Rockhampton QLD,Q-S,Home,597283,,3797.72,2024-03-03,2025-03-03
POL-001644,Outback Assurance Group,6721,Port Hedland WA,T-W,Home,609949,,6181.79,2023-05-06,2024-05-05
POL-001645,Southern Cross Insurance,4737,Bowen QLD,Q-S,Home,613853,,3821.19,2025-09-19,2026-09-19
POL-001646,Coral Coast Mutual,850,Alice Springs NT,B-F,Strata,13423993,Roof Tie-Down,19101.94,2025-09-16,2026-09-16
POL-001647,Coral Coast Mutual,4810,Townsville QLD,T-W,Home,760472,Roof Tie-Down,5880.76,2025-03-29,2026-03-29
POL-001648,Coral Coast Mutual,4870,Cairns QLD,T-W,Home,871880,Shutters Installed,6510.2,2024-05-15,2025-05-15
POL-001649,Coral Coast Mutual,4870,Cairns QLD,T-W,Home,250672,,2167.01,2023-05-22,2024-05-21
POL-001650,Coral Coast Mutual,6721,Port Hedland WA,T-W,SME,2751952,,24339.83,2023-03-30,2024-03-29
POL-001651,Northbeam General,810,Darwin NT,T-W,Strata,11818443,Roof Tie-Down,103417.16,2023-10-25,2024-10-24
POL-001652,Southern Cross Insurance,4740,Mackay QLD,Q-S,Home,655002,Elevated Slab,3562.84,2025-09-17,2026-09-17
POL-001653,Coral Coast Mutual,6000,Perth WA,B-F,Strata,4907524,,8946.45,2024-11-26,2025-11-26
POL-001654,Northbeam General,4802,Townsville QLD,T-W,Home,512165,,4511.05,2024-07-21,2025-07-21
POL-001655,Outback Assurance Group,6721,Port Hedland WA,T-W,Home,733555,Shutters Installed,5977.75,2024-01-20,2025-01-19
POL-001656,Coral Coast Mutual,800,Darwin NT,T-W,Home,578477,Elevated Slab,4674.77,2024-12-02,2025-12-02
POL-001657,Pacific Rim Insurance,4737,Bowen QLD,Q-S,Home,680187,,4386.98,2025-07-23,2026-07-23
POL-001658,Coral Coast Mutual,4870,Cairns QLD,T-W,Strata,14681167,Elevated Slab,110028.68,2025-07-17,2026-07-17
POL-001659,Coral Coast Mutual,4350,Toowoomba QLD,B-F,Home,819659,Elevated Slab,1354.38,2025-06-17,2026-06-17
POL-001660,Pacific Rim Insurance,4740,Mackay QLD,Q-S,SME,2090061,Elevated Slab,11940.39,2024-04-18,2025-04-18
POL-001661,Southern Cross Insurance,4737,Bowen QLD,Q-S,SME,1533195,Roof Tie-Down,9029.8,2024-10-27,2025-10-27
POL-001662,Southern Cross Insurance,6714,Karratha WA,T-W,Home,842910,,7977.97,2023-12-06,2024-12-05
POL-001663,Northbeam General,800,Darwin NT,T-W,SME,622383,,6151.0,2024-06-12,2025-06-12
POL-001664,Northbeam General,4825,Cloncurry QLD,B-F,SME,1337609,,2597.93,2024-10-17,2025-10-17
POL-001665,Northbeam General,6721,Port Hedland WA,T-W,Home,256764,,2588.35,2024-09-30,2025-09-30
POL-001666,Northbeam General,800,Darwin NT,T-W,Home,376913,Roof Tie-Down,3055.64,2023-09-11,2024-09-10
POL-001667,Southern Cross Insurance,800,Darwin NT,T-W,Home,715374,,6647.51,2025-08-06,2026-08-06
POL-001668,Coral Coast Mutual,6721,Port Hedland WA,T-W,Home,496339,,5037.48,2024-07-13,2025-07-13
POL-001669,Southern Cross Insurance,4810,Townsville QLD,T-W,SME,2988550,,26251.64,2023-05-30,2024-05-29
POL-001670,Pacific Rim Insurance,4700,Rockhampton QLD,Q-S,Home,502373,,3050.41,2025-01-29,2026-01-29
POL-001671,Coral Coast Mutual,4703,Rockhampton QLD,Q-S,Home,354878,Shutters Installed,2140.73,2024-05-19,2025-05-19
POL-001672,Outback Assurance Group,6000,Perth WA,B-F,Home,362549,,647.88,2025-04-13,2026-04-13
POL-001673,Coral Coast Mutual,810,Darwin NT,T-W,Home,841616,,7818.54,2024-08-17,2025-08-17
POL-001674,Coral Coast Mutual,4740,Mackay QLD,Q-S,Home,899987,,5784.96,2025-07-18,2026-07-18
POL-001675,Coral Coast Mutual,810,Darwin NT,T-W,Home,540354,,4629.39,2023-06-12,2024-06-11
POL-001676,Outback Assurance Group,4720,Charters Towers QLD,L-P,SME,1863116,,8455.09,2024-06-21,2025-06-21
POL-001677,Coral Coast Mutual,4720,Charters Towers QLD,L-P,Home,618959,,2680.7,2024-07-30,2025-07-30
POL-001678,Coral Coast Mutual,4737,Bowen QLD,Q-S,SME,1567443,,10769.04,2024-11-05,2025-11-05
POL-001679,Pacific Rim Insurance,4655,Hervey Bay QLD,L-P,Home,757243,,3101.88,2024-04-28,2025-04-28
POL-001680,Coral Coast Mutual,4700,Rockhampton QLD,Q-S,Home,800957,,4955.52,2024-12-15,2025-12-15
POL-001681,Southern Cross Insurance,4802,Townsville QLD,T-W,Strata,12359511,Shutters Installed,106387.78,2023-03-11,2024-03-10
POL-001682,Outback Assurance Group,4870,Cairns QLD,T-W,SME,804919,Roof Tie-Down,6714.55,2024-05-26,2025-05-26
POL-001683,Northbeam General,6714,Karratha WA,T-W,SME,1392444,,12184.33,2025-06-20,2026-06-20
POL-001684,Southern Cross Insurance,4655,Hervey Bay QLD,L-P,SME,669986,Elevated Slab,2182.29,2023-09-14,2024-09-13
POL-001685,Southern Cross Insurance,4740,Mackay QLD,Q-S,SME,1970020,Roof Tie-Down,11116.27,2025-05-10,2026-05-10
POL-001686,Pacific Rim Insurance,4700,Rockhampton QLD,Q-S,Home,645972,,3890.81,2024-10-14,2025-10-14
POL-001687,Northbeam General,4825,Cloncurry QLD,B-F,Home,708767,Shutters Installed,1123.2,2023-08-19,2024-08-18
POL-001688,Southern Cross Insurance,4700,Rockhampton QLD,Q-S,Home,451636,,2692.57,2023-01-25,2024-01-25
POL-001689,Pacific Rim Insurance,4703,Rockhampton QLD,Q-S,Home,255490,Roof Tie-Down,1371.93,2024-02-22,2025-02-21
POL-001690,Northbeam General,4825,Cloncurry QLD,B-F,SME,2615240,Shutters Installed,3998.26,2025-05-02,2026-05-02
POL-001691,Northbeam General,4802,Townsville QLD,T-W,SME,1895207,,18431.1,2024-07-26,2025-07-26
POL-001692,Pacific Rim Insurance,4825,Mount Isa QLD,B-F,Home,324310,,591.83,2023-05-11,2024-05-10
POL-001693,Southern Cross Insurance,6721,Port Hedland WA,T-W,Home,303979,,2946.42,2023-12-05,2024-12-04
POL-001694,Southern Cross Insurance,4350,Toowoomba QLD,B-F,SME,1454371,Shutters Installed,2176.42,2024-01-02,2025-01-01
POL-001695,Pacific Rim Insurance,4700,Rockhampton QLD,Q-S,Strata,11652869,Roof Tie-Down,61052.24,2024-06-14,2025-06-14
POL-001696,Pacific Rim Insurance,4720,Charters Towers QLD,L-P,Home,822461,,3590.79,2023-04-24,2024-04-23
POL-001697,Outback Assurance Group,850,Alice Springs NT,B-F,Strata,12959414,,21134.11,2023-12-13,2024-12-12
POL-001698,Coral Coast Mutual,6000,Perth WA,B-F,Home,312276,,521.55,2024-07-14,2025-07-14
POL-001699,Southern Cross Insurance,4740,Mackay QLD,Q-S,Home,841246,Roof Tie-Down,5023.73,2024-12-20,2025-12-20
POL-001700,Southern Cross Insurance,4680,Gladstone QLD,L-P,Strata,12035251,,52967.18,2025-08-09,2026-08-09
POL-001701,Pacific Rim Insurance,4825,Cloncurry QLD,B-F,Home,293768,Roof Tie-Down,413.87,2024-05-23,2025-05-23
POL-001702,Northbeam General,4350,Toowoomba QLD,B-F,SME,1672628,Elevated Slab,2703.22,2025-06-16,2026-06-16
POL-001703,Outback Assurance Group,4870,Cairns QLD,T-W,Strata,5291258,Roof Tie-Down,43019.04,2025-05-30,2026-05-30
POL-001704,Outback Assurance Group,4870,Cairns QLD,T-W,Home,645552,Roof Tie-Down,5416.59,2024-03-16,2025-03-16
POL-001705,Coral Coast Mutual,4825,Cloncurry QLD,B-F,Home,895559,Elevated Slab,1502.44,2024-01-12,2025-01-11
POL-001706,Southern Cross Insurance,4703,Rockhampton QLD,Q-S,Home,499739,,3074.22,2024-08-25,2025-08-25
POL-001707,Southern Cross Insurance,4350,Toowoomba QLD,B-F,Home,812264,,1481.97,2025-04-01,2026-04-01
POL-001708,Southern Cross Insurance,4350,Toowoomba QLD,B-F,SME,931484,Roof Tie-Down,1407.66,2023-10-17,2024-10-16
POL-001709,Pacific Rim Insurance,6714,Karratha WA,T-W,Home,506108,,5286.99,2023-05-13,2024-05-12
POL-001710,Pacific Rim Insurance,4655,Hervey Bay QLD,L-P,Home,330534,Roof Tie-Down,1080.03,2025-08-18,2026-08-18
POL-001711,Northbeam General,4703,Rockhampton QLD,Q-S,Home,624297,,4380.65,2025-05-29,2026-05-29
POL-001712,Northbeam General,4737,Bowen QLD,Q-S,SME,2712763,,16901.84,2024-10-31,2025-10-31
POL-001713,Coral Coast Mutual,4720,Charters Towers QLD,L-P,SME,2670876,Shutters Installed,9541.6,2023-02-25,2024-02-25
POL-001714,Northbeam General,4879,Innisfail QLD,T-W,SME,1573498,,13687.93,2025-07-22,2026-07-22
POL-001715,Northbeam General,4720,Charters Towers QLD,L-P,Home,471007,,1828.97,2025-01-12,2026-01-12
POL-001716,Southern Cross Insurance,4740,Mackay QLD,Q-S,Strata,12903648,,88305.46,2025-09-02,2026-09-02
POL-001717,Southern Cross Insurance,4870,Cairns QLD,T-W,Home,541469,Roof Tie-Down,4449.53,2023-11-04,2024-11-03
POL-001718,Outback Assurance Group,4740,Mackay QLD,Q-S,Home,769419,,4519.95,2024-01-27,2025-01-26
POL-001719,Southern Cross Insurance,4737,Bowen QLD,Q-S,Home,443385,Shutters Installed,2528.06,2024-06-29,2025-06-29
POL-001720,Coral Coast Mutual,6721,Port Hedland WA,T-W,Home,277254,,2849.92,2025-02-11,2026-02-11
POL-001721,Pacific Rim Insurance,6000,Perth WA,B-F,SME,514693,,896.98,2025-04-29,2026-04-29
POL-001722,Outback Assurance Group,4879,Innisfail QLD,T-W,SME,639572,,6449.48,2024-07-20,2025-07-20
POL-001723,Pacific Rim Insurance,6721,Port Hedland WA,T-W,SME,2344070,,21929.45,2025-01-06,2026-01-06
POL-001724,Northbeam General,4720,Charters Towers QLD,L-P,Home,740033,,3260.83,2025-08-04,2026-08-04
POL-001725,Northbeam General,810,Darwin NT,T-W,Strata,13452106,Shutters Installed,118423.09,2023-03-29,2024-03-28
POL-001726,Coral Coast Mutual,4825,Cloncurry QLD,B-F,Home,290481,,534.95,2024-01-06,2025-01-05
POL-001727,Pacific Rim Insurance,6000,Perth WA,B-F,SME,2950133,,4792.32,2023-11-11,2024-11-10
POL-001728,Southern Cross Insurance,6714,Karratha WA,T-W,SME,2261468,,21323.78,2024-03-26,2025-03-26
POL-001729,Pacific Rim Insurance,4737,Bowen QLD,Q-S,Home,833646,Elevated Slab,4345.98,2023-03-01,2024-02-29
POL-001730,Northbeam General,4825,Mount Isa QLD,B-F,Home,579280,,1137.23,2024-03-27,2025-03-27
POL-001731,Northbeam General,6000,Perth WA,B-F,SME,2475882,Shutters Installed,3505.68,2024-10-07,2025-10-07
POL-001732,Northbeam General,810,Darwin NT,T-W,SME,1375899,,12063.12,2023-02-09,2024-02-09
POL-001733,Southern Cross Insurance,4720,Charters Towers QLD,L-P,SME,575974,,2444.93,2023-08-22,2024-08-21
POL-001734,Pacific Rim Insurance,6000,Perth WA,B-F,Strata,7927978,Roof Tie-Down,12227.92,2023-02-15,2024-02-15
POL-001735,Northbeam General,4350,Toowoomba QLD,B-F,Home,715371,Roof Tie-Down,1009.84,2023-03-21,2024-03-20
POL-001736,Coral Coast Mutual,4703,Rockhampton QLD,Q-S,Home,686175,Elevated Slab,3466.14,2024-03-12,2025-03-12
POL-001737,Coral Coast Mutual,810,Darwin NT,T-W,Home,627788,,5767.16,2024-02-22,2025-02-21
POL-001738,Coral Coast Mutual,850,Alice Springs NT,B-F,Strata,2522734,Shutters Installed,3597.56,2023-02-15,2024-02-15
POL-001739,Pacific Rim Insurance,810,Darwin NT,T-W,Strata,12217964,Roof Tie-Down,92966.97,2023-11-17,2024-11-16
POL-001740,Southern Cross Insurance,4720,Charters Towers QLD,L-P,SME,1301224,,5332.71,2024-08-19,2025-08-19
POL-001741,Northbeam General,810,Darwin NT,T-W,Home,332255,,3443.77,2025-09-08,2026-09-08
POL-001742,Southern Cross Insurance,4802,Townsville QLD,T-W,Home,824863,,8202.86,2024-07-05,2025-07-05
POL-001743,Coral Coast Mutual,4720,Charters Towers QLD,L-P,SME,2599694,,10963.12,2023-11-21,2024-11-20
POL-001744,Coral Coast Mutual,4703,Rockhampton QLD,Q-S,SME,1423531,Shutters Installed,7595.53,2025-03-29,2026-03-29
POL-001745,Outback Assurance Group,4350,Toowoomba QLD,B-F,Home,371023,,693.63,2024-03-31,2025-03-31
POL-001746,Outback Assurance Group,4680,Gladstone QLD,L-P,Home,330157,,1501.65,2024-10-31,2025-10-31
POL-001747,Northbeam General,4810,Townsville QLD,T-W,Home,490924,,4728.46,2025-04-26,2026-04-26
POL-001748,Coral Coast Mutual,4825,Cloncurry QLD,B-F,Home,863160,,1605.24,2024-09-12,2025-09-12
POL-001749,Pacific Rim Insurance,6721,Port Hedland WA,T-W,Home,678346,Roof Tie-Down,5391.12,2023-06-01,2024-05-31
POL-001750,Northbeam General,850,Alice Springs NT,B-F,Home,438655,,849.02,2023-01-16,2024-01-16
POL-001751,Southern Cross Insurance,800,Darwin NT,T-W,Home,742684,,7398.19,2023-05-10,2024-05-09
POL-001752,Pacific Rim Insurance,4879,Innisfail QLD,T-W,Home,326561,Roof Tie-Down,2443.1,2025-06-06,2026-06-06
POL-001753,Coral Coast Mutual,4655,Hervey Bay QLD,L-P,Strata,8749767,Elevated Slab,32466.95,2023-09-05,2024-09-04
POL-001754,Southern Cross Insurance,800,Darwin NT,T-W,Home,602993,,5833.24,2024-09-23,2025-09-23
POL-001755,Outback Assurance Group,4740,Mackay QLD,Q-S,Home,720700,,5069.31,2024-10-07,2025-10-07
POL-001756,Pacific Rim Insurance,4879,Innisfail QLD,T-W,Home,391144,,3889.36,2025-01-11,2026-01-11
POL-001757,Outback Assurance Group,4720,Charters Towers QLD,L-P,Home,872385,,3732.2,2024-11-21,2025-11-21
POL-001758,Southern Cross Insurance,4655,Hervey Bay QLD,L-P,Home,866647,Roof Tie-Down,2957.36,2025-03-02,2026-03-02
POL-001759,Pacific Rim Insurance,4350,Toowoomba QLD,B-F,Home,841534,Shutters Installed,1292.1,2024-06-21,2025-06-21
POL-001760,Northbeam General,4720,Charters Towers QLD,L-P,SME,1753921,Elevated Slab,6116.32,2025-02-14,2026-02-14
POL-001761,Pacific Rim Insurance,810,Darwin NT,T-W,Home,470914,,4411.53,2023-10-12,2024-10-11
POL-001762,Outback Assurance Group,4810,Townsville QLD,T-W,Home,423636,Shutters Installed,3159.88,2023-10-08,2024-10-07
POL-001763,Southern Cross Insurance,4737,Bowen QLD,Q-S,Home,522031,Roof Tie-Down,3166.19,2025-02-10,2026-02-10
POL-001764,Northbeam General,4350,Toowoomba QLD,B-F,SME,1267562,Roof Tie-Down,1959.6,2024-06-04,2025-06-04
POL-001765,Southern Cross Insurance,4870,Cairns QLD,T-W,Home,816052,Roof Tie-Down,6639.59,2023-07-19,2024-07-18
POL-001766,Pacific Rim Insurance,850,Alice Springs NT,B-F,SME,1252034,Roof Tie-Down,1832.03,2025-08-28,2026-08-28
POL-001767,Southern Cross Insurance,4879,Innisfail QLD,T-W,SME,2303582,,20986.53,2023-04-23,2024-04-22
POL-001768,Southern Cross Insurance,4737,Bowen QLD,Q-S,SME,764333,,5330.35,2023-10-13,2024-10-12
POL-001769,Northbeam General,4680,Gladstone QLD,L-P,SME,1332988,,5853.13,2023-12-01,2024-11-30
POL-001770,Coral Coast Mutual,4720,Charters Towers QLD,L-P,Home,787756,,3422.44,2023-03-17,2024-03-16
POL-001771,Pacific Rim Insurance,4740,Mackay QLD,Q-S,Home,796619,,4989.05,2025-05-11,2026-05-11
POL-001772,Northbeam General,4740,Mackay QLD,Q-S,Strata,6125747,,36925.62,2024-01-21,2025-01-20
POL-001773,Northbeam General,4703,Rockhampton QLD,Q-S,Home,446193,Roof Tie-Down,2580.37,2023-10-17,2024-10-16
POL-001774,Northbeam General,4703,Rockhampton QLD,Q-S,Home,791386,Roof Tie-Down,4684.73,2025-02-06,2026-02-06
POL-001775,Southern Cross Insurance,4870,Cairns QLD,T-W,Home,890907,,7970.27,2023-07-02,2024-07-01
POL-001776,Outback Assurance Group,4879,Innisfail QLD,T-W,SME,2849049,,25629.93,2023-12-24,2024-12-23
POL-001777,Coral Coast Mutual,4720,Charters Towers QLD,L-P,SME,1658713,Roof Tie-Down,6325.09,2025-06-15,2026-06-15
POL-001778,Coral Coast Mutual,850,Alice Springs NT,B-F,Home,876882,,1533.29,2024-05-07,2025-05-07
POL-001779,Coral Coast Mutual,800,Darwin NT,T-W,Home,551225,,5152.43,2024-04-02,2025-04-02
POL-001780,Southern Cross Insurance,4350,Toowoomba QLD,B-F,SME,2349243,Roof Tie-Down,3922.37,2024-11-07,2025-11-07
POL-001781,Outback Assurance Group,4680,Gladstone QLD,L-P,SME,2428947,,10895.53,2025-06-03,2026-06-03
POL-001782,Outback Assurance Group,4810,Townsville QLD,T-W,Home,555062,Shutters Installed,4274.09,2023-08-09,2024-08-08
POL-001783,Outback Assurance Group,4740,Mackay QLD,Q-S,Home,583046,Shutters Installed,3164.14,2025-04-08,2026-04-08
POL-001784,Coral Coast Mutual,4879,Innisfail QLD,T-W,Home,531351,,5033.2,2023-08-13,2024-08-12
POL-001785,Northbeam General,4740,Mackay QLD,Q-S,Home,850315,Elevated Slab,5050.92,2024-07-02,2025-07-02
POL-001786,Southern Cross Insurance,800,Darwin NT,T-W,Strata,7531182,,66240.58,2024-07-06,2025-07-06
POL-001787,Pacific Rim Insurance,4870,Cairns QLD,T-W,SME,1797911,Roof Tie-Down,15715.09,2025-02-24,2026-02-24
POL-001788,Pacific Rim Insurance,4825,Mount Isa QLD,B-F,SME,1918748,,3478.25,2023-06-10,2024-06-09
POL-001789,Outback Assurance Group,4655,Hervey Bay QLD,L-P,SME,1076978,Shutters Installed,4160.59,2023-12-06,2024-12-05
POL-001790,Pacific Rim Insurance,4703,Rockhampton QLD,Q-S,Home,264303,Shutters Installed,1324.78,2023-01-21,2024-01-21
POL-001791,Southern Cross Insurance,800,Darwin NT,T-W,Home,294339,,2604.37,2023-11-05,2024-11-04
POL-001792,Outback Assurance Group,4350,Toowoomba QLD,B-F,Home,285418,,490.37,2023-05-07,2024-05-06
POL-001793,Southern Cross Insurance,4655,Hervey Bay QLD,L-P,Home,533114,,2401.18,2023-03-20,2024-03-19
POL-001794,Pacific Rim Insurance,4720,Charters Towers QLD,L-P,SME,2142230,,8133.9,2025-01-30,2026-01-30
POL-001795,Pacific Rim Insurance,4810,Townsville QLD,T-W,Strata,11868287,Roof Tie-Down,101445.15,2023-07-18,2024-07-17
POL-001796,Northbeam General,6721,Port Hedland WA,T-W,SME,498280,Elevated Slab,3864.4,2024-04-14,2025-04-14
POL-001797,Southern Cross Insurance,800,Darwin NT,T-W,Home,744299,,6896.3,2024-03-15,2025-03-15
POL-001798,Pacific Rim Insurance,4350,Toowoomba QLD,B-F,Strata,10109259,,17412.11,2024-12-20,2025-12-20
POL-001799,Coral Coast Mutual,4720,Charters Towers QLD,L-P,Home,771178,Roof Tie-Down,2878.4,2025-09-01,2026-09-01
POL-001800,Northbeam General,4825,Cloncurry QLD,B-F,SME,2823802,,5565.91,2024-02-11,2025-02-10
POL-001801,Southern Cross Insurance,4737,Bowen QLD,Q-S,Home,575698,,3616.63,2025-04-09,2026-04-09
POL-001802,Northbeam General,800,Darwin NT,T-W,Home,763604,Shutters Installed,6281.3,2023-03-27,2024-03-26
POL-001803,Outback Assurance Group,4655,Hervey Bay QLD,L-P,Home,844164,,3730.27,2023-03-02,2024-03-01
POL-001804,Pacific Rim Insurance,6000,Perth WA,B-F,Home,407928,,666.2,2024-12-06,2025-12-06
POL-001805,Outback Assurance Group,4810,Townsville QLD,T-W,Home,469387,Roof Tie-Down,3983.63,2025-03-24,2026-03-24
POL-001806,Outback Assurance Group,4825,Cloncurry QLD,B-F,Home,497190,,863.05,2024-12-26,2025-12-26
POL-001807,Southern Cross Insurance,4720,Charters Towers QLD,L-P,Home,335390,,1527.31,2024-03-11,2025-03-11
POL-001808,Northbeam General,4655,Hervey Bay QLD,L-P,Home,795195,Roof Tie-Down,2979.74,2023-06-20,2024-06-19
POL-001809,Pacific Rim Insurance,4737,Bowen QLD,Q-S,SME,2179149,Roof Tie-Down,12028.2,2024-10-03,2025-10-03
POL-001810,Southern Cross Insurance,850,Alice Springs NT,B-F,Home,688459,,1214.29,2023-10-31,2024-10-30
POL-001811,Pacific Rim Insurance,4879,Innisfail QLD,T-W,Strata,13352859,,121045.06,2023-11-27,2024-11-26
POL-001812,Pacific Rim Insurance,4680,Gladstone QLD,L-P,Home,554293,Roof Tie-Down,1988.03,2023-07-29,2024-07-28
POL-001813,Northbeam General,4680,Gladstone QLD,L-P,Home,735365,Shutters Installed,2473.31,2023-12-05,2024-12-04
POL-001814,Northbeam General,4700,Rockhampton QLD,Q-S,Home,260298,,1630.24,2023-07-03,2024-07-02
POL-001815,Southern Cross Insurance,850,Alice Springs NT,B-F,Home,576988,,1080.43,2023-07-24,2024-07-23
POL-001816,Coral Coast Mutual,4825,Cloncurry QLD,B-F,Home,741461,Roof Tie-Down,1155.87,2023-03-10,2024-03-09
POL-001817,Coral Coast Mutual,4825,Cloncurry QLD,B-F,SME,459263,Shutters Installed,762.8,2023-10-09,2024-10-08
POL-001818,Pacific Rim Insurance,4879,Innisfail QLD,T-W,Home,672857,Shutters Installed,5905.27,2024-07-28,2025-07-28
POL-001819,Pacific Rim Insurance,4703,Rockhampton QLD,Q-S,Home,476955,Roof Tie-Down,2519.22,2023-09-27,2024-09-26
POL-001820,Pacific Rim Insurance,800,Darwin NT,T-W,Home,651548,,5979.45,2025-03-01,2026-03-01
POL-001821,Northbeam General,4810,Townsville QLD,T-W,Home,895804,,8796.92,2024-04-29,2025-04-29
POL-001822,Pacific Rim Insurance,4700,Rockhampton QLD,Q-S,Home,476957,Shutters Installed,2419.81,2025-04-02,2026-04-02
POL-001823,Southern Cross Insurance,810,Darwin NT,T-W,Home,250258,,2293.45,2025-07-06,2026-07-06
POL-001824,Southern Cross Insurance,810,Darwin NT,T-W,Home,744601,Elevated Slab,5804.72,2024-05-27,2025-05-27
POL-001825,Coral Coast Mutual,4350,Toowoomba QLD,B-F,Home,654257,Elevated Slab,1042.3,2023-12-30,2024-12-29
POL-001826,Northbeam General,4720,Charters Towers QLD,L-P,Home,884787,Roof Tie-Down,3374.86,2025-09-05,2026-09-05
POL-001827,Coral Coast Mutual,6000,Perth WA,B-F,SME,2750848,,4893.74,2024-12-12,2025-12-12
POL-001828,Coral Coast Mutual,800,Darwin NT,T-W,Home,615093,Elevated Slab,4647.02,2025-06-05,2026-06-05
POL-001829,Northbeam General,4737,Bowen QLD,Q-S,SME,2178711,Shutters Installed,11348.31,2024-07-27,2025-07-27
POL-001830,Pacific Rim Insurance,4655,Hervey Bay QLD,L-P,Home,261190,,1030.26,2024-01-05,2025-01-04
POL-001831,Coral Coast Mutual,4703,Rockhampton QLD,Q-S,Home,348679,Shutters Installed,2084.82,2025-07-26,2026-07-26
POL-001832,Outback Assurance Group,4720,Charters Towers QLD,L-P,Strata,2562509,,11079.43,2024-10-19,2025-10-19
POL-001833,Pacific Rim Insurance,4655,Hervey Bay QLD,L-P,Home,515329,,2066.63,2023-02-28,2024-02-28
POL-001834,Northbeam General,4870,Cairns QLD,T-W,SME,2948233,,28748.98,2024-05-17,2025-05-17
POL-001835,Coral Coast Mutual,850,Alice Springs NT,B-F,SME,2688359,,5136.58,2023-02-09,2024-02-09
POL-001836,Southern Cross Insurance,4870,Cairns QLD,T-W,Home,435501,,4444.17,2023-05-15,2024-05-14
POL-001837,Coral Coast Mutual,4879,Innisfail QLD,T-W,SME,2259662,Roof Tie-Down,18748.48,2023-03-05,2024-03-04
POL-001838,Southern Cross Insurance,800,Darwin NT,T-W,SME,1214459,Shutters Installed,10110.97,2025-01-25,2026-01-25
POL-001839,Pacific Rim Insurance,6714,Karratha WA,T-W,SME,1727414,,17715.84,2023-06-23,2024-06-22
POL-001840,Southern Cross Insurance,4680,Gladstone QLD,L-P,Home,672757,,2778.32,2024-11-14,2025-11-14
POL-001841,Northbeam General,4825,Mount Isa QLD,B-F,Home,404679,,761.78,2023-03-27,2024-03-26
POL-001842,Southern Cross Insurance,4737,Bowen QLD,Q-S,Home,780019,,4978.1,2024-10-12,2025-10-12
POL-001843,Southern Cross Insurance,6721,Port Hedland WA,T-W,Home,608038,Elevated Slab,4876.77,2025-05-06,2026-05-06
POL-001844,Northbeam General,4802,Townsville QLD,T-W,Strata,3519373,Roof Tie-Down,26614.34,2023-03-30,2024-03-29
POL-001845,Coral Coast Mutual,6714,Karratha WA,T-W,Home,427561,,4296.39,2023-08-11,2024-08-10
POL-001846,Northbeam General,4737,Bowen QLD,Q-S,Home,508717,,3179.54,2024-11-28,2025-11-28
POL-001847,Pacific Rim Insurance,810,Darwin NT,T-W,Home,551021,Elevated Slab,4162.95,2023-05-24,2024-05-23
POL-001848,Coral Coast Mutual,6714,Karratha WA,T-W,Home,536050,,5483.14,2023-07-01,2024-06-30
POL-001849,Coral Coast Mutual,6000,Perth WA,B-F,SME,2454729,Shutters Installed,3646.93,2024-01-08,2025-01-07
POL-001850,Pacific Rim Insurance,4720,Charters Towers QLD,L-P,Home,428755,,1633.92,2025-05-04,2026-05-04
POL-001851,Coral Coast Mutual,4655,Hervey Bay QLD,L-P,Home,704928,,2870.05,2025-04-10,2026-04-10
POL-001852,Coral Coast Mutual,4703,Rockhampton QLD,Q-S,Home,828406,,5739.87,2025-03-24,2026-03-24
POL-001853,Southern Cross Insurance,4825,Mount Isa QLD,B-F,Home,478856,Shutters Installed,727.92,2023-02-02,2024-02-02
POL-001854,Coral Coast Mutual,4720,Charters Towers QLD,L-P,SME,986427,Roof Tie-Down,3498.48,2023-11-27,2024-11-26
POL-001855,Coral Coast Mutual,4802,Townsville QLD,T-W,Home,285494,,2615.84,2023-04-18,2024-04-17
POL-001856,Northbeam General,4870,Cairns QLD,T-W,Home,603026,,5898.18,2023-04-13,2024-04-12
POL-001857,Pacific Rim Insurance,4680,Gladstone QLD,L-P,Home,445203,,1964.11,2024-03-25,2025-03-25
POL-001858,Coral Coast Mutual,4737,Bowen QLD,Q-S,Home,668731,,4323.78,2023-09-07,2024-09-06
POL-001859,Northbeam General,4680,Gladstone QLD,L-P,Home,670639,,2704.11,2025-09-21,2026-09-21
POL-001860,Pacific Rim Insurance,4720,Charters Towers QLD,L-P,Home,532445,Elevated Slab,2073.42,2024-02-15,2025-02-14
POL-001861,Pacific Rim Insurance,4870,Cairns QLD,T-W,Home,565183,Roof Tie-Down,4916.73,2025-09-15,2026-09-15
POL-001862,Southern Cross Insurance,4703,Rockhampton QLD,Q-S,Strata,4341247,,26129.35,2023-12-08,2024-12-07
POL-001863,Outback Assurance Group,4825,Mount Isa QLD,B-F,Home,612914,,1094.14,2023-06-19,2024-06-18
POL-001864,Northbeam General,4870,Cairns QLD,T-W,SME,1121707,Shutters Installed,8697.8,2023-03-24,2024-03-23
POL-001865,Coral Coast Mutual,4350,Toowoomba QLD,B-F,SME,1426482,Elevated Slab,2031.55,2024-07-22,2025-07-22
POL-001866,Northbeam General,4870,Cairns QLD,T-W,Home,743670,Shutters Installed,6064.98,2024-02-08,2025-02-07
POL-001867,Outback Assurance Group,850,Alice Springs NT,B-F,SME,1418133,,2686.94,2023-04-09,2024-04-08
POL-001868,Coral Coast Mutual,810,Darwin NT,T-W,Home,669308,,6705.93,2025-07-08,2026-07-08
POL-001869,Pacific Rim Insurance,4879,Innisfail QLD,T-W,Home,613716,,5816.67,2025-01-28,2026-01-28
POL-001870,Pacific Rim Insurance,4870,Cairns QLD,T-W,Home,496580,,4594.04,2023-12-15,2024-12-14
POL-001871,Outback Assurance Group,4870,Cairns QLD,T-W,Home,331023,,3236.28,2023-05-22,2024-05-21
POL-001872,Northbeam General,4703,Rockhampton QLD,Q-S,Home,347360,Shutters Installed,1857.59,2024-10-31,2025-10-31
POL-001873,Outback Assurance Group,4879,Innisfail QLD,T-W,Home,754000,Shutters Installed,5522.1,2025-09-08,2026-09-08
POL-001874,Coral Coast Mutual,4700,Rockhampton QLD,Q-S,Home,361600,,2333.91,2023-03-26,2024-03-25
POL-001875,Pacific Rim Insurance,800,Darwin NT,T-W,SME,451273,Elevated Slab,3396.88,2023-05-12,2024-05-11
POL-001876,Outback Assurance Group,4720,Charters Towers QLD,L-P,Home,759754,,3289.13,2024-11-17,2025-11-17
POL-001877,Pacific Rim Insurance,4879,Innisfail QLD,T-W,SME,1484852,Shutters Installed,12570.66,2023-04-29,2024-04-28
POL-001878,Coral Coast Mutual,4737,Bowen QLD,Q-S,Home,601339,,4177.75,2025-09-22,2026-09-22
POL-001879,Southern Cross Insurance,800,Darwin NT,T-W,SME,2630160,,26283.87,2025-06-10,2026-06-10
POL-001880,Pacific Rim Insurance,810,Darwin NT,T-W,Home,868820,,7854.04,2024-06-11,2025-06-11
POL-001881,Outback Assurance Group,4737,Bowen QLD,Q-S,Home,291779,,1753.01,2024-05-16,2025-05-16
POL-001882,Coral Coast Mutual,4680,Gladstone QLD,L-P,Home,637235,,2543.81,2023-12-12,2024-12-11
POL-001883,Coral Coast Mutual,4870,Cairns QLD,T-W,Home,624221,Roof Tie-Down,4956.97,2024-04-02,2025-04-02
POL-001884,Outback Assurance Group,6721,Port Hedland WA,T-W,Home,624597,,6208.88,2024-06-28,2025-06-28
POL-001885,Outback Assurance Group,4350,Toowoomba QLD,B-F,Home,382177,,719.12,2024-10-10,2025-10-10
POL-001886,Pacific Rim Insurance,4879,Innisfail QLD,T-W,SME,2321120,Shutters Installed,19451.5,2023-09-07,2024-09-06
POL-001887,Southern Cross Insurance,4802,Townsville QLD,T-W,Home,640904,Roof Tie-Down,4697.4,2024-09-15,2025-09-15
POL-001888,Coral Coast Mutual,4655,Hervey Bay QLD,L-P,Home,604180,,2754.49,2025-02-06,2026-02-06
POL-001889,Southern Cross Insurance,4879,Innisfail QLD,T-W,Home,519335,Roof Tie-Down,4379.49,2025-01-30,2026-01-30
POL-001890,Pacific Rim Insurance,4879,Innisfail QLD,T-W,Strata,11578030,,104733.17,2023-11-07,2024-11-06
POL-001891,Northbeam General,4720,Charters Towers QLD,L-P,Home,301203,,1233.23,2024-04-29,2025-04-29
POL-001892,Southern Cross Insurance,4879,Innisfail QLD,T-W,Home,444734,,4036.42,2024-11-18,2025-11-18
POL-001893,Northbeam General,4810,Townsville QLD,T-W,Home,548752,Roof Tie-Down,4229.71,2024-02-21,2025-02-20
POL-001894,Coral Coast Mutual,4870,Cairns QLD,T-W,SME,1552463,,14061.28,2024-09-05,2025-09-05
POL-001895,Coral Coast Mutual,800,Darwin NT,T-W,Home,590377,Roof Tie-Down,4501.33,2024-09-18,2025-09-18
POL-001896,Outback Assurance Group,4810,Townsville QLD,T-W,SME,2896578,,26575.03,2024-02-03,2025-02-02
POL-001897,Outback Assurance Group,4825,Cloncurry QLD,B-F,Home,613191,Shutters Installed,998.72,2023-06-05,2024-06-04
POL-001898,Pacific Rim Insurance,850,Alice Springs NT,B-F,Home,659008,,1128.25,2023-02-03,2024-02-03
POL-001899,Pacific Rim Insurance,4825,Mount Isa QLD,B-F,Home,612072,,1009.87,2025-02-04,2026-02-04
POL-001900,Northbeam General,4680,Gladstone QLD,L-P,Home,723431,,3144.45,2023-01-31,2024-01-31
POL-001901,Southern Cross Insurance,4810,Townsville QLD,T-W,Home,842332,,7892.57,2025-02-22,2026-02-22
POL-001902,Northbeam General,6721,Port Hedland WA,T-W,Home,496120,,4595.58,2024-07-04,2025-07-04
POL-001903,Southern Cross Insurance,4655,Hervey Bay QLD,L-P,Home,351690,,1446.3,2023-08-05,2024-08-04
POL-001904,Northbeam General,4802,Townsville QLD,T-W,Home,670601,,6434.51,2023-12-27,2024-12-26
POL-001905,Coral Coast Mutual,4879,Innisfail QLD,T-W,Strata,14926839,Shutters Installed,117235.8,2023-04-19,2024-04-18
POL-001906,Coral Coast Mutual,4720,Charters Towers QLD,L-P,Home,673589,Elevated Slab,2402.23,2024-04-20,2025-04-20
POL-001907,Coral Coast Mutual,4737,Bowen QLD,Q-S,Home,669487,,4167.51,2024-06-29,2025-06-29
POL-001908,Outback Assurance Group,4737,Bowen QLD,Q-S,SME,812396,,5157.38,2024-10-30,2025-10-30
POL-001909,Pacific Rim Insurance,4879,Innisfail QLD,T-W,Home,898938,,8068.84,2024-09-16,2025-09-16
POL-001910,Coral Coast Mutual,4720,Charters Towers QLD,L-P,Strata,14283405,,58895.78,2023-01-24,2024-01-24
POL-001911,Coral Coast Mutual,4810,Townsville QLD,T-W,Home,744837,,7336.86,2025-09-01,2026-09-01
POL-001912,Northbeam General,4870,Cairns QLD,T-W,SME,2033007,,19514.65,2025-06-03,2026-06-03
POL-001913,Northbeam General,4700,Rockhampton QLD,Q-S,Home,500940,,3044.6,2025-08-17,2026-08-17
POL-001914,Outback Assurance Group,6714,Karratha WA,T-W,Home,282390,Roof Tie-Down,2146.68,2024-04-17,2025-04-17
POL-001915,Outback Assurance Group,4350,Toowoomba QLD,B-F,SME,1414533,Elevated Slab,2292.68,2025-09-23,2026-09-23
POL-001916,Northbeam General,4720,Charters Towers QLD,L-P,Home,597350,,2695.57,2025-07-19,2026-07-19
POL-001917,Outback Assurance Group,4350,Toowoomba QLD,B-F,Home,257217,,486.01,2024-11-29,2025-11-29
POL-001918,Coral Coast Mutual,4720,Charters Towers QLD,L-P,Strata,3180539,,14114.46,2025-09-07,2026-09-07
POL-001919,Outback Assurance Group,4825,Cloncurry QLD,B-F,Home,810118,,1520.85,2024-03-25,2025-03-25
POL-001920,Pacific Rim Insurance,4740,Mackay QLD,Q-S,Home,291844,Elevated Slab,1568.38,2025-01-03,2026-01-03
POL-001921,Pacific Rim Insurance,4737,Bowen QLD,Q-S,Home,403075,Roof Tie-Down,2381.57,2025-02-15,2026-02-15
POL-001922,Outback Assurance Group,800,Darwin NT,T-W,SME,1825369,Elevated Slab,13684.33,2023-09-06,2024-09-05
POL-001923,Outback Assurance Group,4703,Rockhampton QLD,Q-S,Home,327667,Shutters Installed,1795.24,2024-12-27,2025-12-27
POL-001924,Coral Coast Mutual,4350,Toowoomba QLD,B-F,SME,2265089,Shutters Installed,3348.21,2024-04-06,2025-04-06
POL-001925,Southern Cross Insurance,4802,Townsville QLD,T-W,Home,396822,Roof Tie-Down,2978.77,2023-10-23,2024-10-22
POL-001926,Northbeam General,4350,Toowoomba QLD,B-F,SME,1621458,,2805.77,2025-01-03,2026-01-03
POL-001927,Northbeam General,4802,Townsville QLD,T-W,Home,711229,,6990.83,2023-06-08,2024-06-07
POL-001928,Northbeam General,810,Darwin NT,T-W,Home,519804,,5073.21,2023-01-29,2024-01-29
POL-001929,Pacific Rim Insurance,4802,Townsville QLD,T-W,Home,522022,,4824.48,2024-06-04,2025-06-04
POL-001930,Pacific Rim Insurance,4655,Hervey Bay QLD,L-P,Home,610934,,2639.75,2024-08-24,2025-08-24
POL-001931,Pacific Rim Insurance,6714,Karratha WA,T-W,Home,758817,Elevated Slab,6309.28,2025-06-10,2026-06-10
POL-001932,Coral Coast Mutual,850,Alice Springs NT,B-F,Home,264923,,492.95,2023-03-08,2024-03-07
POL-001933,Southern Cross Insurance,4350,Toowoomba QLD,B-F,Home,541835,Shutters Installed,847.02,2025-01-16,2026-01-16
POL-001934,Pacific Rim Insurance,4703,Rockhampton QLD,Q-S,Home,262793,,1824.3,2025-05-16,2026-05-16
POL-001935,Coral Coast Mutual,4350,Toowoomba QLD,B-F,SME,537743,Elevated Slab,806.04,2023-04-12,2024-04-11
POL-001936,Southern Cross Insurance,4720,Charters Towers QLD,L-P,Home,810730,,3641.11,2024-07-04,2025-07-04
POL-001937,Northbeam General,4740,Mackay QLD,Q-S,Home,506578,,3132.12,2025-01-27,2026-01-27
POL-001938,Coral Coast Mutual,4350,Toowoomba QLD,B-F,Home,436049,,712.72,2024-09-15,2025-09-15
POL-001939,Pacific Rim Insurance,4825,Cloncurry QLD,B-F,Home,316761,,616.48,2023-05-16,2024-05-15
POL-001940,Outback Assurance Group,6721,Port Hedland WA,T-W,Home,864127,Shutters Installed,7343.02,2024-05-03,2025-05-03
POL-001941,Northbeam General,800,Darwin NT,T-W,Home,584347,,5873.29,2023-03-16,2024-03-15
POL-001942,Northbeam General,850,Alice Springs NT,B-F,Home,456984,Roof Tie-Down,643.23,2024-08-26,2025-08-26
POL-001943,Southern Cross Insurance,4810,Townsville QLD,T-W,Home,859970,,8054.94,2025-07-15,2026-07-15
POL-001944,Coral Coast Mutual,4737,Bowen QLD,Q-S,SME,2977036,Roof Tie-Down,17288.76,2023-01-01,2024-01-01
POL-001945,Pacific Rim Insurance,4879,Innisfail QLD,T-W,Home,435107,,3991.85,2024-05-09,2025-05-09
POL-001946,Pacific Rim Insurance,6721,Port Hedland WA,T-W,Strata,10928667,Shutters Installed,83819.28,2023-10-09,2024-10-08
POL-001947,Pacific Rim Insurance,4720,Charters Towers QLD,L-P,Home,441029,Elevated Slab,1570.56,2023-11-23,2024-11-22
POL-001948,Outback Assurance Group,850,Alice Springs NT,B-F,Home,703000,Roof Tie-Down,1112.8,2023-04-07,2024-04-06
POL-001949,Northbeam General,6714,Karratha WA,T-W,Home,441528,,3937.47,2023-04-22,2024-04-21
POL-001950,Coral Coast Mutual,4703,Rockhampton QLD,Q-S,Home,806164,Shutters Installed,4429.0,2024-12-02,2025-12-02
POL-001951,Outback Assurance Group,4810,Townsville QLD,T-W,Home,589492,,5215.32,2025-02-23,2026-02-23
POL-001952,Outback Assurance Group,4700,Rockhampton QLD,Q-S,SME,1059062,,6643.9,2024-06-12,2025-06-12
POL-001953,Outback Assurance Group,4810,Townsville QLD,T-W,SME,1529874,,13745.27,2023-09-27,2024-09-26
POL-001954,Outback Assurance Group,6721,Port Hedland WA,T-W,Home,621126,Shutters Installed,5345.85,2023-11-19,2024-11-18
POL-001955,Outback Assurance Group,6721,Port Hedland WA,T-W,Home,687385,Elevated Slab,5001.87,2025-08-20,2026-08-20
POL-001956,Coral Coast Mutual,4740,Mackay QLD,Q-S,Strata,4347640,Elevated Slab,26302.61,2025-02-24,2026-02-24
POL-001957,Southern Cross Insurance,4870,Cairns QLD,T-W,SME,1473445,Shutters Installed,11409.76,2024-01-18,2025-01-17
POL-001958,Northbeam General,6714,Karratha WA,T-W,Home,835176,Elevated Slab,6824.94,2023-07-24,2024-07-23
POL-001959,Coral Coast Mutual,4810,Townsville QLD,T-W,Home,362024,,3146.5,2023-06-14,2024-06-13
POL-001960,Outback Assurance Group,850,Alice Springs NT,B-F,Strata,2771751,,5269.77,2024-02-04,2025-02-03
POL-001961,Coral Coast Mutual,4350,Toowoomba QLD,B-F,Home,643235,,1055.78,2023-02-27,2024-02-27
POL-001962,Southern Cross Insurance,6000,Perth WA,B-F,Home,548042,Elevated Slab,773.27,2023-05-18,2024-05-17
POL-001963,Coral Coast Mutual,6714,Karratha WA,T-W,Strata,4546321,,46420.24,2024-08-26,2025-08-26
POL-001964,Coral Coast Mutual,4802,Townsville QLD,T-W,Home,507138,Roof Tie-Down,3954.14,2024-07-13,2025-07-13
POL-001965,Southern Cross Insurance,4825,Cloncurry QLD,B-F,Home,272913,Shutters Installed,387.53,2025-02-27,2026-02-27
POL-001966,Northbeam General,6714,Karratha WA,T-W,Strata,14963804,Elevated Slab,119523.87,2025-06-24,2026-06-24
POL-001967,Coral Coast Mutual,4700,Rockhampton QLD,Q-S,Home,629798,Shutters Installed,3363.42,2024-11-24,2025-11-24
POL-001968,Outback Assurance Group,6000,Perth WA,B-F,Home,397083,,660.31,2024-02-25,2025-02-24
POL-001969,Coral Coast Mutual,4655,Hervey Bay QLD,L-P,SME,2616259,,10021.95,2024-06-08,2025-06-08
POL-001970,Pacific Rim Insurance,4870,Cairns QLD,T-W,Home,778704,,7949.68,2023-12-01,2024-11-30
POL-001971,Southern Cross Insurance,850,Alice Springs NT,B-F,Home,320369,Shutters Installed,513.15,2024-08-01,2025-08-01
POL-001972,Pacific Rim Insurance,4825,Cloncurry QLD,B-F,SME,2553776,,4915.17,2023-03-31,2024-03-30
POL-001973,Coral Coast Mutual,4737,Bowen QLD,Q-S,Home,326633,,2236.54,2024-03-17,2025-03-17
POL-001974,Northbeam General,4737,Bowen QLD,Q-S,Home,409598,,2742.49,2023-03-16,2024-03-15
POL-001975,Pacific Rim Insurance,4802,Townsville QLD,T-W,Home,703401,,7202.72,2024-02-16,2025-02-15
POL-001976,Outback Assurance Group,6721,Port Hedland WA,T-W,Home,269788,,2311.06,2023-11-27,2024-11-26
POL-001977,Northbeam General,810,Darwin NT,T-W,Home,592485,Shutters Installed,4815.28,2024-10-31,2025-10-31
POL-001978,Northbeam General,4802,Townsville QLD,T-W,Strata,13994106,,142708.56,2023-06-06,2024-06-05
POL-001979,Southern Cross Insurance,810,Darwin NT,T-W,Home,277498,Roof Tie-Down,2255.77,2025-08-25,2026-08-25
POL-001980,Northbeam General,810,Darwin NT,T-W,Home,593367,,6054.75,2025-08-08,2026-08-08
POL-001981,Northbeam General,4703,Rockhampton QLD,Q-S,Home,534245,Roof Tie-Down,2794.07,2025-07-30,2026-07-30
POL-001982,Outback Assurance Group,4680,Gladstone QLD,L-P,Home,710996,,2761.09,2025-08-28,2026-08-28
POL-001983,Outback Assurance Group,4870,Cairns QLD,T-W,Home,468716,,4346.31,2024-04-02,2025-04-02
POL-001984,Northbeam General,4655,Hervey Bay QLD,L-P,Home,868887,,3878.87,2023-04-06,2024-04-05
POL-001985,Southern Cross Insurance,4720,Charters Towers QLD,L-P,Strata,4041850,,15831.21,2023-08-03,2024-08-02
POL-001986,Southern Cross Insurance,850,Alice Springs NT,B-F,SME,1729089,Elevated Slab,2600.6,2023-08-04,2024-08-03
POL-001987,Southern Cross Insurance,4720,Charters Towers QLD,L-P,Home,367432,Shutters Installed,1428.45,2023-01-17,2024-01-17
POL-001988,Coral Coast Mutual,4655,Hervey Bay QLD,L-P,SME,819707,Elevated Slab,2841.3,2025-08-26,2026-08-26
POL-001989,Southern Cross Insurance,4825,Mount Isa QLD,B-F,Home,565300,,962.46,2024-12-19,2025-12-19
POL-001990,Coral Coast Mutual,4655,Hervey Bay QLD,L-P,SME,1552242,Roof Tie-Down,5796.0,2025-07-07,2026-07-07
POL-001991,Northbeam General,4740,Mackay QLD,Q-S,Home,842004,Shutters Installed,4195.49,2024-06-15,2025-06-15
POL-001992,Coral Coast Mutual,810,Darwin NT,T-W,SME,656613,,6357.84,2023-08-03,2024-08-02
POL-001993,Pacific Rim Insurance,4680,Gladstone QLD,L-P,Home,689604,,2706.58,2025-08-16,2026-08-16
POL-001994,Southern Cross Insurance,810,Darwin NT,T-W,SME,1161747,,10738.76,2025-08-05,2026-08-05
POL-001995,Coral Coast Mutual,4700,Rockhampton QLD,Q-S,Home,673262,Shutters Installed,3813.0,2025-07-19,2026-07-19
POL-001996,Southern Cross Insurance,4810,Townsville QLD,T-W,Home,597688,,5142.59,2024-04-26,2025-04-26
POL-001997,Pacific Rim Insurance,810,Darwin NT,T-W,Strata,8325627,Roof Tie-Down,70759.01,2025-01-09,2026-01-09
POL-001998,Southern Cross Insurance,4700,Rockhampton QLD,Q-S,Home,483517,Roof Tie-Down,2453.51,2023-03-09,2024-03-08
POL-001999,Pacific Rim Insurance,850,Alice Springs NT,B-F,Home,812799,Elevated Slab,1228.76,2025-05-27,2026-05-27
POL-002000,Pacific Rim Insurance,4870,Cairns QLD,T-W,Home,519338,,4566.84,2024-11-03,2025-11-03
