policy_id,insurer_name,postcode,region_name,wind_risk_band,building_type,sum_insured,mitigation_flag,annual_premium,policy_start_date,policy_end_date
POL-002001,Pacific Rim Insurance,4680,Gladstone QLD,L-P,Strata,3617294,,15125.15,2025-02-05,2026-02-05
POL-002002,Southern Cross Insurance,4703,Rockhampton QLD,Q-S,Home,399522,,2454.35,2023-03-26,2024-03-25
POL-002003,Coral Coast Mutual,4655,Hervey Bay QLD,L-P,Home,511912,,2032.3,2023-07-09,2024-07-08
POL-002004,Coral Coast Mutual,6714,Karratha WA,T-W,SME,2877930,,27449.24,2024-08-14,2025-08-14
POL-002005,Southern Cross Insurance,810,Darwin NT,T-W,Home,402275,Elevated Slab,3299.93,2025-08-15,2026-08-15
POL-002006,Southern Cross Insurance,4655,Hervey Bay QLD,L-P,Home,441021,,1672.36,2024-10-11,2025-10-11
POL-002007,Coral Coast Mutual,4350,Toowoomba QLD,B-F,Home,849876,Shutters Installed,1295.31,2025-05-28,2026-05-28
POL-002008,Outback Assurance Group,4703,Rockhampton QLD,Q-S,Home,855239,,5454.16,2023-08-08,2024-08-07
POL-002009,Coral Coast Mutual,4810,Townsville QLD,T-W,Home,542872,Elevated Slab,4519.99,2024-06-10,2025-06-10
POL-002010,Pacific Rim Insurance,6714,Karratha WA,T-W,Strata,7720745,Roof Tie-Down,66172.86,2024-05-14,2025-05-14
POL-002011,Southern Cross Insurance,4737,Bowen QLD,Q-S,SME,1836024,,12562.54,2023-09-27,2024-09-26
POL-002012,Outback Assurance Group,4680,Gladstone QLD,L-P,Home,819711,Roof Tie-Down,2707.61,2023-08-21,2024-08-20
POL-002013,Outback Assurance Group,800,Darwin NT,T-W,Home,382434,,3904.38,2023-11-11,2024-11-10
POL-002014,Pacific Rim Insurance,4879,Innisfail QLD,T-W,Home,779241,,6932.88,2025-04-19,2026-04-19
POL-002015,Coral Coast Mutual,4703,Rockhampton QLD,Q-S,Home,267531,,1634.15,2025-02-01,2026-02-01
POL-002016,Pacific Rim Insurance,4720,Charters Towers QLD,L-P,Home,806334,Roof Tie-Down,2893.03,2025-03-30,2026-03-30
POL-002017,Southern Cross Insurance,4680,Gladstone QLD,L-P,Home,806657,,3162.15,2023-06-12,2024-06-11
POL-002018,Northbeam General,4700,Rockhampton QLD,Q-S,Home,487248,,3384.53,2025-02-08,2026-02-08
POL-002019,Outback Assurance Group,4825,Cloncurry QLD,B-F,Strata,5392288,,9275.98,2025-09-09,2026-09-09
POL-002020,Coral Coast Mutual,6721,Port Hedland WA,T-W,Home,691727,,7088.9,2024-04-24,2025-04-24
POL-002021,Coral Coast Mutual,810,Darwin NT,T-W,SME,714029,Shutters Installed,5479.03,2024-07-23,2025-07-23
POL-002022,Northbeam General,4703,Rockhampton QLD,Q-S,Strata,3120966,,18497.93,2024-02-25,2025-02-24
POL-002023,Outback Assurance Group,810,Darwin NT,T-W,Home,504240,Roof Tie-Down,3983.17,2023-06-13,2024-06-12
POL-002024,Coral Coast Mutual,4655,Hervey Bay QLD,L-P,Home,617428,Shutters Installed,2014.89,2025-09-13,2026-09-13
POL-002025,Northbeam General,810,Darwin NT,T-W,SME,2857567,Roof Tie-Down,25125.47,2023-06-05,2024-06-04
POL-002026,Pacific Rim Insurance,4737,Bowen QLD,Q-S,Home,593376,Shutters Installed,2957.62,2023-05-01,2024-04-30
POL-002027,Outback Assurance Group,6721,Port Hedland WA,T-W,Home,877516,,8288.23,2024-11-07,2025-11-07
POL-002028,Coral Coast Mutual,6721,Port Hedland WA,T-W,SME,2958675,,27850.89,2023-03-14,2024-03-13
POL-002029,Outback Assurance Group,6000,Perth WA,B-F,Strata,6285779,Roof Tie-Down,8872.55,2024-04-22,2025-04-22
POL-002030,Pacific Rim Insurance,4802,Townsville QLD,T-W,Home,760975,,7602.96,2023-08-19,2024-08-18
POL-002031,Outback Assurance Group,800,Darwin NT,T-W,Home,878146,,8951.52,2023-09-05,2024-09-04
POL-002032,Coral Coast Mutual,4879,Innisfail QLD,T-W,Home,543814,,5519.94,2025-01-20,2026-01-20
POL-002033,Southern Cross Insurance,6000,Perth WA,B-F,Home,513453,Shutters Installed,861.48,2023-03-27,2024-03-26
POL-002034,Outback Assurance Group,800,Darwin NT,T-W,SME,2856956,,27113.81,2024-08-28,2025-08-28
POL-002035,Pacific Rim Insurance,6000,Perth WA,B-F,Home,761560,,1387.44,2025-05-07,2026-05-07
POL-002036,Pacific Rim Insurance,4655,Hervey Bay QLD,L-P,Home,651171,,2484.46,2023-04-21,2024-04-20
POL-002037,Pacific Rim Insurance,800,Darwin NT,T-W,Home,500205,Roof Tie-Down,3926.63,2024-11-19,2025-11-19
POL-002038,Outback Assurance Group,4879,Innisfail QLD,T-W,SME,567205,,5223.89,2025-03-18,2026-03-18
POL-002039,Outback Assurance Group,4737,Bowen QLD,Q-S,Home,668059,,4614.36,2024-10-05,2025-10-05
POL-002040,Outback Assurance Group,4870,Cairns QLD,T-W,Home,594941,Roof Tie-Down,4418.67,2025-07-31,2026-07-31
POL-002041,Coral Coast Mutual,4870,Cairns QLD,T-W,SME,1463315,,13508.33,2024-11-30,2025-11-30
POL-002042,Outback Assurance Group,4680,Gladstone QLD,L-P,Strata,9482755,Shutters Installed,35774.35,2023-11-29,2024-11-28
POL-002043,Coral Coast Mutual,6000,Perth WA,B-F,SME,2742425,Roof Tie-Down,4423.17,2024-07-14,2025-07-14
POL-002044,Southern Cross Insurance,4655,Hervey Bay QLD,L-P,SME,1121663,,5035.78,2025-05-27,2026-05-27
POL-002045,Southern Cross Insurance,6714,Karratha WA,T-W,Home,488625,,4471.61,2023-11-10,2024-11-09
POL-002046,Outback Assurance Group,4825,Mount Isa QLD,B-F,Home,771344,Shutters Installed,1213.08,2025-02-13,2026-02-13
POL-002047,Coral Coast Mutual,4703,Rockhampton QLD,Q-S,Home,617624,,3883.68,2024-03-24,2025-03-24
POL-002048,Pacific Rim Insurance,4700,Rockhampton QLD,Q-S,Strata,3870334,Shutters Installed,20056.91,2023-11-14,2024-11-13
POL-002049,Southern Cross Insurance,4825,Cloncurry QLD,B-F,Home,436550,,769.76,2024-12-13,2025-12-13
POL-002050,Coral Coast Mutual,4703,Rockhampton QLD,Q-S,Home,674292,,4691.64,2023-05-30,2024-05-29
POL-002051,Coral Coast Mutual,4825,Cloncurry QLD,B-F,Home,653953,Roof Tie-Down,921.23,2025-09-06,2026-09-06
POL-002052,Northbeam General,4810,Townsville QLD,T-W,Home,485745,Roof Tie-Down,3877.31,2023-02-11,2024-02-11
POL-002053,Northbeam General,4825,Cloncurry QLD,B-F,Home,277639,,499.2,2025-05-03,2026-05-03
POL-002054,Northbeam General,4350,Toowoomba QLD,B-F,SME,1305835,Elevated Slab,1856.23,2023-10-31,2024-10-30
POL-002055,Pacific Rim Insurance,4870,Cairns QLD,T-W,SME,2241089,,20926.39,2024-07-18,2025-07-18
POL-002056,Outback Assurance Group,4703,Rockhampton QLD,Q-S,Home,859113,,5472.12,2024-08-12,2025-08-12
POL-002057,Northbeam General,6000,Perth WA,B-F,SME,1505439,,2672.57,2024-01-09,2025-01-08
POL-002058,Northbeam General,6714,Karratha WA,T-W,Home,391025,Roof Tie-Down,3044.91,2025-04-27,2026-04-27
POL-002059,Coral Coast Mutual,4825,Cloncurry QLD,B-F,Home,782103,Roof Tie-Down,1246.48,2024-07-02,2025-07-02
POL-002060,Pacific Rim Insurance,800,Darwin NT,T-W,SME,1861055,,18449.33,2024-10-22,2025-10-22
POL-002061,Outback Assurance Group,4350,Toowoomba QLD,B-F,Home,305785,,546.04,2024-03-24,2025-03-24
POL-002062,Pacific Rim Insurance,4802,Townsville QLD,T-W,Home,429664,,3691.68,2024-04-04,2025-04-04
POL-002063,Southern Cross Insurance,4740,Mackay QLD,Q-S,SME,1020254,,6053.08,2023-12-29,2024-12-28
POL-002064,Outback Assurance Group,6000,Perth WA,B-F,Home,278916,,523.5,2024-05-17,2025-05-17
POL-002065,Coral Coast Mutual,810,Darwin NT,T-W,Strata,9585176,Shutters Installed,74456.38,2024-12-14,2025-12-14
POL-002066,Pacific Rim Insurance,6714,Karratha WA,T-W,Home,782629,,8098.57,2023-05-28,2024-05-27
POL-002067,Coral Coast Mutual,4802,Townsville QLD,T-W,Home,889206,Roof Tie-Down,6538.37,2025-02-11,2026-02-11
POL-002068,Northbeam General,4802,Townsville QLD,T-W,Home,893668,,7748.9,2024-02-28,2025-02-27
POL-002069,Outback Assurance Group,4703,Rockhampton QLD,Q-S,Home,438052,,3038.53,2023-01-31,2024-01-31
POL-002070,Outback Assurance Group,800,Darwin NT,T-W,Home,673158,Roof Tie-Down,5516.2,2025-08-29,2026-08-29
POL-002071,Coral Coast Mutual,4879,Innisfail QLD,T-W,Home,609971,,5427.33,2023-11-15,2024-11-14
POL-002072,Outback Assurance Group,4700,Rockhampton QLD,Q-S,SME,2495817,,14894.92,2023-09-24,2024-09-23
POL-002073,Southern Cross Insurance,4703,Rockhampton QLD,Q-S,Home,335530,,2111.03,2025-02-08,2026-02-08
POL-002074,Coral Coast Mutual,4720,Charters Towers QLD,L-P,Home,313859,,1445.29,2023-03-02,2024-03-01
POL-002075,Outback Assurance Group,800,Darwin NT,T-W,Home,804823,,6900.47,2023-12-01,2024-11-30
POL-002076,Northbeam General,6721,Port Hedland WA,T-W,Home,840730,,7787.0,2023-03-13,2024-03-12
POL-002077,Southern Cross Insurance,4703,Rockhampton QLD,Q-S,Home,811212,,4975.88,2023-12-20,2024-12-19
POL-002078,Northbeam General,810,Darwin NT,T-W,Home,712104,,7044.2,2025-06-19,2026-06-19
POL-002079,Pacific Rim Insurance,4720,Charters Towers QLD,L-P,Home,281815,,1212.52,2025-08-15,2026-08-15
POL-002080,Northbeam General,800,Darwin NT,T-W,SME,1622349,Shutters Installed,12072.8,2024-11-30,2025-11-30
POL-002081,Pacific Rim Insurance,4802,Townsville QLD,T-W,Home,771824,,6882.36,2023-06-08,2024-06-07
POL-002082,Outback Assurance Group,6714,Karratha WA,T-W,Strata,11193586,,113395.09,2025-03-13,2026-03-13
POL-002083,Outback Assurance Group,800,Darwin NT,T-W,SME,1432730,Roof Tie-Down,11258.53,2023-09-03,2024-09-02
POL-002084,Outback Assurance Group,4703,Rockhampton QLD,Q-S,SME,645887,Roof Tie-Down,3865.86,2025-08-01,2026-08-01
POL-002085,Pacific Rim Insurance,4802,Townsville QLD,T-W,Home,586124,,6026.85,2024-07-30,2025-07-30
POL-002086,Outback Assurance Group,4825,Cloncurry QLD,B-F,Home,460692,,793.18,2023-05-19,2024-05-18
POL-002087,Outback Assurance Group,4703,Rockhampton QLD,Q-S,Home,673874,,4323.36,2023-03-26,2024-03-25
POL-002088,Outback Assurance Group,4870,Cairns QLD,T-W,Home,757620,Shutters Installed,6251.96,2023-11-10,2024-11-09
POL-002089,Southern Cross Insurance,6721,Port Hedland WA,T-W,SME,2612705,,26465.1,2023-07-12,2024-07-11
POL-002090,Coral Coast Mutual,6721,Port Hedland WA,T-W,SME,2796100,,26790.26,2024-10-18,2025-10-18
POL-002091,Pacific Rim Insurance,4740,Mackay QLD,Q-S,Home,567661,Roof Tie-Down,3064.13,2023-12-27,2024-12-26
POL-002092,Northbeam General,4740,Mackay QLD,Q-S,SME,2219506,,15115.06,2024-06-20,2025-06-20
POL-002093,Northbeam General,4720,Charters Towers QLD,L-P,Home,474912,,1834.52,2025-08-30,2026-08-30
POL-002094,Pacific Rim Insurance,4350,Toowoomba QLD,B-F,SME,1253994,Roof Tie-Down,1916.8,2024-08-07,2025-08-07
POL-002095,Northbeam General,4870,Cairns QLD,T-W,Home,371981,Elevated Slab,3258.65,2023-01-05,2024-01-05
POL-002096,Outback Assurance Group,6714,Karratha WA,T-W,Strata,5831443,,53978.11,2025-05-07,2026-05-07
POL-002097,Pacific Rim Insurance,4740,Mackay QLD,Q-S,Home,520726,,3643.27,2024-03-08,2025-03-08
POL-002098,Outback Assurance Group,6721,Port Hedland WA,T-W,Home,535857,,4998.2,2023-01-11,2024-01-11
POL-002099,Coral Coast Mutual,4879,Innisfail QLD,T-W,Home,448701,,4532.68,2024-05-14,2025-05-14
POL-002100,Northbeam General,4810,Townsville QLD,T-W,Home,293829,,2900.8,2024-04-04,2025-04-04
POL-002101,Southern Cross Insurance,4350,Toowoomba QLD,B-F,Home,416643,Roof Tie-Down,688.74,2024-05-15,2025-05-15
POL-002102,Outback Assurance Group,4700,Rockhampton QLD,Q-S,Home,518958,Roof Tie-Down,3128.34,2025-01-02,2026-01-02
POL-002103,Southern Cross Insurance,6721,Port Hedland WA,T-W,Home,847801,Shutters Installed,6519.44,2025-02-18,2026-02-18
POL-002104,Northbeam General,4655,Hervey Bay QLD,L-P,SME,762820,,3238.93,2024-05-24,2025-05-24
POL-002105,Southern Cross Insurance,810,Darwin NT,T-W,Home,752078,Roof Tie-Down,5598.54,2023-08-23,2024-08-22
POL-002106,Coral Coast Mutual,4655,Hervey Bay QLD,L-P,Home,320674,,1277.27,2024-09-22,2025-09-22
POL-002107,Northbeam General,4737,Bowen QLD,Q-S,SME,572184,Elevated Slab,3264.3,2024-05-30,2025-05-30
POL-002108,Coral Coast Mutual,4703,Rockhampton QLD,Q-S,SME,459605,Roof Tie-Down,2767.14,2023-12-16,2024-12-15
POL-002109,Coral Coast Mutual,4700,Rockhampton QLD,Q-S,Home,309169,Shutters Installed,1671.03,2023-06-06,2024-06-05
POL-002110,Outback Assurance Group,4720,Charters Towers QLD,L-P,Home,453779,Roof Tie-Down,1566.82,2025-01-08,2026-01-08
POL-002111,Pacific Rim Insurance,4870,Cairns QLD,T-W,SME,1430859,Roof Tie-Down,11789.11,2023-10-22,2024-10-21
POL-002112,Outback Assurance Group,4700,Rockhampton QLD,Q-S,Home,309468,,1855.19,2023-03-08,2024-03-07
POL-002113,Coral Coast Mutual,4720,Charters Towers QLD,L-P,Home,428169,,1878.9,2023-11-26,2024-11-25
POL-002114,Pacific Rim Insurance,4740,Mackay QLD,Q-S,Home,495012,Roof Tie-Down,2464.68,2023-01-04,2024-01-04
POL-002115,Southern Cross Insurance,4740,Mackay QLD,Q-S,SME,901815,,6280.33,2025-02-19,2026-02-19
POL-002116,Outback Assurance Group,4802,Townsville QLD,T-W,Home,749571,Roof Tie-Down,6582.05,2024-10-22,2025-10-22
POL-002117,Coral Coast Mutual,6721,Port Hedland WA,T-W,SME,1396856,Elevated Slab,11692.18,2024-09-19,2025-09-19
POL-002118,Outback Assurance Group,4680,Gladstone QLD,L-P,Strata,10038452,,45698.23,2023-06-06,2024-06-05
POL-002119,Outback Assurance Group,4825,Cloncurry QLD,B-F,SME,1603192,Shutters Installed,2520.14,2023-06-28,2024-06-27
POL-002120,Northbeam General,6000,Perth WA,B-F,SME,487816,Elevated Slab,736.17,2023-11-04,2024-11-03
POL-002121,Northbeam General,4740,Mackay QLD,Q-S,Home,817802,,5689.6,2024-02-16,2025-02-15
POL-002122,Outback Assurance Group,4680,Gladstone QLD,L-P,Home,688017,Elevated Slab,2436.86,2024-04-08,2025-04-08
POL-002123,Northbeam General,4655,Hervey Bay QLD,L-P,Home,668259,Shutters Installed,2210.63,2024-06-26,2025-06-26
POL-002124,Pacific Rim Insurance,4350,Toowoomba QLD,B-F,Home,454054,Roof Tie-Down,756.95,2025-01-16,2026-01-16
POL-002125,Coral Coast Mutual,4680,Gladstone QLD,L-P,Strata,14817400,,65868.47,2024-01-19,2025-01-18
POL-002126,Pacific Rim Insurance,4703,Rockhampton QLD,Q-S,Home,819197,,5486.91,2023-11-04,2024-11-03
POL-002127,Outback Assurance Group,4879,Innisfail QLD,T-W,Home,828492,Shutters Installed,7211.8,2024-11-06,2025-11-06
POL-002128,Pacific Rim Insurance,4720,Charters Towers QLD,L-P,Home,274993,,1199.78,2024-01-31,2025-01-30
POL-002129,Outback Assurance Group,4700,Rockhampton QLD,Q-S,Home,840729,,5759.0,2024-10-18,2025-10-18
POL-002130,Northbeam General,4802,Townsville QLD,T-W,SME,2125074,Roof Tie-Down,16530.17,2023-09-09,2024-09-08
POL-002131,Southern Cross Insurance,850,Alice Springs NT,B-F,Home,892069,,1615.55,2024-10-05,2025-10-05
POL-002132,Southern Cross Insurance,800,Darwin NT,T-W,SME,436359,Roof Tie-Down,3819.7,2025-06-09,2026-06-09
POL-002133,Northbeam General,6714,Karratha WA,T-W,SME,1896092,Shutters Installed,14401.49,2023-06-04,2024-06-03
POL-002134,Outback Assurance Group,6721,Port Hedland WA,T-W,SME,1723303,Elevated Slab,14147.92,2025-04-28,2026-04-28
POL-002135,Northbeam General,850,Alice Springs NT,B-F,Home,567970,Roof Tie-Down,799.74,2024-07-29,2025-07-29
POL-002136,Pacific Rim Insurance,810,Darwin NT,T-W,Home,898322,Roof Tie-Down,7122.91,2024-07-29,2025-07-29
POL-002137,Northbeam General,850,Alice Springs NT,B-F,SME,1446016,Shutters Installed,2423.08,2024-11-10,2025-11-10
POL-002138,Northbeam General,4737,Bowen QLD,Q-S,Home,649454,Roof Tie-Down,3568.72,2024-05-03,2025-05-03
POL-002139,Pacific Rim Insurance,4870,Cairns QLD,T-W,Home,629987,,6500.7,2024-08-21,2025-08-21
POL-002140,Coral Coast Mutual,4700,Rockhampton QLD,Q-S,Home,765655,Roof Tie-Down,4608.09,2024-08-03,2025-08-03
POL-002141,Coral Coast Mutual,6714,Karratha WA,T-W,Strata,3155782,,28044.64,2024-10-01,2025-10-01
POL-002142,Coral Coast Mutual,4655,Hervey Bay QLD,L-P,Strata,13222344,Roof Tie-Down,44344.46,2024-10-11,2025-10-11
POL-002143,Outback Assurance Group,6721,Port Hedland WA,T-W,SME,748432,,6903.5,2025-03-29,2026-03-29
POL-002144,Northbeam General,4870,Cairns QLD,T-W,Home,427272,,3949.66,2023-09-16,2024-09-15
POL-002145,Northbeam General,4720,Charters Towers QLD,L-P,Home,274583,,1150.85,2025-07-16,2026-07-16
POL-002146,Coral Coast Mutual,4740,Mackay QLD,Q-S,Home,525894,,3383.4,2024-03-19,2025-03-19
POL-002147,Pacific Rim Insurance,4740,Mackay QLD,Q-S,Home,730339,,4898.55,2023-12-07,2024-12-06
POL-002148,Coral Coast Mutual,4740,Mackay QLD,Q-S,Home,261196,,1777.45,2023-01-20,2024-01-20
POL-002149,Coral Coast Mutual,4655,Hervey Bay QLD,L-P,Home,657263,,2504.32,2024-11-19,2025-11-19
POL-002150,Northbeam General,4655,Hervey Bay QLD,L-P,Home,695135,,2865.38,2023-12-17,2024-12-16
POL-002151,Outback Assurance Group,4680,Gladstone QLD,L-P,SME,2450303,,9841.83,2023-03-27,2024-03-26
POL-002152,Northbeam General,4825,Mount Isa QLD,B-F,SME,2534025,,4922.33,2023-01-24,2024-01-24
POL-002153,Northbeam General,800,Darwin NT,T-W,Home,318114,Roof Tie-Down,2391.01,2025-03-31,2026-03-31
POL-002154,Pacific Rim Insurance,4825,Mount Isa QLD,B-F,SME,456401,Roof Tie-Down,731.32,2023-12-16,2024-12-15
POL-002155,Southern Cross Insurance,4825,Mount Isa QLD,B-F,Home,733145,,1354.24,2023-12-05,2024-12-04
POL-002156,Southern Cross Insurance,4810,Townsville QLD,T-W,Home,459213,,4727.23,2025-08-06,2026-08-06
POL-002157,Northbeam General,4700,Rockhampton QLD,Q-S,Home,254027,,1629.04,2024-12-03,2025-12-03
POL-002158,Outback Assurance Group,4703,Rockhampton QLD,Q-S,Home,585968,Roof Tie-Down,3318.7,2023-07-17,2024-07-16
POL-002159,Pacific Rim Insurance,4703,Rockhampton QLD,Q-S,SME,1180412,,7625.43,2025-01-19,2026-01-19
POL-002160,Coral Coast Mutual,4740,Mackay QLD,Q-S,Home,333422,,2026.74,2023-07-22,2024-07-21
POL-002161,Southern Cross Insurance,810,Darwin NT,T-W,SME,1194172,,11798.34,2024-12-20,2025-12-20
POL-002162,Pacific Rim Insurance,4703,Rockhampton QLD,Q-S,Home,488777,Shutters Installed,2518.17,2024-10-12,2025-10-12
POL-002163,Coral Coast Mutual,6721,Port Hedland WA,T-W,Home,549266,,4924.0,2023-09-14,2024-09-13
POL-002164,Southern Cross Insurance,4350,Toowoomba QLD,B-F,Home,513893,,884.58,2023-06-15,2024-06-14
POL-002165,Outback Assurance Group,4740,Mackay QLD,Q-S,Home,313338,Shutters Installed,1772.69,2025-04-17,2026-04-17
POL-002166,Southern Cross Insurance,4825,Mount Isa QLD,B-F,SME,2270374,,3687.81,2025-02-01,2026-02-01
POL-002167,Southern Cross Insurance,6714,Karratha WA,T-W,Home,629039,,6212.61,2024-09-12,2025-09-12
POL-002168,Outback Assurance Group,4802,Townsville QLD,T-W,Home,722684,,6670.67,2025-04-10,2026-04-10
POL-002169,Northbeam General,4680,Gladstone QLD,L-P,Home,578702,,2452.87,2025-02-01,2026-02-01
POL-002170,Outback Assurance Group,4350,Toowoomba QLD,B-F,Home,620037,Roof Tie-Down,931.53,2025-06-20,2026-06-20
POL-002171,Outback Assurance Group,6714,Karratha WA,T-W,Strata,8765272,,82664.28,2025-07-09,2026-07-09
POL-002172,Northbeam General,4737,Bowen QLD,Q-S,Home,654293,,4184.52,2023-01-26,2024-01-26
POL-002173,Outback Assurance Group,6714,Karratha WA,T-W,Home,406640,,3785.37,2023-01-15,2024-01-15
POL-002174,Outback Assurance Group,4700,Rockhampton QLD,Q-S,Home,477534,,2852.45,2024-02-05,2025-02-04
POL-002175,Pacific Rim Insurance,810,Darwin NT,T-W,Home,771480,Roof Tie-Down,6095.43,2023-11-07,2024-11-06
POL-002176,Northbeam General,6000,Perth WA,B-F,Home,773382,,1373.39,2025-08-28,2026-08-28
POL-002177,Outback Assurance Group,850,Alice Springs NT,B-F,Strata,3778577,Roof Tie-Down,5280.46,2023-11-28,2024-11-27
POL-002178,Outback Assurance Group,4810,Townsville QLD,T-W,Home,768239,Shutters Installed,6580.24,2024-03-02,2025-03-02
POL-002179,Pacific Rim Insurance,4870,Cairns QLD,T-W,Strata,7680438,,74867.93,2024-12-01,2025-12-01
POL-002180,Coral Coast Mutual,4879,Innisfail QLD,T-W,Home,805364,,7317.22,2025-01-12,2026-01-12
POL-002181,Outback Assurance Group,810,Darwin NT,T-W,Home,316191,,2714.07,2024-01-14,2025-01-13
POL-002182,Coral Coast Mutual,4350,Toowoomba QLD,B-F,Home,494777,Shutters Installed,819.11,2025-07-13,2026-07-13
POL-002183,Northbeam General,850,Alice Springs NT,B-F,SME,2821035,,5376.26,2024-12-16,2025-12-16
POL-002184,Pacific Rim Insurance,810,Darwin NT,T-W,Strata,11601180,,120596.1,2023-08-23,2024-08-22
POL-002185,Southern Cross Insurance,4810,Townsville QLD,T-W,Home,762321,,7333.73,2025-06-30,2026-06-30
POL-002186,Pacific Rim Insurance,6714,Karratha WA,T-W,Home,405561,Roof Tie-Down,3355.87,2023-03-25,2024-03-24
POL-002187,Northbeam General,850,Alice Springs NT,B-F,Home,528928,,869.61,2024-02-03,2025-02-02
POL-002188,Southern Cross Insurance,6000,Perth WA,B-F,SME,647553,Elevated Slab,985.55,2023-08-17,2024-08-16
POL-002189,Coral Coast Mutual,6714,Karratha WA,T-W,Home,839171,,7407.89,2023-10-07,2024-10-06
POL-002190,Northbeam General,850,Alice Springs NT,B-F,Strata,10997791,,18608.49,2025-04-10,2026-04-10
POL-002191,Pacific Rim Insurance,4810,Townsville QLD,T-W,Home,313504,Shutters Installed,2650.78,2023-07-19,2024-07-18
POL-002192,Southern Cross Insurance,4720,Charters Towers QLD,L-P,Home,693538,,3029.75,2025-05-23,2026-05-23
POL-002193,Outback Assurance Group,6721,Port Hedland WA,T-W,Home,276511,Roof Tie-Down,2022.41,2024-10-21,2025-10-21
POL-002194,Pacific Rim Insurance,4825,Mount Isa QLD,B-F,Home,404785,,720.84,2024-01-27,2025-01-26
POL-002195,Coral Coast Mutual,4700,Rockhampton QLD,Q-S,Home,362978,,2565.52,2024-04-11,2025-04-11
POL-002196,Southern Cross Insurance,4703,Rockhampton QLD,Q-S,SME,1083256,,7162.95,2023-11-27,2024-11-26
POL-002197,Outback Assurance Group,800,Darwin NT,T-W,Home,750277,Shutters Installed,5899.54,2023-11-19,2024-11-18
POL-002198,Pacific Rim Insurance,4825,Cloncurry QLD,B-F,Home,589617,Elevated Slab,883.27,2023-12-01,2024-11-30
POL-002199,Southern Cross Insurance,4740,Mackay QLD,Q-S,Home,846146,Shutters Installed,4244.28,2024-06-07,2025-06-07
POL-002200,Northbeam General,810,Darwin NT,T-W,Home,396707,,3506.09,2024-06-19,2025-06-19
POL-002201,Coral Coast Mutual,4350,Toowoomba QLD,B-F,Home,624426,Elevated Slab,924.45,2024-02-27,2025-02-26
POL-002202,Outback Assurance Group,4825,Mount Isa QLD,B-F,Home,800166,,1416.2,2025-03-19,2026-03-19
POL-002203,Coral Coast Mutual,810,Darwin NT,T-W,Home,467322,Roof Tie-Down,3734.76,2023-04-29,2024-04-28
POL-002204,Northbeam General,4350,Toowoomba QLD,B-F,Home,834774,,1359.61,2024-10-20,2025-10-20
POL-002205,Northbeam General,850,Alice Springs NT,B-F,Home,493967,Shutters Installed,823.78,2025-09-04,2026-09-04
POL-002206,Coral Coast Mutual,4720,Charters Towers QLD,L-P,Home,665035,Elevated Slab,2145.9,2025-02-22,2026-02-22
POL-002207,Northbeam General,850,Alice Springs NT,B-F,Home,685094,,1245.51,2023-02-11,2024-02-11
POL-002208,Southern Cross Insurance,4802,Townsville QLD,T-W,Home,765338,Shutters Installed,5570.93,2024-12-19,2025-12-19
POL-002209,Pacific Rim Insurance,4802,Townsville QLD,T-W,SME,1088617,,10129.19,2023-06-05,2024-06-04
POL-002210,Pacific Rim Insurance,4870,Cairns QLD,T-W,Strata,6721396,,60860.42,2024-01-19,2025-01-18
POL-002211,Coral Coast Mutual,4655,Hervey Bay QLD,L-P,Home,887134,Shutters Installed,3012.69,2023-07-20,2024-07-19
POL-002212,Pacific Rim Insurance,6000,Perth WA,B-F,Home,723589,,1179.72,2024-09-09,2025-09-09
POL-002213,Northbeam General,4655,Hervey Bay QLD,L-P,Home,656272,Roof Tie-Down,2485.64,2025-01-30,2026-01-30
POL-002214,Northbeam General,4703,Rockhampton QLD,Q-S,SME,1652460,,11456.19,2024-11-21,2025-11-21
POL-002215,Pacific Rim Insurance,4802,Townsville QLD,T-W,SME,628034,Elevated Slab,5221.31,2023-08-24,2024-08-23
POL-002216,Coral Coast Mutual,6000,Perth WA,B-F,Home,262960,Roof Tie-Down,379.51,2023-07-05,2024-07-04
POL-002217,Pacific Rim Insurance,4703,Rockhampton QLD,Q-S,Home,593260,,3823.71,2024-02-05,2025-02-04
POL-002218,Northbeam General,4700,Rockhampton QLD,Q-S,Strata,12011642,,74723.77,2024-11-14,2025-11-14
POL-002219,Southern Cross Insurance,4825,Mount Isa QLD,B-F,Home,282715,,521.03,2025-05-27,2026-05-27
POL-002220,Northbeam General,6000,Perth WA,B-F,Strata,8399181,Shutters Installed,13438.66,2025-09-11,2026-09-11
POL-002221,Coral Coast Mutual,800,Darwin NT,T-W,Home,450053,Shutters Installed,3976.47,2025-01-29,2026-01-29
POL-002222,Southern Cross Insurance,4825,Mount Isa QLD,B-F,Home,561919,,1066.16,2025-07-09,2026-07-09
POL-002223,Southern Cross Insurance,6721,Port Hedland WA,T-W,Home,464607,,4078.61,2024-10-13,2025-10-13
POL-002224,Pacific Rim Insurance,850,Alice Springs NT,B-F,Home,496208,Roof Tie-Down,752.4,2025-06-26,2026-06-26
POL-002225,Northbeam General,4825,Cloncurry QLD,B-F,Home,840590,Roof Tie-Down,1280.89,2025-01-18,2026-01-18
POL-002226,Outback Assurance Group,4703,Rockhampton QLD,Q-S,Home,281350,,1659.49,2024-03-18,2025-03-18
POL-002227,Coral Coast Mutual,4879,Innisfail QLD,T-W,Home,296172,Roof Tie-Down,2466.5,2025-09-09,2026-09-09
POL-002228,Northbeam General,6721,Port Hedland WA,T-W,SME,1521072,Shutters Installed,11114.36,2023-10-06,2024-10-05
POL-002229,Outback Assurance Group,4350,Toowoomba QLD,B-F,SME,585065,,1131.79,2025-05-05,2026-05-05
POL-002230,Southern Cross Insurance,4825,Cloncurry QLD,B-F,Strata,5884275,,11048.34,2025-01-30,2026-01-30
POL-002231,Northbeam General,6721,Port Hedland WA,T-W,Home,728420,,7363.86,2024-07-11,2025-07-11
POL-002232,Coral Coast Mutual,4680,Gladstone QLD,L-P,SME,2711162,Elevated Slab,9757.76,2023-11-25,2024-11-24
POL-002233,Coral Coast Mutual,4879,Innisfail QLD,T-W,Home,740192,Elevated Slab,6555.05,2025-02-24,2026-02-24
POL-002234,Coral Coast Mutual,810,Darwin NT,T-W,SME,2474128,,24330.2,2024-02-22,2025-02-21
POL-002235,Outback Assurance Group,4879,Innisfail QLD,T-W,Home,394327,Shutters Installed,3077.71,2024-01-03,2025-01-02
POL-002236,Pacific Rim Insurance,4737,Bowen QLD,Q-S,SME,1089024,,7630.42,2023-12-18,2024-12-17
POL-002237,Northbeam General,810,Darwin NT,T-W,Home,417172,,4241.42,2024-08-10,2025-08-10
POL-002238,Pacific Rim Insurance,4703,Rockhampton QLD,Q-S,SME,2157312,Elevated Slab,12826.73,2024-05-28,2025-05-28
POL-002239,Northbeam General,4740,Mackay QLD,Q-S,Home,517090,,3653.17,2024-11-11,2025-11-11
POL-002240,Coral Coast Mutual,4350,Toowoomba QLD,B-F,SME,2451769,,4075.06,2025-01-19,2026-01-19
POL-002241,Outback Assurance Group,4825,Cloncurry QLD,B-F,Strata,8590085,,14593.4,2023-12-26,2024-12-25
POL-002242,Northbeam General,800,Darwin NT,T-W,Home,413264,,4188.54,2025-07-05,2026-07-05
POL-002243,Southern Cross Insurance,4870,Cairns QLD,T-W,SME,852149,,8087.65,2025-07-26,2026-07-26
POL-002244,Northbeam General,6721,Port Hedland WA,T-W,Home,469408,Elevated Slab,3822.28,2023-04-09,2024-04-08
POL-002245,Southern Cross Insurance,4870,Cairns QLD,T-W,Home,467146,Shutters Installed,3535.09,2025-03-05,2026-03-05
POL-002246,Outback Assurance Group,4825,Mount Isa QLD,B-F,Home,692412,,1357.23,2024-11-08,2025-11-08
POL-002247,Outback Assurance Group,4870,Cairns QLD,T-W,SME,2026330,Shutters Installed,15953.27,2023-11-08,2024-11-07
POL-002248,Outback Assurance Group,4810,Townsville QLD,T-W,Home,894667,,8658.0,2024-11-26,2025-11-26
POL-002249,Outback Assurance Group,4740,Mackay QLD,Q-S,Home,518207,Elevated Slab,2977.98,2025-05-31,2026-05-31
POL-002250,Outback Assurance Group,4825,Cloncurry QLD,B-F,SME,2862579,Elevated Slab,4485.06,2023-12-26,2024-12-25
POL-002251,Southern Cross Insurance,4870,Cairns QLD,T-W,Home,341046,,3223.65,2024-07-10,2025-07-10
POL-002252,Coral Coast Mutual,4825,Mount Isa QLD,B-F,Home,348572,,621.74,2025-02-06,2026-02-06
POL-002253,Outback Assurance Group,4350,Toowoomba QLD,B-F,Home,588556,,1019.1,2025-03-06,2026-03-06
POL-002254,Southern Cross Insurance,4703,Rockhampton QLD,Q-S,Home,384620,Roof Tie-Down,2164.73,2024-11-22,2025-11-22
POL-002255,Outback Assurance Group,4720,Charters Towers QLD,L-P,Home,735679,,2950.65,2024-08-01,2025-08-01
POL-002256,Outback Assurance Group,4825,Cloncurry QLD,B-F,SME,2856440,Roof Tie-Down,4036.17,2024-06-13,2025-06-13
POL-002257,Coral Coast Mutual,4700,Rockhampton QLD,Q-S,Strata,4730427,Shutters Installed,23730.17,2024-09-07,2025-09-07
POL-002258,Northbeam General,4879,Innisfail QLD,T-W,Home,330552,Roof Tie-Down,2508.59,2024-05-12,2025-05-12
POL-002259,Coral Coast Mutual,4870,Cairns QLD,T-W,Home,435211,,4359.8,2023-02-14,2024-02-14
POL-002260,Outback Assurance Group,4700,Rockhampton QLD,Q-S,Home,861917,,5989.63,2023-08-23,2024-08-22
POL-002261,Outback Assurance Group,800,Darwin NT,T-W,Home,884604,Roof Tie-Down,7232.85,2024-03-24,2025-03-24
POL-002262,Pacific Rim Insurance,4680,Gladstone QLD,L-P,SME,2602744,Elevated Slab,10030.85,2024-01-13,2025-01-12
POL-002263,Southern Cross Insurance,800,Darwin NT,T-W,Home,707484,Roof Tie-Down,5778.38,2024-03-08,2025-03-08
POL-002264,Northbeam General,4825,Mount Isa QLD,B-F,Home,625015,,1119.32,2024-06-03,2025-06-03
POL-002265,Outback Assurance Group,810,Darwin NT,T-W,Home,848129,Roof Tie-Down,6419.63,2023-07-21,2024-07-20
POL-002266,Northbeam General,4825,Cloncurry QLD,B-F,Home,320064,Shutters Installed,535.81,2024-11-03,2025-11-03
POL-002267,Northbeam General,4802,Townsville QLD,T-W,Home,493529,,4409.51,2023-11-04,2024-11-03
POL-002268,Coral Coast Mutual,4655,Hervey Bay QLD,L-P,Home,262756,Roof Tie-Down,865.39,2024-11-12,2025-11-12
POL-002269,Outback Assurance Group,4802,Townsville QLD,T-W,Home,393719,Shutters Installed,3064.53,2023-09-07,2024-09-06
POL-002270,Outback Assurance Group,4703,Rockhampton QLD,Q-S,Home,751989,,4608.46,2023-06-26,2024-06-25
POL-002271,Pacific Rim Insurance,4825,Cloncurry QLD,B-F,Home,324363,,542.53,2023-05-11,2024-05-10
POL-002272,Pacific Rim Insurance,810,Darwin NT,T-W,SME,2553291,Roof Tie-Down,22637.82,2023-03-16,2024-03-15
POL-002273,Coral Coast Mutual,4700,Rockhampton QLD,Q-S,Home,629293,,4448.4,2025-04-27,2026-04-27
POL-002274,Northbeam General,4879,Innisfail QLD,T-W,Home,586055,Elevated Slab,4998.01,2023-01-29,2024-01-29
POL-002275,Outback Assurance Group,4680,Gladstone QLD,L-P,Home,485637,,2141.09,2023-05-11,2024-05-10
POL-002276,Northbeam General,4810,Townsville QLD,T-W,Strata,8820472,,86241.97,2025-02-12,2026-02-12
POL-002277,Outback Assurance Group,4350,Toowoomba QLD,B-F,Home,328701,Shutters Installed,496.15,2023-02-01,2024-02-01
POL-002278,Coral Coast Mutual,4825,Mount Isa QLD,B-F,Home,402634,,764.3,2023-02-10,2024-02-10
POL-002279,Pacific Rim Insurance,6000,Perth WA,B-F,Home,608070,,1051.51,2024-07-02,2025-07-02
POL-002280,Pacific Rim Insurance,6714,Karratha WA,T-W,Strata,9883813,,94111.06,2024-01-31,2025-01-30
POL-002281,Outback Assurance Group,4825,Cloncurry QLD,B-F,Strata,13089887,,24908.66,2023-05-21,2024-05-20
POL-002282,Southern Cross Insurance,6714,Karratha WA,T-W,Home,609042,,5823.78,2024-09-23,2025-09-23
POL-002283,Coral Coast Mutual,6000,Perth WA,B-F,Home,552982,,1014.17,2023-08-22,2024-08-21
POL-002284,Coral Coast Mutual,6714,Karratha WA,T-W,Strata,7847081,,81589.61,2023-07-16,2024-07-15
POL-002285,Northbeam General,4720,Charters Towers QLD,L-P,SME,2907189,Shutters Installed,10220.59,2024-11-05,2025-11-05
POL-002286,Coral Coast Mutual,4810,Townsville QLD,T-W,SME,1637383,Roof Tie-Down,12402.02,2024-12-03,2025-12-03
POL-002287,Southern Cross Insurance,4825,Cloncurry QLD,B-F,Home,735166,Shutters Installed,1143.19,2023-06-27,2024-06-26
POL-002288,Outback Assurance Group,6721,Port Hedland WA,T-W,Home,603760,Shutters Installed,4566.34,2024-10-25,2025-10-25
POL-002289,Pacific Rim Insurance,4680,Gladstone QLD,L-P,Home,533891,,2436.3,2024-04-15,2025-04-15
POL-002290,Pacific Rim Insurance,6714,Karratha WA,T-W,Home,514802,,4523.26,2024-01-21,2025-01-20
POL-002291,Pacific Rim Insurance,4655,Hervey Bay QLD,L-P,Home,517188,Roof Tie-Down,2004.34,2024-04-10,2025-04-10
POL-002292,Outback Assurance Group,4802,Townsville QLD,T-W,SME,2163676,,19318.3,2023-02-22,2024-02-22
POL-002293,Northbeam General,850,Alice Springs NT,B-F,Home,655678,,1136.11,2023-05-24,2024-05-23
POL-002294,Coral Coast Mutual,800,Darwin NT,T-W,Home,307149,,2650.07,2023-03-13,2024-03-12
POL-002295,Outback Assurance Group,800,Darwin NT,T-W,Home,350548,Shutters Installed,3071.71,2024-12-04,2025-12-04
POL-002296,Pacific Rim Insurance,4703,Rockhampton QLD,Q-S,Home,312788,,1833.82,2023-12-12,2024-12-11
POL-002297,Coral Coast Mutual,6000,Perth WA,B-F,Home,481145,Shutters Installed,753.57,2024-08-07,2025-08-07
POL-002298,Northbeam General,4825,Cloncurry QLD,B-F,Home,274069,Shutters Installed,423.83,2023-11-21,2024-11-20
POL-002299,Northbeam General,4700,Rockhampton QLD,Q-S,SME,1252035,,8206.12,2023-01-18,2024-01-18
POL-002300,Southern Cross Insurance,4825,Mount Isa QLD,B-F,Home,532831,,1018.47,2023-05-08,2024-05-07
POL-002301,Northbeam General,4350,Toowoomba QLD,B-F,SME,2327310,Shutters Installed,3638.84,2025-07-02,2026-07-02
POL-002302,Pacific Rim Insurance,4350,Toowoomba QLD,B-F,Home,573479,Roof Tie-Down,866.05,2025-05-31,2026-05-31
POL-002303,Outback Assurance Group,4655,Hervey Bay QLD,L-P,Home,335980,Shutters Installed,1177.51,2024-03-30,2025-03-30
POL-002304,Pacific Rim Insurance,810,Darwin NT,T-W,SME,2979718,Elevated Slab,25267.62,2023-01-24,2024-01-24
POL-002305,Coral Coast Mutual,6000,Perth WA,B-F,Home,707861,,1347.95,2024-06-20,2025-06-20
POL-002306,Northbeam General,6714,Karratha WA,T-W,Home,656743,,6661.09,2024-09-13,2025-09-13
POL-002307,Northbeam General,4680,Gladstone QLD,L-P,Home,646009,Roof Tie-Down,2153.29,2024-02-18,2025-02-17
POL-002308,Northbeam General,4703,Rockhampton QLD,Q-S,Home,510849,Elevated Slab,2943.77,2025-07-09,2026-07-09
POL-002309,Northbeam General,4655,Hervey Bay QLD,L-P,Home,275455,,1200.06,2024-07-30,2025-07-30
POL-002310,Outback Assurance Group,4825,Mount Isa QLD,B-F,Home,657759,,1200.93,2024-01-04,2025-01-03
POL-002311,Coral Coast Mutual,4870,Cairns QLD,T-W,Home,694740,,6058.12,2023-09-19,2024-09-18
POL-002312,Northbeam General,4350,Toowoomba QLD,B-F,Home,522482,,936.43,2023-06-22,2024-06-21
POL-002313,Coral Coast Mutual,4802,Townsville QLD,T-W,Home,455219,,4623.76,2024-01-26,2025-01-25
POL-002314,Pacific Rim Insurance,4740,Mackay QLD,Q-S,SME,1065861,Roof Tie-Down,5408.79,2024-12-13,2025-12-13
POL-002315,Northbeam General,4740,Mackay QLD,Q-S,Home,517539,,3332.45,2023-10-28,2024-10-27
POL-002316,Pacific Rim Insurance,4879,Innisfail QLD,T-W,Home,490216,,4572.73,2023-06-20,2024-06-19
POL-002317,Northbeam General,4825,Mount Isa QLD,B-F,Home,304679,Roof Tie-Down,472.93,2025-03-12,2026-03-12
POL-002318,Northbeam General,6721,Port Hedland WA,T-W,Home,426083,,3834.26,2025-04-07,2026-04-07
POL-002319,Northbeam General,4810,Townsville QLD,T-W,SME,825765,Roof Tie-Down,6360.05,2025-03-12,2026-03-12
POL-002320,Pacific Rim Insurance,4825,Cloncurry QLD,B-F,Home,636851,,1197.51,2023-06-06,2024-06-05
POL-002321,Southern Cross Insurance,4700,Rockhampton QLD,Q-S,Home,430139,Roof Tie-Down,2503.11,2024-06-09,2025-06-09
POL-002322,Northbeam General,4720,Charters Towers QLD,L-P,Home,391504,Roof Tie-Down,1304.58,2024-04-25,2025-04-25
POL-002323,Outback Assurance Group,810,Darwin NT,T-W,Home,635027,,6121.88,2023-10-13,2024-10-12
POL-002324,Southern Cross Insurance,4350,Toowoomba QLD,B-F,Home,510272,,856.42,2024-09-12,2025-09-12
POL-002325,Outback Assurance Group,4825,Mount Isa QLD,B-F,Strata,6818458,Roof Tie-Down,10350.4,2025-03-29,2026-03-29
POL-002326,Pacific Rim Insurance,4655,Hervey Bay QLD,L-P,Home,800555,,3339.88,2024-10-24,2025-10-24
POL-002327,Outback Assurance Group,4680,Gladstone QLD,L-P,SME,2099526,,9261.79,2024-06-20,2025-06-20
POL-002328,Coral Coast Mutual,4700,Rockhampton QLD,Q-S,Home,288185,,1763.39,2024-09-06,2025-09-06
POL-002329,Southern Cross Insurance,6721,Port Hedland WA,T-W,Home,651156,,6032.5,2024-01-18,2025-01-17
POL-002330,Northbeam General,6714,Karratha WA,T-W,Home,476041,,4464.08,2024-10-15,2025-10-15
POL-002331,Outback Assurance Group,4737,Bowen QLD,Q-S,SME,986552,,6603.77,2023-11-06,2024-11-05
POL-002332,Outback Assurance Group,4350,Toowoomba QLD,B-F,Home,710352,,1215.45,2024-02-13,2025-02-12
POL-002333,Northbeam General,4737,Bowen QLD,Q-S,Home,386749,Shutters Installed,2100.8,2023-02-22,2024-02-22
POL-002334,Outback Assurance Group,810,Darwin NT,T-W,SME,1639073,,15178.91,2023-12-25,2024-12-24
POL-002335,Pacific Rim Insurance,4655,Hervey Bay QLD,L-P,SME,727673,,3116.27,2023-12-30,2024-12-29
POL-002336,Northbeam General,4825,Cloncurry QLD,B-F,Home,752748,,1237.81,2023-12-06,2024-12-05
POL-002337,Pacific Rim Insurance,6721,Port Hedland WA,T-W,Strata,3699577,Roof Tie-Down,27758.63,2024-12-29,2025-12-29
POL-002338,Outback Assurance Group,6000,Perth WA,B-F,Home,796403,,1396.62,2024-04-04,2025-04-04
POL-002339,Pacific Rim Insurance,6714,Karratha WA,T-W,SME,1769627,,16088.32,2023-02-22,2024-02-22
POL-002340,Southern Cross Insurance,4802,Townsville QLD,T-W,Home,761198,Elevated Slab,6064.81,2024-06-10,2025-06-10
POL-002341,Outback Assurance Group,4825,Cloncurry QLD,B-F,SME,682231,,1350.48,2023-06-07,2024-06-06
POL-002342,Northbeam General,6714,Karratha WA,T-W,SME,1520323,Elevated Slab,11402.39,2025-02-19,2026-02-19
POL-002343,Southern Cross Insurance,4825,Mount Isa QLD,B-F,Home,480935,Shutters Installed,668.41,2023-11-07,2024-11-06
POL-002344,Northbeam General,810,Darwin NT,T-W,Home,687873,,6926.19,2025-06-23,2026-06-23
POL-002345,Northbeam General,4879,Innisfail QLD,T-W,Home,470846,Shutters Installed,3422.3,2023-03-09,2024-03-08
POL-002346,Northbeam General,4740,Mackay QLD,Q-S,Home,319299,,1958.84,2025-07-26,2026-07-26
POL-002347,Outback Assurance Group,850,Alice Springs NT,B-F,Home,609385,,1122.52,2024-01-17,2025-01-16
POL-002348,Pacific Rim Insurance,6000,Perth WA,B-F,Home,596659,,1102.24,2023-12-01,2024-11-30
POL-002349,Pacific Rim Insurance,810,Darwin NT,T-W,SME,2873714,,27409.75,2023-10-13,2024-10-12
POL-002350,Pacific Rim Insurance,4350,Toowoomba QLD,B-F,Home,756877,Roof Tie-Down,1105.26,2025-08-20,2026-08-20
POL-002351,Coral Coast Mutual,6721,Port Hedland WA,T-W,Home,674368,,5831.56,2024-08-28,2025-08-28
POL-002352,Northbeam General,6000,Perth WA,B-F,Home,484488,Roof Tie-Down,792.34,2023-08-13,2024-08-12
POL-002353,Outback Assurance Group,4737,Bowen QLD,Q-S,Strata,13700123,,89802.55,2024-01-07,2025-01-06
POL-002354,Outback Assurance Group,4655,Hervey Bay QLD,L-P,Home,335070,Shutters Installed,1134.59,2024-09-30,2025-09-30
POL-002355,Outback Assurance Group,4825,Mount Isa QLD,B-F,SME,638668,,1134.8,2025-04-14,2026-04-14
POL-002356,Coral Coast Mutual,810,Darwin NT,T-W,Home,599999,,6198.85,2023-05-02,2024-05-01
POL-002357,Outback Assurance Group,4350,Toowoomba QLD,B-F,Home,665597,,1219.26,2024-02-20,2025-02-19
POL-002358,Coral Coast Mutual,4350,Toowoomba QLD,B-F,Home,422904,,736.28,2024-09-04,2025-09-04
POL-002359,Southern Cross Insurance,4802,Townsville QLD,T-W,Home,336082,Roof Tie-Down,2487.15,2025-01-25,2026-01-25
POL-002360,Northbeam General,810,Darwin NT,T-W,Home,346799,,3580.81,2025-03-23,2026-03-23
POL-002361,Coral Coast Mutual,4740,Mackay QLD,Q-S,Home,389967,Roof Tie-Down,2064.69,2025-05-13,2026-05-13
POL-002362,Southern Cross Insurance,4680,Gladstone QLD,L-P,SME,1092989,Roof Tie-Down,4208.57,2023-12-05,2024-12-04
POL-002363,Northbeam General,4740,Mackay QLD,Q-S,Strata,2662930,Roof Tie-Down,15049.21,2025-04-21,2026-04-21
POL-002364,Coral Coast Mutual,4700,Rockhampton QLD,Q-S,SME,2456719,,14715.26,2024-08-30,2025-08-30
POL-002365,Outback Assurance Group,4810,Townsville QLD,T-W,SME,2970005,Roof Tie-Down,22948.87,2023-03-08,2024-03-07
POL-002366,Northbeam General,4810,Townsville QLD,T-W,SME,2559611,Roof Tie-Down,18999.31,2024-09-13,2025-09-13
POL-002367,Outback Assurance Group,6721,Port Hedland WA,T-W,Home,420715,,4152.59,2025-04-09,2026-04-09
POL-002368,Outback Assurance Group,4680,Gladstone QLD,L-P,Strata,12963733,Shutters Installed,48184.11,2024-02-15,2025-02-14
POL-002369,Northbeam General,4350,Toowoomba QLD,B-F,SME,1769900,,3001.39,2024-04-17,2025-04-17
POL-002370,Northbeam General,810,Darwin NT,T-W,Home,373436,Roof Tie-Down,2803.01,2024-04-04,2025-04-04
POL-002371,Northbeam General,810,Darwin NT,T-W,SME,1795563,Shutters Installed,15043.54,2024-08-16,2025-08-16
POL-002372,Northbeam General,850,Alice Springs NT,B-F,Home,828940,Roof Tie-Down,1326.46,2023-11-06,2024-11-05
POL-002373,Southern Cross Insurance,850,Alice Springs NT,B-F,SME,2039110,Elevated Slab,2927.34,2023-03-09,2024-03-08
POL-002374,Outback Assurance Group,4740,Mackay QLD,Q-S,SME,2033929,,12391.78,2024-05-24,2025-05-24
POL-002375,Outback Assurance Group,4655,Hervey Bay QLD,L-P,SME,2285810,,8895.55,2023-12-01,2024-11-30
POL-002376,Northbeam General,6714,Karratha WA,T-W,Strata,13741622,,122293.94,2025-06-09,2026-06-09
POL-002377,Northbeam General,6000,Perth WA,B-F,Home,600807,,1005.35,2025-06-24,2026-06-24
POL-002378,Northbeam General,4350,Toowoomba QLD,B-F,Home,541359,,1053.83,2025-01-08,2026-01-08
POL-002379,Pacific Rim Insurance,4879,Innisfail QLD,T-W,Home,628250,Roof Tie-Down,5287.57,2025-03-30,2026-03-30
POL-002380,Coral Coast Mutual,4680,Gladstone QLD,L-P,Home,775417,Roof Tie-Down,2603.09,2023-06-01,2024-05-31
POL-002381,Pacific Rim Insurance,4720,Charters Towers QLD,L-P,Home,804418,Elevated Slab,3155.29,2024-09-19,2025-09-19
POL-002382,Pacific Rim Insurance,4703,Rockhampton QLD,Q-S,Home,291340,,1876.65,2025-01-06,2026-01-06
POL-002383,Southern Cross Insurance,4825,Cloncurry QLD,B-F,Home,728608,,1192.02,2023-12-07,2024-12-06
POL-002384,Outback Assurance Group,4879,Innisfail QLD,T-W,Home,315848,,2985.26,2025-06-18,2026-06-18
POL-002385,Pacific Rim Insurance,4737,Bowen QLD,Q-S,Strata,5874618,,41416.15,2025-05-04,2026-05-04
POL-002386,Pacific Rim Insurance,4350,Toowoomba QLD,B-F,Home,290590,Shutters Installed,472.77,2024-11-15,2025-11-15
POL-002387,Outback Assurance Group,6000,Perth WA,B-F,Home,490355,Roof Tie-Down,681.3,2025-09-01,2026-09-01
POL-002388,Pacific Rim Insurance,4350,Toowoomba QLD,B-F,Home,329802,Elevated Slab,535.11,2023-10-08,2024-10-07
POL-002389,Coral Coast Mutual,4825,Cloncurry QLD,B-F,Strata,14293506,Roof Tie-Down,23157.72,2024-10-17,2025-10-17
POL-002390,Pacific Rim Insurance,4810,Townsville QLD,T-W,SME,2833435,,25374.79,2024-11-08,2025-11-08
POL-002391,Northbeam General,6721,Port Hedland WA,T-W,SME,2031695,,19535.63,2023-12-03,2024-12-02
POL-002392,Northbeam General,4825,Cloncurry QLD,B-F,SME,2201455,Roof Tie-Down,3085.08,2024-10-24,2025-10-24
POL-002393,Coral Coast Mutual,850,Alice Springs NT,B-F,Home,520735,Roof Tie-Down,743.98,2023-10-27,2024-10-26
POL-002394,Coral Coast Mutual,4879,Innisfail QLD,T-W,Home,421869,Elevated Slab,3312.18,2025-02-22,2026-02-22
POL-002395,Southern Cross Insurance,6721,Port Hedland WA,T-W,Strata,12721020,,110422.53,2023-06-09,2024-06-08
POL-002396,Coral Coast Mutual,4870,Cairns QLD,T-W,Strata,14924151,Roof Tie-Down,127608.94,2025-08-25,2026-08-25
POL-002397,Pacific Rim Insurance,4700,Rockhampton QLD,Q-S,Home,377338,,2452.92,2025-05-05,2026-05-05
POL-002398,Coral Coast Mutual,4737,Bowen QLD,Q-S,Home,894209,,5554.64,2023-03-27,2024-03-26
POL-002399,Southern Cross Insurance,4825,Mount Isa QLD,B-F,Home,448495,Elevated Slab,692.41,2023-09-14,2024-09-13
POL-002400,Northbeam General,4810,Townsville QLD,T-W,SME,762489,,7956.6,2023-06-16,2024-06-15
POL-002401,Coral Coast Mutual,6714,Karratha WA,T-W,Home,810788,,7231.36,2025-08-04,2026-08-04
POL-002402,Outback Assurance Group,4870,Cairns QLD,T-W,Home,703405,Elevated Slab,5229.65,2024-06-08,2025-06-08
POL-002403,Southern Cross Insurance,4703,Rockhampton QLD,Q-S,Home,756905,,5188.96,2025-02-04,2026-02-04
POL-002404,Outback Assurance Group,4350,Toowoomba QLD,B-F,SME,2473559,,4503.57,2024-04-13,2025-04-13
POL-002405,Southern Cross Insurance,6714,Karratha WA,T-W,Home,294003,Roof Tie-Down,2153.94,2023-07-12,2024-07-11
POL-002406,Southern Cross Insurance,4802,Townsville QLD,T-W,Home,640633,,6267.03,2024-03-01,2025-03-01
POL-002407,Southern Cross Insurance,6714,Karratha WA,T-W,SME,802558,Roof Tie-Down,6603.33,2024-07-28,2025-07-28
POL-002408,Southern Cross Insurance,4802,Townsville QLD,T-W,Home,828399,,8225.35,2023-12-15,2024-12-14
POL-002409,Outback Assurance Group,4810,Townsville QLD,T-W,SME,1729875,,15599.1,2024-07-03,2025-07-03
POL-002410,Coral Coast Mutual,6721,Port Hedland WA,T-W,Home,564787,Roof Tie-Down,4711.0,2023-05-21,2024-05-20
POL-002411,Pacific Rim Insurance,4655,Hervey Bay QLD,L-P,Strata,8912713,Shutters Installed,34881.29,2025-09-25,2026-09-25
POL-002412,Coral Coast Mutual,4680,Gladstone QLD,L-P,Home,564384,Shutters Installed,1977.32,2023-01-27,2024-01-27
POL-002413,Pacific Rim Insurance,6714,Karratha WA,T-W,Home,394100,Roof Tie-Down,3456.94,2024-09-09,2025-09-09
POL-002414,Southern Cross Insurance,800,Darwin NT,T-W,Home,527033,Roof Tie-Down,4483.9,2023-11-22,2024-11-21
POL-002415,Coral Coast Mutual,4700,Rockhampton QLD,Q-S,Home,332668,,2046.23,2023-10-11,2024-10-10
POL-002416,Pacific Rim Insurance,4825,Cloncurry QLD,B-F,SME,734131,,1403.78,2024-07-16,2025-07-16
POL-002417,Southern Cross Insurance,4825,Cloncurry QLD,B-F,Home,561999,,930.76,2024-02-18,2025-02-17
POL-002418,Southern Cross Insurance,6721,Port Hedland WA,T-W,Strata,13037688,Elevated Slab,101768.61,2025-01-28,2026-01-28
POL-002419,Outback Assurance Group,810,Darwin NT,T-W,Home,866881,,7418.44,2025-07-01,2026-07-01
POL-002420,Pacific Rim Insurance,4740,Mackay QLD,Q-S,Home,818290,Elevated Slab,4165.6,2023-06-12,2024-06-11
POL-002421,Pacific Rim Insurance,4825,Cloncurry QLD,B-F,SME,1801161,Shutters Installed,2573.0,2024-10-26,2025-10-26
POL-002422,Northbeam General,800,Darwin NT,T-W,Home,479027,Roof Tie-Down,4045.11,2023-05-10,2024-05-09
POL-002423,Northbeam General,4720,Charters Towers QLD,L-P,Home,798379,Elevated Slab,3064.02,2024-08-13,2025-08-13
POL-002424,Northbeam General,850,Alice Springs NT,B-F,Home,471257,Roof Tie-Down,737.36,2024-02-02,2025-02-01
POL-002425,Coral Coast Mutual,4720,Charters Towers QLD,L-P,Home,869467,Roof Tie-Down,3049.08,2024-08-15,2025-08-15
POL-002426,Pacific Rim Insurance,6000,Perth WA,B-F,Home,380703,,713.62,2023-09-19,2024-09-18
POL-002427,Northbeam General,850,Alice Springs NT,B-F,Home,869433,Roof Tie-Down,1248.07,2023-09-17,2024-09-16
POL-002428,Northbeam General,4802,Townsville QLD,T-W,Home,375805,,3903.72,2023-09-12,2024-09-11
POL-002429,Outback Assurance Group,4740,Mackay QLD,Q-S,Home,298826,Shutters Installed,1727.37,2024-12-01,2025-12-01
POL-002430,Northbeam General,810,Darwin NT,T-W,Strata,3889341,Shutters Installed,31874.85,2024-10-29,2025-10-29
POL-002431,Northbeam General,800,Darwin NT,T-W,SME,848596,Roof Tie-Down,6635.0,2024-04-02,2025-04-02
POL-002432,Outback Assurance Group,810,Darwin NT,T-W,SME,1946678,,17846.58,2024-02-25,2025-02-24
POL-002433,Northbeam General,4720,Charters Towers QLD,L-P,SME,1245357,Elevated Slab,4764.04,2023-05-30,2024-05-29
POL-002434,Coral Coast Mutual,4655,Hervey Bay QLD,L-P,Home,504561,,2114.88,2025-08-29,2026-08-29
POL-002435,Southern Cross Insurance,4879,Innisfail QLD,T-W,Home,736101,Roof Tie-Down,5538.16,2025-03-11,2026-03-11
POL-002436,Coral Coast Mutual,4737,Bowen QLD,Q-S,Home,365780,Shutters Installed,2175.05,2023-05-25,2024-05-24
POL-002437,Southern Cross Insurance,6000,Perth WA,B-F,Home,746221,,1419.95,2024-06-26,2025-06-26
POL-002438,Coral Coast Mutual,4802,Townsville QLD,T-W,Home,485212,Shutters Installed,3878.39,2024-12-05,2025-12-05
POL-002439,Northbeam General,850,Alice Springs NT,B-F,Strata,10058940,Shutters Installed,14530.07,2025-07-15,2026-07-15
POL-002440,Pacific Rim Insurance,4870,Cairns QLD,T-W,SME,2013052,,18048.74,2025-08-29,2026-08-29
POL-002441,Coral Coast Mutual,4720,Charters Towers QLD,L-P,Home,530678,Roof Tie-Down,1978.35,2024-06-18,2025-06-18
POL-002442,Southern Cross Insurance,800,Darwin NT,T-W,Home,575286,,5734.55,2023-01-21,2024-01-21
POL-002443,Pacific Rim Insurance,4802,Townsville QLD,T-W,Strata,6744820,Roof Tie-Down,51764.06,2023-09-08,2024-09-07
POL-002444,Pacific Rim Insurance,4810,Townsville QLD,T-W,Home,441834,,4304.47,2025-09-27,2026-09-27
POL-002445,Southern Cross Insurance,4870,Cairns QLD,T-W,Home,830777,Roof Tie-Down,6600.82,2023-12-16,2024-12-15
POL-002446,Coral Coast Mutual,850,Alice Springs NT,B-F,Home,571218,Roof Tie-Down,912.57,2024-03-11,2025-03-11
POL-002447,Southern Cross Insurance,6000,Perth WA,B-F,Home,880794,,1606.11,2024-01-01,2024-12-31
POL-002448,Coral Coast Mutual,4655,Hervey Bay QLD,L-P,Home,506779,Roof Tie-Down,1745.78,2025-05-28,2026-05-28
POL-002449,Pacific Rim Insurance,4680,Gladstone QLD,L-P,Home,599625,Shutters Installed,2137.73,2024-03-17,2025-03-17
POL-002450,Southern Cross Insurance,4870,Cairns QLD,T-W,SME,974601,Roof Tie-Down,7446.98,2025-06-06,2026-06-06
POL-002451,Pacific Rim Insurance,4703,Rockhampton QLD,Q-S,Home,326130,,1951.37,2025-09-26,2026-09-26
POL-002452,Southern Cross Insurance,4737,Bowen QLD,Q-S,SME,1299819,Shutters Installed,6777.14,2023-04-10,2024-04-09
POL-002453,Pacific Rim Insurance,6000,Perth WA,B-F,Home,376120,,743.54,2024-10-20,2025-10-20
POL-002454,Coral Coast Mutual,4737,Bowen QLD,Q-S,SME,1392831,Roof Tie-Down,7867.42,2023-04-06,2024-04-05
POL-002455,Coral Coast Mutual,4810,Townsville QLD,T-W,Home,502927,,4342.23,2024-12-06,2025-12-06
POL-002456,Northbeam General,4825,Cloncurry QLD,B-F,Home,256665,,501.38,2024-05-16,2025-05-16
POL-002457,Pacific Rim Insurance,4879,Innisfail QLD,T-W,SME,2512672,Roof Tie-Down,20626.15,2025-08-05,2026-08-05
POL-002458,Northbeam General,6000,Perth WA,B-F,Home,624236,,1180.55,2024-07-23,2025-07-23
POL-002459,Northbeam General,4870,Cairns QLD,T-W,SME,2797901,,24035.61,2023-10-09,2024-10-08
POL-002460,Northbeam General,4700,Rockhampton QLD,Q-S,SME,589600,Shutters Installed,3408.98,2023-07-20,2024-07-19
POL-002461,Southern Cross Insurance,4703,Rockhampton QLD,Q-S,Home,721300,,4431.17,2023-05-18,2024-05-17
POL-002462,Coral Coast Mutual,800,Darwin NT,T-W,SME,1937809,,18877.26,2025-06-20,2026-06-20
POL-002463,Northbeam General,4879,Innisfail QLD,T-W,Home,416795,Roof Tie-Down,3347.94,2023-01-08,2024-01-08
POL-002464,Northbeam General,4680,Gladstone QLD,L-P,Home,690775,Roof Tie-Down,2272.99,2025-02-21,2026-02-21
POL-002465,Northbeam General,4703,Rockhampton QLD,Q-S,Home,705730,Elevated Slab,3688.02,2025-04-12,2026-04-12
POL-002466,Pacific Rim Insurance,6000,Perth WA,B-F,SME,2626612,,5153.38,2025-08-12,2026-08-12
POL-002467,Pacific Rim Insurance,4802,Townsville QLD,T-W,Strata,4640686,,46985.43,2024-08-31,2025-08-31
POL-002468,Outback Assurance Group,4802,Townsville QLD,T-W,Home,430496,Elevated Slab,3553.39,2025-03-24,2026-03-24
POL-002469,Outback Assurance Group,6000,Perth WA,B-F,Home,271000,,458.17,2023-10-30,2024-10-29
POL-002470,Northbeam General,4825,Cloncurry QLD,B-F,Home,859644,Roof Tie-Down,1214.07,2024-12-12,2025-12-12
POL-002471,Pacific Rim Insurance,4740,Mackay QLD,Q-S,Home,368661,,2425.08,2024-02-09,2025-02-08
POL-002472,Southern Cross Insurance,810,Darwin NT,T-W,Home,493060,Roof Tie-Down,4219.51,2023-09-04,2024-09-03
POL-002473,Southern Cross Insurance,4720,Charters Towers QLD,L-P,SME,711103,,2832.22,2024-07-19,2025-07-19
POL-002474,Northbeam General,6714,Karratha WA,T-W,Home,523825,Roof Tie-Down,4087.83,2023-05-20,2024-05-19
POL-002475,Northbeam General,4740,Mackay QLD,Q-S,Home,465273,,2806.35,2025-03-19,2026-03-19
POL-002476,Pacific Rim Insurance,4825,Mount Isa QLD,B-F,Home,324905,,575.72,2024-10-11,2025-10-11
POL-002477,Coral Coast Mutual,4825,Mount Isa QLD,B-F,SME,1090527,Shutters Installed,1729.02,2025-05-17,2026-05-17
POL-002478,Southern Cross Insurance,4870,Cairns QLD,T-W,Home,278648,Roof Tie-Down,2373.97,2024-12-08,2025-12-08
POL-002479,Northbeam General,4870,Cairns QLD,T-W,Home,864298,Roof Tie-Down,6394.44,2024-12-05,2025-12-05
POL-002480,Pacific Rim Insurance,850,Alice Springs NT,B-F,Strata,11043445,Roof Tie-Down,17395.08,2023-02-28,2024-02-28
POL-002481,Pacific Rim Insurance,4870,Cairns QLD,T-W,SME,1712162,,15872.06,2023-04-28,2024-04-27
POL-002482,Pacific Rim Insurance,6721,Port Hedland WA,T-W,SME,756685,Shutters Installed,6166.17,2023-06-01,2024-05-31
POL-002483,Northbeam General,4802,Townsville QLD,T-W,Home,797589,Shutters Installed,6968.98,2023-03-20,2024-03-19
POL-002484,Southern Cross Insurance,4700,Rockhampton QLD,Q-S,SME,578089,Shutters Installed,3075.2,2024-04-25,2025-04-25
POL-002485,Coral Coast Mutual,4720,Charters Towers QLD,L-P,Home,878318,Roof Tie-Down,2852.67,2024-11-08,2025-11-08
POL-002486,Coral Coast Mutual,4350,Toowoomba QLD,B-F,Home,342996,,600.29,2024-06-12,2025-06-12
POL-002487,Coral Coast Mutual,4720,Charters Towers QLD,L-P,Home,378914,Elevated Slab,1281.25,2023-06-02,2024-06-01
POL-002488,Northbeam General,4720,Charters Towers QLD,L-P,Home,301378,Shutters Installed,1047.13,2025-04-21,2026-04-21
POL-002489,Outback Assurance Group,4802,Townsville QLD,T-W,Home,291288,Roof Tie-Down,2410.96,2023-02-24,2024-02-24
POL-002490,Coral Coast Mutual,4703,Rockhampton QLD,Q-S,Home,894044,,5879.0,2024-09-24,2025-09-24
POL-002491,Southern Cross Insurance,4870,Cairns QLD,T-W,SME,2605456,,23191.31,2023-03-08,2024-03-07
POL-002492,Southern Cross Insurance,6000,Perth WA,B-F,SME,2042810,,3495.28,2024-06-25,2025-06-25
POL-002493,Northbeam General,4825,Cloncurry QLD,B-F,Strata,6389050,,11789.13,2023-09-22,2024-09-21
POL-002494,Northbeam General,4825,Cloncurry QLD,B-F,Strata,6177784,,11154.85,2024-01-23,2025-01-22
POL-002495,Northbeam General,4720,Charters Towers QLD,L-P,Home,503993,Elevated Slab,1675.06,2023-03-09,2024-03-08
POL-002496,Coral Coast Mutual,4655,Hervey Bay QLD,L-P,Home,429171,Shutters Installed,1538.8,2024-10-22,2025-10-22
POL-002497,Coral Coast Mutual,4879,Innisfail QLD,T-W,Home,690191,Roof Tie-Down,5859.18,2023-05-14,2024-05-13
POL-002498,Southern Cross Insurance,4720,Charters Towers QLD,L-P,Home,514083,Roof Tie-Down,1681.91,2025-06-13,2026-06-13
POL-002499,Coral Coast Mutual,4655,Hervey Bay QLD,L-P,Home,658819,,2577.04,2025-08-26,2026-08-26
POL-002500,Coral Coast Mutual,6721,Port Hedland WA,T-W,SME,2091475,Roof Tie-Down,17863.67,2025-01-08,2026-01-08
POL-002501,Southern Cross Insurance,6714,Karratha WA,T-W,Home,450982,Roof Tie-Down,3976.14,2025-07-22,2026-07-22
POL-002502,Pacific Rim Insurance,4825,Mount Isa QLD,B-F,Home,543378,Shutters Installed,891.74,2024-06-09,2025-06-09
POL-002503,Northbeam General,4720,Charters Towers QLD,L-P,Home,486838,,2139.1,2024-01-13,2025-01-12
POL-002504,Northbeam General,4825,Cloncurry QLD,B-F,SME,1555250,,2705.14,2025-09-22,2026-09-22
POL-002505,Southern Cross Insurance,4737,Bowen QLD,Q-S,Home,606441,,3577.28,2024-12-04,2025-12-04
POL-002506,Coral Coast Mutual,6721,Port Hedland WA,T-W,Home,469086,,4874.97,2025-04-23,2026-04-23
POL-002507,Outback Assurance Group,4703,Rockhampton QLD,Q-S,SME,1721515,Shutters Installed,10240.85,2023-05-06,2024-05-05
POL-002508,Outback Assurance Group,4350,Toowoomba QLD,B-F,SME,777729,,1286.4,2024-09-06,2025-09-06
POL-002509,Northbeam General,4720,Charters Towers QLD,L-P,Home,379791,,1609.28,2024-09-13,2025-09-13
POL-002510,Outback Assurance Group,4350,Toowoomba QLD,B-F,Home,457607,,822.47,2023-05-18,2024-05-17
POL-002511,Southern Cross Insurance,6714,Karratha WA,T-W,Strata,8822403,Roof Tie-Down,76296.35,2025-01-10,2026-01-10
POL-002512,Coral Coast Mutual,4825,Mount Isa QLD,B-F,Strata,10470588,,18834.49,2025-09-11,2026-09-11
POL-002513,Pacific Rim Insurance,4655,Hervey Bay QLD,L-P,Home,676977,,3001.91,2025-01-07,2026-01-07
POL-002514,Pacific Rim Insurance,4870,Cairns QLD,T-W,Home,277859,Roof Tie-Down,2466.85,2023-01-31,2024-01-31
POL-002515,Pacific Rim Insurance,800,Darwin NT,T-W,Home,826444,Elevated Slab,6176.9,2024-09-03,2025-09-03
POL-002516,Coral Coast Mutual,4870,Cairns QLD,T-W,Home,745214,Elevated Slab,6182.28,2024-05-24,2025-05-24
POL-002517,Pacific Rim Insurance,6721,Port Hedland WA,T-W,SME,2142779,,22052.79,2025-06-22,2026-06-22
POL-002518,Southern Cross Insurance,4703,Rockhampton QLD,Q-S,Home,612589,,3690.3,2023-03-01,2024-02-29
POL-002519,Coral Coast Mutual,6721,Port Hedland WA,T-W,Home,801510,,7826.46,2024-08-11,2025-08-11
POL-002520,Southern Cross Insurance,800,Darwin NT,T-W,Home,666286,Shutters Installed,5412.42,2023-12-18,2024-12-17
POL-002521,Northbeam General,4802,Townsville QLD,T-W,Home,454163,,4030.31,2025-01-10,2026-01-10
POL-002522,Coral Coast Mutual,4703,Rockhampton QLD,Q-S,Home,327071,,2015.47,2023-10-09,2024-10-08
POL-002523,Coral Coast Mutual,6714,Karratha WA,T-W,Home,288255,Roof Tie-Down,2418.63,2025-05-27,2026-05-27
POL-002524,Southern Cross Insurance,810,Darwin NT,T-W,Home,294935,Elevated Slab,2538.59,2024-10-07,2025-10-07
POL-002525,Southern Cross Insurance,6714,Karratha WA,T-W,Home,699492,,6559.28,2025-03-20,2026-03-20
POL-002526,Southern Cross Insurance,4720,Charters Towers QLD,L-P,SME,940169,Roof Tie-Down,3307.07,2025-05-16,2026-05-16
POL-002527,Coral Coast Mutual,4740,Mackay QLD,Q-S,Strata,2929247,,19117.24,2023-07-28,2024-07-27
POL-002528,Outback Assurance Group,4655,Hervey Bay QLD,L-P,Home,278594,,1143.48,2024-12-02,2025-12-02
POL-002529,Northbeam General,4825,Mount Isa QLD,B-F,Home,354800,,696.47,2025-02-25,2026-02-25
POL-002530,Outback Assurance Group,6000,Perth WA,B-F,SME,2202684,Elevated Slab,3376.22,2023-07-07,2024-07-06
POL-002531,Northbeam General,4802,Townsville QLD,T-W,Home,758842,,7100.1,2024-07-28,2025-07-28
POL-002532,Southern Cross Insurance,4810,Townsville QLD,T-W,Home,526596,,4792.95,2025-09-13,2026-09-13
POL-002533,Northbeam General,800,Darwin NT,T-W,Home,255199,,2566.85,2024-04-03,2025-04-03
POL-002534,Northbeam General,6714,Karratha WA,T-W,Home,827019,,8228.55,2024-06-25,2025-06-25
POL-002535,Southern Cross Insurance,4879,Innisfail QLD,T-W,Home,642484,Shutters Installed,5306.87,2023-05-08,2024-05-07
POL-002536,Pacific Rim Insurance,800,Darwin NT,T-W,SME,475724,,4614.9,2023-02-18,2024-02-18
POL-002537,Pacific Rim Insurance,4680,Gladstone QLD,L-P,Strata,3087833,,13755.56,2023-10-20,2024-10-19
POL-002538,Northbeam General,4700,Rockhampton QLD,Q-S,Strata,9601889,,68552.32,2024-08-19,2025-08-19
POL-002539,Outback Assurance Group,4655,Hervey Bay QLD,L-P,SME,2164702,,9576.57,2024-08-09,2025-08-09
POL-002540,Outback Assurance Group,6721,Port Hedland WA,T-W,SME,2917885,,29083.83,2024-11-23,2025-11-23
POL-002541,Outback Assurance Group,4825,Mount Isa QLD,B-F,SME,2645062,Shutters Installed,4276.43,2024-08-16,2025-08-16
POL-002542,Pacific Rim Insurance,4802,Townsville QLD,T-W,Home,357944,Shutters Installed,2771.55,2025-03-01,2026-03-01
POL-002543,Northbeam General,6721,Port Hedland WA,T-W,Home,453896,,4702.93,2025-06-30,2026-06-30
POL-002544,Outback Assurance Group,800,Darwin NT,T-W,Home,483861,,4407.69,2023-05-25,2024-05-24
POL-002545,Southern Cross Insurance,4655,Hervey Bay QLD,L-P,Home,307433,,1267.41,2024-12-17,2025-12-17
POL-002546,Southern Cross Insurance,4825,Cloncurry QLD,B-F,Home,373434,Elevated Slab,566.46,2024-03-03,2025-03-03
POL-002547,Northbeam General,4737,Bowen QLD,Q-S,Home,838942,Shutters Installed,5045.86,2025-01-11,2026-01-11
POL-002548,Northbeam General,4720,Charters Towers QLD,L-P,Home,881662,Shutters Installed,3404.28,2024-10-27,2025-10-27
POL-002549,Southern Cross Insurance,4720,Charters Towers QLD,L-P,Home,268349,,1202.8,2023-10-19,2024-10-18
POL-002550,Pacific Rim Insurance,4680,Gladstone QLD,L-P,Strata,3976444,,18309.7,2025-07-12,2026-07-12
POL-002551,Coral Coast Mutual,4810,Townsville QLD,T-W,Home,404394,Roof Tie-Down,3204.24,2025-02-20,2026-02-20
POL-002552,Outback Assurance Group,4825,Cloncurry QLD,B-F,SME,1515846,Elevated Slab,2130.69,2024-07-17,2025-07-17
POL-002553,Southern Cross Insurance,4802,Townsville QLD,T-W,Home,326340,Elevated Slab,2858.38,2023-08-10,2024-08-09
POL-002554,Pacific Rim Insurance,4825,Cloncurry QLD,B-F,Home,402795,Elevated Slab,649.12,2025-04-06,2026-04-06
POL-002555,Coral Coast Mutual,6714,Karratha WA,T-W,Home,376024,,3395.0,2023-07-16,2024-07-15
POL-002556,Southern Cross Insurance,4655,Hervey Bay QLD,L-P,Home,575837,Shutters Installed,2199.54,2023-10-06,2024-10-05
POL-002557,Pacific Rim Insurance,4870,Cairns QLD,T-W,SME,1338411,Roof Tie-Down,9729.02,2024-11-14,2025-11-14
POL-002558,Southern Cross Insurance,4879,Innisfail QLD,T-W,Home,658196,,5705.87,2023-02-26,2024-02-26
POL-002559,Southern Cross Insurance,4655,Hervey Bay QLD,L-P,Home,452724,Roof Tie-Down,1717.83,2023-12-09,2024-12-08
POL-002560,Southern Cross Insurance,4740,Mackay QLD,Q-S,Strata,2939293,Elevated Slab,16603.58,2023-10-13,2024-10-12
POL-002561,Northbeam General,6721,Port Hedland WA,T-W,Home,587004,Roof Tie-Down,4317.55,2024-02-22,2025-02-21
POL-002562,Northbeam General,4720,Charters Towers QLD,L-P,Home,714848,,3087.67,2024-10-04,2025-10-04
POL-002563,Outback Assurance Group,4740,Mackay QLD,Q-S,SME,1573567,Shutters Installed,8294.25,2025-07-06,2026-07-06
POL-002564,Outback Assurance Group,4737,Bowen QLD,Q-S,Home,420196,Shutters Installed,2116.44,2025-08-23,2026-08-23
POL-002565,Northbeam General,810,Darwin NT,T-W,SME,2126568,,20894.91,2024-09-02,2025-09-02
POL-002566,Outback Assurance Group,4680,Gladstone QLD,L-P,Home,765998,,3361.96,2025-04-25,2026-04-25
POL-002567,Southern Cross Insurance,4655,Hervey Bay QLD,L-P,Strata,11486196,,50164.76,2024-09-08,2025-09-08
POL-002568,Northbeam General,6000,Perth WA,B-F,Home,809453,,1387.89,2025-09-20,2026-09-20
POL-002569,Coral Coast Mutual,4703,Rockhampton QLD,Q-S,Home,389110,Shutters Installed,2345.12,2023-11-18,2024-11-17
POL-002570,Southern Cross Insurance,4700,Rockhampton QLD,Q-S,Home,670806,,4019.02,2024-07-11,2025-07-11
POL-002571,Pacific Rim Insurance,4737,Bowen QLD,Q-S,Home,422252,,2842.37,2023-03-22,2024-03-21
POL-002572,Coral Coast Mutual,4700,Rockhampton QLD,Q-S,Home,692393,Roof Tie-Down,3625.0,2024-06-09,2025-06-09
POL-002573,Northbeam General,810,Darwin NT,T-W,Home,611722,,5667.22,2023-07-14,2024-07-13
POL-002574,Southern Cross Insurance,4737,Bowen QLD,Q-S,Home,561142,,3506.7,2024-08-29,2025-08-29
POL-002575,Pacific Rim Insurance,4700,Rockhampton QLD,Q-S,SME,990772,Shutters Installed,5872.66,2023-10-29,2024-10-28
POL-002576,Northbeam General,4740,Mackay QLD,Q-S,Strata,6620307,Roof Tie-Down,35002.63,2023-02-24,2024-02-24
POL-002577,Southern Cross Insurance,4737,Bowen QLD,Q-S,Home,356551,Shutters Installed,1929.9,2024-07-01,2025-07-01
POL-002578,Northbeam General,810,Darwin NT,T-W,Strata,10382875,,101937.25,2023-06-24,2024-06-23
POL-002579,Pacific Rim Insurance,4825,Mount Isa QLD,B-F,Home,346750,Roof Tie-Down,570.65,2025-07-04,2026-07-04
POL-002580,Outback Assurance Group,4825,Cloncurry QLD,B-F,SME,1211117,Roof Tie-Down,1764.47,2025-08-10,2026-08-10
POL-002581,Pacific Rim Insurance,4700,Rockhampton QLD,Q-S,Home,765171,Shutters Installed,4468.03,2024-12-04,2025-12-04
POL-002582,Northbeam General,4737,Bowen QLD,Q-S,Home,492880,Elevated Slab,2927.25,2024-07-06,2025-07-06
POL-002583,Northbeam General,800,Darwin NT,T-W,SME,1735641,Roof Tie-Down,13758.61,2023-12-13,2024-12-12
POL-002584,Pacific Rim Insurance,4802,Townsville QLD,T-W,SME,496127,,4706.44,2024-12-20,2025-12-20
POL-002585,Southern Cross Insurance,4825,Cloncurry QLD,B-F,SME,899101,Elevated Slab,1362.85,2024-12-17,2025-12-17
POL-002586,Northbeam General,4655,Hervey Bay QLD,L-P,SME,2099048,,8848.23,2025-04-06,2026-04-06
POL-002587,Northbeam General,4870,Cairns QLD,T-W,Home,816881,Roof Tie-Down,6126.17,2024-11-05,2025-11-05
POL-002588,Coral Coast Mutual,4700,Rockhampton QLD,Q-S,Home,416951,Shutters Installed,2113.0,2024-02-07,2025-02-06
POL-002589,Coral Coast Mutual,4870,Cairns QLD,T-W,SME,2276038,,23512.41,2024-12-04,2025-12-04
POL-002590,Northbeam General,4655,Hervey Bay QLD,L-P,Home,798234,,3454.03,2025-08-17,2026-08-17
POL-002591,Pacific Rim Insurance,4825,Mount Isa QLD,B-F,Strata,11527227,Roof Tie-Down,17276.62,2024-04-12,2025-04-12
POL-002592,Pacific Rim Insurance,4740,Mackay QLD,Q-S,Home,531560,,3272.17,2024-09-30,2025-09-30
POL-002593,Southern Cross Insurance,4825,Cloncurry QLD,B-F,Home,266951,,524.05,2023-05-10,2024-05-09
POL-002594,Outback Assurance Group,6714,Karratha WA,T-W,SME,1363847,,13377.15,2024-07-09,2025-07-09
POL-002595,Pacific Rim Insurance,4810,Townsville QLD,T-W,SME,1624181,Shutters Installed,13504.45,2023-11-02,2024-11-01
POL-002596,Southern Cross Insurance,6714,Karratha WA,T-W,SME,2721718,,26526.08,2024-10-24,2025-10-24
POL-002597,Southern Cross Insurance,6721,Port Hedland WA,T-W,Home,782188,,7368.2,2025-04-09,2026-04-09
POL-002598,Outback Assurance Group,4737,Bowen QLD,Q-S,Home,496709,,3483.8,2024-02-16,2025-02-15
POL-002599,Outback Assurance Group,4655,Hervey Bay QLD,L-P,Home,445833,,1695.07,2024-09-22,2025-09-22
POL-002600,Outback Assurance Group,6000,Perth WA,B-F,Home,893851,Roof Tie-Down,1248.2,2024-10-04,2025-10-04
POL-002601,Pacific Rim Insurance,850,Alice Springs NT,B-F,Home,818303,,1369.81,2024-09-30,2025-09-30
POL-002602,Coral Coast Mutual,4879,Innisfail QLD,T-W,Home,411391,,4171.66,2023-05-13,2024-05-12
POL-002603,Coral Coast Mutual,4720,Charters Towers QLD,L-P,Home,290034,,1288.92,2024-06-28,2025-06-28
POL-002604,Coral Coast Mutual,4720,Charters Towers QLD,L-P,Home,499017,,2040.83,2024-12-13,2025-12-13
POL-002605,Coral Coast Mutual,4870,Cairns QLD,T-W,SME,2036426,,18885.38,2024-09-26,2025-09-26
POL-002606,Pacific Rim Insurance,4737,Bowen QLD,Q-S,Home,380889,Roof Tie-Down,1964.64,2025-07-10,2026-07-10
POL-002607,Pacific Rim Insurance,4700,Rockhampton QLD,Q-S,SME,1970889,Shutters Installed,10384.61,2023-07-06,2024-07-05
POL-002608,Pacific Rim Insurance,4655,Hervey Bay QLD,L-P,Home,397172,Elevated Slab,1376.22,2025-04-14,2026-04-14
POL-002609,Pacific Rim Insurance,6721,Port Hedland WA,T-W,Home,389563,Shutters Installed,3261.19,2025-01-27,2026-01-27
POL-002610,Pacific Rim Insurance,6000,Perth WA,B-F,SME,1331962,,2573.17,2023-07-19,2024-07-18
POL-002611,Coral Coast Mutual,4802,Townsville QLD,T-W,Strata,4758535,Shutters Installed,36586.36,2024-12-01,2025-12-01
POL-002612,Coral Coast Mutual,4700,Rockhampton QLD,Q-S,Home,756779,Shutters Installed,3911.85,2025-08-25,2026-08-25
POL-002613,Northbeam General,4655,Hervey Bay QLD,L-P,Home,673259,,3079.95,2023-08-15,2024-08-14
POL-002614,Pacific Rim Insurance,6714,Karratha WA,T-W,Home,638027,,5579.05,2025-05-31,2026-05-31
POL-002615,Outback Assurance Group,800,Darwin NT,T-W,Home,633573,Elevated Slab,4630.75,2024-10-23,2025-10-23
POL-002616,Coral Coast Mutual,4720,Charters Towers QLD,L-P,Home,835823,Elevated Slab,2879.08,2024-09-16,2025-09-16
POL-002617,Coral Coast Mutual,850,Alice Springs NT,B-F,SME,1497678,Shutters Installed,2165.05,2023-07-18,2024-07-17
POL-002618,Southern Cross Insurance,4810,Townsville QLD,T-W,Home,787196,,7963.45,2023-03-18,2024-03-17
POL-002619,Coral Coast Mutual,850,Alice Springs NT,B-F,Home,458821,Roof Tie-Down,705.02,2024-12-22,2025-12-22
POL-002620,Outback Assurance Group,4802,Townsville QLD,T-W,Home,340188,,3450.62,2023-08-04,2024-08-03
POL-002621,Northbeam General,6721,Port Hedland WA,T-W,Home,362745,Shutters Installed,2827.68,2023-12-02,2024-12-01
POL-002622,Outback Assurance Group,800,Darwin NT,T-W,Home,899466,Roof Tie-Down,7824.05,2025-04-17,2026-04-17
POL-002623,Outback Assurance Group,850,Alice Springs NT,B-F,SME,808432,,1378.97,2024-03-12,2025-03-12
POL-002624,Southern Cross Insurance,6714,Karratha WA,T-W,Home,528663,,5477.05,2023-06-03,2024-06-02
POL-002625,Outback Assurance Group,6721,Port Hedland WA,T-W,Strata,2590426,,25969.11,2023-07-01,2024-06-30
POL-002626,Outback Assurance Group,4655,Hervey Bay QLD,L-P,Home,377940,,1649.6,2024-06-20,2025-06-20
POL-002627,Coral Coast Mutual,4825,Cloncurry QLD,B-F,Home,388028,,734.46,2023-01-07,2024-01-07
POL-002628,Coral Coast Mutual,4680,Gladstone QLD,L-P,Home,802372,,3408.92,2025-02-24,2026-02-24
POL-002629,Outback Assurance Group,4655,Hervey Bay QLD,L-P,Home,596966,Roof Tie-Down,2155.64,2025-07-23,2026-07-23
POL-002630,Outback Assurance Group,4879,Innisfail QLD,T-W,Home,861914,Shutters Installed,6968.92,2025-03-22,2026-03-22
POL-002631,Coral Coast Mutual,4825,Cloncurry QLD,B-F,Home,425730,Shutters Installed,604.24,2024-12-24,2025-12-24
POL-002632,Pacific Rim Insurance,4720,Charters Towers QLD,L-P,Home,543196,,2300.29,2023-12-14,2024-12-13
POL-002633,Pacific Rim Insurance,4879,Innisfail QLD,T-W,Strata,7323868,,73578.91,2025-05-11,2026-05-11
POL-002634,Southern Cross Insurance,6721,Port Hedland WA,T-W,Home,894226,Roof Tie-Down,7813.69,2025-09-17,2026-09-17
POL-002635,Northbeam General,4879,Innisfail QLD,T-W,Strata,2104984,Roof Tie-Down,18298.04,2023-02-13,2024-02-13
POL-002636,Northbeam General,6721,Port Hedland WA,T-W,Home,493363,Shutters Installed,3643.48,2023-08-31,2024-08-30
POL-002637,Coral Coast Mutual,800,Darwin NT,T-W,SME,690424,,6176.43,2023-11-28,2024-11-27
POL-002638,Southern Cross Insurance,850,Alice Springs NT,B-F,Home,696360,Shutters Installed,1077.27,2023-07-06,2024-07-05
POL-002639,Pacific Rim Insurance,6721,Port Hedland WA,T-W,Home,800284,,7780.46,2024-01-31,2025-01-30
POL-002640,Northbeam General,4810,Townsville QLD,T-W,Strata,10381636,,107760.15,2024-12-07,2025-12-07
POL-002641,Outback Assurance Group,4879,Innisfail QLD,T-W,Home,712488,,7065.59,2023-10-27,2024-10-26
POL-002642,Northbeam General,810,Darwin NT,T-W,SME,2561383,Roof Tie-Down,22688.57,2024-12-21,2025-12-21
POL-002643,Northbeam General,4680,Gladstone QLD,L-P,Home,322973,,1363.49,2025-04-04,2026-04-04
POL-002644,Northbeam General,4825,Cloncurry QLD,B-F,SME,960886,Roof Tie-Down,1379.13,2023-03-06,2024-03-05
POL-002645,Southern Cross Insurance,4703,Rockhampton QLD,Q-S,Home,257428,,1715.75,2024-10-01,2025-10-01
POL-002646,Coral Coast Mutual,4740,Mackay QLD,Q-S,Home,344215,Roof Tie-Down,1909.24,2024-03-01,2025-03-01
POL-002647,Northbeam General,850,Alice Springs NT,B-F,Home,735685,,1283.18,2024-06-29,2025-06-29
POL-002648,Coral Coast Mutual,850,Alice Springs NT,B-F,Home,728179,,1226.03,2023-07-05,2024-07-04
POL-002649,Outback Assurance Group,850,Alice Springs NT,B-F,Home,630829,Shutters Installed,977.14,2023-09-30,2024-09-29
POL-002650,Southern Cross Insurance,810,Darwin NT,T-W,Home,284281,,2606.38,2024-09-25,2025-09-25
POL-002651,Pacific Rim Insurance,4720,Charters Towers QLD,L-P,SME,2302424,,9442.76,2024-11-04,2025-11-04
POL-002652,Outback Assurance Group,4350,Toowoomba QLD,B-F,SME,2704241,Elevated Slab,4442.86,2025-01-05,2026-01-05
POL-002653,Outback Assurance Group,800,Darwin NT,T-W,Home,729374,Roof Tie-Down,6110.54,2023-07-23,2024-07-22
POL-002654,Southern Cross Insurance,4703,Rockhampton QLD,Q-S,Strata,5123052,,36341.39,2025-08-06,2026-08-06
POL-002655,Outback Assurance Group,6714,Karratha WA,T-W,Home,844411,Roof Tie-Down,7377.26,2023-08-08,2024-08-07
POL-002656,Southern Cross Insurance,4700,Rockhampton QLD,Q-S,Strata,7485389,,50185.2,2024-08-22,2025-08-22
POL-002657,Coral Coast Mutual,6721,Port Hedland WA,T-W,Home,497940,,5105.75,2023-11-29,2024-11-28
POL-002658,Coral Coast Mutual,4350,Toowoomba QLD,B-F,SME,2665610,,4513.27,2024-07-23,2025-07-23
POL-002659,Outback Assurance Group,6000,Perth WA,B-F,Home,735519,,1386.72,2025-06-22,2026-06-22
POL-002660,Coral Coast Mutual,4350,Toowoomba QLD,B-F,Home,509140,Elevated Slab,847.83,2024-08-07,2025-08-07
POL-002661,Southern Cross Insurance,6000,Perth WA,B-F,SME,2489255,,4580.32,2025-01-12,2026-01-12
POL-002662,Pacific Rim Insurance,4700,Rockhampton QLD,Q-S,SME,2842199,,18248.15,2023-07-11,2024-07-10
POL-002663,Pacific Rim Insurance,4700,Rockhampton QLD,Q-S,Home,597193,Roof Tie-Down,3132.2,2025-07-11,2026-07-11
POL-002664,Coral Coast Mutual,4737,Bowen QLD,Q-S,SME,871914,,5343.53,2024-12-25,2025-12-25
POL-002665,Southern Cross Insurance,810,Darwin NT,T-W,Home,794153,,7156.71,2023-06-02,2024-06-01
POL-002666,Southern Cross Insurance,800,Darwin NT,T-W,Home,306927,Elevated Slab,2502.22,2023-06-27,2024-06-26
POL-002667,Outback Assurance Group,4740,Mackay QLD,Q-S,Home,886045,,6117.33,2024-12-03,2025-12-03
POL-002668,Coral Coast Mutual,4720,Charters Towers QLD,L-P,Home,709664,,2890.76,2023-08-04,2024-08-03
POL-002669,Southern Cross Insurance,4720,Charters Towers QLD,L-P,Home,810977,Shutters Installed,2834.01,2023-03-04,2024-03-03
POL-002670,Southern Cross Insurance,4703,Rockhampton QLD,Q-S,Home,497765,,3508.9,2024-10-22,2025-10-22
POL-002671,Northbeam General,4802,Townsville QLD,T-W,SME,859195,,8097.4,2023-12-22,2024-12-21
POL-002672,Pacific Rim Insurance,4703,Rockhampton QLD,Q-S,SME,792457,,4659.4,2023-06-02,2024-06-01
POL-002673,Southern Cross Insurance,4700,Rockhampton QLD,Q-S,SME,2861551,,19527.4,2024-11-10,2025-11-10
POL-002674,Northbeam General,4825,Mount Isa QLD,B-F,Home,786221,,1328.26,2024-09-18,2025-09-18
POL-002675,Outback Assurance Group,4870,Cairns QLD,T-W,Home,336662,,3013.06,2024-08-30,2025-08-30
POL-002676,Northbeam General,4825,Mount Isa QLD,B-F,Home,667143,Roof Tie-Down,928.54,2023-06-04,2024-06-03
POL-002677,Northbeam General,800,Darwin NT,T-W,Home,732706,Roof Tie-Down,5810.23,2025-02-09,2026-02-09
POL-002678,Outback Assurance Group,4740,Mackay QLD,Q-S,Home,343571,,2061.67,2024-01-27,2025-01-26
POL-002679,Outback Assurance Group,800,Darwin NT,T-W,Home,376832,Roof Tie-Down,3114.43,2023-02-02,2024-02-02
POL-002680,Northbeam General,810,Darwin NT,T-W,SME,2619437,,26178.41,2025-08-12,2026-08-12
POL-002681,Northbeam General,4703,Rockhampton QLD,Q-S,Strata,5591821,,32981.29,2024-08-08,2025-08-08
POL-002682,Coral Coast Mutual,4879,Innisfail QLD,T-W,Home,264060,Shutters Installed,2200.66,2024-04-11,2025-04-11
POL-002683,Coral Coast Mutual,4720,Charters Towers QLD,L-P,Home,545745,,2143.66,2023-04-03,2024-04-02
POL-002684,Southern Cross Insurance,4870,Cairns QLD,T-W,SME,2601239,,22935.54,2023-12-12,2024-12-11
POL-002685,Northbeam General,4802,Townsville QLD,T-W,SME,1029682,,9970.43,2024-01-20,2025-01-19
POL-002686,Outback Assurance Group,4870,Cairns QLD,T-W,SME,1938165,,20233.82,2023-12-25,2024-12-24
POL-002687,Pacific Rim Insurance,4825,Mount Isa QLD,B-F,SME,405184,,773.87,2023-08-08,2024-08-07
POL-002688,Southern Cross Insurance,4810,Townsville QLD,T-W,Home,861800,,8181.46,2023-01-18,2024-01-18
POL-002689,Coral Coast Mutual,4350,Toowoomba QLD,B-F,Strata,6621484,Roof Tie-Down,9504.29,2025-08-15,2026-08-15
POL-002690,Northbeam General,4825,Cloncurry QLD,B-F,Home,571855,Elevated Slab,920.89,2023-05-14,2024-05-13
POL-002691,Southern Cross Insurance,4870,Cairns QLD,T-W,Home,413756,Roof Tie-Down,3024.11,2024-05-08,2025-05-08
POL-002692,Coral Coast Mutual,4879,Innisfail QLD,T-W,Home,752593,,6764.71,2024-05-21,2025-05-21
POL-002693,Southern Cross Insurance,4740,Mackay QLD,Q-S,Home,714639,,4848.46,2025-09-14,2026-09-14
POL-002694,Coral Coast Mutual,4879,Innisfail QLD,T-W,Home,682371,,6130.14,2023-05-10,2024-05-09
POL-002695,Northbeam General,4720,Charters Towers QLD,L-P,SME,1836089,,7433.09,2025-09-02,2026-09-02
POL-002696,Southern Cross Insurance,4870,Cairns QLD,T-W,Home,549322,,4730.5,2023-03-02,2024-03-01
POL-002697,Outback Assurance Group,4870,Cairns QLD,T-W,Home,675239,,7000.55,2024-07-31,2025-07-31
POL-002698,Coral Coast Mutual,4680,Gladstone QLD,L-P,Home,318034,,1301.25,2024-08-27,2025-08-27
POL-002699,Southern Cross Insurance,4680,Gladstone QLD,L-P,Home,508051,,2027.67,2025-05-11,2026-05-11
POL-002700,Pacific Rim Insurance,810,Darwin NT,T-W,SME,2221103,Shutters Installed,16151.67,2023-02-15,2024-02-15
POL-002701,Southern Cross Insurance,4740,Mackay QLD,Q-S,SME,2556639,,15363.94,2023-08-01,2024-07-31
POL-002702,Southern Cross Insurance,4879,Innisfail QLD,T-W,Home,668002,Roof Tie-Down,5152.64,2025-08-23,2026-08-23
POL-002703,Coral Coast Mutual,850,Alice Springs NT,B-F,Home,820816,,1333.6,2023-04-10,2024-04-09
POL-002704,Southern Cross Insurance,4737,Bowen QLD,Q-S,Home,363436,,2586.38,2024-12-22,2025-12-22
POL-002705,Southern Cross Insurance,4737,Bowen QLD,Q-S,Home,678434,,4368.34,2023-09-10,2024-09-09
POL-002706,Coral Coast Mutual,4737,Bowen QLD,Q-S,SME,600480,Shutters Installed,3525.34,2023-10-22,2024-10-21
POL-002707,Southern Cross Insurance,4720,Charters Towers QLD,L-P,Strata,5346962,,23809.29,2023-06-29,2024-06-28
POL-002708,Pacific Rim Insurance,4703,Rockhampton QLD,Q-S,Home,440553,,2777.08,2025-05-30,2026-05-30
POL-002709,Northbeam General,4680,Gladstone QLD,L-P,Home,875119,,3494.49,2023-01-31,2024-01-31
POL-002710,Outback Assurance Group,800,Darwin NT,T-W,Home,460098,Shutters Installed,3794.77,2023-06-10,2024-06-09
POL-002711,Coral Coast Mutual,6000,Perth WA,B-F,SME,2232109,,4277.5,2023-03-22,2024-03-21
POL-002712,Southern Cross Insurance,4802,Townsville QLD,T-W,Home,394936,Shutters Installed,3316.34,2024-05-01,2025-05-01
POL-002713,Coral Coast Mutual,4740,Mackay QLD,Q-S,Home,684953,Shutters Installed,3728.03,2023-11-15,2024-11-14
POL-002714,Outback Assurance Group,4802,Townsville QLD,T-W,Home,372137,Roof Tie-Down,2734.9,2024-08-25,2025-08-25
POL-002715,Pacific Rim Insurance,4737,Bowen QLD,Q-S,Home,270602,Shutters Installed,1569.54,2023-09-26,2024-09-25
POL-002716,Coral Coast Mutual,4350,Toowoomba QLD,B-F,Home,321245,,615.31,2024-07-30,2025-07-30
POL-002717,Southern Cross Insurance,4802,Townsville QLD,T-W,Home,318974,Shutters Installed,2481.27,2023-06-26,2024-06-25
POL-002718,Pacific Rim Insurance,6000,Perth WA,B-F,Home,868288,,1499.66,2025-04-30,2026-04-30
POL-002719,Northbeam General,850,Alice Springs NT,B-F,Strata,12168823,Elevated Slab,18726.99,2024-05-19,2025-05-19
POL-002720,Pacific Rim Insurance,4825,Mount Isa QLD,B-F,Home,376120,,719.49,2024-01-27,2025-01-26
POL-002721,Northbeam General,4825,Cloncurry QLD,B-F,SME,2002240,Roof Tie-Down,3342.48,2023-06-02,2024-06-01
POL-002722,Northbeam General,850,Alice Springs NT,B-F,Home,753203,Roof Tie-Down,1168.77,2023-09-12,2024-09-11
POL-002723,Pacific Rim Insurance,4700,Rockhampton QLD,Q-S,SME,1284727,Elevated Slab,7434.52,2025-09-17,2026-09-17
POL-002724,Southern Cross Insurance,4802,Townsville QLD,T-W,Home,369473,,3857.95,2024-04-01,2025-04-01
POL-002725,Northbeam General,4825,Mount Isa QLD,B-F,SME,1092658,,2117.61,2025-05-18,2026-05-18
POL-002726,Northbeam General,4870,Cairns QLD,T-W,Home,733122,Roof Tie-Down,6298.62,2024-07-07,2025-07-07
POL-002727,Southern Cross Insurance,800,Darwin NT,T-W,Home,416050,Roof Tie-Down,3467.62,2024-11-06,2025-11-06
POL-002728,Southern Cross Insurance,6000,Perth WA,B-F,Home,822257,,1611.41,2025-03-29,2026-03-29
POL-002729,Pacific Rim Insurance,4350,Toowoomba QLD,B-F,Home,895093,,1634.23,2024-09-01,2025-09-01
POL-002730,Southern Cross Insurance,4802,Townsville QLD,T-W,Home,367395,Roof Tie-Down,2719.59,2024-03-31,2025-03-31
POL-002731,Southern Cross Insurance,4825,Cloncurry QLD,B-F,Home,553842,,1082.21,2024-06-04,2025-06-04
POL-002732,Northbeam General,4825,Mount Isa QLD,B-F,Strata,6362675,,11004.13,2023-05-22,2024-05-21
POL-002733,Northbeam General,800,Darwin NT,T-W,Home,623346,,5947.78,2025-01-25,2026-01-25
POL-002734,Pacific Rim Insurance,4802,Townsville QLD,T-W,Strata,8271311,,77597.87,2023-01-12,2024-01-12
POL-002735,Coral Coast Mutual,4700,Rockhampton QLD,Q-S,Home,816330,Roof Tie-Down,4101.44,2024-04-30,2025-04-30
POL-002736,Pacific Rim Insurance,850,Alice Springs NT,B-F,SME,1154261,,2219.83,2024-01-25,2025-01-24
POL-002737,Outback Assurance Group,4825,Mount Isa QLD,B-F,Home,338114,Elevated Slab,562.23,2024-06-07,2025-06-07
POL-002738,Northbeam General,4802,Townsville QLD,T-W,Home,694045,Roof Tie-Down,5671.32,2024-05-31,2025-05-31
POL-002739,Coral Coast Mutual,4737,Bowen QLD,Q-S,SME,2401252,Elevated Slab,13703.62,2023-02-21,2024-02-21
POL-002740,Southern Cross Insurance,4740,Mackay QLD,Q-S,Home,373641,Shutters Installed,1964.72,2025-03-20,2026-03-20
POL-002741,Northbeam General,4802,Townsville QLD,T-W,Home,296159,Elevated Slab,2388.78,2024-07-19,2025-07-19
POL-002742,Outback Assurance Group,4700,Rockhampton QLD,Q-S,Home,830084,,5458.34,2023-12-08,2024-12-07
POL-002743,Outback Assurance Group,4680,Gladstone QLD,L-P,Home,859258,,3823.88,2025-04-04,2026-04-04
POL-002744,Coral Coast Mutual,4700,Rockhampton QLD,Q-S,Home,884122,Roof Tie-Down,5301.18,2024-12-19,2025-12-19
POL-002745,Southern Cross Insurance,4810,Townsville QLD,T-W,Home,527695,,5449.8,2024-03-15,2025-03-15
POL-002746,Pacific Rim Insurance,6000,Perth WA,B-F,Home,317905,Shutters Installed,480.94,2023-06-06,2024-06-05
POL-002747,Outback Assurance Group,6714,Karratha WA,T-W,Home,622843,Roof Tie-Down,5109.93,2023-09-06,2024-09-05
POL-002748,Northbeam General,6000,Perth WA,B-F,Home,776943,Roof Tie-Down,1299.91,2025-09-10,2026-09-10
POL-002749,Outback Assurance Group,6000,Perth WA,B-F,Home,776184,,1321.11,2023-02-12,2024-02-12
POL-002750,Pacific Rim Insurance,810,Darwin NT,T-W,Strata,4539041,Elevated Slab,40249.09,2025-02-09,2026-02-09
POL-002751,Southern Cross Insurance,4737,Bowen QLD,Q-S,Home,273126,Roof Tie-Down,1546.22,2023-03-06,2024-03-05
POL-002752,Northbeam General,6721,Port Hedland WA,T-W,Home,368432,,3560.65,2025-02-13,2026-02-13
POL-002753,Northbeam General,4680,Gladstone QLD,L-P,SME,1084699,,5010.01,2025-06-13,2026-06-13
POL-002754,Northbeam General,4879,Innisfail QLD,T-W,Home,677433,Shutters Installed,5901.81,2023-12-16,2024-12-15
POL-002755,Coral Coast Mutual,4350,Toowoomba QLD,B-F,Home,833316,Shutters Installed,1277.79,2024-02-15,2025-02-14
POL-002756,Northbeam General,4870,Cairns QLD,T-W,Strata,6671056,Elevated Slab,56567.35,2024-05-22,2025-05-22
POL-002757,Northbeam General,6000,Perth WA,B-F,Home,583325,Roof Tie-Down,919.31,2025-06-12,2026-06-12
POL-002758,Outback Assurance Group,6721,Port Hedland WA,T-W,Home,686617,,6395.1,2023-03-06,2024-03-05
POL-002759,Coral Coast Mutual,850,Alice Springs NT,B-F,SME,674028,,1279.35,2023-05-10,2024-05-09
POL-002760,Southern Cross Insurance,4810,Townsville QLD,T-W,Home,293862,,2817.77,2025-09-06,2026-09-06
POL-002761,Coral Coast Mutual,4655,Hervey Bay QLD,L-P,Home,351605,,1409.25,2024-03-29,2025-03-29
POL-002762,Northbeam General,4879,Innisfail QLD,T-W,Home,487475,,4945.68,2024-09-29,2025-09-29
POL-002763,Pacific Rim Insurance,4655,Hervey Bay QLD,L-P,Home,822433,,3400.46,2024-11-10,2025-11-10
POL-002764,Pacific Rim Insurance,4810,Townsville QLD,T-W,SME,2840118,Shutters Installed,22456.14,2024-09-25,2025-09-25
POL-002765,Southern Cross Insurance,4737,Bowen QLD,Q-S,Home,844774,,5284.95,2025-07-02,2026-07-02
POL-002766,Southern Cross Insurance,6714,Karratha WA,T-W,Home,578786,Shutters Installed,4957.46,2023-02-20,2024-02-20
POL-002767,Outback Assurance Group,800,Darwin NT,T-W,Home,439353,,3805.38,2024-12-04,2025-12-04
POL-002768,Outback Assurance Group,4680,Gladstone QLD,L-P,Home,296649,,1208.86,2023-03-14,2024-03-13
POL-002769,Pacific Rim Insurance,4825,Mount Isa QLD,B-F,Home,488099,,937.01,2024-07-04,2025-07-04
POL-002770,Northbeam General,4655,Hervey Bay QLD,L-P,Home,680744,Shutters Installed,2661.55,2024-10-25,2025-10-25
POL-002771,Outback Assurance Group,800,Darwin NT,T-W,Home,640477,Shutters Installed,5274.77,2024-01-24,2025-01-23
POL-002772,Coral Coast Mutual,4870,Cairns QLD,T-W,Home,850204,,7755.69,2023-05-20,2024-05-19
POL-002773,Outback Assurance Group,4720,Charters Towers QLD,L-P,Strata,2787829,Shutters Installed,9541.15,2024-01-21,2025-01-20
POL-002774,Outback Assurance Group,6000,Perth WA,B-F,SME,2735188,,5034.99,2024-03-17,2025-03-17
POL-002775,Coral Coast Mutual,4879,Innisfail QLD,T-W,Home,524864,,4648.97,2025-04-19,2026-04-19
POL-002776,Southern Cross Insurance,6714,Karratha WA,T-W,Home,714619,Elevated Slab,5585.79,2025-07-02,2026-07-02
POL-002777,Pacific Rim Insurance,4802,Townsville QLD,T-W,Home,584424,,6068.1,2023-07-16,2024-07-15
POL-002778,Outback Assurance Group,4810,Townsville QLD,T-W,Home,637479,Roof Tie-Down,4898.59,2024-02-19,2025-02-18
POL-002779,Southern Cross Insurance,810,Darwin NT,T-W,SME,2156297,Roof Tie-Down,16842.75,2023-10-24,2024-10-23
POL-002780,Southern Cross Insurance,800,Darwin NT,T-W,Home,887786,Shutters Installed,6949.54,2025-08-05,2026-08-05
POL-002781,Northbeam General,4870,Cairns QLD,T-W,SME,1072196,,10910.23,2023-05-02,2024-05-01
POL-002782,Outback Assurance Group,810,Darwin NT,T-W,Home,723879,,6778.07,2025-06-21,2026-06-21
POL-002783,Southern Cross Insurance,850,Alice Springs NT,B-F,Home,581355,Roof Tie-Down,909.62,2024-02-04,2025-02-03
POL-002784,Pacific Rim Insurance,800,Darwin NT,T-W,Home,354768,Shutters Installed,2631.16,2025-07-21,2026-07-21
POL-002785,Pacific Rim Insurance,6000,Perth WA,B-F,Home,657104,,1299.5,2023-01-07,2024-01-07
POL-002786,Pacific Rim Insurance,4870,Cairns QLD,T-W,Home,665320,,6296.78,2024-05-21,2025-05-21
POL-002787,Coral Coast Mutual,810,Darwin NT,T-W,Home,855908,Roof Tie-Down,7043.5,2025-08-22,2026-08-22
POL-002788,Outback Assurance Group,4737,Bowen QLD,Q-S,Strata,6583487,,42331.49,2025-01-05,2026-01-05
POL-002789,Southern Cross Insurance,6000,Perth WA,B-F,SME,2182529,,3595.52,2025-01-17,2026-01-17
POL-002790,Outback Assurance Group,4700,Rockhampton QLD,Q-S,Home,489922,,3334.43,2025-06-24,2026-06-24
POL-002791,Pacific Rim Insurance,6714,Karratha WA,T-W,Home,867340,Shutters Installed,7325.24,2025-06-06,2026-06-06
POL-002792,Pacific Rim Insurance,4740,Mackay QLD,Q-S,Home,427003,Elevated Slab,2297.14,2023-09-29,2024-09-28
POL-002793,Pacific Rim Insurance,4700,Rockhampton QLD,Q-S,Home,834572,Roof Tie-Down,4790.58,2023-08-27,2024-08-26
POL-002794,Outback Assurance Group,6714,Karratha WA,T-W,SME,1525561,Elevated Slab,11203.18,2024-11-23,2025-11-23
POL-002795,Northbeam General,6000,Perth WA,B-F,Home,739919,Elevated Slab,1095.52,2023-05-30,2024-05-29
POL-002796,Coral Coast Mutual,4825,Mount Isa QLD,B-F,Home,411652,,805.39,2024-04-03,2025-04-03
POL-002797,Southern Cross Insurance,4825,Cloncurry QLD,B-F,Home,765116,,1427.39,2024-09-27,2025-09-27
POL-002798,Northbeam General,4737,Bowen QLD,Q-S,Home,466300,,2875.1,2023-10-28,2024-10-27
POL-002799,Northbeam General,850,Alice Springs NT,B-F,Home,832052,Roof Tie-Down,1282.94,2024-12-02,2025-12-02
POL-002800,Southern Cross Insurance,4825,Mount Isa QLD,B-F,SME,452913,Elevated Slab,714.45,2023-03-04,2024-03-03
POL-002801,Northbeam General,4810,Townsville QLD,T-W,SME,574913,,5193.97,2025-01-01,2026-01-01
POL-002802,Pacific Rim Insurance,4740,Mackay QLD,Q-S,Home,490694,,3077.88,2024-07-12,2025-07-12
POL-002803,Coral Coast Mutual,810,Darwin NT,T-W,Home,597103,,6067.02,2025-06-21,2026-06-21
POL-002804,Outback Assurance Group,4870,Cairns QLD,T-W,Home,358880,,3419.39,2025-01-02,2026-01-02
POL-002805,Northbeam General,4737,Bowen QLD,Q-S,Home,320213,Shutters Installed,1890.39,2023-12-20,2024-12-19
POL-002806,Southern Cross Insurance,6000,Perth WA,B-F,Home,626925,,1074.67,2024-03-13,2025-03-13
POL-002807,Pacific Rim Insurance,4825,Cloncurry QLD,B-F,Home,629198,,1175.24,2024-05-01,2025-05-01
POL-002808,Coral Coast Mutual,4810,Townsville QLD,T-W,Home,829307,,7259.41,2024-10-19,2025-10-19
POL-002809,Pacific Rim Insurance,4350,Toowoomba QLD,B-F,Home,812698,Roof Tie-Down,1232.61,2024-05-29,2025-05-29
POL-002810,Pacific Rim Insurance,6000,Perth WA,B-F,SME,2781939,,5086.89,2024-08-23,2025-08-23
POL-002811,Outback Assurance Group,4720,Charters Towers QLD,L-P,SME,2911760,,11155.46,2023-11-19,2024-11-18
POL-002812,Northbeam General,4802,Townsville QLD,T-W,SME,838951,,7610.17,2024-04-05,2025-04-05
POL-002813,Pacific Rim Insurance,6000,Perth WA,B-F,Home,343891,Roof Tie-Down,564.23,2024-09-04,2025-09-04
POL-002814,Pacific Rim Insurance,4655,Hervey Bay QLD,L-P,SME,954491,Roof Tie-Down,3683.24,2025-05-01,2026-05-01
POL-002815,Southern Cross Insurance,4350,Toowoomba QLD,B-F,Home,496903,Roof Tie-Down,720.46,2025-03-22,2026-03-22
POL-002816,Outback Assurance Group,810,Darwin NT,T-W,Strata,13065093,,125352.26,2023-01-31,2024-01-31
POL-002817,Southern Cross Insurance,4700,Rockhampton QLD,Q-S,Strata,4892433,,31909.45,2024-06-11,2025-06-11
POL-002818,Southern Cross Insurance,4802,Townsville QLD,T-W,Home,402783,Shutters Installed,3006.02,2025-04-15,2026-04-15
POL-002819,Pacific Rim Insurance,4870,Cairns QLD,T-W,Home,252215,Roof Tie-Down,1839.6,2024-12-09,2025-12-09
POL-002820,Pacific Rim Insurance,4655,Hervey Bay QLD,L-P,Home,297510,Elevated Slab,1149.21,2024-06-04,2025-06-04
POL-002821,Pacific Rim Insurance,4825,Cloncurry QLD,B-F,Strata,13993460,,24615.11,2023-01-12,2024-01-12
POL-002822,Southern Cross Insurance,4825,Mount Isa QLD,B-F,SME,2009421,Roof Tie-Down,3256.95,2023-10-23,2024-10-22
POL-002823,Southern Cross Insurance,4350,Toowoomba QLD,B-F,SME,1739344,Shutters Installed,2740.97,2024-10-18,2025-10-18
POL-002824,Pacific Rim Insurance,4802,Townsville QLD,T-W,Home,756030,Roof Tie-Down,5831.88,2025-03-12,2026-03-12
POL-002825,Southern Cross Insurance,810,Darwin NT,T-W,Home,867298,Shutters Installed,6746.25,2024-11-23,2025-11-23
POL-002826,Outback Assurance Group,4740,Mackay QLD,Q-S,Home,267722,,1725.24,2025-02-08,2026-02-08
POL-002827,Pacific Rim Insurance,4700,Rockhampton QLD,Q-S,Home,542497,,3838.98,2025-09-02,2026-09-02
POL-002828,Outback Assurance Group,4655,Hervey Bay QLD,L-P,Home,270494,Roof Tie-Down,1043.48,2023-02-17,2024-02-17
POL-002829,Southern Cross Insurance,4879,Innisfail QLD,T-W,Strata,9081357,,82281.43,2023-03-17,2024-03-16
POL-002830,Northbeam General,4655,Hervey Bay QLD,L-P,Strata,3451929,Shutters Installed,12838.4,2024-12-21,2025-12-21
POL-002831,Pacific Rim Insurance,6721,Port Hedland WA,T-W,Home,589666,Elevated Slab,4381.17,2024-09-20,2025-09-20
POL-002832,Pacific Rim Insurance,6000,Perth WA,B-F,SME,2592751,,4774.46,2024-01-12,2025-01-11
POL-002833,Pacific Rim Insurance,4703,Rockhampton QLD,Q-S,Home,558492,,3669.38,2024-01-22,2025-01-21
POL-002834,Southern Cross Insurance,4802,Townsville QLD,T-W,Home,657281,Elevated Slab,5421.05,2025-03-14,2026-03-14
POL-002835,Pacific Rim Insurance,4720,Charters Towers QLD,L-P,Home,832400,Elevated Slab,2983.58,2024-10-12,2025-10-12
POL-002836,Coral Coast Mutual,800,Darwin NT,T-W,Home,758868,,7615.26,2023-03-16,2024-03-15
POL-002837,Southern Cross Insurance,4870,Cairns QLD,T-W,Home,439383,,4059.78,2025-05-14,2026-05-14
POL-002838,Southern Cross Insurance,4802,Townsville QLD,T-W,Home,873589,Elevated Slab,6682.82,2023-01-23,2024-01-23
POL-002839,Pacific Rim Insurance,810,Darwin NT,T-W,Home,625921,,5892.2,2025-09-13,2026-09-13
POL-002840,Pacific Rim Insurance,4802,Townsville QLD,T-W,Home,648606,,5563.69,2023-03-22,2024-03-21
POL-002841,Southern Cross Insurance,4870,Cairns QLD,T-W,SME,2797630,,25878.73,2023-05-23,2024-05-22
POL-002842,Coral Coast Mutual,4737,Bowen QLD,Q-S,Home,373499,,2408.6,2024-04-12,2025-04-12
POL-002843,Southern Cross Insurance,4825,Mount Isa QLD,B-F,SME,1644860,Roof Tie-Down,2458.8,2023-07-09,2024-07-08
POL-002844,Pacific Rim Insurance,800,Darwin NT,T-W,Home,828211,,7308.83,2023-04-05,2024-04-04
POL-002845,Pacific Rim Insurance,4802,Townsville QLD,T-W,Home,529205,Roof Tie-Down,3997.3,2023-05-25,2024-05-24
POL-002846,Coral Coast Mutual,850,Alice Springs NT,B-F,Home,721103,,1182.05,2024-12-25,2025-12-25
POL-002847,Coral Coast Mutual,4680,Gladstone QLD,L-P,Home,830441,Roof Tie-Down,2873.72,2023-10-28,2024-10-27
POL-002848,Southern Cross Insurance,850,Alice Springs NT,B-F,SME,2225015,Roof Tie-Down,3594.57,2023-05-10,2024-05-09
POL-002849,Pacific Rim Insurance,4802,Townsville QLD,T-W,Home,635004,,6028.85,2023-01-01,2024-01-01
POL-002850,Coral Coast Mutual,4870,Cairns QLD,T-W,Strata,12605184,Roof Tie-Down,99736.84,2025-08-05,2026-08-05
POL-002851,Coral Coast Mutual,4879,Innisfail QLD,T-W,Home,430016,Roof Tie-Down,3271.86,2023-05-20,2024-05-19
POL-002852,Coral Coast Mutual,850,Alice Springs NT,B-F,Strata,11395073,,20966.59,2025-06-27,2026-06-27
POL-002853,Coral Coast Mutual,4870,Cairns QLD,T-W,Home,791809,,7044.93,2024-12-06,2025-12-06
POL-002854,Pacific Rim Insurance,4737,Bowen QLD,Q-S,Home,690071,Roof Tie-Down,3486.65,2025-08-22,2026-08-22
POL-002855,Southern Cross Insurance,4680,Gladstone QLD,L-P,Home,618503,Roof Tie-Down,2403.68,2024-10-18,2025-10-18
POL-002856,Outback Assurance Group,4825,Mount Isa QLD,B-F,Home,251075,Elevated Slab,392.63,2025-05-14,2026-05-14
POL-002857,Southern Cross Insurance,800,Darwin NT,T-W,Strata,7284544,,64856.24,2023-03-24,2024-03-23
POL-002858,Northbeam General,4680,Gladstone QLD,L-P,Home,711990,,2723.16,2024-08-06,2025-08-06
POL-002859,Southern Cross Insurance,4703,Rockhampton QLD,Q-S,Home,701084,,4642.4,2024-11-27,2025-11-27
POL-002860,Southern Cross Insurance,4870,Cairns QLD,T-W,Strata,13755141,Shutters Installed,118403.06,2024-10-31,2025-10-31
POL-002861,Northbeam General,4720,Charters Towers QLD,L-P,Home,593124,Shutters Installed,2201.78,2023-08-21,2024-08-20
POL-002862,Outback Assurance Group,4802,Townsville QLD,T-W,Home,832308,Elevated Slab,6819.13,2025-06-04,2026-06-04
POL-002863,Southern Cross Insurance,4680,Gladstone QLD,L-P,Home,745155,Shutters Installed,2801.72,2024-02-28,2025-02-27
POL-002864,Coral Coast Mutual,4810,Townsville QLD,T-W,SME,992448,,10328.47,2023-07-27,2024-07-26
POL-002865,Southern Cross Insurance,4825,Cloncurry QLD,B-F,Home,324158,,529.28,2023-12-07,2024-12-06
POL-002866,Northbeam General,810,Darwin NT,T-W,Home,890442,,8295.57,2024-12-02,2025-12-02
POL-002867,Northbeam General,4825,Mount Isa QLD,B-F,Home,627427,Shutters Installed,948.03,2024-06-20,2025-06-20
POL-002868,Coral Coast Mutual,6714,Karratha WA,T-W,SME,2622728,Roof Tie-Down,19316.83,2025-06-01,2026-06-01
POL-002869,Northbeam General,4825,Cloncurry QLD,B-F,Home,719557,,1215.87,2024-07-15,2025-07-15
POL-002870,Northbeam General,6000,Perth WA,B-F,SME,2511328,,4244.86,2023-11-07,2024-11-06
POL-002871,Pacific Rim Insurance,6714,Karratha WA,T-W,SME,1649547,Elevated Slab,13069.39,2023-05-22,2024-05-21
POL-002872,Southern Cross Insurance,4740,Mackay QLD,Q-S,Home,715917,Roof Tie-Down,4293.25,2024-12-22,2025-12-22
POL-002873,Outback Assurance Group,4655,Hervey Bay QLD,L-P,Home,619559,,2383.6,2025-09-10,2026-09-10
POL-002874,Coral Coast Mutual,4700,Rockhampton QLD,Q-S,Home,260205,Roof Tie-Down,1464.68,2024-07-07,2025-07-07
POL-002875,Pacific Rim Insurance,6714,Karratha WA,T-W,Home,574506,,5709.54,2024-11-13,2025-11-13
POL-002876,Pacific Rim Insurance,800,Darwin NT,T-W,SME,749530,Roof Tie-Down,6653.8,2024-04-18,2025-04-18
POL-002877,Coral Coast Mutual,4655,Hervey Bay QLD,L-P,Home,270024,,1052.97,2025-04-04,2026-04-04
POL-002878,Outback Assurance Group,4737,Bowen QLD,Q-S,SME,1143010,Roof Tie-Down,5896.05,2023-01-25,2024-01-25
POL-002879,Northbeam General,4810,Townsville QLD,T-W,Home,531070,Shutters Installed,4458.75,2023-03-27,2024-03-26
POL-002880,Pacific Rim Insurance,4870,Cairns QLD,T-W,SME,1164373,,10923.8,2023-11-18,2024-11-17
POL-002881,Southern Cross Insurance,4680,Gladstone QLD,L-P,SME,1062316,Roof Tie-Down,4065.47,2025-02-16,2026-02-16
POL-002882,Pacific Rim Insurance,4825,Mount Isa QLD,B-F,Home,441986,Shutters Installed,731.22,2023-12-22,2024-12-21
POL-002883,Southern Cross Insurance,6000,Perth WA,B-F,Home,606289,,989.17,2023-10-17,2024-10-16
POL-002884,Pacific Rim Insurance,850,Alice Springs NT,B-F,Home,450553,Elevated Slab,736.85,2024-04-19,2025-04-19
POL-002885,Southern Cross Insurance,4825,Cloncurry QLD,B-F,Home,868541,Elevated Slab,1375.13,2024-10-21,2025-10-21
POL-002886,Coral Coast Mutual,4350,Toowoomba QLD,B-F,SME,601932,,977.24,2024-02-07,2025-02-06
POL-002887,Pacific Rim Insurance,4810,Townsville QLD,T-W,Home,262797,Shutters Installed,1996.15,2025-07-07,2026-07-07
POL-002888,Southern Cross Insurance,800,Darwin NT,T-W,Home,282959,Shutters Installed,2457.76,2024-03-14,2025-03-14
POL-002889,Coral Coast Mutual,4720,Charters Towers QLD,L-P,Home,548017,,2101.15,2024-07-09,2025-07-09
POL-002890,Pacific Rim Insurance,4810,Townsville QLD,T-W,Strata,12971313,,119205.59,2024-09-22,2025-09-22
POL-002891,Coral Coast Mutual,4700,Rockhampton QLD,Q-S,Strata,14750100,Elevated Slab,85569.71,2025-07-20,2026-07-20
POL-002892,Outback Assurance Group,4802,Townsville QLD,T-W,Home,656766,Roof Tie-Down,4848.0,2023-03-02,2024-03-01
POL-002893,Pacific Rim Insurance,850,Alice Springs NT,B-F,Home,270155,,476.34,2024-03-14,2025-03-14
POL-002894,Northbeam General,4740,Mackay QLD,Q-S,Home,710568,Elevated Slab,3908.22,2023-02-15,2024-02-15
POL-002895,Northbeam General,850,Alice Springs NT,B-F,Home,381393,,716.25,2025-09-06,2026-09-06
POL-002896,Northbeam General,4703,Rockhampton QLD,Q-S,Home,859278,Shutters Installed,4936.36,2024-01-19,2025-01-18
POL-002897,Northbeam General,4870,Cairns QLD,T-W,Home,645288,,6447.49,2025-05-16,2026-05-16
POL-002898,Outback Assurance Group,6714,Karratha WA,T-W,Home,614840,Shutters Installed,5290.97,2023-03-16,2024-03-15
POL-002899,Coral Coast Mutual,4703,Rockhampton QLD,Q-S,Strata,4181170,Shutters Installed,24943.7,2023-07-08,2024-07-07
POL-002900,Pacific Rim Insurance,800,Darwin NT,T-W,Home,860389,Shutters Installed,6337.84,2023-07-11,2024-07-10
POL-002901,Southern Cross Insurance,810,Darwin NT,T-W,Home,597110,Shutters Installed,5164.98,2023-03-13,2024-03-12
POL-002902,Coral Coast Mutual,4740,Mackay QLD,Q-S,Home,692242,,4804.58,2023-02-17,2024-02-17
POL-002903,Pacific Rim Insurance,4350,Toowoomba QLD,B-F,Home,817294,,1487.54,2024-02-28,2025-02-27
POL-002904,Outback Assurance Group,6000,Perth WA,B-F,Home,372314,Roof Tie-Down,522.75,2024-02-07,2025-02-06
POL-002905,Coral Coast Mutual,4350,Toowoomba QLD,B-F,SME,427242,,735.44,2024-11-25,2025-11-25
POL-002906,Outback Assurance Group,4737,Bowen QLD,Q-S,Home,839900,,5521.02,2024-07-10,2025-07-10
POL-002907,Pacific Rim Insurance,6714,Karratha WA,T-W,SME,767953,,6815.49,2025-01-24,2026-01-24
POL-002908,Outback Assurance Group,4879,Innisfail QLD,T-W,Home,492163,Elevated Slab,4334.48,2023-09-04,2024-09-03
POL-002909,Pacific Rim Insurance,4700,Rockhampton QLD,Q-S,SME,993348,,6401.97,2023-12-29,2024-12-28
POL-002910,Pacific Rim Insurance,4700,Rockhampton QLD,Q-S,Home,735875,,5156.21,2024-12-12,2025-12-12
POL-002911,Northbeam General,810,Darwin NT,T-W,Home,345246,Elevated Slab,2955.78,2025-05-12,2026-05-12
POL-002912,Northbeam General,4350,Toowoomba QLD,B-F,SME,1158886,,1956.26,2024-12-18,2025-12-18
POL-002913,Pacific Rim Insurance,800,Darwin NT,T-W,Home,429219,,3724.89,2025-07-17,2026-07-17
POL-002914,Southern Cross Insurance,800,Darwin NT,T-W,Home,254483,,2507.71,2024-08-02,2025-08-02
POL-002915,Coral Coast Mutual,4879,Innisfail QLD,T-W,Home,707735,Roof Tie-Down,5385.13,2024-01-16,2025-01-15
POL-002916,Outback Assurance Group,4825,Cloncurry QLD,B-F,Home,578149,,1055.02,2024-04-19,2025-04-19
POL-002917,Southern Cross Insurance,4700,Rockhampton QLD,Q-S,SME,2732087,Roof Tie-Down,15145.39,2024-12-26,2025-12-26
POL-002918,Northbeam General,6714,Karratha WA,T-W,Strata,14844433,,149717.42,2024-09-10,2025-09-10
POL-002919,Outback Assurance Group,4825,Mount Isa QLD,B-F,Home,412081,Elevated Slab,631.56,2024-08-18,2025-08-18
POL-002920,Southern Cross Insurance,4700,Rockhampton QLD,Q-S,SME,1704393,Shutters Installed,10106.52,2024-11-04,2025-11-04
POL-002921,Northbeam General,4720,Charters Towers QLD,L-P,Home,749931,,2937.11,2023-02-25,2024-02-25
POL-002922,Northbeam General,4825,Cloncurry QLD,B-F,Home,383652,Shutters Installed,601.69,2025-05-08,2026-05-08
POL-002923,Outback Assurance Group,810,Darwin NT,T-W,SME,1456805,Roof Tie-Down,10795.97,2023-10-13,2024-10-12
POL-002924,Outback Assurance Group,6000,Perth WA,B-F,SME,2601592,,4914.92,2023-03-09,2024-03-08
POL-002925,Southern Cross Insurance,4680,Gladstone QLD,L-P,Home,260703,,1132.87,2025-01-23,2026-01-23
POL-002926,Northbeam General,810,Darwin NT,T-W,Home,303170,Shutters Installed,2338.91,2025-01-01,2026-01-01
POL-002927,Northbeam General,4350,Toowoomba QLD,B-F,SME,2240908,Roof Tie-Down,3427.24,2025-05-20,2026-05-20
POL-002928,Northbeam General,800,Darwin NT,T-W,Home,293441,,3009.87,2025-02-16,2026-02-16
POL-002929,Northbeam General,4720,Charters Towers QLD,L-P,Home,299319,Shutters Installed,1048.73,2024-02-10,2025-02-09
POL-002930,Northbeam General,4870,Cairns QLD,T-W,SME,1844662,,18278.7,2024-09-01,2025-09-01
POL-002931,Northbeam General,4737,Bowen QLD,Q-S,Home,862957,Elevated Slab,4382.55,2024-07-04,2025-07-04
POL-002932,Outback Assurance Group,810,Darwin NT,T-W,SME,1079054,,11256.98,2023-04-02,2024-04-01
POL-002933,Northbeam General,4825,Mount Isa QLD,B-F,Home,887658,Elevated Slab,1233.41,2025-08-25,2026-08-25
POL-002934,Coral Coast Mutual,4802,Townsville QLD,T-W,SME,900513,,9314.74,2023-01-30,2024-01-30
POL-002935,Outback Assurance Group,4350,Toowoomba QLD,B-F,SME,1557232,,2560.21,2024-02-01,2025-01-31
POL-002936,Outback Assurance Group,4700,Rockhampton QLD,Q-S,Home,462886,Roof Tie-Down,2781.93,2024-03-05,2025-03-05
POL-002937,Outback Assurance Group,4870,Cairns QLD,T-W,Home,834245,Elevated Slab,7254.97,2025-09-19,2026-09-19
POL-002938,Outback Assurance Group,4655,Hervey Bay QLD,L-P,Home,292550,,1200.0,2024-12-18,2025-12-18
POL-002939,Coral Coast Mutual,810,Darwin NT,T-W,Home,662841,,6123.26,2023-03-03,2024-03-02
POL-002940,Outback Assurance Group,4802,Townsville QLD,T-W,Home,517109,,4716.53,2023-02-07,2024-02-07
POL-002941,Northbeam General,4879,Innisfail QLD,T-W,Home,571042,Roof Tie-Down,4707.68,2023-07-13,2024-07-12
POL-002942,Northbeam General,4802,Townsville QLD,T-W,Home,883883,Roof Tie-Down,6961.67,2024-04-09,2025-04-09
POL-002943,Southern Cross Insurance,810,Darwin NT,T-W,SME,2219656,Elevated Slab,19293.32,2023-05-01,2024-04-30
POL-002944,Coral Coast Mutual,6721,Port Hedland WA,T-W,Strata,8894356,Shutters Installed,74198.72,2025-07-30,2026-07-30
POL-002945,Pacific Rim Insurance,4825,Cloncurry QLD,B-F,SME,1034621,Shutters Installed,1456.78,2024-06-11,2025-06-11
POL-002946,Southern Cross Insurance,4740,Mackay QLD,Q-S,Home,872978,,6185.47,2024-09-24,2025-09-24
POL-002947,Southern Cross Insurance,4810,Townsville QLD,T-W,Strata,6028244,Roof Tie-Down,50862.3,2025-07-18,2026-07-18
POL-002948,Northbeam General,4810,Townsville QLD,T-W,Home,481319,Elevated Slab,3654.24,2023-12-13,2024-12-12
POL-002949,Northbeam General,810,Darwin NT,T-W,SME,1581675,,16369.93,2025-09-24,2026-09-24
POL-002950,Northbeam General,4680,Gladstone QLD,L-P,SME,1389227,Elevated Slab,4686.68,2023-09-24,2024-09-23
POL-002951,Pacific Rim Insurance,4740,Mackay QLD,Q-S,SME,730031,Shutters Installed,4199.93,2024-01-10,2025-01-09
POL-002952,Outback Assurance Group,850,Alice Springs NT,B-F,Home,530049,Elevated Slab,789.86,2024-04-23,2025-04-23
POL-002953,Coral Coast Mutual,4802,Townsville QLD,T-W,SME,2302248,,21439.95,2024-12-30,2025-12-30
POL-002954,Outback Assurance Group,6714,Karratha WA,T-W,Strata,6025343,Elevated Slab,48037.57,2024-07-31,2025-07-31
POL-002955,Southern Cross Insurance,6000,Perth WA,B-F,Home,873532,,1659.44,2024-01-27,2025-01-26
POL-002956,Coral Coast Mutual,4879,Innisfail QLD,T-W,Home,332919,Shutters Installed,2514.7,2023-10-20,2024-10-19
POL-002957,Pacific Rim Insurance,4870,Cairns QLD,T-W,Home,850505,,7808.38,2025-05-08,2026-05-08
POL-002958,Northbeam General,6721,Port Hedland WA,T-W,Home,444369,,4441.38,2024-09-02,2025-09-02
POL-002959,Outback Assurance Group,6714,Karratha WA,T-W,SME,1999232,Elevated Slab,15811.48,2025-05-14,2026-05-14
POL-002960,Northbeam General,4700,Rockhampton QLD,Q-S,Home,264204,,1701.25,2023-10-10,2024-10-09
POL-002961,Southern Cross Insurance,4350,Toowoomba QLD,B-F,Home,374427,,642.39,2024-01-30,2025-01-29
POL-002962,Northbeam General,6721,Port Hedland WA,T-W,Home,527633,,5163.56,2024-08-20,2025-08-20
POL-002963,Coral Coast Mutual,4350,Toowoomba QLD,B-F,SME,2142549,Roof Tie-Down,3485.65,2023-11-05,2024-11-04
POL-002964,Outback Assurance Group,6721,Port Hedland WA,T-W,Home,724800,,6977.28,2023-08-14,2024-08-13
POL-002965,Southern Cross Insurance,4350,Toowoomba QLD,B-F,Home,268949,,438.6,2024-10-23,2025-10-23
POL-002966,Southern Cross Insurance,850,Alice Springs NT,B-F,Strata,4801999,,8024.87,2023-05-04,2024-05-03
POL-002967,Northbeam General,4680,Gladstone QLD,L-P,SME,2736149,Elevated Slab,9339.92,2023-06-10,2024-06-09
POL-002968,Pacific Rim Insurance,4680,Gladstone QLD,L-P,SME,1139112,,4720.11,2025-07-16,2026-07-16
POL-002969,Northbeam General,4737,Bowen QLD,Q-S,Home,772248,,4566.45,2024-05-24,2025-05-24
POL-002970,Coral Coast Mutual,4700,Rockhampton QLD,Q-S,SME,506179,,3416.18,2024-02-25,2025-02-24
POL-002971,Outback Assurance Group,810,Darwin NT,T-W,Home,724969,Elevated Slab,5423.33,2024-03-16,2025-03-16
POL-002972,Southern Cross Insurance,6714,Karratha WA,T-W,Home,253570,Roof Tie-Down,1888.47,2025-07-21,2026-07-21
POL-002973,Outback Assurance Group,4740,Mackay QLD,Q-S,Strata,7991310,,55218.98,2025-04-13,2026-04-13
POL-002974,Southern Cross Insurance,4825,Cloncurry QLD,B-F,Home,635338,,1103.69,2024-06-15,2025-06-15
POL-002975,Coral Coast Mutual,4740,Mackay QLD,Q-S,Home,436836,Roof Tie-Down,2524.29,2023-03-09,2024-03-08
POL-002976,Pacific Rim Insurance,4700,Rockhampton QLD,Q-S,Home,454333,,2728.67,2023-01-28,2024-01-28
POL-002977,Outback Assurance Group,6721,Port Hedland WA,T-W,Home,379413,,3798.51,2023-08-11,2024-08-10
POL-002978,Southern Cross Insurance,4720,Charters Towers QLD,L-P,SME,2473567,,11414.28,2025-07-19,2026-07-19
POL-002979,Pacific Rim Insurance,4703,Rockhampton QLD,Q-S,Home,612663,Elevated Slab,3284.13,2023-06-07,2024-06-06
POL-002980,Outback Assurance Group,4655,Hervey Bay QLD,L-P,Home,880123,,3803.62,2024-08-12,2025-08-12
POL-002981,Northbeam General,4350,Toowoomba QLD,B-F,Home,895262,,1563.85,2025-07-03,2026-07-03
POL-002982,Northbeam General,4350,Toowoomba QLD,B-F,Home,714198,Roof Tie-Down,1033.03,2024-09-22,2025-09-22
POL-002983,Northbeam General,4720,Charters Towers QLD,L-P,Home,551286,Roof Tie-Down,1914.4,2024-04-30,2025-04-30
POL-002984,Southern Cross Insurance,4680,Gladstone QLD,L-P,Home,697554,Shutters Installed,2284.63,2023-12-25,2024-12-24
POL-002985,Pacific Rim Insurance,850,Alice Springs NT,B-F,Home,828003,,1632.33,2023-02-16,2024-02-16
POL-002986,Northbeam General,4700,Rockhampton QLD,Q-S,Home,376660,,2577.8,2025-04-06,2026-04-06
POL-002987,Southern Cross Insurance,4703,Rockhampton QLD,Q-S,Home,765262,Roof Tie-Down,3910.7,2024-02-10,2025-02-09
POL-002988,Pacific Rim Insurance,4680,Gladstone QLD,L-P,Home,830514,,3294.4,2025-09-12,2026-09-12
POL-002989,Outback Assurance Group,4825,Cloncurry QLD,B-F,Home,343994,Roof Tie-Down,575.12,2024-05-19,2025-05-19
POL-002990,Outback Assurance Group,6000,Perth WA,B-F,Home,672090,Shutters Installed,1023.87,2023-11-29,2024-11-28
POL-002991,Northbeam General,6000,Perth WA,B-F,Home,477216,Shutters Installed,800.55,2023-06-06,2024-06-05
POL-002992,Coral Coast Mutual,4700,Rockhampton QLD,Q-S,Strata,12649177,,75742.89,2024-09-14,2025-09-14
POL-002993,Northbeam General,6000,Perth WA,B-F,Strata,13246656,Shutters Installed,21718.79,2024-08-02,2025-08-02
POL-002994,Pacific Rim Insurance,4700,Rockhampton QLD,Q-S,Home,674701,,3997.14,2023-07-07,2024-07-06
POL-002995,Outback Assurance Group,6714,Karratha WA,T-W,Home,658537,,5933.59,2025-07-07,2026-07-07
POL-002996,Outback Assurance Group,4350,Toowoomba QLD,B-F,Home,807394,,1324.09,2024-02-11,2025-02-10
POL-002997,Pacific Rim Insurance,6000,Perth WA,B-F,Home,759153,Shutters Installed,1200.76,2023-08-23,2024-08-22
POL-002998,Southern Cross Insurance,6721,Port Hedland WA,T-W,SME,1758781,,15533.81,2025-06-28,2026-06-28
POL-002999,Outback Assurance Group,4350,Toowoomba QLD,B-F,SME,640467,Roof Tie-Down,981.62,2023-10-21,2024-10-20
POL-003000,Coral Coast Mutual,4350,Toowoomba QLD,B-F,Home,633123,,1113.66,2023-11-18,2024-11-17
POL-003001,Southern Cross Insurance,850,Alice Springs NT,B-F,Home,846301,Shutters Installed,1184.19,2023-06-28,2024-06-27
POL-003002,Coral Coast Mutual,4680,Gladstone QLD,L-P,Home,530670,,2038.04,2024-08-02,2025-08-02
POL-003003,Pacific Rim Insurance,6714,Karratha WA,T-W,Home,345760,Roof Tie-Down,2834.58,2024-01-20,2025-01-19
POL-003004,Southern Cross Insurance,4703,Rockhampton QLD,Q-S,Home,770776,,4867.51,2023-07-09,2024-07-08
POL-003005,Northbeam General,850,Alice Springs NT,B-F,SME,476169,,814.87,2024-03-21,2025-03-21
POL-003006,Southern Cross Insurance,4870,Cairns QLD,T-W,Home,770230,,6726.09,2025-01-16,2026-01-16
POL-003007,Outback Assurance Group,810,Darwin NT,T-W,Home,849338,,7655.03,2025-01-03,2026-01-03
POL-003008,Pacific Rim Insurance,4810,Townsville QLD,T-W,Home,725952,,6766.87,2024-08-02,2025-08-02
POL-003009,Southern Cross Insurance,850,Alice Springs NT,B-F,Home,764378,Roof Tie-Down,1261.47,2023-08-25,2024-08-24
POL-003010,Southern Cross Insurance,4810,Townsville QLD,T-W,Strata,9345889,Roof Tie-Down,77762.8,2024-11-22,2025-11-22
POL-003011,Pacific Rim Insurance,4737,Bowen QLD,Q-S,Strata,10898935,,71335.65,2024-05-01,2025-05-01
POL-003012,Pacific Rim Insurance,4879,Innisfail QLD,T-W,Home,468108,,4838.99,2024-12-02,2025-12-02
POL-003013,Southern Cross Insurance,6721,Port Hedland WA,T-W,Home,650798,,5970.91,2023-07-12,2024-07-11
POL-003014,Northbeam General,4720,Charters Towers QLD,L-P,SME,1804551,,7096.61,2023-05-08,2024-05-07
POL-003015,Coral Coast Mutual,4740,Mackay QLD,Q-S,Home,619070,,4299.33,2025-03-04,2026-03-04
POL-003016,Coral Coast Mutual,850,Alice Springs NT,B-F,SME,1586100,Shutters Installed,2457.33,2024-04-12,2025-04-12
POL-003017,Outback Assurance Group,850,Alice Springs NT,B-F,Home,397094,Roof Tie-Down,597.94,2024-07-28,2025-07-28
POL-003018,Pacific Rim Insurance,4655,Hervey Bay QLD,L-P,Home,706401,,2964.76,2023-11-01,2024-10-31
POL-003019,Outback Assurance Group,4737,Bowen QLD,Q-S,Home,343351,,2195.98,2023-07-26,2024-07-25
POL-003020,Southern Cross Insurance,4680,Gladstone QLD,L-P,Home,519412,,2337.68,2023-02-03,2024-02-03
POL-003021,Pacific Rim Insurance,4879,Innisfail QLD,T-W,Home,481306,Shutters Installed,3863.43,2023-02-08,2024-02-08
POL-003022,Outback Assurance Group,4655,Hervey Bay QLD,L-P,Strata,12342460,,48587.77,2024-04-20,2025-04-20
POL-003023,Outback Assurance Group,4825,Mount Isa QLD,B-F,Home,625488,,1044.22,2024-12-13,2025-12-13
POL-003024,Southern Cross Insurance,4350,Toowoomba QLD,B-F,Home,638981,Roof Tie-Down,995.94,2025-01-06,2026-01-06
POL-003025,Northbeam General,4700,Rockhampton QLD,Q-S,Home,804713,Roof Tie-Down,4144.69,2024-02-28,2025-02-27
POL-003026,Pacific Rim Insurance,4879,Innisfail QLD,T-W,Home,579267,,5628.6,2025-07-27,2026-07-27
POL-003027,Coral Coast Mutual,4810,Townsville QLD,T-W,SME,1806766,,17547.81,2023-12-24,2024-12-23
POL-003028,Coral Coast Mutual,4879,Innisfail QLD,T-W,SME,1785829,Shutters Installed,15152.32,2025-06-14,2026-06-14
POL-003029,Pacific Rim Insurance,4350,Toowoomba QLD,B-F,Home,326539,Shutters Installed,528.75,2023-11-09,2024-11-08
POL-003030,Northbeam General,800,Darwin NT,T-W,Home,867703,,7822.1,2024-09-14,2025-09-14
POL-003031,Outback Assurance Group,6000,Perth WA,B-F,Home,487413,,890.49,2023-10-04,2024-10-03
POL-003032,Southern Cross Insurance,6000,Perth WA,B-F,Home,838625,,1410.3,2023-08-18,2024-08-17
POL-003033,Northbeam General,4802,Townsville QLD,T-W,Home,884848,Elevated Slab,7463.75,2025-01-10,2026-01-10
POL-003034,Coral Coast Mutual,4802,Townsville QLD,T-W,SME,2591041,,25021.71,2025-08-14,2026-08-14
POL-003035,Pacific Rim Insurance,800,Darwin NT,T-W,Home,258363,Roof Tie-Down,2293.95,2025-02-17,2026-02-17
POL-003036,Southern Cross Insurance,4737,Bowen QLD,Q-S,Home,370736,,2583.49,2025-02-18,2026-02-18
POL-003037,Outback Assurance Group,850,Alice Springs NT,B-F,Home,793762,,1385.26,2023-10-21,2024-10-20
POL-003038,Southern Cross Insurance,4680,Gladstone QLD,L-P,Home,388319,,1748.09,2023-05-09,2024-05-08
POL-003039,Outback Assurance Group,4350,Toowoomba QLD,B-F,Home,844212,Shutters Installed,1274.29,2023-11-08,2024-11-07
POL-003040,Northbeam General,4825,Mount Isa QLD,B-F,Home,844095,,1384.03,2023-01-29,2024-01-29
POL-003041,Coral Coast Mutual,4680,Gladstone QLD,L-P,Home,463951,,2039.73,2024-04-17,2025-04-17
POL-003042,Pacific Rim Insurance,4655,Hervey Bay QLD,L-P,SME,2895214,,11896.29,2023-12-05,2024-12-04
POL-003043,Southern Cross Insurance,6714,Karratha WA,T-W,Home,252429,,2424.64,2024-03-16,2025-03-16
POL-003044,Coral Coast Mutual,4802,Townsville QLD,T-W,Home,523774,,5180.68,2024-07-19,2025-07-19
POL-003045,Northbeam General,4703,Rockhampton QLD,Q-S,Home,656728,Shutters Installed,3426.16,2023-03-16,2024-03-15
POL-003046,Northbeam General,4825,Cloncurry QLD,B-F,Home,464647,Roof Tie-Down,681.99,2023-07-07,2024-07-06
POL-003047,Northbeam General,4879,Innisfail QLD,T-W,Home,392325,,3379.34,2023-09-12,2024-09-11
POL-003048,Southern Cross Insurance,6721,Port Hedland WA,T-W,Home,676327,Roof Tie-Down,5142.3,2023-04-21,2024-04-20
POL-003049,Outback Assurance Group,6721,Port Hedland WA,T-W,Home,857592,,8009.74,2025-01-29,2026-01-29
POL-003050,Northbeam General,4825,Cloncurry QLD,B-F,SME,1716141,Roof Tie-Down,2736.37,2025-07-07,2026-07-07
POL-003051,Southern Cross Insurance,4802,Townsville QLD,T-W,SME,2843461,Elevated Slab,25069.97,2023-06-06,2024-06-05
POL-003052,Coral Coast Mutual,850,Alice Springs NT,B-F,Home,738443,Shutters Installed,1076.38,2023-02-08,2024-02-08
POL-003053,Coral Coast Mutual,4703,Rockhampton QLD,Q-S,SME,1357898,Roof Tie-Down,7557.25,2025-03-21,2026-03-21
POL-003054,Outback Assurance Group,4740,Mackay QLD,Q-S,Home,889109,,6292.77,2024-03-08,2025-03-08
POL-003055,Pacific Rim Insurance,6714,Karratha WA,T-W,Home,417230,,3725.05,2023-05-17,2024-05-16
POL-003056,Outback Assurance Group,810,Darwin NT,T-W,Home,392912,Shutters Installed,2865.79,2023-12-05,2024-12-04
POL-003057,Northbeam General,4802,Townsville QLD,T-W,Strata,2167114,Shutters Installed,16553.5,2023-08-13,2024-08-12
POL-003058,Outback Assurance Group,6000,Perth WA,B-F,Home,378823,Elevated Slab,599.34,2024-03-14,2025-03-14
POL-003059,Pacific Rim Insurance,4680,Gladstone QLD,L-P,Strata,9161659,Roof Tie-Down,30365.26,2024-05-04,2025-05-04
POL-003060,Northbeam General,4810,Townsville QLD,T-W,Home,511224,,5243.84,2023-02-28,2024-02-28
POL-003061,Northbeam General,6000,Perth WA,B-F,Home,332042,Shutters Installed,552.89,2023-06-27,2024-06-26
POL-003062,Northbeam General,4802,Townsville QLD,T-W,Home,761323,Shutters Installed,5742.71,2023-01-30,2024-01-30
POL-003063,Coral Coast Mutual,6000,Perth WA,B-F,SME,952851,,1559.63,2024-07-07,2025-07-07
POL-003064,Southern Cross Insurance,4737,Bowen QLD,Q-S,Home,859775,,5934.47,2025-03-27,2026-03-27
POL-003065,Coral Coast Mutual,4825,Mount Isa QLD,B-F,Home,421344,Roof Tie-Down,665.53,2023-05-16,2024-05-15
POL-003066,Pacific Rim Insurance,4740,Mackay QLD,Q-S,SME,2134710,Roof Tie-Down,12776.24,2023-09-23,2024-09-22
POL-003067,Outback Assurance Group,4737,Bowen QLD,Q-S,SME,2397692,,16028.21,2024-12-08,2025-12-08
POL-003068,Coral Coast Mutual,6714,Karratha WA,T-W,SME,2919603,Elevated Slab,25630.26,2023-07-07,2024-07-06
POL-003069,Outback Assurance Group,4740,Mackay QLD,Q-S,Home,488435,,3198.21,2025-07-31,2026-07-31
POL-003070,Southern Cross Insurance,810,Darwin NT,T-W,SME,1022174,,9398.9,2025-06-12,2026-06-12
POL-003071,Outback Assurance Group,4700,Rockhampton QLD,Q-S,Home,863346,,5928.19,2023-12-18,2024-12-17
POL-003072,Northbeam General,4655,Hervey Bay QLD,L-P,SME,1468383,Shutters Installed,5677.08,2025-01-12,2026-01-12
POL-003073,Southern Cross Insurance,4350,Toowoomba QLD,B-F,Home,723295,,1321.04,2025-08-21,2026-08-21
POL-003074,Pacific Rim Insurance,4700,Rockhampton QLD,Q-S,Home,299436,Roof Tie-Down,1528.39,2024-04-13,2025-04-13
POL-003075,Pacific Rim Insurance,4740,Mackay QLD,Q-S,Home,829651,Shutters Installed,4506.75,2025-07-29,2026-07-29
POL-003076,Outback Assurance Group,4740,Mackay QLD,Q-S,SME,710101,,4573.58,2023-02-20,2024-02-20
POL-003077,Southern Cross Insurance,6721,Port Hedland WA,T-W,SME,1345963,,13037.94,2023-12-27,2024-12-26
POL-003078,Coral Coast Mutual,4802,Townsville QLD,T-W,Strata,13650852,,125921.24,2024-09-04,2025-09-04
POL-003079,Outback Assurance Group,800,Darwin NT,T-W,Home,399007,Roof Tie-Down,3483.17,2025-08-26,2026-08-26
POL-003080,Coral Coast Mutual,6000,Perth WA,B-F,Home,440618,,739.74,2024-01-05,2025-01-04
POL-003081,Coral Coast Mutual,810,Darwin NT,T-W,Home,645191,Elevated Slab,5396.56,2024-12-02,2025-12-02
POL-003082,Southern Cross Insurance,4802,Townsville QLD,T-W,SME,1206806,Elevated Slab,10541.65,2025-01-27,2026-01-27
POL-003083,Southern Cross Insurance,4825,Cloncurry QLD,B-F,SME,1615915,Shutters Installed,2370.7,2024-03-29,2025-03-29
POL-003084,Coral Coast Mutual,6721,Port Hedland WA,T-W,Home,783279,,7588.81,2025-08-02,2026-08-02
POL-003085,Pacific Rim Insurance,4870,Cairns QLD,T-W,Home,424283,Roof Tie-Down,3090.55,2024-01-19,2025-01-18
POL-003086,Coral Coast Mutual,4655,Hervey Bay QLD,L-P,SME,699353,,3003.12,2025-06-14,2026-06-14
POL-003087,Northbeam General,4703,Rockhampton QLD,Q-S,SME,1479524,Elevated Slab,8376.95,2025-07-14,2026-07-14
POL-003088,Coral Coast Mutual,4655,Hervey Bay QLD,L-P,Home,417728,,1911.53,2024-09-04,2025-09-04
POL-003089,Northbeam General,4879,Innisfail QLD,T-W,Home,772199,Roof Tie-Down,6203.29,2025-03-24,2026-03-24
POL-003090,Outback Assurance Group,4700,Rockhampton QLD,Q-S,Strata,2294219,,14668.94,2025-06-26,2026-06-26
POL-003091,Coral Coast Mutual,4680,Gladstone QLD,L-P,Home,883954,Roof Tie-Down,2924.6,2024-10-31,2025-10-31
POL-003092,Coral Coast Mutual,4802,Townsville QLD,T-W,SME,2885247,Roof Tie-Down,22300.44,2023-03-15,2024-03-14
POL-003093,Pacific Rim Insurance,4879,Innisfail QLD,T-W,Home,583180,Roof Tie-Down,4535.7,2024-11-11,2025-11-11
POL-003094,Pacific Rim Insurance,4655,Hervey Bay QLD,L-P,Home,411658,Shutters Installed,1512.46,2023-06-26,2024-06-25
POL-003095,Coral Coast Mutual,6721,Port Hedland WA,T-W,SME,579287,,5427.79,2023-03-19,2024-03-18
POL-003096,Northbeam General,6000,Perth WA,B-F,Home,828001,Roof Tie-Down,1226.21,2023-07-19,2024-07-18
POL-003097,Pacific Rim Insurance,800,Darwin NT,T-W,Home,292412,,2524.35,2024-08-10,2025-08-10
POL-003098,Southern Cross Insurance,4350,Toowoomba QLD,B-F,SME,751096,Roof Tie-Down,1074.89,2023-06-05,2024-06-04
POL-003099,Southern Cross Insurance,4700,Rockhampton QLD,Q-S,SME,1641818,Elevated Slab,9091.66,2025-07-22,2026-07-22
POL-003100,Outback Assurance Group,4680,Gladstone QLD,L-P,Home,819838,,3386.27,2024-05-26,2025-05-26
POL-003101,Coral Coast Mutual,6721,Port Hedland WA,T-W,SME,2844646,Roof Tie-Down,21177.6,2023-12-01,2024-11-30
POL-003102,Southern Cross Insurance,4825,Cloncurry QLD,B-F,Home,570439,Elevated Slab,916.42,2025-05-07,2026-05-07
POL-003103,Outback Assurance Group,4740,Mackay QLD,Q-S,SME,2507537,Roof Tie-Down,15005.6,2024-05-24,2025-05-24
POL-003104,Outback Assurance Group,4720,Charters Towers QLD,L-P,Home,796078,,3228.04,2025-01-24,2026-01-24
POL-003105,Pacific Rim Insurance,4655,Hervey Bay QLD,L-P,Home,575889,,2551.8,2023-05-02,2024-05-01
POL-003106,Outback Assurance Group,4879,Innisfail QLD,T-W,SME,1156201,Shutters Installed,8611.44,2023-05-25,2024-05-24
POL-003107,Southern Cross Insurance,810,Darwin NT,T-W,Home,267938,Roof Tie-Down,2079.5,2023-03-07,2024-03-06
POL-003108,Coral Coast Mutual,6721,Port Hedland WA,T-W,Home,477497,Shutters Installed,4083.93,2023-04-26,2024-04-25
POL-003109,Southern Cross Insurance,850,Alice Springs NT,B-F,Strata,11535363,,21895.21,2024-12-17,2025-12-17
POL-003110,Pacific Rim Insurance,4825,Mount Isa QLD,B-F,Home,410876,,787.71,2024-02-21,2025-02-20
POL-003111,Northbeam General,4810,Townsville QLD,T-W,Home,853316,,8415.61,2023-04-09,2024-04-08
POL-003112,Outback Assurance Group,4720,Charters Towers QLD,L-P,SME,2704991,Roof Tie-Down,8729.57,2023-08-13,2024-08-12
POL-003113,Southern Cross Insurance,4879,Innisfail QLD,T-W,Home,426256,,4216.46,2023-03-05,2024-03-04
POL-003114,Outback Assurance Group,4680,Gladstone QLD,L-P,Strata,11046968,,44881.56,2024-07-11,2025-07-11
POL-003115,Coral Coast Mutual,4703,Rockhampton QLD,Q-S,SME,594671,Roof Tie-Down,3171.64,2023-07-03,2024-07-02
POL-003116,Coral Coast Mutual,4350,Toowoomba QLD,B-F,SME,2706168,,5075.48,2025-08-15,2026-08-15
POL-003117,Pacific Rim Insurance,4825,Cloncurry QLD,B-F,SME,2983458,,5016.77,2025-03-08,2026-03-08
POL-003118,Outback Assurance Group,4810,Townsville QLD,T-W,Home,809920,,7998.17,2023-06-17,2024-06-16
POL-003119,Northbeam General,4879,Innisfail QLD,T-W,Strata,4974774,,50510.32,2025-06-29,2026-06-29
POL-003120,Outback Assurance Group,4720,Charters Towers QLD,L-P,Home,463748,Elevated Slab,1561.04,2024-05-10,2025-05-10
POL-003121,Outback Assurance Group,4825,Mount Isa QLD,B-F,Home,818675,,1595.35,2025-02-07,2026-02-07
POL-003122,Southern Cross Insurance,4700,Rockhampton QLD,Q-S,Home,705138,Roof Tie-Down,3936.52,2025-09-15,2026-09-15
POL-003123,Northbeam General,4870,Cairns QLD,T-W,Strata,13137118,Roof Tie-Down,106206.16,2023-06-10,2024-06-09
POL-003124,Northbeam General,4350,Toowoomba QLD,B-F,SME,2667290,Roof Tie-Down,4365.93,2025-01-18,2026-01-18
POL-003125,Pacific Rim Insurance,4680,Gladstone QLD,L-P,SME,2916945,,12810.61,2023-03-06,2024-03-05
POL-003126,Outback Assurance Group,850,Alice Springs NT,B-F,Home,270745,,478.18,2025-07-06,2026-07-06
POL-003127,Coral Coast Mutual,850,Alice Springs NT,B-F,Home,693014,,1311.17,2025-01-10,2026-01-10
POL-003128,Coral Coast Mutual,4802,Townsville QLD,T-W,Home,814371,,7771.57,2025-05-26,2026-05-26
POL-003129,Outback Assurance Group,4350,Toowoomba QLD,B-F,SME,2359112,,4337.02,2025-09-06,2026-09-06
POL-003130,Outback Assurance Group,800,Darwin NT,T-W,Home,366044,,3374.73,2024-08-30,2025-08-30
POL-003131,Outback Assurance Group,4802,Townsville QLD,T-W,SME,2669193,,26335.01,2023-12-25,2024-12-24
POL-003132,Coral Coast Mutual,4700,Rockhampton QLD,Q-S,SME,1031977,Roof Tie-Down,5931.44,2024-01-21,2025-01-20
POL-003133,Southern Cross Insurance,4655,Hervey Bay QLD,L-P,Home,891346,,4020.59,2024-08-11,2025-08-11
POL-003134,Northbeam General,810,Darwin NT,T-W,Home,896701,Shutters Installed,7251.33,2024-08-02,2025-08-02
POL-003135,Outback Assurance Group,6714,Karratha WA,T-W,Home,706293,,6881.92,2023-01-10,2024-01-10
POL-003136,Outback Assurance Group,6721,Port Hedland WA,T-W,SME,2949422,,25343.5,2023-10-02,2024-10-01
POL-003137,Southern Cross Insurance,810,Darwin NT,T-W,SME,2875753,Elevated Slab,25490.29,2023-11-08,2024-11-07
POL-003138,Pacific Rim Insurance,4737,Bowen QLD,Q-S,Home,272642,Elevated Slab,1525.16,2024-07-20,2025-07-20
POL-003139,Pacific Rim Insurance,4737,Bowen QLD,Q-S,Home,517292,,3402.18,2024-12-03,2025-12-03
POL-003140,Pacific Rim Insurance,4802,Townsville QLD,T-W,Home,783786,Shutters Installed,5941.15,2024-09-14,2025-09-14
POL-003141,Coral Coast Mutual,6721,Port Hedland WA,T-W,Home,553012,,5609.7,2024-06-15,2025-06-15
POL-003142,Coral Coast Mutual,4703,Rockhampton QLD,Q-S,Home,809119,,4845.7,2024-01-25,2025-01-24
POL-003143,Northbeam General,4802,Townsville QLD,T-W,Home,581388,Shutters Installed,4234.51,2024-09-11,2025-09-11
POL-003144,Southern Cross Insurance,4720,Charters Towers QLD,L-P,SME,1770140,,8125.79,2023-05-02,2024-05-01
POL-003145,Pacific Rim Insurance,4700,Rockhampton QLD,Q-S,Home,290983,,1852.32,2023-10-24,2024-10-23
POL-003146,Coral Coast Mutual,4810,Townsville QLD,T-W,Strata,11132915,Roof Tie-Down,84129.36,2024-07-01,2025-07-01
POL-003147,Pacific Rim Insurance,4680,Gladstone QLD,L-P,Home,250571,,1064.24,2024-07-06,2025-07-06
POL-003148,Pacific Rim Insurance,4825,Cloncurry QLD,B-F,Home,293147,,509.71,2023-11-09,2024-11-08
POL-003149,Southern Cross Insurance,4825,Cloncurry QLD,B-F,Home,746738,,1280.12,2025-05-25,2026-05-25
POL-003150,Outback Assurance Group,4825,Cloncurry QLD,B-F,Home,498053,,809.46,2025-08-05,2026-08-05
POL-003151,Outback Assurance Group,4680,Gladstone QLD,L-P,Strata,5571098,Roof Tie-Down,18082.61,2023-12-20,2024-12-19
POL-003152,Southern Cross Insurance,4655,Hervey Bay QLD,L-P,Home,875412,,3570.76,2023-07-28,2024-07-27
POL-003153,Outback Assurance Group,4680,Gladstone QLD,L-P,Home,523740,Roof Tie-Down,1969.69,2023-07-16,2024-07-15
POL-003154,Southern Cross Insurance,4825,Cloncurry QLD,B-F,SME,1633921,,2901.06,2024-08-06,2025-08-06
POL-003155,Outback Assurance Group,4720,Charters Towers QLD,L-P,SME,481812,,2085.79,2024-06-27,2025-06-27
POL-003156,Northbeam General,4700,Rockhampton QLD,Q-S,Home,286615,,1688.33,2024-10-08,2025-10-08
POL-003157,Coral Coast Mutual,4879,Innisfail QLD,T-W,Home,299917,,2695.88,2025-07-29,2026-07-29
POL-003158,Outback Assurance Group,6721,Port Hedland WA,T-W,Strata,12090706,Shutters Installed,99493.44,2023-02-14,2024-02-14
POL-003159,Outback Assurance Group,850,Alice Springs NT,B-F,Home,692435,Shutters Installed,1071.85,2025-08-09,2026-08-09
POL-003160,Northbeam General,4680,Gladstone QLD,L-P,Home,646183,,2519.52,2025-03-07,2026-03-07
POL-003161,Northbeam General,800,Darwin NT,T-W,Home,876373,Shutters Installed,6986.4,2024-05-04,2025-05-04
POL-003162,Southern Cross Insurance,6714,Karratha WA,T-W,Strata,5090980,,52610.12,2023-07-05,2024-07-04
POL-003163,Coral Coast Mutual,4810,Townsville QLD,T-W,Home,559220,Shutters Installed,4461.13,2023-01-31,2024-01-31
POL-003164,Coral Coast Mutual,850,Alice Springs NT,B-F,Home,568320,,1031.4,2024-12-02,2025-12-02
POL-003165,Northbeam General,4680,Gladstone QLD,L-P,Home,592105,,2323.07,2025-05-18,2026-05-18
POL-003166,Coral Coast Mutual,4825,Cloncurry QLD,B-F,Home,335810,Roof Tie-Down,562.03,2023-10-22,2024-10-21
POL-003167,Northbeam General,4680,Gladstone QLD,L-P,Home,874880,Roof Tie-Down,2846.19,2025-01-28,2026-01-28
POL-003168,Outback Assurance Group,4655,Hervey Bay QLD,L-P,Home,345844,Roof Tie-Down,1340.97,2023-03-11,2024-03-10
POL-003169,Northbeam General,4350,Toowoomba QLD,B-F,Strata,12625133,,24861.01,2024-05-21,2025-05-21
POL-003170,Coral Coast Mutual,4879,Innisfail QLD,T-W,SME,2688319,,26721.52,2024-09-24,2025-09-24
POL-003171,Pacific Rim Insurance,4825,Cloncurry QLD,B-F,Home,831061,,1443.47,2023-07-05,2024-07-04
POL-003172,Southern Cross Insurance,6721,Port Hedland WA,T-W,Home,396740,,3929.44,2023-11-17,2024-11-16
POL-003173,Outback Assurance Group,4655,Hervey Bay QLD,L-P,Home,763019,,3120.23,2023-03-28,2024-03-27
POL-003174,Coral Coast Mutual,4825,Mount Isa QLD,B-F,Home,804794,,1550.52,2023-02-18,2024-02-18
POL-003175,Northbeam General,6721,Port Hedland WA,T-W,Home,726166,Shutters Installed,5637.75,2024-04-27,2025-04-27
POL-003176,Pacific Rim Insurance,4680,Gladstone QLD,L-P,Home,398002,Elevated Slab,1363.34,2025-06-13,2026-06-13
POL-003177,Coral Coast Mutual,6721,Port Hedland WA,T-W,Home,733649,,6438.69,2024-08-17,2025-08-17
POL-003178,Northbeam General,4802,Townsville QLD,T-W,Home,882327,Shutters Installed,6701.83,2023-12-08,2024-12-07
POL-003179,Outback Assurance Group,850,Alice Springs NT,B-F,Home,454719,Roof Tie-Down,643.51,2023-08-11,2024-08-10
POL-003180,Pacific Rim Insurance,4825,Mount Isa QLD,B-F,SME,1243219,Roof Tie-Down,1803.08,2024-10-21,2025-10-21
POL-003181,Pacific Rim Insurance,4810,Townsville QLD,T-W,Strata,2628047,Elevated Slab,21276.57,2024-06-02,2025-06-02
POL-003182,Pacific Rim Insurance,4700,Rockhampton QLD,Q-S,SME,1879022,,12932.79,2024-05-06,2025-05-06
POL-003183,Southern Cross Insurance,850,Alice Springs NT,B-F,Home,831804,Shutters Installed,1256.06,2023-11-20,2024-11-19
POL-003184,Northbeam General,6714,Karratha WA,T-W,Home,570580,Elevated Slab,4523.2,2025-05-01,2026-05-01
POL-003185,Pacific Rim Insurance,6714,Karratha WA,T-W,SME,2546887,,22017.85,2024-06-08,2025-06-08
POL-003186,Outback Assurance Group,800,Darwin NT,T-W,Home,447123,,4071.42,2025-06-09,2026-06-09
POL-003187,Outback Assurance Group,850,Alice Springs NT,B-F,Home,647305,,1266.17,2024-08-29,2025-08-29
POL-003188,Northbeam General,4802,Townsville QLD,T-W,Strata,5766214,,51600.76,2024-02-10,2025-02-09
POL-003189,Coral Coast Mutual,4802,Townsville QLD,T-W,Home,644338,Shutters Installed,5337.38,2024-03-16,2025-03-16
POL-003190,Southern Cross Insurance,6714,Karratha WA,T-W,Home,864294,,8687.51,2024-12-07,2025-12-07
POL-003191,Southern Cross Insurance,800,Darwin NT,T-W,Home,606813,,5741.31,2024-08-14,2025-08-14
POL-003192,Southern Cross Insurance,4825,Cloncurry QLD,B-F,Strata,13471557,,25261.77,2023-06-17,2024-06-16
POL-003193,Northbeam General,4825,Mount Isa QLD,B-F,Home,797427,Elevated Slab,1168.94,2023-10-22,2024-10-21
POL-003194,Pacific Rim Insurance,6721,Port Hedland WA,T-W,Home,789596,,7915.94,2023-11-01,2024-10-31
POL-003195,Coral Coast Mutual,4810,Townsville QLD,T-W,SME,2237274,,19854.29,2025-07-21,2026-07-21
POL-003196,Pacific Rim Insurance,850,Alice Springs NT,B-F,Home,615459,,1164.16,2023-05-10,2024-05-09
POL-003197,Pacific Rim Insurance,800,Darwin NT,T-W,SME,1001711,Roof Tie-Down,7395.54,2025-02-02,2026-02-02
POL-003198,Pacific Rim Insurance,4737,Bowen QLD,Q-S,SME,710289,,4912.36,2023-11-03,2024-11-02
POL-003199,Southern Cross Insurance,4825,Cloncurry QLD,B-F,Home,723802,,1406.74,2024-04-18,2025-04-18
POL-003200,Southern Cross Insurance,6714,Karratha WA,T-W,SME,1501810,,15481.16,2025-04-10,2026-04-10
POL-003201,Pacific Rim Insurance,6000,Perth WA,B-F,SME,2481799,Shutters Installed,3995.02,2023-06-13,2024-06-12
POL-003202,Southern Cross Insurance,4655,Hervey Bay QLD,L-P,Strata,5057231,Roof Tie-Down,18870.8,2024-10-15,2025-10-15
POL-003203,Southern Cross Insurance,4703,Rockhampton QLD,Q-S,Home,705519,Shutters Installed,4170.01,2023-04-27,2024-04-26
POL-003204,Coral Coast Mutual,4802,Townsville QLD,T-W,Home,765568,,7759.15,2023-03-23,2024-03-22
POL-003205,Pacific Rim Insurance,6714,Karratha WA,T-W,Home,273764,,2724.5,2024-09-24,2025-09-24
POL-003206,Northbeam General,4700,Rockhampton QLD,Q-S,SME,2820500,Elevated Slab,14171.4,2023-11-20,2024-11-19
POL-003207,Coral Coast Mutual,4825,Cloncurry QLD,B-F,SME,2854511,,4837.77,2025-04-22,2026-04-22
POL-003208,Outback Assurance Group,4825,Mount Isa QLD,B-F,Home,779103,,1413.17,2023-01-22,2024-01-22
POL-003209,Southern Cross Insurance,4870,Cairns QLD,T-W,SME,1218555,,10711.61,2024-02-09,2025-02-08
POL-003210,Pacific Rim Insurance,800,Darwin NT,T-W,Home,862885,Shutters Installed,6382.25,2023-09-12,2024-09-11
POL-003211,Coral Coast Mutual,810,Darwin NT,T-W,SME,1689219,,14874.18,2025-06-05,2026-06-05
POL-003212,Pacific Rim Insurance,4680,Gladstone QLD,L-P,Home,294315,,1254.41,2024-12-07,2025-12-07
POL-003213,Coral Coast Mutual,6714,Karratha WA,T-W,SME,2506750,,24848.51,2023-02-13,2024-02-13
POL-003214,Outback Assurance Group,6714,Karratha WA,T-W,Home,472484,Roof Tie-Down,3979.09,2023-07-31,2024-07-30
POL-003215,Outback Assurance Group,4825,Mount Isa QLD,B-F,Strata,10907521,,19618.57,2024-01-24,2025-01-23
POL-003216,Pacific Rim Insurance,810,Darwin NT,T-W,Strata,13579753,Roof Tie-Down,106337.84,2025-01-07,2026-01-07
POL-003217,Southern Cross Insurance,4655,Hervey Bay QLD,L-P,Home,503749,Shutters Installed,1905.74,2023-03-03,2024-03-02
POL-003218,Coral Coast Mutual,6714,Karratha WA,T-W,Home,701099,,6114.75,2024-10-10,2025-10-10
POL-003219,Outback Assurance Group,4737,Bowen QLD,Q-S,SME,1802207,Roof Tie-Down,10675.65,2025-04-20,2026-04-20
POL-003220,Southern Cross Insurance,4350,Toowoomba QLD,B-F,Home,624413,,1089.49,2025-06-17,2026-06-17
POL-003221,Pacific Rim Insurance,800,Darwin NT,T-W,Home,893242,Shutters Installed,6553.07,2023-05-18,2024-05-17
POL-003222,Pacific Rim Insurance,4350,Toowoomba QLD,B-F,Home,279541,Roof Tie-Down,458.09,2024-07-11,2025-07-11
POL-003223,Northbeam General,4879,Innisfail QLD,T-W,Strata,8876296,,75971.36,2025-07-25,2026-07-25
POL-003224,Outback Assurance Group,6721,Port Hedland WA,T-W,Home,517268,Roof Tie-Down,3973.46,2025-04-16,2026-04-16
POL-003225,Northbeam General,4825,Mount Isa QLD,B-F,Home,734260,Roof Tie-Down,1226.53,2023-11-28,2024-11-27
POL-003226,Southern Cross Insurance,6714,Karratha WA,T-W,Home,564167,,5262.68,2023-09-29,2024-09-28
POL-003227,Northbeam General,4680,Gladstone QLD,L-P,Strata,13228635,Roof Tie-Down,47794.99,2023-01-02,2024-01-02
POL-003228,Outback Assurance Group,850,Alice Springs NT,B-F,Strata,4394275,Roof Tie-Down,6705.23,2023-08-02,2024-08-01
POL-003229,Coral Coast Mutual,810,Darwin NT,T-W,Strata,3718802,,33656.14,2023-09-23,2024-09-22
POL-003230,Northbeam General,4737,Bowen QLD,Q-S,Home,491085,,3250.77,2025-03-24,2026-03-24
POL-003231,Coral Coast Mutual,4870,Cairns QLD,T-W,Home,297084,,2776.23,2024-02-16,2025-02-15
POL-003232,Pacific Rim Insurance,4810,Townsville QLD,T-W,Home,253768,,2444.39,2023-06-27,2024-06-26
POL-003233,Coral Coast Mutual,4825,Cloncurry QLD,B-F,SME,2973902,Shutters Installed,4558.39,2025-02-22,2026-02-22
POL-003234,Coral Coast Mutual,6714,Karratha WA,T-W,SME,1394593,Elevated Slab,12007.2,2025-02-24,2026-02-24
POL-003235,Northbeam General,4825,Cloncurry QLD,B-F,SME,2459235,,4093.11,2023-09-30,2024-09-29
POL-003236,Southern Cross Insurance,4870,Cairns QLD,T-W,Home,829648,Elevated Slab,7315.56,2023-05-03,2024-05-02
POL-003237,Northbeam General,4655,Hervey Bay QLD,L-P,SME,547282,,2162.09,2025-08-27,2026-08-27
POL-003238,Pacific Rim Insurance,4802,Townsville QLD,T-W,Home,318163,,3026.94,2023-07-30,2024-07-29
POL-003239,Northbeam General,850,Alice Springs NT,B-F,Home,786838,,1337.69,2023-08-28,2024-08-27
POL-003240,Northbeam General,4655,Hervey Bay QLD,L-P,Home,264600,,1184.53,2023-04-07,2024-04-06
POL-003241,Northbeam General,4870,Cairns QLD,T-W,Home,368192,,3807.09,2023-12-24,2024-12-23
POL-003242,Outback Assurance Group,4720,Charters Towers QLD,L-P,SME,497274,,1957.51,2023-05-11,2024-05-10
POL-003243,Northbeam General,810,Darwin NT,T-W,Home,291438,,3003.35,2023-03-11,2024-03-10
POL-003244,Southern Cross Insurance,4350,Toowoomba QLD,B-F,SME,1893589,,3374.52,2023-05-18,2024-05-17
POL-003245,Pacific Rim Insurance,6000,Perth WA,B-F,SME,637385,Roof Tie-Down,1015.63,2024-05-21,2025-05-21
POL-003246,Northbeam General,6000,Perth WA,B-F,Home,533873,Shutters Installed,795.79,2025-03-10,2026-03-10
POL-003247,Southern Cross Insurance,4825,Cloncurry QLD,B-F,Home,756169,Roof Tie-Down,1206.59,2023-11-13,2024-11-12
POL-003248,Pacific Rim Insurance,810,Darwin NT,T-W,Home,738233,Shutters Installed,5398.68,2025-01-17,2026-01-17
POL-003249,Outback Assurance Group,850,Alice Springs NT,B-F,Home,518183,Elevated Slab,850.78,2024-08-11,2025-08-11
POL-003250,Northbeam General,4703,Rockhampton QLD,Q-S,Home,770103,Elevated Slab,4545.83,2025-03-23,2026-03-23
POL-003251,Southern Cross Insurance,4700,Rockhampton QLD,Q-S,Home,474379,Shutters Installed,2449.22,2023-04-13,2024-04-12
POL-003252,Outback Assurance Group,4825,Cloncurry QLD,B-F,SME,1207063,Roof Tie-Down,1774.96,2024-06-22,2025-06-22
POL-003253,Outback Assurance Group,800,Darwin NT,T-W,SME,2391837,Shutters Installed,17429.03,2024-07-13,2025-07-13
POL-003254,Pacific Rim Insurance,4737,Bowen QLD,Q-S,SME,1035212,Roof Tie-Down,6038.74,2023-02-02,2024-02-02
POL-003255,Pacific Rim Insurance,6714,Karratha WA,T-W,SME,2136880,Shutters Installed,18019.51,2023-03-13,2024-03-12
POL-003256,Outback Assurance Group,4680,Gladstone QLD,L-P,Home,861731,,3279.91,2023-12-14,2024-12-13
POL-003257,Coral Coast Mutual,850,Alice Springs NT,B-F,Home,350432,Roof Tie-Down,535.62,2023-05-20,2024-05-19
POL-003258,Southern Cross Insurance,4802,Townsville QLD,T-W,Strata,9740921,Roof Tie-Down,74193.12,2024-04-17,2025-04-17
POL-003259,Southern Cross Insurance,4703,Rockhampton QLD,Q-S,SME,2293606,Roof Tie-Down,11840.03,2023-04-06,2024-04-05
POL-003260,Southern Cross Insurance,4703,Rockhampton QLD,Q-S,Home,293260,Elevated Slab,1699.09,2024-04-28,2025-04-28
POL-003261,Coral Coast Mutual,4655,Hervey Bay QLD,L-P,Home,276163,Roof Tie-Down,1045.9,2023-09-17,2024-09-16
POL-003262,Pacific Rim Insurance,6000,Perth WA,B-F,SME,2480282,,4117.13,2023-06-21,2024-06-20
POL-003263,Southern Cross Insurance,4825,Mount Isa QLD,B-F,Home,519311,Roof Tie-Down,763.78,2024-02-21,2025-02-20
POL-003264,Northbeam General,810,Darwin NT,T-W,SME,1629500,,16585.01,2025-08-11,2026-08-11
POL-003265,Northbeam General,4700,Rockhampton QLD,Q-S,Home,666611,Roof Tie-Down,3326.06,2023-12-17,2024-12-16
POL-003266,Southern Cross Insurance,4703,Rockhampton QLD,Q-S,Strata,3380465,Shutters Installed,17339.48,2025-01-20,2026-01-20
POL-003267,Northbeam General,4802,Townsville QLD,T-W,Home,717746,,7224.75,2024-04-30,2025-04-30
POL-003268,Coral Coast Mutual,4655,Hervey Bay QLD,L-P,Home,441503,Shutters Installed,1551.16,2024-10-02,2025-10-02
POL-003269,Outback Assurance Group,6714,Karratha WA,T-W,Home,743171,,6931.6,2024-10-29,2025-10-29
POL-003270,Northbeam General,4810,Townsville QLD,T-W,SME,501109,,5208.51,2024-11-24,2025-11-24
POL-003271,Southern Cross Insurance,6000,Perth WA,B-F,Strata,8024535,,14687.82,2023-12-26,2024-12-25
POL-003272,Pacific Rim Insurance,4655,Hervey Bay QLD,L-P,Home,852902,Roof Tie-Down,3146.81,2023-11-24,2024-11-23
POL-003273,Coral Coast Mutual,4802,Townsville QLD,T-W,Strata,9211972,Roof Tie-Down,74989.1,2024-02-19,2025-02-18
POL-003274,Pacific Rim Insurance,4810,Townsville QLD,T-W,SME,1470802,,13913.85,2024-03-14,2025-03-14
POL-003275,Pacific Rim Insurance,4879,Innisfail QLD,T-W,Home,311643,,3202.11,2024-05-27,2025-05-27
POL-003276,Pacific Rim Insurance,6000,Perth WA,B-F,Home,786002,Shutters Installed,1262.52,2024-03-24,2025-03-24
POL-003277,Pacific Rim Insurance,4825,Mount Isa QLD,B-F,Strata,2545746,Roof Tie-Down,3887.74,2024-09-26,2025-09-26
POL-003278,Pacific Rim Insurance,810,Darwin NT,T-W,Home,302797,Shutters Installed,2397.98,2025-01-24,2026-01-24
POL-003279,Coral Coast Mutual,4703,Rockhampton QLD,Q-S,Home,384068,,2663.01,2025-03-15,2026-03-15
POL-003280,Southern Cross Insurance,4350,Toowoomba QLD,B-F,Home,708276,Shutters Installed,1033.9,2025-08-25,2026-08-25
POL-003281,Outback Assurance Group,4720,Charters Towers QLD,L-P,Home,803421,Shutters Installed,2816.71,2023-10-08,2024-10-07
POL-003282,Northbeam General,4700,Rockhampton QLD,Q-S,Home,426341,,2530.63,2023-06-20,2024-06-19
POL-003283,Southern Cross Insurance,850,Alice Springs NT,B-F,SME,461005,,806.45,2023-12-03,2024-12-02
POL-003284,Outback Assurance Group,4703,Rockhampton QLD,Q-S,SME,486491,Roof Tie-Down,2428.85,2024-06-15,2025-06-15
POL-003285,Southern Cross Insurance,4350,Toowoomba QLD,B-F,SME,2091588,,3729.8,2024-08-30,2025-08-30
POL-003286,Southern Cross Insurance,4810,Townsville QLD,T-W,Home,849509,,8503.1,2024-08-04,2025-08-04
POL-003287,Southern Cross Insurance,800,Darwin NT,T-W,Home,252778,Elevated Slab,1846.51,2025-09-04,2026-09-04
POL-003288,Outback Assurance Group,4655,Hervey Bay QLD,L-P,Home,409664,,1830.84,2023-05-23,2024-05-22
POL-003289,Pacific Rim Insurance,4703,Rockhampton QLD,Q-S,Strata,11763874,,79114.76,2025-08-25,2026-08-25
POL-003290,Coral Coast Mutual,4737,Bowen QLD,Q-S,SME,2028248,,11888.73,2025-03-25,2026-03-25
POL-003291,Pacific Rim Insurance,6721,Port Hedland WA,T-W,Home,336193,,3476.68,2025-06-06,2026-06-06
POL-003292,Pacific Rim Insurance,4879,Innisfail QLD,T-W,Home,506842,Shutters Installed,3716.73,2023-01-24,2024-01-24
POL-003293,Southern Cross Insurance,4802,Townsville QLD,T-W,Home,511138,,4792.26,2025-06-30,2026-06-30
POL-003294,Coral Coast Mutual,4350,Toowoomba QLD,B-F,Strata,3612647,Roof Tie-Down,5553.21,2023-03-29,2024-03-28
POL-003295,Pacific Rim Insurance,4825,Mount Isa QLD,B-F,SME,1949292,,3645.08,2023-12-04,2024-12-03
POL-003296,Northbeam General,810,Darwin NT,T-W,SME,1696232,,14986.47,2023-01-19,2024-01-19
POL-003297,Northbeam General,6000,Perth WA,B-F,SME,686947,,1202.63,2023-11-28,2024-11-27
POL-003298,Pacific Rim Insurance,6000,Perth WA,B-F,Home,587276,Roof Tie-Down,876.08,2024-08-11,2025-08-11
POL-003299,Outback Assurance Group,4810,Townsville QLD,T-W,Home,536615,,5468.18,2024-03-18,2025-03-18
POL-003300,Southern Cross Insurance,810,Darwin NT,T-W,SME,2709117,Roof Tie-Down,20292.06,2025-06-21,2026-06-21
POL-003301,Northbeam General,810,Darwin NT,T-W,SME,784207,,7731.16,2023-06-05,2024-06-04
POL-003302,Outback Assurance Group,4350,Toowoomba QLD,B-F,Home,553023,,1088.64,2023-06-02,2024-06-01
POL-003303,Coral Coast Mutual,810,Darwin NT,T-W,Home,323429,Shutters Installed,2610.06,2024-12-06,2025-12-06
POL-003304,Outback Assurance Group,810,Darwin NT,T-W,Home,625926,,6109.43,2023-07-17,2024-07-16
POL-003305,Southern Cross Insurance,6721,Port Hedland WA,T-W,Home,611172,,6381.81,2023-01-18,2024-01-18
POL-003306,Coral Coast Mutual,6721,Port Hedland WA,T-W,Home,837216,,8670.04,2024-07-18,2025-07-18
POL-003307,Coral Coast Mutual,800,Darwin NT,T-W,Home,322816,,3145.47,2025-03-16,2026-03-16
POL-003308,Southern Cross Insurance,4680,Gladstone QLD,L-P,Home,666895,Shutters Installed,2197.22,2023-02-02,2024-02-02
POL-003309,Southern Cross Insurance,4737,Bowen QLD,Q-S,Home,527350,Shutters Installed,2870.76,2023-01-25,2024-01-25
POL-003310,Southern Cross Insurance,4825,Mount Isa QLD,B-F,Home,400286,Shutters Installed,607.33,2023-01-31,2024-01-31
POL-003311,Outback Assurance Group,4700,Rockhampton QLD,Q-S,Home,845379,,5753.24,2025-08-05,2026-08-05
POL-003312,Coral Coast Mutual,4825,Mount Isa QLD,B-F,Home,527339,Roof Tie-Down,878.88,2025-01-02,2026-01-02
POL-003313,Coral Coast Mutual,4870,Cairns QLD,T-W,Home,590894,Elevated Slab,4508.45,2025-04-14,2026-04-14
POL-003314,Northbeam General,6721,Port Hedland WA,T-W,Home,570299,Roof Tie-Down,4748.01,2025-07-04,2026-07-04
POL-003315,Southern Cross Insurance,4737,Bowen QLD,Q-S,Home,564411,Shutters Installed,3045.29,2025-09-16,2026-09-16
POL-003316,Northbeam General,800,Darwin NT,T-W,Home,257176,Shutters Installed,2021.02,2025-01-06,2026-01-06
POL-003317,Outback Assurance Group,6721,Port Hedland WA,T-W,Home,496287,Roof Tie-Down,3887.07,2025-09-11,2026-09-11
POL-003318,Southern Cross Insurance,4825,Mount Isa QLD,B-F,Home,427290,Elevated Slab,609.71,2023-11-22,2024-11-21
POL-003319,Pacific Rim Insurance,810,Darwin NT,T-W,SME,1168702,,10867.83,2023-01-04,2024-01-04
POL-003320,Outback Assurance Group,4655,Hervey Bay QLD,L-P,SME,2024985,,9244.78,2025-08-12,2026-08-12
POL-003321,Outback Assurance Group,810,Darwin NT,T-W,SME,721235,Shutters Installed,6355.58,2024-09-28,2025-09-28
POL-003322,Outback Assurance Group,4879,Innisfail QLD,T-W,SME,1530627,Elevated Slab,13076.95,2023-10-28,2024-10-27
POL-003323,Coral Coast Mutual,4737,Bowen QLD,Q-S,SME,2825067,,16747.33,2023-08-01,2024-07-31
POL-003324,Pacific Rim Insurance,4870,Cairns QLD,T-W,Home,364140,,3671.23,2023-11-07,2024-11-06
POL-003325,Coral Coast Mutual,4802,Townsville QLD,T-W,Home,402645,Shutters Installed,3007.87,2023-11-17,2024-11-16
POL-003326,Outback Assurance Group,4703,Rockhampton QLD,Q-S,Home,689642,Shutters Installed,4098.87,2025-02-10,2026-02-10
POL-003327,Outback Assurance Group,4825,Cloncurry QLD,B-F,Home,341100,Roof Tie-Down,504.79,2024-10-14,2025-10-14
POL-003328,Northbeam General,6000,Perth WA,B-F,Home,421575,,737.12,2024-08-11,2025-08-11
POL-003329,Southern Cross Insurance,4870,Cairns QLD,T-W,Strata,6637428,,66851.89,2024-10-20,2025-10-20
POL-003330,Pacific Rim Insurance,800,Darwin NT,T-W,Home,767008,,7686.04,2024-07-13,2025-07-13
POL-003331,Northbeam General,4825,Mount Isa QLD,B-F,Home,252643,,487.24,2024-03-15,2025-03-15
POL-003332,Pacific Rim Insurance,6721,Port Hedland WA,T-W,Home,551465,,5239.38,2025-06-03,2026-06-03
POL-003333,Pacific Rim Insurance,4700,Rockhampton QLD,Q-S,SME,1562776,,10334.16,2024-03-05,2025-03-05
POL-003334,Southern Cross Insurance,4870,Cairns QLD,T-W,Strata,14987771,Elevated Slab,109366.26,2025-05-17,2026-05-17
POL-003335,Coral Coast Mutual,800,Darwin NT,T-W,Strata,4701095,Roof Tie-Down,40354.25,2024-01-15,2025-01-14
POL-003336,Southern Cross Insurance,4703,Rockhampton QLD,Q-S,SME,1182187,Shutters Installed,6201.26,2023-01-31,2024-01-31
POL-003337,Northbeam General,4655,Hervey Bay QLD,L-P,Home,803535,,3323.47,2025-04-23,2026-04-23
POL-003338,Northbeam General,850,Alice Springs NT,B-F,Home,779778,,1371.33,2023-03-01,2024-02-29
POL-003339,Pacific Rim Insurance,4700,Rockhampton QLD,Q-S,Home,360136,,2385.21,2024-07-17,2025-07-17
POL-003340,Southern Cross Insurance,4810,Townsville QLD,T-W,Home,334076,,2913.14,2023-10-10,2024-10-09
POL-003341,Southern Cross Insurance,4870,Cairns QLD,T-W,Home,747909,,7550.33,2023-09-04,2024-09-03
POL-003342,Outback Assurance Group,850,Alice Springs NT,B-F,SME,2357208,,4465.24,2024-07-22,2025-07-22
POL-003343,Coral Coast Mutual,4740,Mackay QLD,Q-S,SME,2027195,Roof Tie-Down,12060.67,2023-06-09,2024-06-08
POL-003344,Pacific Rim Insurance,4810,Townsville QLD,T-W,Strata,14109098,,134232.84,2023-04-11,2024-04-10
POL-003345,Southern Cross Insurance,6721,Port Hedland WA,T-W,SME,2597326,,23829.03,2024-01-09,2025-01-08
POL-003346,Northbeam General,800,Darwin NT,T-W,Home,607277,,5450.05,2024-06-26,2025-06-26
POL-003347,Outback Assurance Group,800,Darwin NT,T-W,Home,835222,,7979.81,2025-06-07,2026-06-07
POL-003348,Northbeam General,4720,Charters Towers QLD,L-P,SME,2362858,,10119.99,2023-02-27,2024-02-27
POL-003349,Pacific Rim Insurance,4737,Bowen QLD,Q-S,Home,697481,Elevated Slab,3489.41,2024-12-07,2025-12-07
POL-003350,Pacific Rim Insurance,800,Darwin NT,T-W,SME,1048559,,9223.73,2023-07-27,2024-07-26
POL-003351,Pacific Rim Insurance,4802,Townsville QLD,T-W,Home,754492,Elevated Slab,6080.84,2023-05-04,2024-05-03
POL-003352,Pacific Rim Insurance,4703,Rockhampton QLD,Q-S,Home,292276,,1879.81,2024-03-05,2025-03-05
POL-003353,Pacific Rim Insurance,800,Darwin NT,T-W,SME,1602909,Roof Tie-Down,13065.24,2024-11-20,2025-11-20
POL-003354,Coral Coast Mutual,4680,Gladstone QLD,L-P,SME,2499254,,9513.26,2023-06-23,2024-06-22
POL-003355,Northbeam General,6721,Port Hedland WA,T-W,Home,473647,,4838.32,2025-09-14,2026-09-14
POL-003356,Pacific Rim Insurance,4700,Rockhampton QLD,Q-S,Strata,11816016,Roof Tie-Down,59251.97,2024-01-29,2025-01-28
POL-003357,Southern Cross Insurance,4655,Hervey Bay QLD,L-P,Home,522191,,2148.64,2024-04-28,2025-04-28
POL-003358,Southern Cross Insurance,4655,Hervey Bay QLD,L-P,SME,1895300,,7269.78,2024-09-26,2025-09-26
POL-003359,Northbeam General,4350,Toowoomba QLD,B-F,Home,632391,,1183.15,2025-08-20,2026-08-20
POL-003360,Northbeam General,4825,Mount Isa QLD,B-F,Home,676321,,1313.47,2025-04-23,2026-04-23
POL-003361,Southern Cross Insurance,4655,Hervey Bay QLD,L-P,Home,260114,,1030.77,2024-01-08,2025-01-07
POL-003362,Southern Cross Insurance,4720,Charters Towers QLD,L-P,SME,1056579,,4244.21,2023-08-05,2024-08-04
POL-003363,Coral Coast Mutual,4810,Townsville QLD,T-W,Home,393606,Shutters Installed,3043.96,2025-05-25,2026-05-25
POL-003364,Outback Assurance Group,4720,Charters Towers QLD,L-P,Home,566069,Roof Tie-Down,2187.74,2025-01-26,2026-01-26
POL-003365,Southern Cross Insurance,4810,Townsville QLD,T-W,SME,464887,Roof Tie-Down,3616.11,2023-08-23,2024-08-22
POL-003366,Pacific Rim Insurance,810,Darwin NT,T-W,Home,645372,,6101.94,2024-01-09,2025-01-08
POL-003367,Pacific Rim Insurance,4655,Hervey Bay QLD,L-P,SME,1427889,Elevated Slab,4823.4,2025-06-07,2026-06-07
POL-003368,Southern Cross Insurance,6714,Karratha WA,T-W,Home,348012,,2977.58,2023-01-18,2024-01-18
POL-003369,Pacific Rim Insurance,6000,Perth WA,B-F,Strata,14896770,Elevated Slab,25042.2,2024-05-17,2025-05-17
POL-003370,Pacific Rim Insurance,4802,Townsville QLD,T-W,SME,912877,,8360.23,2023-09-10,2024-09-09
POL-003371,Southern Cross Insurance,6714,Karratha WA,T-W,Home,366567,,3229.44,2025-02-27,2026-02-27
POL-003372,Coral Coast Mutual,4737,Bowen QLD,Q-S,Strata,3652229,Shutters Installed,18701.44,2024-08-29,2025-08-29
POL-003373,Southern Cross Insurance,4802,Townsville QLD,T-W,Home,629878,Roof Tie-Down,4841.71,2024-01-21,2025-01-20
POL-003374,Coral Coast Mutual,4810,Townsville QLD,T-W,Home,651974,Shutters Installed,4758.08,2023-10-30,2024-10-29
POL-003375,Outback Assurance Group,4879,Innisfail QLD,T-W,SME,1951102,,19542.69,2024-03-08,2025-03-08
POL-003376,Northbeam General,4737,Bowen QLD,Q-S,Home,712991,Elevated Slab,3625.51,2024-04-16,2025-04-16
POL-003377,Outback Assurance Group,4740,Mackay QLD,Q-S,SME,1916885,,12171.37,2023-09-27,2024-09-26
POL-003378,Northbeam General,4825,Cloncurry QLD,B-F,Strata,10072431,,18727.15,2023-03-04,2024-03-03
POL-003379,Northbeam General,800,Darwin NT,T-W,Home,489359,Shutters Installed,3975.34,2025-03-05,2026-03-05
POL-003380,Outback Assurance Group,4737,Bowen QLD,Q-S,Home,566370,Roof Tie-Down,3131.23,2023-11-29,2024-11-28
POL-003381,Outback Assurance Group,4700,Rockhampton QLD,Q-S,Home,431150,Roof Tie-Down,2302.22,2025-02-28,2026-02-28
POL-003382,Coral Coast Mutual,4720,Charters Towers QLD,L-P,Home,722769,Roof Tie-Down,2418.21,2024-06-12,2025-06-12
POL-003383,Outback Assurance Group,4740,Mackay QLD,Q-S,Home,392718,Elevated Slab,1957.25,2024-10-30,2025-10-30
POL-003384,Pacific Rim Insurance,4703,Rockhampton QLD,Q-S,Home,466559,,3301.37,2023-08-02,2024-08-01
POL-003385,Pacific Rim Insurance,4655,Hervey Bay QLD,L-P,Home,625531,,2681.74,2023-08-12,2024-08-11
POL-003386,Southern Cross Insurance,4879,Innisfail QLD,T-W,SME,2947542,,25493.36,2025-07-06,2026-07-06
POL-003387,Northbeam General,6000,Perth WA,B-F,Home,662493,,1214.27,2023-08-28,2024-08-27
POL-003388,Southern Cross Insurance,4740,Mackay QLD,Q-S,SME,1386991,,8582.17,2023-12-22,2024-12-21
POL-003389,Outback Assurance Group,4720,Charters Towers QLD,L-P,Strata,4429177,,18506.8,2024-08-14,2025-08-14
POL-003390,Southern Cross Insurance,4825,Mount Isa QLD,B-F,Strata,9539211,Shutters Installed,14387.93,2023-09-21,2024-09-20
POL-003391,Outback Assurance Group,6714,Karratha WA,T-W,Home,587294,,5480.53,2023-03-01,2024-02-29
POL-003392,Outback Assurance Group,4720,Charters Towers QLD,L-P,Home,605468,,2463.76,2023-06-12,2024-06-11
POL-003393,Coral Coast Mutual,4825,Mount Isa QLD,B-F,Home,502958,,965.29,2024-06-23,2025-06-23
POL-003394,Outback Assurance Group,810,Darwin NT,T-W,SME,2087960,,20825.73,2023-05-14,2024-05-13
POL-003395,Outback Assurance Group,4703,Rockhampton QLD,Q-S,Home,433963,,3071.07,2023-05-31,2024-05-30
POL-003396,Outback Assurance Group,800,Darwin NT,T-W,Home,737366,Roof Tie-Down,6347.37,2024-10-28,2025-10-28
POL-003397,Coral Coast Mutual,4879,Innisfail QLD,T-W,Home,361786,,3383.99,2023-02-28,2024-02-28
POL-003398,Pacific Rim Insurance,4700,Rockhampton QLD,Q-S,Home,369558,,2300.73,2025-05-07,2026-05-07
POL-003399,Outback Assurance Group,4655,Hervey Bay QLD,L-P,Home,643003,Shutters Installed,2146.64,2023-04-17,2024-04-16
POL-003400,Northbeam General,4802,Townsville QLD,T-W,Home,437874,,3899.55,2025-07-09,2026-07-09
POL-003401,Coral Coast Mutual,4879,Innisfail QLD,T-W,Strata,11220641,,96233.12,2025-06-30,2026-06-30
POL-003402,Southern Cross Insurance,4700,Rockhampton QLD,Q-S,SME,724774,Shutters Installed,3652.43,2024-07-13,2025-07-13
POL-003403,Southern Cross Insurance,4825,Mount Isa QLD,B-F,Home,270265,,527.5,2025-04-05,2026-04-05
POL-003404,Southern Cross Insurance,4655,Hervey Bay QLD,L-P,Strata,2659976,Elevated Slab,10233.34,2024-12-02,2025-12-02
POL-003405,Northbeam General,4740,Mackay QLD,Q-S,Home,443724,Roof Tie-Down,2409.05,2024-04-14,2025-04-14
POL-003406,Outback Assurance Group,6000,Perth WA,B-F,Strata,5756028,Elevated Slab,9428.15,2025-06-02,2026-06-02
POL-003407,Pacific Rim Insurance,4700,Rockhampton QLD,Q-S,Home,704275,,5016.24,2025-07-26,2026-07-26
POL-003408,Coral Coast Mutual,4870,Cairns QLD,T-W,Home,284090,,2829.17,2025-02-13,2026-02-13
POL-003409,Pacific Rim Insurance,6000,Perth WA,B-F,Home,895694,,1685.94,2025-04-17,2026-04-17
POL-003410,Northbeam General,6714,Karratha WA,T-W,Home,884085,,7936.65,2024-04-18,2025-04-18
POL-003411,Outback Assurance Group,850,Alice Springs NT,B-F,Home,417840,,811.5,2023-05-01,2024-04-30
POL-003412,Northbeam General,4350,Toowoomba QLD,B-F,Home,840570,Roof Tie-Down,1367.64,2023-03-02,2024-03-01
POL-003413,Northbeam General,4879,Innisfail QLD,T-W,SME,1788850,,18095.5,2024-04-09,2025-04-09
POL-003414,Pacific Rim Insurance,4825,Cloncurry QLD,B-F,Home,465386,Elevated Slab,724.59,2023-09-29,2024-09-28
POL-003415,Outback Assurance Group,4802,Townsville QLD,T-W,Home,250598,,2383.38,2024-07-13,2025-07-13
POL-003416,Outback Assurance Group,6721,Port Hedland WA,T-W,SME,2476858,Elevated Slab,21975.56,2025-02-10,2026-02-10
POL-003417,Northbeam General,4870,Cairns QLD,T-W,Home,358299,,3448.12,2025-05-12,2026-05-12
POL-003418,Coral Coast Mutual,4810,Townsville QLD,T-W,Home,331531,Roof Tie-Down,2893.49,2025-03-06,2026-03-06
POL-003419,Pacific Rim Insurance,4350,Toowoomba QLD,B-F,Home,818552,Shutters Installed,1270.52,2023-02-05,2024-02-05
POL-003420,Southern Cross Insurance,4350,Toowoomba QLD,B-F,Home,451775,Roof Tie-Down,656.28,2023-06-27,2024-06-26
POL-003421,Coral Coast Mutual,4700,Rockhampton QLD,Q-S,Home,411443,Roof Tie-Down,2413.97,2025-07-16,2026-07-16
POL-003422,Coral Coast Mutual,4680,Gladstone QLD,L-P,SME,2992884,Roof Tie-Down,11506.75,2023-08-20,2024-08-19
POL-003423,Pacific Rim Insurance,6721,Port Hedland WA,T-W,Home,285012,,2559.26,2024-02-19,2025-02-18
POL-003424,Pacific Rim Insurance,4720,Charters Towers QLD,L-P,SME,1594693,,6959.11,2023-08-02,2024-08-01
POL-003425,Outback Assurance Group,4703,Rockhampton QLD,Q-S,SME,1080321,Shutters Installed,5723.51,2023-09-10,2024-09-09
POL-003426,Pacific Rim Insurance,4700,Rockhampton QLD,Q-S,Home,813508,Roof Tie-Down,4069.13,2024-07-31,2025-07-31
POL-003427,Northbeam General,4350,Toowoomba QLD,B-F,Home,532555,,1007.04,2023-04-03,2024-04-02
POL-003428,Pacific Rim Insurance,4802,Townsville QLD,T-W,Home,877514,,8157.69,2025-07-18,2026-07-18
POL-003429,Outback Assurance Group,4810,Townsville QLD,T-W,Home,373631,,3295.81,2025-09-17,2026-09-17
POL-003430,Northbeam General,4655,Hervey Bay QLD,L-P,Home,573999,,2453.22,2023-10-12,2024-10-11
POL-003431,Southern Cross Insurance,4825,Mount Isa QLD,B-F,Strata,11987435,Elevated Slab,19349.06,2023-10-02,2024-10-01
POL-003432,Outback Assurance Group,4802,Townsville QLD,T-W,Home,352539,Elevated Slab,2895.69,2023-07-05,2024-07-04
POL-003433,Outback Assurance Group,4737,Bowen QLD,Q-S,Home,755012,Shutters Installed,4064.97,2025-01-09,2026-01-09
POL-003434,Pacific Rim Insurance,810,Darwin NT,T-W,Strata,6598122,,62349.35,2023-06-04,2024-06-03
POL-003435,Pacific Rim Insurance,4655,Hervey Bay QLD,L-P,Home,398758,Roof Tie-Down,1480.86,2025-06-30,2026-06-30
POL-003436,Pacific Rim Insurance,4879,Innisfail QLD,T-W,Home,489671,,4211.3,2024-08-07,2025-08-07
POL-003437,Coral Coast Mutual,4700,Rockhampton QLD,Q-S,SME,1526504,,9555.96,2023-05-21,2024-05-20
POL-003438,Coral Coast Mutual,4740,Mackay QLD,Q-S,Home,315844,,1992.97,2023-08-24,2024-08-23
POL-003439,Southern Cross Insurance,4680,Gladstone QLD,L-P,Home,470079,Roof Tie-Down,1751.95,2023-05-23,2024-05-22
POL-003440,Outback Assurance Group,4802,Townsville QLD,T-W,Home,301767,Shutters Installed,2445.26,2024-03-28,2025-03-28
POL-003441,Coral Coast Mutual,4802,Townsville QLD,T-W,Home,738780,Roof Tie-Down,6091.48,2023-05-10,2024-05-09
POL-003442,Coral Coast Mutual,6000,Perth WA,B-F,SME,791849,Roof Tie-Down,1211.95,2023-08-30,2024-08-29
POL-003443,Southern Cross Insurance,6714,Karratha WA,T-W,SME,859114,,8309.64,2025-01-23,2026-01-23
POL-003444,Outback Assurance Group,6721,Port Hedland WA,T-W,SME,573842,,5376.73,2024-10-11,2025-10-11
POL-003445,Pacific Rim Insurance,4802,Townsville QLD,T-W,Home,495868,Shutters Installed,4210.39,2024-08-26,2025-08-26
POL-003446,Coral Coast Mutual,4825,Cloncurry QLD,B-F,Home,897507,Roof Tie-Down,1494.78,2023-06-19,2024-06-18
POL-003447,Pacific Rim Insurance,4737,Bowen QLD,Q-S,SME,2217354,,13764.04,2025-06-23,2026-06-23
POL-003448,Northbeam General,6714,Karratha WA,T-W,Home,626729,,6234.05,2024-06-27,2025-06-27
POL-003449,Northbeam General,4825,Cloncurry QLD,B-F,Home,708482,,1328.98,2024-05-04,2025-05-04
POL-003450,Northbeam General,4655,Hervey Bay QLD,L-P,SME,2530351,Roof Tie-Down,8610.82,2024-05-08,2025-05-08
POL-003451,Coral Coast Mutual,4802,Townsville QLD,T-W,SME,1308932,Elevated Slab,11335.42,2024-10-14,2025-10-14
POL-003452,Northbeam General,4680,Gladstone QLD,L-P,Home,426971,,1813.17,2023-06-26,2024-06-25
POL-003453,Outback Assurance Group,4680,Gladstone QLD,L-P,Home,442257,Roof Tie-Down,1532.33,2025-03-25,2026-03-25
POL-003454,Northbeam General,4700,Rockhampton QLD,Q-S,SME,2275785,,13822.51,2024-02-26,2025-02-25
POL-003455,Northbeam General,4802,Townsville QLD,T-W,SME,453319,,3953.95,2025-08-26,2026-08-26
POL-003456,Pacific Rim Insurance,4700,Rockhampton QLD,Q-S,Home,551437,Shutters Installed,3089.18,2023-06-29,2024-06-28
POL-003457,Outback Assurance Group,4870,Cairns QLD,T-W,SME,2151144,,20004.34,2025-05-01,2026-05-01
POL-003458,Coral Coast Mutual,4740,Mackay QLD,Q-S,Home,525016,Elevated Slab,3143.54,2025-07-02,2026-07-02
POL-003459,Coral Coast Mutual,4740,Mackay QLD,Q-S,Strata,5258224,Elevated Slab,27222.08,2024-05-03,2025-05-03
POL-003460,Southern Cross Insurance,4740,Mackay QLD,Q-S,Home,328508,Shutters Installed,1651.62,2025-02-17,2026-02-17
POL-003461,Northbeam General,4802,Townsville QLD,T-W,Home,460545,Elevated Slab,3747.72,2023-07-01,2024-06-30
POL-003462,Outback Assurance Group,4700,Rockhampton QLD,Q-S,Home,341062,,2416.26,2023-08-16,2024-08-15
POL-003463,Outback Assurance Group,4870,Cairns QLD,T-W,SME,489203,Elevated Slab,4291.44,2023-05-28,2024-05-27
POL-003464,Outback Assurance Group,850,Alice Springs NT,B-F,SME,1578543,Shutters Installed,2366.98,2025-08-03,2026-08-03
POL-003465,Pacific Rim Insurance,4740,Mackay QLD,Q-S,Home,386104,Elevated Slab,2086.69,2023-08-12,2024-08-11
POL-003466,Coral Coast Mutual,4680,Gladstone QLD,L-P,Home,489357,,2040.1,2023-07-24,2024-07-23
POL-003467,Southern Cross Insurance,4879,Innisfail QLD,T-W,Home,403735,,4109.63,2024-11-20,2025-11-20
POL-003468,Pacific Rim Insurance,4703,Rockhampton QLD,Q-S,Strata,8884809,,53300.56,2024-10-20,2025-10-20
POL-003469,Northbeam General,6000,Perth WA,B-F,Home,706416,Roof Tie-Down,1037.51,2025-08-19,2026-08-19
POL-003470,Northbeam General,800,Darwin NT,T-W,Home,551681,Shutters Installed,4112.96,2025-02-05,2026-02-05
POL-003471,Outback Assurance Group,4737,Bowen QLD,Q-S,Home,657226,,4291.93,2024-05-03,2025-05-03
POL-003472,Pacific Rim Insurance,4740,Mackay QLD,Q-S,Home,513200,,3405.45,2023-07-04,2024-07-03
POL-003473,Coral Coast Mutual,4740,Mackay QLD,Q-S,SME,691342,,4469.8,2025-05-28,2026-05-28
POL-003474,Pacific Rim Insurance,800,Darwin NT,T-W,Home,340746,Elevated Slab,2936.37,2024-05-21,2025-05-21
POL-003475,Coral Coast Mutual,4810,Townsville QLD,T-W,Home,441629,Roof Tie-Down,3238.91,2023-06-22,2024-06-21
POL-003476,Northbeam General,4825,Cloncurry QLD,B-F,Home,530304,Shutters Installed,742.85,2024-05-23,2025-05-23
POL-003477,Outback Assurance Group,4350,Toowoomba QLD,B-F,Home,601525,Elevated Slab,974.84,2024-05-28,2025-05-28
POL-003478,Coral Coast Mutual,4802,Townsville QLD,T-W,Home,261303,,2316.31,2025-06-14,2026-06-14
POL-003479,Southern Cross Insurance,4825,Cloncurry QLD,B-F,Home,393461,Shutters Installed,592.13,2024-08-04,2025-08-04
POL-003480,Coral Coast Mutual,6000,Perth WA,B-F,SME,2563076,Roof Tie-Down,3869.64,2024-12-24,2025-12-24
POL-003481,Pacific Rim Insurance,4825,Mount Isa QLD,B-F,SME,413475,,758.49,2023-08-21,2024-08-20
POL-003482,Coral Coast Mutual,6714,Karratha WA,T-W,Home,530931,Shutters Installed,4008.06,2024-02-05,2025-02-04
POL-003483,Pacific Rim Insurance,4350,Toowoomba QLD,B-F,Home,266780,,512.4,2023-02-03,2024-02-03
POL-003484,Outback Assurance Group,4350,Toowoomba QLD,B-F,Home,698099,Roof Tie-Down,971.94,2024-05-15,2025-05-15
POL-003485,Outback Assurance Group,800,Darwin NT,T-W,Home,797933,,7219.42,2023-08-06,2024-08-05
POL-003486,Coral Coast Mutual,4740,Mackay QLD,Q-S,Home,818571,Elevated Slab,4750.94,2025-05-13,2026-05-13
POL-003487,Outback Assurance Group,4879,Innisfail QLD,T-W,Home,740056,Elevated Slab,5535.37,2025-06-16,2026-06-16
POL-003488,Southern Cross Insurance,4350,Toowoomba QLD,B-F,Home,320405,,561.47,2023-11-01,2024-10-31
POL-003489,Southern Cross Insurance,4720,Charters Towers QLD,L-P,Home,888508,,3784.91,2025-08-18,2026-08-18
POL-003490,Southern Cross Insurance,810,Darwin NT,T-W,Home,425046,,4100.01,2023-04-23,2024-04-22
POL-003491,Pacific Rim Insurance,4720,Charters Towers QLD,L-P,Home,726496,Roof Tie-Down,2671.3,2025-05-07,2026-05-07
POL-003492,Outback Assurance Group,4655,Hervey Bay QLD,L-P,Home,630990,,2603.46,2025-06-22,2026-06-22
POL-003493,Outback Assurance Group,4740,Mackay QLD,Q-S,Home,510024,Roof Tie-Down,2786.44,2025-07-25,2026-07-25
POL-003494,Northbeam General,4802,Townsville QLD,T-W,Home,665611,Shutters Installed,5356.58,2024-03-26,2025-03-26
POL-003495,Northbeam General,4870,Cairns QLD,T-W,SME,904334,,8673.64,2023-05-19,2024-05-18
POL-003496,Coral Coast Mutual,4700,Rockhampton QLD,Q-S,Home,748466,,5265.15,2024-10-19,2025-10-19
POL-003497,Outback Assurance Group,4825,Mount Isa QLD,B-F,Home,724084,,1305.46,2024-06-03,2025-06-03
POL-003498,Outback Assurance Group,6714,Karratha WA,T-W,Home,876833,,8843.6,2023-02-17,2024-02-17
POL-003499,Northbeam General,850,Alice Springs NT,B-F,SME,1257107,,2174.4,2025-04-12,2026-04-12
POL-003500,Southern Cross Insurance,4720,Charters Towers QLD,L-P,SME,2512733,,11093.69,2024-02-14,2025-02-13
POL-003501,Coral Coast Mutual,6714,Karratha WA,T-W,SME,491885,,4994.26,2024-10-14,2025-10-14
POL-003502,Pacific Rim Insurance,4802,Townsville QLD,T-W,Home,727533,,6301.52,2024-10-25,2025-10-25
POL-003503,Outback Assurance Group,4879,Innisfail QLD,T-W,SME,2686168,,27377.98,2024-11-30,2025-11-30
POL-003504,Northbeam General,4870,Cairns QLD,T-W,Home,314164,Shutters Installed,2670.08,2024-02-16,2025-02-15
POL-003505,Pacific Rim Insurance,4802,Townsville QLD,T-W,Strata,2248806,,21254.99,2025-08-24,2026-08-24
POL-003506,Pacific Rim Insurance,4802,Townsville QLD,T-W,Home,895618,,7793.82,2024-08-03,2025-08-03
POL-003507,Northbeam General,4700,Rockhampton QLD,Q-S,Home,689017,,4659.93,2025-09-15,2026-09-15
POL-003508,Coral Coast Mutual,4350,Toowoomba QLD,B-F,Home,256370,,464.59,2025-04-22,2026-04-22
POL-003509,Pacific Rim Insurance,4810,Townsville QLD,T-W,Home,556117,Elevated Slab,4183.25,2023-07-31,2024-07-30
POL-003510,Coral Coast Mutual,4825,Cloncurry QLD,B-F,SME,765315,,1425.66,2023-09-01,2024-08-31
POL-003511,Pacific Rim Insurance,6721,Port Hedland WA,T-W,SME,480856,,4214.52,2024-01-03,2025-01-02
POL-003512,Pacific Rim Insurance,4810,Townsville QLD,T-W,Strata,8381740,Elevated Slab,69020.15,2023-03-07,2024-03-06
POL-003513,Pacific Rim Insurance,6714,Karratha WA,T-W,SME,408354,Elevated Slab,3210.32,2024-09-13,2025-09-13
POL-003514,Coral Coast Mutual,4700,Rockhampton QLD,Q-S,Strata,11418916,Shutters Installed,68293.93,2025-01-30,2026-01-30
POL-003515,Southern Cross Insurance,4350,Toowoomba QLD,B-F,SME,716018,,1280.04,2024-07-05,2025-07-05
POL-003516,Coral Coast Mutual,4879,Innisfail QLD,T-W,Home,255851,,2375.34,2024-01-21,2025-01-20
POL-003517,Southern Cross Insurance,4350,Toowoomba QLD,B-F,SME,2613350,Shutters Installed,4062.32,2025-02-12,2026-02-12
POL-003518,Northbeam General,800,Darwin NT,T-W,Home,859137,,8849.04,2024-11-04,2025-11-04
POL-003519,Outback Assurance Group,4720,Charters Towers QLD,L-P,Home,720567,Roof Tie-Down,2713.76,2023-04-28,2024-04-27
POL-003520,Outback Assurance Group,4740,Mackay QLD,Q-S,Strata,8916680,,59474.74,2023-02-13,2024-02-13
POL-003521,Southern Cross Insurance,4740,Mackay QLD,Q-S,Home,815624,,4804.74,2024-10-17,2025-10-17
POL-003522,Pacific Rim Insurance,4737,Bowen QLD,Q-S,Home,423648,Roof Tie-Down,2387.77,2024-02-29,2025-02-28
POL-003523,Southern Cross Insurance,4700,Rockhampton QLD,Q-S,SME,1654715,,11492.3,2023-12-01,2024-11-30
POL-003524,Pacific Rim Insurance,4870,Cairns QLD,T-W,Home,857601,,8906.43,2025-09-01,2026-09-01
POL-003525,Pacific Rim Insurance,4700,Rockhampton QLD,Q-S,Home,538998,,3215.37,2024-03-05,2025-03-05
POL-003526,Outback Assurance Group,4870,Cairns QLD,T-W,Home,367789,,3647.19,2025-06-24,2026-06-24
POL-003527,Southern Cross Insurance,800,Darwin NT,T-W,Home,660950,,5817.43,2024-07-24,2025-07-24
POL-003528,Northbeam General,4720,Charters Towers QLD,L-P,Home,375878,Roof Tie-Down,1330.15,2024-10-12,2025-10-12
POL-003529,Coral Coast Mutual,4879,Innisfail QLD,T-W,Home,527413,,4790.58,2023-08-12,2024-08-11
POL-003530,Outback Assurance Group,4810,Townsville QLD,T-W,Home,515375,,4733.52,2024-06-18,2025-06-18
POL-003531,Northbeam General,4870,Cairns QLD,T-W,Home,559576,Roof Tie-Down,4799.19,2025-08-10,2026-08-10
POL-003532,Pacific Rim Insurance,6721,Port Hedland WA,T-W,Home,475391,,4432.96,2023-01-20,2024-01-20
POL-003533,Southern Cross Insurance,4825,Mount Isa QLD,B-F,Strata,5738448,Roof Tie-Down,8707.0,2023-09-12,2024-09-11
POL-003534,Southern Cross Insurance,4700,Rockhampton QLD,Q-S,Home,723273,Shutters Installed,3920.21,2025-04-15,2026-04-15
POL-003535,Coral Coast Mutual,4350,Toowoomba QLD,B-F,Home,720663,,1167.67,2025-07-29,2026-07-29
POL-003536,Northbeam General,4350,Toowoomba QLD,B-F,Home,573316,Roof Tie-Down,796.83,2023-12-30,2024-12-29
POL-003537,Coral Coast Mutual,4879,Innisfail QLD,T-W,Home,808669,,8166.58,2025-03-19,2026-03-19
POL-003538,Pacific Rim Insurance,6000,Perth WA,B-F,SME,2078173,,3985.41,2023-10-06,2024-10-05
POL-003539,Northbeam General,4825,Cloncurry QLD,B-F,Home,847641,Elevated Slab,1284.38,2024-05-25,2025-05-25
POL-003540,Northbeam General,4720,Charters Towers QLD,L-P,Home,669499,,2761.91,2023-07-22,2024-07-21
POL-003541,Pacific Rim Insurance,4350,Toowoomba QLD,B-F,Home,736112,Elevated Slab,1149.75,2024-10-01,2025-10-01
POL-003542,Outback Assurance Group,4879,Innisfail QLD,T-W,Home,640943,Roof Tie-Down,5259.95,2024-08-03,2025-08-03
POL-003543,Outback Assurance Group,4700,Rockhampton QLD,Q-S,Home,519035,Roof Tie-Down,2687.58,2024-06-21,2025-06-21
POL-003544,Outback Assurance Group,4700,Rockhampton QLD,Q-S,Home,899994,Elevated Slab,4603.32,2024-01-29,2025-01-28
POL-003545,Northbeam General,4655,Hervey Bay QLD,L-P,Home,846845,,3616.08,2023-07-01,2024-06-30
POL-003546,Pacific Rim Insurance,4680,Gladstone QLD,L-P,Home,880003,,3812.29,2023-06-08,2024-06-07
POL-003547,Pacific Rim Insurance,4810,Townsville QLD,T-W,SME,1439970,,12900.89,2025-02-08,2026-02-08
POL-003548,Outback Assurance Group,850,Alice Springs NT,B-F,SME,2559092,Elevated Slab,3887.21,2024-05-22,2025-05-22
POL-003549,Northbeam General,4810,Townsville QLD,T-W,Home,704901,,6043.45,2023-05-05,2024-05-04
POL-003550,Northbeam General,6000,Perth WA,B-F,Home,513684,Roof Tie-Down,848.06,2025-04-12,2026-04-12
POL-003551,Southern Cross Insurance,800,Darwin NT,T-W,Home,448809,,4669.63,2024-09-05,2025-09-05
POL-003552,Coral Coast Mutual,810,Darwin NT,T-W,Strata,2492091,Elevated Slab,18129.06,2023-03-10,2024-03-09
POL-003553,Pacific Rim Insurance,6721,Port Hedland WA,T-W,Home,739066,,7624.87,2023-05-31,2024-05-30
POL-003554,Southern Cross Insurance,4825,Mount Isa QLD,B-F,Strata,12939806,Shutters Installed,20436.72,2025-05-23,2026-05-23
POL-003555,Northbeam General,6721,Port Hedland WA,T-W,SME,1313213,,11977.8,2023-01-18,2024-01-18
POL-003556,Pacific Rim Insurance,4720,Charters Towers QLD,L-P,SME,1038816,,4713.06,2025-05-13,2026-05-13
POL-003557,Outback Assurance Group,850,Alice Springs NT,B-F,Home,816384,,1450.32,2023-12-02,2024-12-01
POL-003558,Coral Coast Mutual,6721,Port Hedland WA,T-W,Home,392011,,3572.8,2023-01-12,2024-01-12
POL-003559,Coral Coast Mutual,4810,Townsville QLD,T-W,Strata,2933001,,27967.11,2023-08-28,2024-08-27
POL-003560,Southern Cross Insurance,4350,Toowoomba QLD,B-F,Home,697349,,1237.18,2025-08-23,2026-08-23
POL-003561,Pacific Rim Insurance,4810,Townsville QLD,T-W,Strata,12409275,,115546.35,2025-07-26,2026-07-26
POL-003562,Coral Coast Mutual,4825,Cloncurry QLD,B-F,Strata,2569674,,4763.28,2025-05-27,2026-05-27
POL-003563,Northbeam General,4655,Hervey Bay QLD,L-P,Home,339312,,1417.66,2024-01-09,2025-01-08
POL-003564,Pacific Rim Insurance,4870,Cairns QLD,T-W,Home,355386,Elevated Slab,3120.24,2024-03-16,2025-03-16
POL-003565,Coral Coast Mutual,6714,Karratha WA,T-W,Strata,14825867,Roof Tie-Down,123349.65,2025-01-20,2026-01-20
POL-003566,Northbeam General,4870,Cairns QLD,T-W,Home,572283,,5426.63,2023-05-04,2024-05-03
POL-003567,Coral Coast Mutual,6714,Karratha WA,T-W,Home,453603,Roof Tie-Down,3649.78,2024-09-25,2025-09-25
POL-003568,Northbeam General,4655,Hervey Bay QLD,L-P,Home,764003,Roof Tie-Down,2725.24,2024-10-19,2025-10-19
POL-003569,Pacific Rim Insurance,4825,Mount Isa QLD,B-F,Home,315126,,536.12,2023-03-30,2024-03-29
POL-003570,Pacific Rim Insurance,4700,Rockhampton QLD,Q-S,Strata,7595636,Roof Tie-Down,44763.55,2025-02-01,2026-02-01
POL-003571,Outback Assurance Group,4810,Townsville QLD,T-W,SME,2562735,,24269.44,2023-08-04,2024-08-03
POL-003572,Coral Coast Mutual,4740,Mackay QLD,Q-S,Home,558200,,3883.58,2023-11-14,2024-11-13
POL-003573,Outback Assurance Group,4737,Bowen QLD,Q-S,Home,534094,,3467.02,2023-01-27,2024-01-27
POL-003574,Southern Cross Insurance,4825,Cloncurry QLD,B-F,Home,486446,Roof Tie-Down,716.76,2023-03-09,2024-03-08
POL-003575,Southern Cross Insurance,850,Alice Springs NT,B-F,Home,887849,Roof Tie-Down,1241.94,2024-04-27,2025-04-27
POL-003576,Northbeam General,4825,Cloncurry QLD,B-F,SME,776767,,1393.52,2023-09-02,2024-09-01
POL-003577,Coral Coast Mutual,4825,Cloncurry QLD,B-F,Home,618758,Roof Tie-Down,924.65,2025-09-21,2026-09-21
POL-003578,Coral Coast Mutual,4740,Mackay QLD,Q-S,Home,621214,Roof Tie-Down,3438.31,2023-12-19,2024-12-18
POL-003579,Outback Assurance Group,4825,Cloncurry QLD,B-F,SME,800288,,1388.94,2025-05-05,2026-05-05
POL-003580,Pacific Rim Insurance,6000,Perth WA,B-F,Home,661461,,1230.89,2023-09-12,2024-09-11
POL-003581,Southern Cross Insurance,800,Darwin NT,T-W,Strata,10252661,Roof Tie-Down,88109.65,2023-01-03,2024-01-03
POL-003582,Coral Coast Mutual,6721,Port Hedland WA,T-W,Home,263213,Shutters Installed,2217.61,2023-11-23,2024-11-22
POL-003583,Pacific Rim Insurance,800,Darwin NT,T-W,Home,510722,,4952.98,2025-03-18,2026-03-18
POL-003584,Outback Assurance Group,810,Darwin NT,T-W,Home,275305,,2710.06,2024-08-25,2025-08-25
POL-003585,Pacific Rim Insurance,4655,Hervey Bay QLD,L-P,SME,567376,,2258.37,2024-01-16,2025-01-15
POL-003586,Pacific Rim Insurance,4825,Cloncurry QLD,B-F,Home,272063,,505.39,2024-06-30,2025-06-30
POL-003587,Outback Assurance Group,4870,Cairns QLD,T-W,Home,887618,Shutters Installed,7451.08,2023-04-03,2024-04-02
POL-003588,Northbeam General,6721,Port Hedland WA,T-W,SME,1266738,,12917.19,2025-01-09,2026-01-09
POL-003589,Outback Assurance Group,6714,Karratha WA,T-W,SME,632757,Roof Tie-Down,5551.53,2024-09-11,2025-09-11
POL-003590,Outback Assurance Group,6721,Port Hedland WA,T-W,Home,781867,Roof Tie-Down,6818.67,2025-02-19,2026-02-19
POL-003591,Southern Cross Insurance,850,Alice Springs NT,B-F,Home,884513,,1610.72,2025-09-19,2026-09-19
POL-003592,Southern Cross Insurance,4810,Townsville QLD,T-W,Home,373191,,3615.86,2024-09-21,2025-09-21
POL-003593,Southern Cross Insurance,4825,Cloncurry QLD,B-F,SME,1583412,,3058.57,2023-03-22,2024-03-21
POL-003594,Coral Coast Mutual,4703,Rockhampton QLD,Q-S,SME,2034929,,12905.81,2023-04-09,2024-04-08
POL-003595,Outback Assurance Group,4825,Cloncurry QLD,B-F,Home,299330,Shutters Installed,443.59,2025-03-30,2026-03-30
POL-003596,Coral Coast Mutual,4350,Toowoomba QLD,B-F,Home,872853,Roof Tie-Down,1377.18,2023-02-03,2024-02-03
POL-003597,Northbeam General,4737,Bowen QLD,Q-S,SME,1066610,,6443.14,2023-11-18,2024-11-17
POL-003598,Coral Coast Mutual,4810,Townsville QLD,T-W,Strata,9986773,,94445.65,2023-10-07,2024-10-06
POL-003599,Northbeam General,6000,Perth WA,B-F,Home,309459,,597.53,2024-11-26,2025-11-26
POL-003600,Pacific Rim Insurance,4703,Rockhampton QLD,Q-S,Home,553327,,3517.79,2023-03-17,2024-03-16
POL-003601,Outback Assurance Group,4802,Townsville QLD,T-W,Home,535526,Shutters Installed,4256.24,2025-03-22,2026-03-22
POL-003602,Pacific Rim Insurance,4655,Hervey Bay QLD,L-P,Strata,8835795,Roof Tie-Down,29523.74,2023-12-01,2024-11-30
POL-003603,Southern Cross Insurance,4655,Hervey Bay QLD,L-P,Strata,2228328,Elevated Slab,7378.97,2024-01-29,2025-01-28
POL-003604,Outback Assurance Group,4825,Cloncurry QLD,B-F,Home,759777,Roof Tie-Down,1235.22,2025-07-17,2026-07-17
POL-003605,Southern Cross Insurance,4870,Cairns QLD,T-W,Home,670777,Elevated Slab,4927.32,2025-08-08,2026-08-08
POL-003606,Coral Coast Mutual,4655,Hervey Bay QLD,L-P,Home,500301,Elevated Slab,1762.49,2023-01-09,2024-01-09
POL-003607,Coral Coast Mutual,4740,Mackay QLD,Q-S,Home,341991,,2288.29,2024-03-15,2025-03-15
POL-003608,Southern Cross Insurance,4870,Cairns QLD,T-W,Home,261480,,2662.7,2024-08-23,2025-08-23
POL-003609,Coral Coast Mutual,4802,Townsville QLD,T-W,Home,498782,Roof Tie-Down,4139.71,2023-05-27,2024-05-26
POL-003610,Outback Assurance Group,810,Darwin NT,T-W,Home,415758,Shutters Installed,3483.85,2025-02-24,2026-02-24
POL-003611,Pacific Rim Insurance,4680,Gladstone QLD,L-P,Home,634479,,2521.59,2023-04-25,2024-04-24
POL-003612,Southern Cross Insurance,4700,Rockhampton QLD,Q-S,Strata,12456919,Roof Tie-Down,71806.06,2024-03-16,2025-03-16
POL-003613,Coral Coast Mutual,810,Darwin NT,T-W,SME,2467777,,25480.9,2024-11-08,2025-11-08
POL-003614,Coral Coast Mutual,6000,Perth WA,B-F,SME,2876886,,5646.33,2023-02-14,2024-02-14
POL-003615,Coral Coast Mutual,6721,Port Hedland WA,T-W,SME,1580763,,15598.37,2025-08-05,2026-08-05
POL-003616,Pacific Rim Insurance,4350,Toowoomba QLD,B-F,Home,267081,Roof Tie-Down,419.31,2023-05-04,2024-05-03
POL-003617,Coral Coast Mutual,4810,Townsville QLD,T-W,Home,805108,,7206.99,2025-06-26,2026-06-26
POL-003618,Coral Coast Mutual,6714,Karratha WA,T-W,Home,426028,Elevated Slab,3507.0,2024-12-03,2025-12-03
POL-003619,Outback Assurance Group,810,Darwin NT,T-W,Home,304875,,2789.09,2024-02-22,2025-02-21
POL-003620,Northbeam General,4870,Cairns QLD,T-W,Home,357530,,3607.7,2025-05-10,2026-05-10
POL-003621,Northbeam General,6721,Port Hedland WA,T-W,Home,260994,Roof Tie-Down,2021.68,2025-06-03,2026-06-03
POL-003622,Southern Cross Insurance,4879,Innisfail QLD,T-W,Strata,4199188,Elevated Slab,31851.83,2025-03-29,2026-03-29
POL-003623,Southern Cross Insurance,4680,Gladstone QLD,L-P,Home,642648,Roof Tie-Down,2502.98,2024-11-28,2025-11-28
POL-003624,Southern Cross Insurance,4825,Mount Isa QLD,B-F,Home,344546,,610.65,2025-04-08,2026-04-08
POL-003625,Northbeam General,6714,Karratha WA,T-W,Home,711412,Shutters Installed,5827.47,2024-01-18,2025-01-17
POL-003626,Outback Assurance Group,4700,Rockhampton QLD,Q-S,Home,507210,Roof Tie-Down,2853.19,2023-11-11,2024-11-10
POL-003627,Northbeam General,4802,Townsville QLD,T-W,Home,527048,,5239.2,2024-01-10,2025-01-09
POL-003628,Outback Assurance Group,800,Darwin NT,T-W,SME,2360997,Shutters Installed,19383.53,2023-11-23,2024-11-22
POL-003629,Outback Assurance Group,800,Darwin NT,T-W,Home,800201,,7810.54,2024-06-28,2025-06-28
POL-003630,Outback Assurance Group,4879,Innisfail QLD,T-W,Strata,14054511,,130970.75,2023-08-08,2024-08-07
POL-003631,Pacific Rim Insurance,6714,Karratha WA,T-W,Home,496469,Roof Tie-Down,3764.29,2023-11-27,2024-11-26
POL-003632,Southern Cross Insurance,850,Alice Springs NT,B-F,Home,732351,,1290.81,2025-09-04,2026-09-04
POL-003633,Outback Assurance Group,4680,Gladstone QLD,L-P,SME,1179030,Roof Tie-Down,4605.28,2025-02-02,2026-02-02
POL-003634,Southern Cross Insurance,850,Alice Springs NT,B-F,SME,1512997,Roof Tie-Down,2196.53,2023-01-07,2024-01-07
POL-003635,Northbeam General,4802,Townsville QLD,T-W,Home,627362,Roof Tie-Down,4997.54,2023-09-05,2024-09-04
POL-003636,Northbeam General,4703,Rockhampton QLD,Q-S,SME,2932119,Roof Tie-Down,16843.43,2023-08-06,2024-08-05
POL-003637,Pacific Rim Insurance,4703,Rockhampton QLD,Q-S,Home,553138,,3422.15,2023-07-10,2024-07-09
POL-003638,Outback Assurance Group,810,Darwin NT,T-W,Home,663960,,6856.09,2025-07-06,2026-07-06
POL-003639,Outback Assurance Group,4655,Hervey Bay QLD,L-P,Home,445907,,1782.27,2024-03-25,2025-03-25
POL-003640,Coral Coast Mutual,4350,Toowoomba QLD,B-F,Home,484707,,911.02,2025-06-07,2026-06-07
POL-003641,Coral Coast Mutual,810,Darwin NT,T-W,Home,441219,Shutters Installed,3222.02,2023-04-07,2024-04-06
POL-003642,Pacific Rim Insurance,4870,Cairns QLD,T-W,Home,489026,,4888.39,2023-06-29,2024-06-28
POL-003643,Pacific Rim Insurance,6000,Perth WA,B-F,Home,561345,Shutters Installed,857.94,2023-03-14,2024-03-13
POL-003644,Coral Coast Mutual,4802,Townsville QLD,T-W,Home,259534,,2613.36,2024-05-09,2025-05-09
POL-003645,Outback Assurance Group,6714,Karratha WA,T-W,SME,1527131,Shutters Installed,12800.29,2023-05-10,2024-05-09
POL-003646,Pacific Rim Insurance,4740,Mackay QLD,Q-S,Strata,9321870,Elevated Slab,52207.84,2024-09-15,2025-09-15
POL-003647,Outback Assurance Group,4825,Mount Isa QLD,B-F,Home,380355,,620.21,2025-01-03,2026-01-03
POL-003648,Outback Assurance Group,6721,Port Hedland WA,T-W,Strata,4595862,Shutters Installed,34768.4,2025-02-15,2026-02-15
POL-003649,Southern Cross Insurance,810,Darwin NT,T-W,Strata,9842332,,92882.46,2023-07-28,2024-07-27
POL-003650,Coral Coast Mutual,4879,Innisfail QLD,T-W,SME,541641,,5613.78,2024-02-16,2025-02-15
POL-003651,Southern Cross Insurance,850,Alice Springs NT,B-F,Home,253616,,429.79,2024-01-06,2025-01-05
POL-003652,Pacific Rim Insurance,4350,Toowoomba QLD,B-F,Home,894205,Roof Tie-Down,1317.02,2024-09-30,2025-09-30
POL-003653,Coral Coast Mutual,6721,Port Hedland WA,T-W,Home,289419,Shutters Installed,2402.64,2025-03-21,2026-03-21
POL-003654,Outback Assurance Group,4740,Mackay QLD,Q-S,Home,269401,,1812.53,2025-06-08,2026-06-08
POL-003655,Northbeam General,850,Alice Springs NT,B-F,SME,1100467,Elevated Slab,1659.48,2024-03-06,2025-03-06
POL-003656,Southern Cross Insurance,4680,Gladstone QLD,L-P,Home,700573,Roof Tie-Down,2666.32,2023-01-15,2024-01-15
POL-003657,Outback Assurance Group,4350,Toowoomba QLD,B-F,SME,2532202,Roof Tie-Down,4000.07,2024-01-01,2024-12-31
POL-003658,Coral Coast Mutual,6000,Perth WA,B-F,Strata,6743330,,12316.85,2023-10-01,2024-09-30
POL-003659,Pacific Rim Insurance,4810,Townsville QLD,T-W,Home,359562,,3431.36,2023-08-11,2024-08-10
POL-003660,Pacific Rim Insurance,4802,Townsville QLD,T-W,SME,2671985,,26440.17,2025-05-12,2026-05-12
POL-003661,Pacific Rim Insurance,4825,Mount Isa QLD,B-F,Home,780669,,1384.76,2024-08-26,2025-08-26
POL-003662,Northbeam General,6714,Karratha WA,T-W,SME,1583194,Roof Tie-Down,13032.86,2025-03-30,2026-03-30
POL-003663,Northbeam General,810,Darwin NT,T-W,SME,2230891,,20331.31,2023-05-11,2024-05-10
POL-003664,Northbeam General,4350,Toowoomba QLD,B-F,Strata,8392220,Shutters Installed,11816.56,2023-04-14,2024-04-13
POL-003665,Southern Cross Insurance,4825,Cloncurry QLD,B-F,Home,809590,,1546.32,2023-03-18,2024-03-17
POL-003666,Southern Cross Insurance,6714,Karratha WA,T-W,Home,605922,,5443.09,2023-01-17,2024-01-17
POL-003667,Pacific Rim Insurance,4825,Mount Isa QLD,B-F,Home,421283,,703.33,2023-07-17,2024-07-16
POL-003668,Northbeam General,4720,Charters Towers QLD,L-P,SME,2487537,Shutters Installed,8525.59,2025-04-26,2026-04-26
POL-003669,Pacific Rim Insurance,6714,Karratha WA,T-W,Home,778498,,7685.77,2023-03-07,2024-03-06
POL-003670,Pacific Rim Insurance,4720,Charters Towers QLD,L-P,Home,385022,,1521.69,2024-06-22,2025-06-22
POL-003671,Southern Cross Insurance,850,Alice Springs NT,B-F,Home,554216,,911.28,2024-06-18,2025-06-18
POL-003672,Pacific Rim Insurance,4655,Hervey Bay QLD,L-P,SME,1238560,,5407.85,2023-09-19,2024-09-18
POL-003673,Coral Coast Mutual,4680,Gladstone QLD,L-P,Home,852883,,3653.36,2025-09-22,2026-09-22
POL-003674,Pacific Rim Insurance,4655,Hervey Bay QLD,L-P,Home,790345,,3271.9,2024-03-30,2025-03-30
POL-003675,Northbeam General,6000,Perth WA,B-F,Home,452163,,876.33,2024-07-08,2025-07-08
POL-003676,Southern Cross Insurance,4870,Cairns QLD,T-W,SME,2265517,,20033.77,2024-02-09,2025-02-08
POL-003677,Outback Assurance Group,4740,Mackay QLD,Q-S,SME,990175,Roof Tie-Down,5380.1,2024-01-29,2025-01-28
POL-003678,Outback Assurance Group,810,Darwin NT,T-W,Home,623637,Elevated Slab,5439.61,2025-01-20,2026-01-20
POL-003679,Outback Assurance Group,4720,Charters Towers QLD,L-P,Home,773514,Shutters Installed,2852.85,2024-06-19,2025-06-19
POL-003680,Northbeam General,6714,Karratha WA,T-W,Home,767506,,7075.58,2025-09-16,2026-09-16
POL-003681,Outback Assurance Group,6000,Perth WA,B-F,Home,257181,Shutters Installed,358.25,2024-06-20,2025-06-20
POL-003682,Southern Cross Insurance,6714,Karratha WA,T-W,Home,806746,,8209.52,2023-10-26,2024-10-25
POL-003683,Northbeam General,4680,Gladstone QLD,L-P,Home,517758,Elevated Slab,1783.74,2023-06-07,2024-06-06
POL-003684,Coral Coast Mutual,6000,Perth WA,B-F,SME,2548709,Shutters Installed,3968.72,2024-04-28,2025-04-28
POL-003685,Pacific Rim Insurance,4870,Cairns QLD,T-W,Home,461515,,4122.72,2024-02-21,2025-02-20
POL-003686,Southern Cross Insurance,4879,Innisfail QLD,T-W,Home,583738,,5901.07,2025-06-07,2026-06-07
POL-003687,Pacific Rim Insurance,4825,Mount Isa QLD,B-F,Home,678038,,1145.77,2025-06-22,2026-06-22
POL-003688,Southern Cross Insurance,6721,Port Hedland WA,T-W,SME,1289866,Shutters Installed,10442.11,2024-02-26,2025-02-25
POL-003689,Pacific Rim Insurance,4700,Rockhampton QLD,Q-S,Home,300867,,1971.5,2025-01-23,2026-01-23
POL-003690,Coral Coast Mutual,4350,Toowoomba QLD,B-F,Home,541480,,1022.76,2023-08-06,2024-08-05
POL-003691,Pacific Rim Insurance,4802,Townsville QLD,T-W,Home,319429,,3231.02,2024-05-02,2025-05-02
POL-003692,Coral Coast Mutual,850,Alice Springs NT,B-F,SME,2815316,,5450.31,2023-05-19,2024-05-18
POL-003693,Pacific Rim Insurance,6714,Karratha WA,T-W,Strata,3837371,,34338.77,2024-02-03,2025-02-02
POL-003694,Outback Assurance Group,6000,Perth WA,B-F,Home,294289,Shutters Installed,447.02,2023-12-29,2024-12-28
POL-003695,Northbeam General,850,Alice Springs NT,B-F,Home,264848,,483.69,2024-05-25,2025-05-25
POL-003696,Pacific Rim Insurance,4802,Townsville QLD,T-W,Home,603141,Roof Tie-Down,4952.65,2024-10-05,2025-10-05
POL-003697,Coral Coast Mutual,4740,Mackay QLD,Q-S,Home,251142,,1524.22,2024-09-23,2025-09-23
POL-003698,Southern Cross Insurance,6000,Perth WA,B-F,Home,296446,,565.77,2025-09-19,2026-09-19
POL-003699,Coral Coast Mutual,4680,Gladstone QLD,L-P,Strata,14796088,,57668.14,2024-06-17,2025-06-17
POL-003700,Southern Cross Insurance,4810,Townsville QLD,T-W,SME,1201992,Roof Tie-Down,10374.61,2023-06-07,2024-06-06
POL-003701,Outback Assurance Group,4350,Toowoomba QLD,B-F,Home,732173,,1310.31,2024-06-29,2025-06-29
POL-003702,Pacific Rim Insurance,4737,Bowen QLD,Q-S,Home,369200,Elevated Slab,2103.6,2023-03-10,2024-03-09
POL-003703,Southern Cross Insurance,4879,Innisfail QLD,T-W,SME,2592282,,25718.3,2023-07-26,2024-07-25
POL-003704,Pacific Rim Insurance,4720,Charters Towers QLD,L-P,Home,885829,,3586.54,2024-10-18,2025-10-18
POL-003705,Northbeam General,4655,Hervey Bay QLD,L-P,SME,1559530,,6033.91,2024-03-06,2025-03-06
POL-003706,Coral Coast Mutual,4350,Toowoomba QLD,B-F,Home,700219,Shutters Installed,970.87,2024-10-20,2025-10-20
POL-003707,Outback Assurance Group,4825,Cloncurry QLD,B-F,Home,543549,,912.98,2024-03-06,2025-03-06
POL-003708,Outback Assurance Group,6721,Port Hedland WA,T-W,Strata,9439899,Shutters Installed,71538.75,2023-01-03,2024-01-03
POL-003709,Pacific Rim Insurance,4655,Hervey Bay QLD,L-P,Home,340651,,1393.97,2025-04-11,2026-04-11
POL-003710,Outback Assurance Group,4825,Mount Isa QLD,B-F,Home,559226,,1062.76,2025-06-26,2026-06-26
POL-003711,Southern Cross Insurance,4680,Gladstone QLD,L-P,SME,2137781,,9199.3,2024-08-30,2025-08-30
POL-003712,Outback Assurance Group,4879,Innisfail QLD,T-W,Strata,9720341,Shutters Installed,82022.83,2023-08-14,2024-08-13
POL-003713,Northbeam General,800,Darwin NT,T-W,Home,857410,,7374.8,2023-06-05,2024-06-04
POL-003714,Outback Assurance Group,4350,Toowoomba QLD,B-F,Home,309364,,505.17,2025-04-12,2026-04-12
POL-003715,Southern Cross Insurance,6714,Karratha WA,T-W,SME,2673953,,26051.27,2024-04-03,2025-04-03
POL-003716,Coral Coast Mutual,4825,Cloncurry QLD,B-F,Home,718323,,1313.91,2024-12-21,2025-12-21
POL-003717,Pacific Rim Insurance,4825,Mount Isa QLD,B-F,Home,770512,Elevated Slab,1135.02,2023-07-27,2024-07-26
POL-003718,Southern Cross Insurance,4720,Charters Towers QLD,L-P,Home,821102,,3476.76,2024-12-02,2025-12-02
POL-003719,Coral Coast Mutual,4737,Bowen QLD,Q-S,SME,678119,,4277.96,2023-03-08,2024-03-07
POL-003720,Outback Assurance Group,850,Alice Springs NT,B-F,Home,567194,,994.32,2024-09-15,2025-09-15
POL-003721,Outback Assurance Group,4700,Rockhampton QLD,Q-S,Home,780084,,4830.78,2024-06-08,2025-06-08
POL-003722,Outback Assurance Group,4879,Innisfail QLD,T-W,Home,413110,Roof Tie-Down,3642.42,2024-12-02,2025-12-02
POL-003723,Southern Cross Insurance,4655,Hervey Bay QLD,L-P,Home,668537,Shutters Installed,2473.2,2023-07-04,2024-07-03
POL-003724,Pacific Rim Insurance,4810,Townsville QLD,T-W,Home,342500,,3284.45,2025-04-06,2026-04-06
POL-003725,Southern Cross Insurance,800,Darwin NT,T-W,Home,816252,,7790.06,2024-02-01,2025-01-31
POL-003726,Southern Cross Insurance,4720,Charters Towers QLD,L-P,SME,511370,,2211.7,2024-05-15,2025-05-15
POL-003727,Southern Cross Insurance,4655,Hervey Bay QLD,L-P,Home,874941,,3334.21,2023-05-02,2024-05-01
POL-003728,Outback Assurance Group,4737,Bowen QLD,Q-S,Home,403862,Shutters Installed,2271.27,2023-05-28,2024-05-27
POL-003729,Outback Assurance Group,4825,Cloncurry QLD,B-F,Home,538254,Shutters Installed,890.28,2024-06-07,2025-06-07
POL-003730,Southern Cross Insurance,6721,Port Hedland WA,T-W,Home,298465,,2689.46,2023-11-20,2024-11-19
POL-003731,Northbeam General,4879,Innisfail QLD,T-W,Home,894018,,8346.69,2024-06-15,2025-06-15
POL-003732,Northbeam General,4703,Rockhampton QLD,Q-S,Home,263914,,1818.49,2024-03-28,2025-03-28
POL-003733,Coral Coast Mutual,800,Darwin NT,T-W,SME,1314443,,11488.61,2023-12-04,2024-12-03
POL-003734,Coral Coast Mutual,4740,Mackay QLD,Q-S,SME,2245402,,15109.21,2023-02-03,2024-02-03
POL-003735,Northbeam General,810,Darwin NT,T-W,Home,897880,,8706.44,2025-06-17,2026-06-17
POL-003736,Pacific Rim Insurance,4720,Charters Towers QLD,L-P,Home,526202,,2008.81,2024-01-12,2025-01-11
POL-003737,Outback Assurance Group,4825,Cloncurry QLD,B-F,Home,576488,,947.17,2025-06-28,2026-06-28
POL-003738,Coral Coast Mutual,4740,Mackay QLD,Q-S,SME,1039146,,7343.72,2024-10-25,2025-10-25
POL-003739,Outback Assurance Group,4740,Mackay QLD,Q-S,Home,715535,,4291.76,2024-10-04,2025-10-04
POL-003740,Outback Assurance Group,4825,Cloncurry QLD,B-F,Home,861088,,1593.01,2025-06-18,2026-06-18
POL-003741,Coral Coast Mutual,4810,Townsville QLD,T-W,Home,399027,Roof Tie-Down,3049.51,2025-09-23,2026-09-23
POL-003742,Pacific Rim Insurance,6000,Perth WA,B-F,Home,526199,,930.49,2024-04-29,2025-04-29
POL-003743,Outback Assurance Group,6721,Port Hedland WA,T-W,Home,493167,,4984.37,2024-03-09,2025-03-09
POL-003744,Coral Coast Mutual,6721,Port Hedland WA,T-W,SME,1314061,Roof Tie-Down,11539.79,2024-09-19,2025-09-19
POL-003745,Pacific Rim Insurance,850,Alice Springs NT,B-F,Home,468431,,905.34,2023-12-30,2024-12-29
POL-003746,Northbeam General,850,Alice Springs NT,B-F,Home,417947,,767.56,2024-12-21,2025-12-21
POL-003747,Southern Cross Insurance,4737,Bowen QLD,Q-S,Home,836741,,5736.89,2023-08-02,2024-08-01
POL-003748,Coral Coast Mutual,810,Darwin NT,T-W,Home,836374,Roof Tie-Down,6575.81,2024-12-23,2025-12-23
POL-003749,Coral Coast Mutual,4700,Rockhampton QLD,Q-S,Strata,4936857,Shutters Installed,26185.56,2024-01-20,2025-01-19
POL-003750,Outback Assurance Group,4825,Mount Isa QLD,B-F,Home,516641,,936.94,2024-08-20,2025-08-20
POL-003751,Outback Assurance Group,4655,Hervey Bay QLD,L-P,Home,467373,,1884.41,2025-03-24,2026-03-24
POL-003752,Pacific Rim Insurance,850,Alice Springs NT,B-F,SME,913096,Elevated Slab,1353.83,2024-10-09,2025-10-09
POL-003753,Pacific Rim Insurance,4680,Gladstone QLD,L-P,Home,760715,,3046.59,2025-08-12,2026-08-12
POL-003754,Northbeam General,800,Darwin NT,T-W,Home,603024,Elevated Slab,4395.26,2023-06-15,2024-06-14
POL-003755,Coral Coast Mutual,4825,Mount Isa QLD,B-F,Home,841967,Roof Tie-Down,1301.56,2024-10-23,2025-10-23
POL-003756,Southern Cross Insurance,800,Darwin NT,T-W,Home,536740,,5270.0,2024-01-31,2025-01-30
POL-003757,Southern Cross Insurance,4802,Townsville QLD,T-W,Home,760502,,7673.95,2023-10-22,2024-10-21
POL-003758,Northbeam General,810,Darwin NT,T-W,Home,381465,,3650.02,2023-10-23,2024-10-22
POL-003759,Coral Coast Mutual,4703,Rockhampton QLD,Q-S,SME,1035699,Roof Tie-Down,5636.12,2025-05-23,2026-05-23
POL-003760,Southern Cross Insurance,4870,Cairns QLD,T-W,Home,653146,,6461.87,2023-07-11,2024-07-10
POL-003761,Outback Assurance Group,4825,Cloncurry QLD,B-F,SME,2297586,Elevated Slab,3486.96,2024-09-06,2025-09-06
POL-003762,Outback Assurance Group,4879,Innisfail QLD,T-W,Home,251568,,2217.61,2023-11-17,2024-11-16
POL-003763,Northbeam General,4350,Toowoomba QLD,B-F,Home,283629,,473.2,2025-05-19,2026-05-19
POL-003764,Southern Cross Insurance,810,Darwin NT,T-W,SME,1526862,,14835.09,2024-07-11,2025-07-11
POL-003765,Northbeam General,4825,Mount Isa QLD,B-F,SME,2235922,Shutters Installed,3743.86,2024-07-21,2025-07-21
POL-003766,Outback Assurance Group,4879,Innisfail QLD,T-W,Home,266929,,2329.81,2025-06-03,2026-06-03
POL-003767,Southern Cross Insurance,4810,Townsville QLD,T-W,Home,569217,Roof Tie-Down,4390.58,2024-02-18,2025-02-17
POL-003768,Coral Coast Mutual,6000,Perth WA,B-F,Home,471552,,805.56,2025-05-28,2026-05-28
POL-003769,Northbeam General,4825,Mount Isa QLD,B-F,Home,628007,,1115.55,2023-11-11,2024-11-10
POL-003770,Northbeam General,4655,Hervey Bay QLD,L-P,SME,2009480,Roof Tie-Down,6809.89,2025-02-08,2026-02-08
POL-003771,Outback Assurance Group,4655,Hervey Bay QLD,L-P,Home,624031,,2744.15,2024-10-20,2025-10-20
POL-003772,Outback Assurance Group,4810,Townsville QLD,T-W,Home,415623,Elevated Slab,3449.7,2024-05-12,2025-05-12
POL-003773,Southern Cross Insurance,4655,Hervey Bay QLD,L-P,SME,788734,Shutters Installed,2702.38,2023-02-16,2024-02-16
POL-003774,Northbeam General,4703,Rockhampton QLD,Q-S,Strata,11186752,,70145.29,2025-09-23,2026-09-23
POL-003775,Coral Coast Mutual,6714,Karratha WA,T-W,Home,468403,,4745.07,2025-03-11,2026-03-11
POL-003776,Northbeam General,6721,Port Hedland WA,T-W,Strata,11216169,Shutters Installed,88747.02,2023-05-25,2024-05-24
POL-003777,Northbeam General,4825,Cloncurry QLD,B-F,Strata,2013314,Shutters Installed,2957.58,2025-02-12,2026-02-12
POL-003778,Southern Cross Insurance,4350,Toowoomba QLD,B-F,Home,539399,,947.22,2025-01-26,2026-01-26
POL-003779,Southern Cross Insurance,4680,Gladstone QLD,L-P,SME,1230359,Shutters Installed,4083.88,2023-04-06,2024-04-05
POL-003780,Coral Coast Mutual,6000,Perth WA,B-F,SME,2606133,,4707.04,2024-08-26,2025-08-26
POL-003781,Coral Coast Mutual,4703,Rockhampton QLD,Q-S,Home,258469,,1609.32,2024-08-20,2025-08-20
POL-003782,Northbeam General,6721,Port Hedland WA,T-W,Home,706598,,6611.89,2024-06-10,2025-06-10
POL-003783,Pacific Rim Insurance,4740,Mackay QLD,Q-S,SME,2505743,,14826.68,2023-04-13,2024-04-12
POL-003784,Southern Cross Insurance,850,Alice Springs NT,B-F,Strata,5458294,Roof Tie-Down,8488.65,2023-11-29,2024-11-28
POL-003785,Southern Cross Insurance,4825,Mount Isa QLD,B-F,Home,810842,Elevated Slab,1218.89,2024-10-08,2025-10-08
POL-003786,Pacific Rim Insurance,4870,Cairns QLD,T-W,Home,825450,,7772.94,2023-02-16,2024-02-16
POL-003787,Outback Assurance Group,4655,Hervey Bay QLD,L-P,Home,565823,Shutters Installed,1870.05,2025-02-18,2026-02-18
POL-003788,Pacific Rim Insurance,4740,Mackay QLD,Q-S,Home,252411,,1523.46,2024-03-14,2025-03-14
POL-003789,Northbeam General,4703,Rockhampton QLD,Q-S,Home,325604,,2062.37,2023-09-27,2024-09-26
POL-003790,Pacific Rim Insurance,4703,Rockhampton QLD,Q-S,Home,443657,Roof Tie-Down,2301.8,2023-07-09,2024-07-08
POL-003791,Coral Coast Mutual,4879,Innisfail QLD,T-W,SME,1805667,,18560.29,2023-01-20,2024-01-20
POL-003792,Southern Cross Insurance,810,Darwin NT,T-W,Home,350493,,3189.35,2023-06-07,2024-06-06
POL-003793,Pacific Rim Insurance,4655,Hervey Bay QLD,L-P,Home,580340,Roof Tie-Down,1895.87,2023-11-24,2024-11-23
POL-003794,Northbeam General,4802,Townsville QLD,T-W,Home,671312,Roof Tie-Down,5338.9,2023-09-13,2024-09-12
POL-003795,Coral Coast Mutual,4720,Charters Towers QLD,L-P,Home,393267,Roof Tie-Down,1341.59,2023-02-02,2024-02-02
POL-003796,Coral Coast Mutual,4350,Toowoomba QLD,B-F,SME,1172545,,2180.16,2023-02-18,2024-02-18
POL-003797,Southern Cross Insurance,4655,Hervey Bay QLD,L-P,Home,893772,Roof Tie-Down,3355.1,2025-05-20,2026-05-20
POL-003798,Southern Cross Insurance,800,Darwin NT,T-W,SME,1686591,Shutters Installed,12826.79,2024-08-12,2025-08-12
POL-003799,Southern Cross Insurance,4703,Rockhampton QLD,Q-S,Home,440353,Roof Tie-Down,2441.23,2025-09-05,2026-09-05
POL-003800,Outback Assurance Group,4703,Rockhampton QLD,Q-S,Home,516509,,3246.88,2025-05-30,2026-05-30
POL-003801,Coral Coast Mutual,6721,Port Hedland WA,T-W,Home,444689,Shutters Installed,3591.29,2023-11-02,2024-11-01
POL-003802,Outback Assurance Group,4810,Townsville QLD,T-W,Home,431679,,3907.15,2024-06-08,2025-06-08
POL-003803,Coral Coast Mutual,4879,Innisfail QLD,T-W,Home,307156,Roof Tie-Down,2594.22,2024-08-20,2025-08-20
POL-003804,Northbeam General,4350,Toowoomba QLD,B-F,Home,746556,,1377.42,2025-06-06,2026-06-06
POL-003805,Northbeam General,6000,Perth WA,B-F,SME,1912143,,3219.75,2024-04-28,2025-04-28
POL-003806,Outback Assurance Group,4680,Gladstone QLD,L-P,Home,600862,,2618.69,2024-01-28,2025-01-27
POL-003807,Outback Assurance Group,4680,Gladstone QLD,L-P,SME,678232,,2716.12,2025-02-21,2026-02-21
POL-003808,Outback Assurance Group,4700,Rockhampton QLD,Q-S,Home,785714,Shutters Installed,3959.56,2025-07-27,2026-07-27
POL-003809,Pacific Rim Insurance,4879,Innisfail QLD,T-W,Home,637421,Shutters Installed,4858.08,2024-02-19,2025-02-18
POL-003810,Outback Assurance Group,4680,Gladstone QLD,L-P,Home,533949,,2432.67,2024-02-08,2025-02-07
POL-003811,Outback Assurance Group,6714,Karratha WA,T-W,SME,2753814,Shutters Installed,22595.33,2024-12-06,2025-12-06
POL-003812,Northbeam General,810,Darwin NT,T-W,SME,2818380,,27050.09,2023-12-14,2024-12-13
POL-003813,Northbeam General,810,Darwin NT,T-W,Home,657117,,6234.94,2024-08-29,2025-08-29
POL-003814,Outback Assurance Group,6721,Port Hedland WA,T-W,Home,414263,,4046.44,2025-06-03,2026-06-03
POL-003815,Coral Coast Mutual,4703,Rockhampton QLD,Q-S,SME,1342063,,8416.31,2023-08-06,2024-08-05
POL-003816,Southern Cross Insurance,4879,Innisfail QLD,T-W,Home,700013,,6312.76,2024-08-14,2025-08-14
POL-003817,Outback Assurance Group,4879,Innisfail QLD,T-W,SME,2658212,Elevated Slab,19950.12,2024-08-02,2025-08-02
POL-003818,Outback Assurance Group,4802,Townsville QLD,T-W,Home,822919,,8266.98,2023-03-21,2024-03-20
POL-003819,Pacific Rim Insurance,800,Darwin NT,T-W,Home,774385,Shutters Installed,5732.02,2024-02-08,2025-02-07
POL-003820,Northbeam General,4703,Rockhampton QLD,Q-S,SME,1426946,Roof Tie-Down,7131.95,2025-04-05,2026-04-05
POL-003821,Southern Cross Insurance,850,Alice Springs NT,B-F,Home,424112,Roof Tie-Down,684.58,2025-03-02,2026-03-02
POL-003822,Southern Cross Insurance,800,Darwin NT,T-W,Home,755385,,7834.82,2025-07-14,2026-07-14
POL-003823,Northbeam General,4825,Cloncurry QLD,B-F,SME,1553846,Elevated Slab,2412.49,2023-05-01,2024-04-30
POL-003824,Outback Assurance Group,800,Darwin NT,T-W,Strata,5296040,Elevated Slab,43553.72,2023-11-01,2024-10-31
POL-003825,Northbeam General,4655,Hervey Bay QLD,L-P,Home,401152,,1768.63,2025-05-01,2026-05-01
POL-003826,Northbeam General,4655,Hervey Bay QLD,L-P,SME,2100620,Shutters Installed,7056.93,2025-04-15,2026-04-15
POL-003827,Coral Coast Mutual,4810,Townsville QLD,T-W,Home,863500,Roof Tie-Down,7475.6,2024-08-25,2025-08-25
POL-003828,Southern Cross Insurance,4870,Cairns QLD,T-W,Home,525004,,4993.15,2024-11-11,2025-11-11
POL-003829,Outback Assurance Group,800,Darwin NT,T-W,Home,651885,Elevated Slab,5494.12,2024-08-03,2025-08-03
POL-003830,Pacific Rim Insurance,4825,Mount Isa QLD,B-F,Home,276817,,489.47,2025-06-29,2026-06-29
POL-003831,Outback Assurance Group,4350,Toowoomba QLD,B-F,Home,366326,Shutters Installed,508.11,2025-09-05,2026-09-05
POL-003832,Northbeam General,800,Darwin NT,T-W,Home,848966,,7303.08,2024-02-15,2025-02-14
POL-003833,Northbeam General,4802,Townsville QLD,T-W,Home,285533,,2854.39,2023-03-25,2024-03-24
POL-003834,Outback Assurance Group,4350,Toowoomba QLD,B-F,Home,475909,,852.57,2024-11-12,2025-11-12
POL-003835,Coral Coast Mutual,850,Alice Springs NT,B-F,SME,1547695,Shutters Installed,2383.83,2023-04-13,2024-04-12
POL-003836,Southern Cross Insurance,4740,Mackay QLD,Q-S,SME,1512758,,9023.9,2023-03-05,2024-03-04
POL-003837,Pacific Rim Insurance,4879,Innisfail QLD,T-W,Home,327503,Shutters Installed,2905.86,2025-07-19,2026-07-19
POL-003838,Pacific Rim Insurance,4825,Mount Isa QLD,B-F,Home,546669,Roof Tie-Down,849.51,2024-12-28,2025-12-28
POL-003839,Northbeam General,4825,Mount Isa QLD,B-F,SME,1706737,Roof Tie-Down,2692.86,2025-08-02,2026-08-02
POL-003840,Southern Cross Insurance,4740,Mackay QLD,Q-S,Home,687496,,4784.41,2025-08-06,2026-08-06
POL-003841,Pacific Rim Insurance,4655,Hervey Bay QLD,L-P,Strata,14549185,,66787.24,2025-06-16,2026-06-16
POL-003842,Northbeam General,4810,Townsville QLD,T-W,Home,377919,Shutters Installed,3329.26,2025-02-27,2026-02-27
POL-003843,Northbeam General,6000,Perth WA,B-F,Home,595114,,1028.86,2023-09-25,2024-09-24
POL-003844,Pacific Rim Insurance,4740,Mackay QLD,Q-S,Home,696134,Roof Tie-Down,3508.74,2024-05-04,2025-05-04
POL-003845,Pacific Rim Insurance,800,Darwin NT,T-W,Home,870419,,7606.95,2025-07-31,2026-07-31
POL-003846,Southern Cross Insurance,4655,Hervey Bay QLD,L-P,Home,753895,Shutters Installed,2475.49,2024-12-19,2025-12-19
POL-003847,Southern Cross Insurance,850,Alice Springs NT,B-F,Home,352509,,645.04,2023-11-13,2024-11-12
POL-003848,Pacific Rim Insurance,810,Darwin NT,T-W,Home,254517,,2254.25,2025-08-13,2026-08-13
POL-003849,Pacific Rim Insurance,4825,Cloncurry QLD,B-F,SME,785941,Roof Tie-Down,1110.92,2025-05-10,2026-05-10
POL-003850,Southern Cross Insurance,4737,Bowen QLD,Q-S,SME,973434,Shutters Installed,5817.77,2025-08-14,2026-08-14
POL-003851,Coral Coast Mutual,4810,Townsville QLD,T-W,Home,784853,Elevated Slab,6171.01,2024-01-25,2025-01-24
POL-003852,Southern Cross Insurance,4879,Innisfail QLD,T-W,Home,831024,Roof Tie-Down,7097.87,2023-03-23,2024-03-22
POL-003853,Coral Coast Mutual,850,Alice Springs NT,B-F,Home,647358,,1077.18,2024-08-14,2025-08-14
POL-003854,Southern Cross Insurance,4700,Rockhampton QLD,Q-S,Home,615272,Roof Tie-Down,3252.5,2023-02-19,2024-02-19
POL-003855,Outback Assurance Group,4350,Toowoomba QLD,B-F,Home,597599,Shutters Installed,832.29,2024-09-03,2025-09-03
POL-003856,Northbeam General,4700,Rockhampton QLD,Q-S,Home,515573,Elevated Slab,3027.51,2023-12-12,2024-12-11
POL-003857,Northbeam General,6714,Karratha WA,T-W,Home,577038,,5913.2,2023-01-03,2024-01-03
POL-003858,Pacific Rim Insurance,4680,Gladstone QLD,L-P,Home,318162,,1452.33,2024-04-22,2025-04-22
POL-003859,Coral Coast Mutual,4825,Cloncurry QLD,B-F,Home,795884,,1439.96,2025-07-20,2026-07-20
POL-003860,Northbeam General,4879,Innisfail QLD,T-W,Home,847911,Shutters Installed,7506.89,2024-09-04,2025-09-04
POL-003861,Outback Assurance Group,4740,Mackay QLD,Q-S,Home,607284,Roof Tie-Down,3310.07,2023-12-23,2024-12-22
POL-003862,Northbeam General,4703,Rockhampton QLD,Q-S,Home,560634,,3925.82,2025-05-22,2026-05-22
POL-003863,Coral Coast Mutual,4737,Bowen QLD,Q-S,Home,413643,Roof Tie-Down,2234.97,2023-05-17,2024-05-16
POL-003864,Southern Cross Insurance,4655,Hervey Bay QLD,L-P,Home,258383,Shutters Installed,918.08,2024-11-10,2025-11-10
POL-003865,Southern Cross Insurance,4825,Mount Isa QLD,B-F,Home,537786,,892.75,2023-08-16,2024-08-15
POL-003866,Southern Cross Insurance,4655,Hervey Bay QLD,L-P,Home,691428,,3113.75,2023-09-24,2024-09-23
POL-003867,Outback Assurance Group,4720,Charters Towers QLD,L-P,Home,255398,,966.14,2024-10-15,2025-10-15
POL-003868,Southern Cross Insurance,4879,Innisfail QLD,T-W,Home,535153,Roof Tie-Down,4743.36,2025-04-03,2026-04-03
POL-003869,Pacific Rim Insurance,850,Alice Springs NT,B-F,Home,744626,Roof Tie-Down,1118.23,2023-07-16,2024-07-15
POL-003870,Pacific Rim Insurance,800,Darwin NT,T-W,Home,419174,,3695.44,2023-05-27,2024-05-26
POL-003871,Outback Assurance Group,810,Darwin NT,T-W,Home,547699,,4696.53,2023-10-12,2024-10-11
POL-003872,Pacific Rim Insurance,6714,Karratha WA,T-W,SME,1901207,,19867.34,2024-08-28,2025-08-28
POL-003873,Coral Coast Mutual,6721,Port Hedland WA,T-W,Home,290908,Shutters Installed,2455.4,2024-07-21,2025-07-21
POL-003874,Southern Cross Insurance,4737,Bowen QLD,Q-S,Home,641145,Roof Tie-Down,3818.56,2023-04-15,2024-04-14
POL-003875,Outback Assurance Group,4350,Toowoomba QLD,B-F,Home,579691,Roof Tie-Down,832.69,2025-09-17,2026-09-17
POL-003876,Southern Cross Insurance,810,Darwin NT,T-W,Home,870808,,7662.57,2025-04-25,2026-04-25
POL-003877,Southern Cross Insurance,4879,Innisfail QLD,T-W,Home,626841,,6498.68,2024-07-23,2025-07-23
POL-003878,Southern Cross Insurance,4810,Townsville QLD,T-W,SME,522518,,4594.23,2024-07-07,2025-07-07
POL-003879,Coral Coast Mutual,4825,Mount Isa QLD,B-F,Home,551673,Shutters Installed,913.28,2024-12-30,2025-12-30
POL-003880,Southern Cross Insurance,4350,Toowoomba QLD,B-F,Home,382380,,727.74,2024-06-06,2025-06-06
POL-003881,Northbeam General,6000,Perth WA,B-F,Home,726192,,1251.68,2025-06-23,2026-06-23
POL-003882,Pacific Rim Insurance,4825,Cloncurry QLD,B-F,Home,784710,Roof Tie-Down,1242.42,2025-08-06,2026-08-06
POL-003883,Pacific Rim Insurance,4350,Toowoomba QLD,B-F,Home,611080,Shutters Installed,934.53,2025-07-23,2026-07-23
POL-003884,Northbeam General,4870,Cairns QLD,T-W,SME,2741726,Shutters Installed,22516.62,2023-04-29,2024-04-28
POL-003885,Northbeam General,800,Darwin NT,T-W,Home,716231,,6464.78,2025-07-28,2026-07-28
POL-003886,Coral Coast Mutual,4655,Hervey Bay QLD,L-P,Home,598057,Roof Tie-Down,2157.5,2025-09-07,2026-09-07
POL-003887,Pacific Rim Insurance,850,Alice Springs NT,B-F,SME,1683713,,3150.62,2023-01-22,2024-01-22
POL-003888,Outback Assurance Group,6000,Perth WA,B-F,Home,250694,,481.4,2024-09-09,2025-09-09
POL-003889,Pacific Rim Insurance,4802,Townsville QLD,T-W,Home,626738,,6423.02,2024-06-16,2025-06-16
POL-003890,Outback Assurance Group,4825,Cloncurry QLD,B-F,Home,300825,Elevated Slab,450.0,2024-03-06,2025-03-06
POL-003891,Southern Cross Insurance,4350,Toowoomba QLD,B-F,Home,639288,,1137.84,2023-02-14,2024-02-14
POL-003892,Pacific Rim Insurance,4655,Hervey Bay QLD,L-P,Home,347762,Elevated Slab,1347.4,2024-03-04,2025-03-04
POL-003893,Southern Cross Insurance,4825,Mount Isa QLD,B-F,Home,311432,,520.22,2023-08-14,2024-08-13
POL-003894,Pacific Rim Insurance,4720,Charters Towers QLD,L-P,Home,667824,,2869.91,2023-06-14,2024-06-13
POL-003895,Coral Coast Mutual,4655,Hervey Bay QLD,L-P,Home,773131,Shutters Installed,2958.63,2023-07-04,2024-07-03
POL-003896,Coral Coast Mutual,4870,Cairns QLD,T-W,Home,502065,,5002.32,2025-07-11,2026-07-11
POL-003897,Northbeam General,4700,Rockhampton QLD,Q-S,Home,283459,,1759.17,2024-04-10,2025-04-10
POL-003898,Pacific Rim Insurance,6721,Port Hedland WA,T-W,Home,508579,Shutters Installed,4470.06,2024-02-12,2025-02-11
POL-003899,Pacific Rim Insurance,800,Darwin NT,T-W,Home,730809,Shutters Installed,5643.74,2025-09-06,2026-09-06
POL-003900,Northbeam General,4870,Cairns QLD,T-W,Home,840452,,8477.71,2023-01-16,2024-01-16
POL-003901,Northbeam General,6000,Perth WA,B-F,Home,500779,,990.96,2023-08-07,2024-08-06
POL-003902,Northbeam General,810,Darwin NT,T-W,Home,878918,Shutters Installed,6800.76,2023-07-05,2024-07-04
POL-003903,Southern Cross Insurance,4825,Mount Isa QLD,B-F,Home,396066,,716.53,2023-08-20,2024-08-19
POL-003904,Pacific Rim Insurance,6000,Perth WA,B-F,Home,884494,,1571.42,2023-07-08,2024-07-07
POL-003905,Pacific Rim Insurance,4810,Townsville QLD,T-W,Home,758950,Roof Tie-Down,5877.85,2023-06-10,2024-06-09
POL-003906,Northbeam General,810,Darwin NT,T-W,SME,764958,Roof Tie-Down,6062.48,2024-07-08,2025-07-08
POL-003907,Pacific Rim Insurance,800,Darwin NT,T-W,Home,434646,Shutters Installed,3790.44,2024-01-27,2025-01-26
POL-003908,Coral Coast Mutual,4703,Rockhampton QLD,Q-S,Home,255194,,1624.33,2023-05-10,2024-05-09
POL-003909,Southern Cross Insurance,4740,Mackay QLD,Q-S,Strata,5869297,Roof Tie-Down,32988.02,2024-05-27,2025-05-27
POL-003910,Southern Cross Insurance,6721,Port Hedland WA,T-W,Home,625696,,5358.72,2023-06-04,2024-06-03
POL-003911,Northbeam General,4879,Innisfail QLD,T-W,Home,361403,,3485.83,2024-10-20,2025-10-20
POL-003912,Southern Cross Insurance,4703,Rockhampton QLD,Q-S,Home,883544,Shutters Installed,4869.1,2024-09-10,2025-09-10
POL-003913,Southern Cross Insurance,4870,Cairns QLD,T-W,Home,860027,Roof Tie-Down,7150.32,2024-03-16,2025-03-16
POL-003914,Coral Coast Mutual,4655,Hervey Bay QLD,L-P,Home,644865,,2825.19,2024-11-24,2025-11-24
POL-003915,Southern Cross Insurance,850,Alice Springs NT,B-F,Home,621088,,1223.01,2023-11-13,2024-11-12
POL-003916,Coral Coast Mutual,4737,Bowen QLD,Q-S,Home,399554,,2455.25,2023-10-20,2024-10-19
POL-003917,Outback Assurance Group,4703,Rockhampton QLD,Q-S,Home,653775,Shutters Installed,3721.11,2024-04-24,2025-04-24
POL-003918,Coral Coast Mutual,4825,Cloncurry QLD,B-F,SME,1980600,Shutters Installed,2902.82,2025-01-21,2026-01-21
POL-003919,Coral Coast Mutual,4350,Toowoomba QLD,B-F,Home,374014,,688.7,2025-08-25,2026-08-25
POL-003920,Outback Assurance Group,4703,Rockhampton QLD,Q-S,SME,837927,,5904.03,2024-11-17,2025-11-17
POL-003921,Northbeam General,850,Alice Springs NT,B-F,Home,698802,Elevated Slab,1034.95,2023-12-19,2024-12-18
POL-003922,Pacific Rim Insurance,850,Alice Springs NT,B-F,Home,320146,,533.05,2025-03-13,2026-03-13
POL-003923,Outback Assurance Group,4700,Rockhampton QLD,Q-S,Home,586752,,3796.18,2023-02-26,2024-02-26
POL-003924,Southern Cross Insurance,4825,Mount Isa QLD,B-F,SME,1053806,,1757.26,2023-03-12,2024-03-11
POL-003925,Outback Assurance Group,4655,Hervey Bay QLD,L-P,Home,713259,,2710.52,2024-10-06,2025-10-06
POL-003926,Southern Cross Insurance,4879,Innisfail QLD,T-W,Home,408511,Shutters Installed,3099.76,2024-05-12,2025-05-12
POL-003927,Pacific Rim Insurance,4825,Cloncurry QLD,B-F,Home,394765,Roof Tie-Down,589.32,2024-10-13,2025-10-13
POL-003928,Southern Cross Insurance,6721,Port Hedland WA,T-W,Home,481389,Elevated Slab,4207.22,2023-03-27,2024-03-26
POL-003929,Northbeam General,6721,Port Hedland WA,T-W,SME,1207676,,10375.13,2023-01-30,2024-01-30
POL-003930,Pacific Rim Insurance,4737,Bowen QLD,Q-S,SME,1430364,,9427.15,2024-07-04,2025-07-04
POL-003931,Outback Assurance Group,810,Darwin NT,T-W,SME,706811,,6321.46,2023-09-23,2024-09-22
POL-003932,Northbeam General,4680,Gladstone QLD,L-P,Home,648562,,2658.58,2023-08-02,2024-08-01
POL-003933,Pacific Rim Insurance,850,Alice Springs NT,B-F,SME,1481521,,2455.15,2024-11-05,2025-11-05
POL-003934,Coral Coast Mutual,4703,Rockhampton QLD,Q-S,SME,1836542,,12104.95,2025-06-22,2026-06-22
POL-003935,Southern Cross Insurance,4703,Rockhampton QLD,Q-S,Strata,3581212,Roof Tie-Down,18196.82,2023-10-09,2024-10-08
POL-003936,Outback Assurance Group,4655,Hervey Bay QLD,L-P,SME,2195037,Roof Tie-Down,7668.46,2023-07-08,2024-07-07
POL-003937,Outback Assurance Group,4737,Bowen QLD,Q-S,SME,1946860,,11550.13,2023-05-28,2024-05-27
POL-003938,Northbeam General,4700,Rockhampton QLD,Q-S,Strata,7795290,Shutters Installed,40662.35,2025-04-07,2026-04-07
POL-003939,Outback Assurance Group,850,Alice Springs NT,B-F,Strata,8580894,Elevated Slab,12640.42,2025-02-08,2026-02-08
POL-003940,Pacific Rim Insurance,4810,Townsville QLD,T-W,Home,804628,Elevated Slab,6421.07,2023-10-28,2024-10-27
POL-003941,Southern Cross Insurance,4879,Innisfail QLD,T-W,Home,855821,Shutters Installed,6617.71,2024-01-12,2025-01-11
POL-003942,Pacific Rim Insurance,4870,Cairns QLD,T-W,Home,580198,,4967.1,2024-02-28,2025-02-27
POL-003943,Southern Cross Insurance,810,Darwin NT,T-W,Strata,8426974,Elevated Slab,68508.25,2023-12-08,2024-12-07
POL-003944,Outback Assurance Group,810,Darwin NT,T-W,SME,2168743,Roof Tie-Down,18443.97,2025-02-07,2026-02-07
POL-003945,Southern Cross Insurance,4879,Innisfail QLD,T-W,SME,1370625,Roof Tie-Down,11598.38,2024-12-20,2025-12-20
POL-003946,Northbeam General,4810,Townsville QLD,T-W,Home,519904,,5121.65,2023-10-03,2024-10-02
POL-003947,Coral Coast Mutual,4825,Mount Isa QLD,B-F,Home,708318,Roof Tie-Down,1163.64,2024-11-03,2025-11-03
POL-003948,Pacific Rim Insurance,4870,Cairns QLD,T-W,Home,556925,,5706.62,2024-04-17,2025-04-17
POL-003949,Northbeam General,4870,Cairns QLD,T-W,Home,766682,Shutters Installed,6467.12,2024-04-19,2025-04-19
POL-003950,Northbeam General,4680,Gladstone QLD,L-P,Home,304462,,1268.24,2023-07-28,2024-07-27
POL-003951,Northbeam General,4810,Townsville QLD,T-W,Home,724777,Roof Tie-Down,5917.54,2025-05-11,2026-05-11
POL-003952,Pacific Rim Insurance,4350,Toowoomba QLD,B-F,Home,413640,,773.35,2025-08-06,2026-08-06
POL-003953,Outback Assurance Group,6000,Perth WA,B-F,Home,663880,,1192.17,2025-02-23,2026-02-23
POL-003954,Pacific Rim Insurance,4870,Cairns QLD,T-W,Home,480382,Elevated Slab,4011.67,2025-05-19,2026-05-19
POL-003955,Northbeam General,4879,Innisfail QLD,T-W,Home,395037,Roof Tie-Down,3434.45,2025-04-25,2026-04-25
POL-003956,Coral Coast Mutual,4870,Cairns QLD,T-W,SME,2572617,,23424.03,2025-07-29,2026-07-29
POL-003957,Northbeam General,810,Darwin NT,T-W,Home,819520,Shutters Installed,6225.25,2025-02-09,2026-02-09
POL-003958,Pacific Rim Insurance,4879,Innisfail QLD,T-W,SME,1998137,,17171.17,2025-03-19,2026-03-19
POL-003959,Southern Cross Insurance,4700,Rockhampton QLD,Q-S,Strata,12154443,,77510.26,2025-01-11,2026-01-11
POL-003960,Outback Assurance Group,4703,Rockhampton QLD,Q-S,Home,515493,,3422.13,2023-10-20,2024-10-19
POL-003961,Pacific Rim Insurance,4810,Townsville QLD,T-W,Home,638467,,6571.57,2023-10-14,2024-10-13
POL-003962,Southern Cross Insurance,4740,Mackay QLD,Q-S,Home,524256,Roof Tie-Down,2966.98,2025-02-20,2026-02-20
POL-003963,Southern Cross Insurance,4802,Townsville QLD,T-W,Strata,12956929,Elevated Slab,114443.82,2025-06-14,2026-06-14
POL-003964,Pacific Rim Insurance,4825,Mount Isa QLD,B-F,Home,660522,Shutters Installed,931.72,2023-12-20,2024-12-19
POL-003965,Southern Cross Insurance,4740,Mackay QLD,Q-S,Home,799372,Roof Tie-Down,4623.0,2024-08-13,2025-08-13
POL-003966,Southern Cross Insurance,6721,Port Hedland WA,T-W,Home,545536,Roof Tie-Down,4018.81,2023-09-05,2024-09-04
POL-003967,Coral Coast Mutual,4680,Gladstone QLD,L-P,Home,606442,,2330.99,2023-08-07,2024-08-06
POL-003968,Outback Assurance Group,4703,Rockhampton QLD,Q-S,Home,537771,,3506.03,2023-08-11,2024-08-10
POL-003969,Southern Cross Insurance,6721,Port Hedland WA,T-W,Home,302364,Elevated Slab,2293.67,2024-10-01,2025-10-01
POL-003970,Southern Cross Insurance,800,Darwin NT,T-W,Strata,7331147,,67994.36,2024-04-03,2025-04-03
POL-003971,Pacific Rim Insurance,850,Alice Springs NT,B-F,SME,1500015,,2449.51,2025-09-12,2026-09-12
POL-003972,Pacific Rim Insurance,4740,Mackay QLD,Q-S,Home,357696,,2280.75,2024-09-12,2025-09-12
POL-003973,Coral Coast Mutual,4825,Cloncurry QLD,B-F,Home,357825,Shutters Installed,540.46,2023-04-20,2024-04-19
POL-003974,Southern Cross Insurance,4720,Charters Towers QLD,L-P,Strata,10679845,Elevated Slab,41770.21,2023-04-26,2024-04-25
POL-003975,Pacific Rim Insurance,4802,Townsville QLD,T-W,Home,654100,,6137.57,2024-08-16,2025-08-16
POL-003976,Coral Coast Mutual,4703,Rockhampton QLD,Q-S,SME,675452,Roof Tie-Down,3714.33,2023-02-12,2024-02-12
POL-003977,Coral Coast Mutual,4870,Cairns QLD,T-W,Home,467453,,4329.72,2023-09-19,2024-09-18
POL-003978,Pacific Rim Insurance,4825,Cloncurry QLD,B-F,Home,593040,Shutters Installed,896.41,2023-06-03,2024-06-02
POL-003979,Pacific Rim Insurance,4680,Gladstone QLD,L-P,Home,509485,,2173.43,2024-08-30,2025-08-30
POL-003980,Outback Assurance Group,4700,Rockhampton QLD,Q-S,Home,398925,Elevated Slab,2025.21,2025-07-16,2026-07-16
POL-003981,Outback Assurance Group,6714,Karratha WA,T-W,Home,596293,Roof Tie-Down,4853.03,2023-10-02,2024-10-01
POL-003982,Northbeam General,4879,Innisfail QLD,T-W,Home,468122,,4006.27,2025-06-14,2026-06-14
POL-003983,Outback Assurance Group,4870,Cairns QLD,T-W,Home,464442,,4110.04,2025-04-25,2026-04-25
POL-003984,Northbeam General,4700,Rockhampton QLD,Q-S,Home,871309,Elevated Slab,4871.92,2024-10-24,2025-10-24
POL-003985,Pacific Rim Insurance,6000,Perth WA,B-F,Home,314204,,527.63,2023-05-09,2024-05-08
POL-003986,Outback Assurance Group,4680,Gladstone QLD,L-P,Strata,6002258,Elevated Slab,19304.19,2024-07-11,2025-07-11
POL-003987,Southern Cross Insurance,4703,Rockhampton QLD,Q-S,Strata,11467431,Roof Tie-Down,68728.47,2023-05-09,2024-05-08
POL-003988,Outback Assurance Group,4737,Bowen QLD,Q-S,SME,1100101,Shutters Installed,6625.24,2025-03-23,2026-03-23
POL-003989,Pacific Rim Insurance,850,Alice Springs NT,B-F,Home,371586,,618.14,2025-02-17,2026-02-17
POL-003990,Outback Assurance Group,6721,Port Hedland WA,T-W,Home,754083,Roof Tie-Down,6274.91,2025-08-01,2026-08-01
POL-003991,Northbeam General,4703,Rockhampton QLD,Q-S,Home,259038,,1664.41,2023-03-26,2024-03-25
POL-003992,Coral Coast Mutual,4825,Mount Isa QLD,B-F,Home,542194,Roof Tie-Down,769.96,2023-10-30,2024-10-29
POL-003993,Outback Assurance Group,850,Alice Springs NT,B-F,Home,304346,,531.26,2024-11-05,2025-11-05
POL-003994,Outback Assurance Group,4737,Bowen QLD,Q-S,Strata,12385827,Roof Tie-Down,73005.92,2025-03-13,2026-03-13
POL-003995,Pacific Rim Insurance,800,Darwin NT,T-W,SME,2391190,,20936.88,2024-01-09,2025-01-08
POL-003996,Pacific Rim Insurance,4879,Innisfail QLD,T-W,Home,727373,Elevated Slab,5763.96,2023-02-11,2024-02-11
POL-003997,Coral Coast Mutual,4810,Townsville QLD,T-W,SME,1383684,Elevated Slab,10491.17,2025-03-08,2026-03-08
POL-003998,Coral Coast Mutual,4870,Cairns QLD,T-W,Home,409739,,3628.98,2025-04-23,2026-04-23
POL-003999,Outback Assurance Group,810,Darwin NT,T-W,Strata,13956223,Elevated Slab,109643.09,2025-03-10,2026-03-10
POL-004000,Southern Cross Insurance,4810,Townsville QLD,T-W,Home,383362,,3887.98,2024-08-16,2025-08-16
