policy_id,insurer_name,postcode,region_name,wind_risk_band,building_type,sum_insured,mitigation_flag,annual_premium,policy_start_date,policy_end_date,broker_code
POL-004001,Coral Coast Mutual,6000,Perth WA,B-F,Home,263930,,471.15,2024-01-06,2025-01-05,BRK-3390
POL-004002,Pacific Rim Insurance,850,Alice Springs NT,B-F,SME,878224,Elevated Slab,1299.23,2025-03-18,2026-03-18,BRK-2071
POL-004003,Southern Cross Insurance,800,Darwin NT,T-W,Home,288946,,2879.61,2023-04-09,2024-04-08,BRK-4118
POL-004004,Pacific Rim Insurance,4825,Mount Isa QLD,B-F,Home,408746,,723.83,2023-02-01,2024-02-01,BRK-1042
POL-004005,Coral Coast Mutual,4740,Mackay QLD,Q-S,Home,849597,Shutters Installed,4898.46,2024-11-16,2025-11-16,BRK-1042
POL-004006,Northbeam General,4737,Bowen QLD,Q-S,Strata,11333259,,79832.25,2023-07-28,2024-07-27,
POL-004007,Southern Cross Insurance,6714,Karratha WA,T-W,Home,467072,,4311.31,2025-07-04,2026-07-04,BRK-1042
POL-004008,Coral Coast Mutual,4810,Townsville QLD,T-W,Home,672491,Shutters Installed,5399.95,2023-04-04,2024-04-03,BRK-3390
POL-004009,Outback Assurance Group,4655,Hervey Bay QLD,L-P,Home,779905,,3553.46,2024-10-10,2025-10-10,
POL-004010,Southern Cross Insurance,6721,Port Hedland WA,T-W,SME,1053331,Shutters Installed,7694.12,2023-08-01,2024-07-31,BRK-1042
POL-004011,Pacific Rim Insurance,850,Alice Springs NT,B-F,SME,2109884,,3739.52,2023-05-30,2024-05-29,
POL-004012,Northbeam General,810,Darwin NT,T-W,Home,526687,,5362.09,2024-08-29,2025-08-29,BRK-2071
POL-004013,Northbeam General,850,Alice Springs NT,B-F,SME,565245,Shutters Installed,918.59,2024-12-06,2025-12-06,BRK-1042
POL-004014,Outback Assurance Group,4870,Cairns QLD,T-W,Home,340555,,3108.58,2025-02-03,2026-02-03,BRK-1042
POL-004015,Northbeam General,4870,Cairns QLD,T-W,Home,836655,,8370.58,2023-10-14,2024-10-13,BRK-4118
POL-004016,Northbeam General,810,Darwin NT,T-W,Home,462775,Roof Tie-Down,3908.53,2025-06-19,2026-06-19,BRK-4118
POL-004017,Northbeam General,4350,Toowoomba QLD,B-F,Home,477614,Elevated Slab,713.41,2024-12-30,2025-12-30,BRK-1042
POL-004018,Pacific Rim Insurance,4870,Cairns QLD,T-W,Home,289548,Roof Tie-Down,2379.87,2024-06-22,2025-06-22,BRK-2071
POL-004019,Coral Coast Mutual,4802,Townsville QLD,T-W,Home,796351,,6981.23,2023-01-04,2024-01-04,BRK-1042
POL-004020,Coral Coast Mutual,4825,Cloncurry QLD,B-F,Strata,12799446,Roof Tie-Down,21472.52,2023-08-25,2024-08-24,
POL-004021,Southern Cross Insurance,6000,Perth WA,B-F,Home,879288,,1663.75,2024-10-01,2025-10-01,BRK-4118
POL-004022,Outback Assurance Group,4810,Townsville QLD,T-W,SME,1501055,Roof Tie-Down,12621.08,2024-10-10,2025-10-10,BRK-1042
POL-004023,Southern Cross Insurance,4879,Innisfail QLD,T-W,Home,687763,Shutters Installed,5435.85,2024-06-30,2025-06-30,
POL-004024,Pacific Rim Insurance,4720,Charters Towers QLD,L-P,SME,975061,Roof Tie-Down,3602.37,2024-03-15,2025-03-15,BRK-1042
POL-004025,Coral Coast Mutual,4825,Mount Isa QLD,B-F,Home,849867,,1469.52,2024-04-14,2025-04-14,BRK-2071
POL-004026,Southern Cross Insurance,4737,Bowen QLD,Q-S,SME,1323954,,7871.89,2025-04-28,2026-04-28,
POL-004027,Northbeam General,4740,Mackay QLD,Q-S,Strata,5558295,,37388.68,2025-01-29,2026-01-29,BRK-1042
POL-004028,Pacific Rim Insurance,4870,Cairns QLD,T-W,SME,1250617,Elevated Slab,10310.12,2024-09-25,2025-09-25,
POL-004029,Coral Coast Mutual,6721,Port Hedland WA,T-W,Strata,11806778,Roof Tie-Down,104634.13,2025-02-03,2026-02-03,
POL-004030,Coral Coast Mutual,810,Darwin NT,T-W,SME,2389655,,24965.98,2025-01-21,2026-01-21,BRK-4118
POL-004031,Southern Cross Insurance,4870,Cairns QLD,T-W,SME,2437684,Roof Tie-Down,19397.46,2024-12-07,2025-12-07,BRK-1042
POL-004032,Northbeam General,4720,Charters Towers QLD,L-P,Home,381350,Elevated Slab,1404.5,2024-07-09,2025-07-09,BRK-2071
POL-004033,Coral Coast Mutual,4879,Innisfail QLD,T-W,Strata,10824221,Elevated Slab,94503.83,2024-11-13,2025-11-13,BRK-1042
POL-004034,Northbeam General,4870,Cairns QLD,T-W,Home,419308,,3951.47,2024-02-16,2025-02-15,
POL-004035,Pacific Rim Insurance,4802,Townsville QLD,T-W,Home,706110,Elevated Slab,5637.81,2025-04-30,2026-04-30,BRK-2071
POL-004036,Outback Assurance Group,4870,Cairns QLD,T-W,Home,719286,,7029.44,2023-03-29,2024-03-28,BRK-3390
POL-004037,Pacific Rim Insurance,6714,Karratha WA,T-W,Home,881480,,8668.79,2025-01-01,2026-01-01,BRK-4118
POL-004038,Pacific Rim Insurance,4810,Townsville QLD,T-W,Home,862087,Shutters Installed,6601.92,2023-11-22,2024-11-21,BRK-2071
POL-004039,Outback Assurance Group,4825,Cloncurry QLD,B-F,Home,749773,Shutters Installed,1142.63,2023-06-05,2024-06-04,
POL-004040,Northbeam General,6714,Karratha WA,T-W,Strata,8378394,,76353.42,2024-07-16,2025-07-16,BRK-1042
POL-004041,Southern Cross Insurance,4825,Cloncurry QLD,B-F,Home,275833,,478.34,2025-08-04,2026-08-04,
POL-004042,Pacific Rim Insurance,6721,Port Hedland WA,T-W,Home,656356,Elevated Slab,5119.51,2024-07-18,2025-07-18,BRK-3390
POL-004043,Coral Coast Mutual,4703,Rockhampton QLD,Q-S,Home,395830,,2619.33,2025-08-29,2026-08-29,
POL-004044,Southern Cross Insurance,4655,Hervey Bay QLD,L-P,Home,808761,Roof Tie-Down,2853.44,2024-10-25,2025-10-25,BRK-2071
POL-004045,Pacific Rim Insurance,6721,Port Hedland WA,T-W,Home,628599,Roof Tie-Down,5353.96,2023-01-05,2024-01-05,BRK-1042
POL-004046,Pacific Rim Insurance,4700,Rockhampton QLD,Q-S,Home,439736,,2871.35,2024-04-02,2025-04-02,
POL-004047,Southern Cross Insurance,850,Alice Springs NT,B-F,Home,302208,,557.73,2024-10-19,2025-10-19,
POL-004048,Coral Coast Mutual,810,Darwin NT,T-W,Home,356614,Roof Tie-Down,3012.75,2023-06-03,2024-06-02,BRK-2071
POL-004049,Pacific Rim Insurance,4870,Cairns QLD,T-W,Home,287883,,2731.28,2023-06-25,2024-06-24,BRK-3390
POL-004050,Northbeam General,4870,Cairns QLD,T-W,Home,611370,,5400.57,2023-07-05,2024-07-04,BRK-1042
POL-004051,Pacific Rim Insurance,4350,Toowoomba QLD,B-F,SME,1284245,Elevated Slab,2090.98,2024-10-11,2025-10-11,
POL-004052,Northbeam General,4870,Cairns QLD,T-W,Home,264302,,2652.71,2024-05-25,2025-05-25,BRK-1042
POL-004053,Outback Assurance Group,4870,Cairns QLD,T-W,Strata,4898449,,50301.82,2024-10-28,2025-10-28,
POL-004054,Coral Coast Mutual,810,Darwin NT,T-W,Home,723151,,6682.36,2024-04-25,2025-04-25,BRK-1042
POL-004055,Coral Coast Mutual,4870,Cairns QLD,T-W,SME,785966,Shutters Installed,6736.06,2025-02-19,2026-02-19,
POL-004056,Outback Assurance Group,6721,Port Hedland WA,T-W,Home,876588,,8106.87,2024-02-22,2025-02-21,BRK-2071
POL-004057,Coral Coast Mutual,6000,Perth WA,B-F,Home,766892,Elevated Slab,1241.16,2024-01-06,2025-01-05,BRK-4118
POL-004058,Outback Assurance Group,6000,Perth WA,B-F,Strata,7541621,Shutters Installed,12056.89,2023-10-15,2024-10-14,
POL-004059,Pacific Rim Insurance,4879,Innisfail QLD,T-W,SME,2156713,,19890.24,2025-06-13,2026-06-13,BRK-4118
POL-004060,Pacific Rim Insurance,4703,Rockhampton QLD,Q-S,SME,2525155,,15423.11,2023-10-31,2024-10-30,BRK-3390
POL-004061,Northbeam General,4350,Toowoomba QLD,B-F,SME,2694421,,5281.31,2024-10-07,2025-10-07,BRK-4118
POL-004062,Coral Coast Mutual,4879,Innisfail QLD,T-W,SME,2042644,Shutters Installed,17582.55,2024-06-14,2025-06-14,
POL-004063,Outback Assurance Group,4350,Toowoomba QLD,B-F,Home,733103,,1312.4,2024-06-21,2025-06-21,BRK-4118
POL-004064,Outback Assurance Group,4870,Cairns QLD,T-W,Strata,6877601,,61988.07,2025-03-02,2026-03-02,BRK-3390
POL-004065,Outback Assurance Group,4810,Townsville QLD,T-W,Home,514054,,4688.92,2025-06-11,2026-06-11,BRK-3390
POL-004066,Coral Coast Mutual,4810,Townsville QLD,T-W,SME,532849,,4916.31,2025-02-20,2026-02-20,BRK-2071
POL-004067,Coral Coast Mutual,6714,Karratha WA,T-W,SME,533718,Elevated Slab,4392.42,2024-06-28,2025-06-28,BRK-2071
POL-004068,Coral Coast Mutual,4655,Hervey Bay QLD,L-P,Home,258588,,988.57,2023-07-21,2024-07-20,BRK-2071
POL-004069,Outback Assurance Group,4700,Rockhampton QLD,Q-S,Strata,14725304,,89897.93,2023-02-16,2024-02-16,BRK-1042
POL-004070,Coral Coast Mutual,4737,Bowen QLD,Q-S,Home,398770,,2770.61,2024-08-27,2025-08-27,
POL-004071,Southern Cross Insurance,6000,Perth WA,B-F,Home,255019,,435.32,2025-08-05,2026-08-05,BRK-3390
POL-004072,Northbeam General,4825,Mount Isa QLD,B-F,Home,618222,Shutters Installed,872.09,2023-02-09,2024-02-09,
POL-004073,Coral Coast Mutual,4870,Cairns QLD,T-W,Home,443977,Shutters Installed,3914.53,2023-04-07,2024-04-06,BRK-4118
POL-004074,Coral Coast Mutual,4703,Rockhampton QLD,Q-S,Home,396034,,2784.72,2024-09-02,2025-09-02,BRK-3390
POL-004075,Southern Cross Insurance,4350,Toowoomba QLD,B-F,SME,1786686,,3015.41,2025-03-27,2026-03-27,BRK-4118
POL-004076,Northbeam General,800,Darwin NT,T-W,Home,854089,,7349.83,2025-06-08,2026-06-08,BRK-3390
POL-004077,Outback Assurance Group,4655,Hervey Bay QLD,L-P,Home,527025,,2058.11,2024-03-20,2025-03-20,
POL-004078,Northbeam General,4700,Rockhampton QLD,Q-S,SME,614381,Shutters Installed,3410.46,2024-05-22,2025-05-22,BRK-1042
POL-004079,Southern Cross Insurance,4720,Charters Towers QLD,L-P,Home,617103,,2513.33,2023-12-17,2024-12-16,BRK-1042
POL-004080,Southern Cross Insurance,6000,Perth WA,B-F,Home,292968,Elevated Slab,474.97,2025-04-23,2026-04-23,
POL-004081,Coral Coast Mutual,4802,Townsville QLD,T-W,Home,749789,Roof Tie-Down,6255.03,2025-08-03,2026-08-03,BRK-4118
POL-004082,Southern Cross Insurance,4680,Gladstone QLD,L-P,SME,1322409,Shutters Installed,4899.11,2024-12-16,2025-12-16,BRK-2071
POL-004083,Northbeam General,4879,Innisfail QLD,T-W,Home,362882,Roof Tie-Down,2880.89,2023-07-24,2024-07-23,BRK-3390
POL-004084,Coral Coast Mutual,4737,Bowen QLD,Q-S,Home,397217,Roof Tie-Down,2346.43,2024-11-14,2025-11-14,BRK-2071
POL-004085,Southern Cross Insurance,850,Alice Springs NT,B-F,Home,424887,Elevated Slab,684.02,2023-09-21,2024-09-20,BRK-4118
POL-004086,Outback Assurance Group,4700,Rockhampton QLD,Q-S,SME,1480195,Roof Tie-Down,8220.14,2024-06-07,2025-06-07,BRK-4118
POL-004087,Southern Cross Insurance,4655,Hervey Bay QLD,L-P,Home,312086,,1290.81,2023-08-28,2024-08-27,BRK-1042
POL-004088,Coral Coast Mutual,4810,Townsville QLD,T-W,SME,1385121,Shutters Installed,12130.97,2024-09-04,2025-09-04,BRK-1042
POL-004089,Coral Coast Mutual,4825,Mount Isa QLD,B-F,Home,312197,,540.69,2023-02-03,2024-02-03,
POL-004090,Outback Assurance Group,4810,Townsville QLD,T-W,SME,924467,,9510.29,2024-12-21,2025-12-21,
POL-004091,Coral Coast Mutual,4737,Bowen QLD,Q-S,Home,431658,,3059.57,2023-08-09,2024-08-08,BRK-3390
POL-004092,Coral Coast Mutual,4350,Toowoomba QLD,B-F,SME,2732257,,4948.15,2023-02-09,2024-02-09,BRK-3390
POL-004093,Northbeam General,4720,Charters Towers QLD,L-P,Home,555924,,2405.03,2023-02-28,2024-02-28,BRK-3390
POL-004094,Northbeam General,4680,Gladstone QLD,L-P,Home,562244,Shutters Installed,1953.53,2025-05-29,2026-05-29,
POL-004095,Outback Assurance Group,4825,Cloncurry QLD,B-F,Home,362267,,619.0,2023-05-16,2024-05-15,BRK-4118
POL-004096,Southern Cross Insurance,4680,Gladstone QLD,L-P,SME,2356887,Elevated Slab,7883.67,2024-09-16,2025-09-16,
POL-004097,Coral Coast Mutual,800,Darwin NT,T-W,SME,501849,Shutters Installed,4253.83,2024-10-05,2025-10-05,BRK-4118
POL-004098,Outback Assurance Group,4703,Rockhampton QLD,Q-S,SME,1251960,,8376.82,2023-09-12,2024-09-11,BRK-1042
POL-004099,Northbeam General,4810,Townsville QLD,T-W,Home,338663,,3466.06,2024-12-03,2025-12-03,BRK-1042
POL-004100,Northbeam General,4802,Townsville QLD,T-W,Home,362410,Roof Tie-Down,2821.51,2024-02-22,2025-02-21,BRK-3390
POL-004101,Coral Coast Mutual,4802,Townsville QLD,T-W,Home,740418,,7181.62,2024-02-04,2025-02-03,BRK-4118
POL-004102,Outback Assurance Group,4825,Mount Isa QLD,B-F,Strata,4713273,Shutters Installed,7224.63,2025-05-12,2026-05-12,BRK-1042
POL-004103,Northbeam General,810,Darwin NT,T-W,SME,624710,Roof Tie-Down,5277.75,2024-05-15,2025-05-15,BRK-1042
POL-004104,Southern Cross Insurance,4810,Townsville QLD,T-W,Home,826659,Roof Tie-Down,6336.42,2024-08-03,2025-08-03,BRK-3390
POL-004105,Southern Cross Insurance,6714,Karratha WA,T-W,Home,706287,,7082.81,2023-04-27,2024-04-26,
POL-004106,Coral Coast Mutual,4680,Gladstone QLD,L-P,Home,723139,,3029.48,2024-03-28,2025-03-28,BRK-4118
POL-004107,Southern Cross Insurance,4680,Gladstone QLD,L-P,SME,739634,,3027.66,2023-07-21,2024-07-20,BRK-3390
POL-004108,Outback Assurance Group,6000,Perth WA,B-F,Home,436207,Roof Tie-Down,601.44,2025-03-05,2026-03-05,BRK-4118
POL-004109,Coral Coast Mutual,4720,Charters Towers QLD,L-P,Home,892690,,3400.02,2023-08-07,2024-08-06,BRK-3390
POL-004110,Outback Assurance Group,4680,Gladstone QLD,L-P,SME,1726274,Roof Tie-Down,6166.49,2024-04-08,2025-04-08,BRK-1042
POL-004111,Northbeam General,4740,Mackay QLD,Q-S,Home,535423,,3138.15,2025-03-10,2026-03-10,BRK-4118
POL-004112,Pacific Rim Insurance,6000,Perth WA,B-F,Home,614889,,1062.0,2023-03-12,2024-03-11,BRK-3390
POL-004113,Northbeam General,810,Darwin NT,T-W,Home,779518,Elevated Slab,5786.33,2023-03-19,2024-03-18,BRK-2071
POL-004114,Coral Coast Mutual,4825,Cloncurry QLD,B-F,SME,700609,Elevated Slab,975.13,2025-02-07,2026-02-07,
POL-004115,Northbeam General,800,Darwin NT,T-W,Home,313026,Shutters Installed,2325.75,2023-11-14,2024-11-13,BRK-1042
POL-004116,Northbeam General,810,Darwin NT,T-W,Home,823471,Shutters Installed,6209.41,2025-03-26,2026-03-26,BRK-4118
POL-004117,Outback Assurance Group,4700,Rockhampton QLD,Q-S,Home,456555,,3077.49,2023-03-20,2024-03-19,BRK-1042
POL-004118,Southern Cross Insurance,4720,Charters Towers QLD,L-P,Home,681043,,2701.49,2025-05-11,2026-05-11,BRK-2071
POL-004119,Outback Assurance Group,4350,Toowoomba QLD,B-F,Home,340128,,630.42,2024-12-19,2025-12-19,BRK-3390
POL-004120,Coral Coast Mutual,4350,Toowoomba QLD,B-F,SME,2353944,,4448.18,2024-08-29,2025-08-29,BRK-2071
POL-004121,Southern Cross Insurance,850,Alice Springs NT,B-F,Home,294817,Roof Tie-Down,408.05,2023-05-13,2024-05-12,BRK-2071
POL-004122,Southern Cross Insurance,6000,Perth WA,B-F,SME,611200,Roof Tie-Down,1022.39,2025-07-24,2026-07-24,BRK-4118
POL-004123,Southern Cross Insurance,4737,Bowen QLD,Q-S,Home,837861,Shutters Installed,4504.36,2025-03-24,2026-03-24,BRK-4118
POL-004124,Pacific Rim Insurance,4825,Cloncurry QLD,B-F,SME,1156247,Shutters Installed,1668.82,2023-01-07,2024-01-07,BRK-4118
POL-004125,Coral Coast Mutual,4680,Gladstone QLD,L-P,Home,862516,Roof Tie-Down,3235.28,2024-09-29,2025-09-29,BRK-1042
POL-004126,Pacific Rim Insurance,6721,Port Hedland WA,T-W,Home,690732,,6700.42,2023-05-26,2024-05-25,BRK-2071
POL-004127,Outback Assurance Group,4655,Hervey Bay QLD,L-P,Home,370464,Elevated Slab,1349.02,2024-04-09,2025-04-09,BRK-4118
POL-004128,Pacific Rim Insurance,850,Alice Springs NT,B-F,Home,371979,Elevated Slab,590.54,2024-11-22,2025-11-22,BRK-4118
POL-004129,Outback Assurance Group,4720,Charters Towers QLD,L-P,Home,696333,Roof Tie-Down,2356.9,2023-12-29,2024-12-28,
POL-004130,Pacific Rim Insurance,800,Darwin NT,T-W,Home,650223,Elevated Slab,5695.45,2024-03-27,2025-03-27,BRK-3390
POL-004131,Northbeam General,4350,Toowoomba QLD,B-F,Strata,10294972,Elevated Slab,14829.77,2023-04-11,2024-04-10,BRK-2071
POL-004132,Northbeam General,4825,Cloncurry QLD,B-F,SME,1601649,,3069.3,2023-02-17,2024-02-17,BRK-4118
POL-004133,Southern Cross Insurance,810,Darwin NT,T-W,Home,552713,,5426.38,2025-09-11,2026-09-11,
POL-004134,Northbeam General,6721,Port Hedland WA,T-W,Home,649783,Elevated Slab,4906.9,2024-03-10,2025-03-10,BRK-3390
POL-004135,Outback Assurance Group,4703,Rockhampton QLD,Q-S,Home,365815,,2174.08,2024-04-13,2025-04-13,BRK-4118
POL-004136,Pacific Rim Insurance,800,Darwin NT,T-W,SME,828935,Roof Tie-Down,6525.76,2023-10-30,2024-10-29,BRK-3390
POL-004137,Outback Assurance Group,4350,Toowoomba QLD,B-F,Home,807700,Elevated Slab,1294.39,2023-08-01,2024-07-31,BRK-4118
POL-004138,Pacific Rim Insurance,6000,Perth WA,B-F,Home,657160,,1138.69,2024-07-05,2025-07-05,BRK-2071
POL-004139,Pacific Rim Insurance,4655,Hervey Bay QLD,L-P,Home,272908,,1081.21,2024-07-18,2025-07-18,BRK-2071
POL-004140,Northbeam General,4350,Toowoomba QLD,B-F,Home,480570,Shutters Installed,733.28,2024-09-09,2025-09-09,BRK-1042
POL-004141,Northbeam General,4655,Hervey Bay QLD,L-P,SME,730334,,3230.29,2024-08-13,2025-08-13,BRK-2071
POL-004142,Northbeam General,810,Darwin NT,T-W,SME,2890825,,25340.59,2024-10-21,2025-10-21,BRK-2071
POL-004143,Southern Cross Insurance,850,Alice Springs NT,B-F,Strata,12037978,Elevated Slab,17397.94,2023-03-07,2024-03-06,BRK-2071
POL-004144,Pacific Rim Insurance,6000,Perth WA,B-F,Home,402204,,735.41,2023-03-25,2024-03-24,BRK-2071
POL-004145,Northbeam General,4737,Bowen QLD,Q-S,Home,544404,,3524.34,2024-06-15,2025-06-15,BRK-1042
POL-004146,Outback Assurance Group,4870,Cairns QLD,T-W,Home,861727,Roof Tie-Down,7337.93,2025-08-26,2026-08-26,BRK-4118
POL-004147,Pacific Rim Insurance,4740,Mackay QLD,Q-S,SME,2279885,,14895.78,2025-01-16,2026-01-16,
POL-004148,Pacific Rim Insurance,6000,Perth WA,B-F,SME,1594787,,2917.49,2024-04-04,2025-04-04,BRK-2071
POL-004149,Southern Cross Insurance,4810,Townsville QLD,T-W,Home,391370,Roof Tie-Down,2911.57,2023-05-08,2024-05-07,BRK-3390
POL-004150,Pacific Rim Insurance,6000,Perth WA,B-F,Home,602061,Elevated Slab,1011.03,2023-12-31,2024-12-30,BRK-3390
POL-004151,Southern Cross Insurance,800,Darwin NT,T-W,Home,356960,,3726.77,2025-07-01,2026-07-01,BRK-1042
POL-004152,Southern Cross Insurance,4879,Innisfail QLD,T-W,Home,578605,Shutters Installed,4584.75,2023-09-07,2024-09-06,BRK-2071
POL-004153,Coral Coast Mutual,4879,Innisfail QLD,T-W,Home,875347,Roof Tie-Down,7013.29,2025-09-05,2026-09-05,BRK-4118
POL-004154,Coral Coast Mutual,4680,Gladstone QLD,L-P,Home,684548,Roof Tie-Down,2249.97,2024-09-03,2025-09-03,
POL-004155,Pacific Rim Insurance,4810,Townsville QLD,T-W,Home,837783,,7970.27,2023-04-01,2024-03-31,BRK-3390
POL-004156,Pacific Rim Insurance,4703,Rockhampton QLD,Q-S,Home,868636,,5813.56,2025-06-27,2026-06-27,
POL-004157,Northbeam General,4740,Mackay QLD,Q-S,Home,424786,,2870.28,2023-04-27,2024-04-26,
POL-004158,Northbeam General,4870,Cairns QLD,T-W,Home,767736,Elevated Slab,6011.08,2025-03-25,2026-03-25,BRK-3390
POL-004159,Northbeam General,800,Darwin NT,T-W,Home,453916,,4244.58,2023-05-04,2024-05-03,BRK-2071
POL-004160,Southern Cross Insurance,4825,Mount Isa QLD,B-F,Home,595424,,1021.98,2023-02-07,2024-02-07,
POL-004161,Pacific Rim Insurance,6721,Port Hedland WA,T-W,SME,1417842,,13405.44,2023-06-17,2024-06-16,
POL-004162,Outback Assurance Group,4680,Gladstone QLD,L-P,SME,1796318,Elevated Slab,6417.37,2023-12-16,2024-12-15,BRK-1042
POL-004163,Northbeam General,4350,Toowoomba QLD,B-F,SME,2699144,,5109.65,2023-05-07,2024-05-06,BRK-4118
POL-004164,Northbeam General,850,Alice Springs NT,B-F,SME,1313633,,2413.61,2023-06-07,2024-06-06,
POL-004165,Southern Cross Insurance,6714,Karratha WA,T-W,SME,843930,,7917.83,2023-10-06,2024-10-05,BRK-4118
POL-004166,Coral Coast Mutual,4810,Townsville QLD,T-W,SME,2738959,Roof Tie-Down,23800.58,2023-03-10,2024-03-09,BRK-4118
POL-004167,Northbeam General,850,Alice Springs NT,B-F,SME,845828,,1619.59,2023-07-06,2024-07-05,BRK-4118
POL-004168,Pacific Rim Insurance,4655,Hervey Bay QLD,L-P,SME,2673312,Roof Tie-Down,9343.62,2024-08-08,2025-08-08,BRK-4118
POL-004169,Coral Coast Mutual,6000,Perth WA,B-F,Home,468008,Roof Tie-Down,748.04,2024-07-22,2025-07-22,BRK-1042
POL-004170,Northbeam General,6714,Karratha WA,T-W,Home,478199,Shutters Installed,4074.59,2024-09-09,2025-09-09,BRK-4118
POL-004171,Coral Coast Mutual,4870,Cairns QLD,T-W,SME,2907421,,27067.77,2024-11-08,2025-11-08,BRK-4118
POL-004172,Pacific Rim Insurance,4810,Townsville QLD,T-W,Home,570711,,5272.51,2025-03-18,2026-03-18,BRK-1042
POL-004173,Pacific Rim Insurance,4825,Cloncurry QLD,B-F,Home,283670,,516.98,2025-02-06,2026-02-06,BRK-2071
POL-004174,Northbeam General,4810,Townsville QLD,T-W,SME,2333164,,22091.71,2025-03-06,2026-03-06,BRK-1042
POL-004175,Southern Cross Insurance,6714,Karratha WA,T-W,SME,789850,,7381.32,2024-06-04,2025-06-04,BRK-2071
POL-004176,Outback Assurance Group,4825,Mount Isa QLD,B-F,SME,2373288,Shutters Installed,3407.53,2024-03-15,2025-03-15,BRK-4118
POL-004177,Coral Coast Mutual,4870,Cairns QLD,T-W,Home,752081,Roof Tie-Down,6263.58,2024-12-24,2025-12-24,BRK-2071
POL-004178,Northbeam General,4870,Cairns QLD,T-W,SME,956181,Roof Tie-Down,7953.5,2024-10-23,2025-10-23,BRK-1042
POL-004179,Outback Assurance Group,6000,Perth WA,B-F,Home,490683,,938.12,2023-03-04,2024-03-03,BRK-3390
POL-004180,Southern Cross Insurance,4350,Toowoomba QLD,B-F,Home,577859,Shutters Installed,850.27,2023-01-15,2024-01-15,
POL-004181,Pacific Rim Insurance,4825,Cloncurry QLD,B-F,Home,554285,,951.51,2023-10-31,2024-10-30,BRK-1042
POL-004182,Northbeam General,6000,Perth WA,B-F,Home,282314,,473.34,2023-10-14,2024-10-13,BRK-1042
POL-004183,Southern Cross Insurance,4680,Gladstone QLD,L-P,Home,710553,,2931.41,2024-12-19,2025-12-19,BRK-1042
POL-004184,Coral Coast Mutual,800,Darwin NT,T-W,SME,673156,,7008.74,2024-03-02,2025-03-02,
POL-004185,Northbeam General,4870,Cairns QLD,T-W,Home,358055,,3271.54,2023-12-26,2024-12-25,BRK-2071
POL-004186,Coral Coast Mutual,4810,Townsville QLD,T-W,Home,451872,,4264.84,2023-11-24,2024-11-23,
POL-004187,Southern Cross Insurance,810,Darwin NT,T-W,Home,347872,Shutters Installed,2912.65,2024-09-30,2025-09-30,BRK-1042
POL-004188,Southern Cross Insurance,4720,Charters Towers QLD,L-P,Strata,3276633,Roof Tie-Down,12089.21,2025-04-21,2026-04-21,BRK-3390
POL-004189,Pacific Rim Insurance,4870,Cairns QLD,T-W,Home,585046,Shutters Installed,4834.32,2023-07-05,2024-07-04,
POL-004190,Outback Assurance Group,4802,Townsville QLD,T-W,Strata,4927616,Roof Tie-Down,37736.21,2024-01-27,2025-01-26,BRK-1042
POL-004191,Northbeam General,4879,Innisfail QLD,T-W,Home,693994,,6724.73,2025-03-04,2026-03-04,BRK-1042
POL-004192,Southern Cross Insurance,4802,Townsville QLD,T-W,Home,652363,Shutters Installed,4839.31,2023-09-14,2024-09-13,BRK-2071
POL-004193,Pacific Rim Insurance,4825,Mount Isa QLD,B-F,Home,451195,,829.83,2023-01-17,2024-01-17,
POL-004194,Northbeam General,4350,Toowoomba QLD,B-F,SME,1576261,Shutters Installed,2485.82,2025-05-29,2026-05-29,BRK-4118
POL-004195,Coral Coast Mutual,6721,Port Hedland WA,T-W,Home,436305,Elevated Slab,3531.89,2023-07-12,2024-07-11,BRK-2071
POL-004196,Northbeam General,4879,Innisfail QLD,T-W,Home,792525,,7587.41,2023-08-24,2024-08-23,BRK-3390
POL-004197,Pacific Rim Insurance,6000,Perth WA,B-F,Home,802400,Elevated Slab,1198.51,2025-07-13,2026-07-13,BRK-3390
POL-004198,Coral Coast Mutual,6000,Perth WA,B-F,SME,1918217,,3668.2,2023-06-29,2024-06-28,
POL-004199,Southern Cross Insurance,4350,Toowoomba QLD,B-F,SME,960152,Roof Tie-Down,1485.04,2023-12-18,2024-12-17,BRK-3390
POL-004200,Northbeam General,4737,Bowen QLD,Q-S,Home,272763,Shutters Installed,1530.41,2023-12-22,2024-12-21,BRK-4118
POL-004201,Outback Assurance Group,4825,Cloncurry QLD,B-F,Home,641347,,1179.54,2025-06-19,2026-06-19,BRK-1042
POL-004202,Coral Coast Mutual,4870,Cairns QLD,T-W,Home,884440,Elevated Slab,7675.53,2024-03-08,2025-03-08,BRK-1042
POL-004203,Coral Coast Mutual,6714,Karratha WA,T-W,Home,743170,,6925.77,2023-02-15,2024-02-15,BRK-4118
POL-004204,Pacific Rim Insurance,4737,Bowen QLD,Q-S,Home,461192,,2700.69,2025-02-19,2026-02-19,BRK-4118
POL-004205,Coral Coast Mutual,4802,Townsville QLD,T-W,Home,783367,Roof Tie-Down,6894.42,2023-08-06,2024-08-05,BRK-4118
POL-004206,Outback Assurance Group,6721,Port Hedland WA,T-W,SME,2085964,,20478.38,2024-06-12,2025-06-12,BRK-4118
POL-004207,Outback Assurance Group,4879,Innisfail QLD,T-W,Home,857535,,7752.64,2023-01-17,2024-01-17,BRK-3390
POL-004208,Outback Assurance Group,800,Darwin NT,T-W,Home,273329,,2789.91,2025-06-06,2026-06-06,BRK-1042
POL-004209,Southern Cross Insurance,4802,Townsville QLD,T-W,Home,711703,,7313.14,2023-03-24,2024-03-23,BRK-2071
POL-004210,Outback Assurance Group,4703,Rockhampton QLD,Q-S,SME,2279177,Shutters Installed,11591.68,2024-02-06,2025-02-05,BRK-1042
POL-004211,Pacific Rim Insurance,4680,Gladstone QLD,L-P,Home,250054,,1082.28,2023-03-20,2024-03-19,BRK-3390
POL-004212,Coral Coast Mutual,4720,Charters Towers QLD,L-P,Home,350581,Roof Tie-Down,1222.63,2024-11-09,2025-11-09,BRK-3390
POL-004213,Northbeam General,6000,Perth WA,B-F,Home,439479,,744.3,2024-12-11,2025-12-11,BRK-4118
POL-004214,Southern Cross Insurance,4680,Gladstone QLD,L-P,Home,706064,,3010.24,2023-12-02,2024-12-01,BRK-2071
POL-004215,Pacific Rim Insurance,6000,Perth WA,B-F,Home,601402,,1143.48,2024-02-23,2025-02-22,
POL-004216,Coral Coast Mutual,4350,Toowoomba QLD,B-F,Home,392306,Shutters Installed,639.22,2025-02-06,2026-02-06,BRK-1042
POL-004217,Pacific Rim Insurance,4700,Rockhampton QLD,Q-S,SME,2378154,Elevated Slab,14010.28,2024-07-03,2025-07-03,BRK-2071
POL-004218,Northbeam General,4700,Rockhampton QLD,Q-S,SME,921652,,5751.9,2023-02-04,2024-02-04,
POL-004219,Outback Assurance Group,6714,Karratha WA,T-W,Home,502410,,4810.04,2025-06-11,2026-06-11,BRK-3390
POL-004220,Southern Cross Insurance,4879,Innisfail QLD,T-W,SME,1661875,,15832.53,2025-03-19,2026-03-19,BRK-2071
POL-004221,Outback Assurance Group,4879,Innisfail QLD,T-W,SME,1605955,Shutters Installed,13157.34,2025-02-15,2026-02-15,
POL-004222,Northbeam General,4825,Cloncurry QLD,B-F,SME,1221506,,2120.91,2023-12-26,2024-12-25,BRK-1042
POL-004223,Outback Assurance Group,4870,Cairns QLD,T-W,SME,733306,Roof Tie-Down,6336.13,2023-05-25,2024-05-24,
POL-004224,Northbeam General,4825,Cloncurry QLD,B-F,Home,338142,,665.48,2024-09-17,2025-09-17,BRK-3390
POL-004225,Outback Assurance Group,4870,Cairns QLD,T-W,SME,2512734,,25588.03,2023-05-31,2024-05-30,BRK-1042
POL-004226,Outback Assurance Group,4737,Bowen QLD,Q-S,Home,747914,Elevated Slab,3759.31,2023-08-10,2024-08-09,BRK-3390
POL-004227,Coral Coast Mutual,6714,Karratha WA,T-W,Home,453741,Roof Tie-Down,3845.22,2023-08-09,2024-08-08,
POL-004228,Pacific Rim Insurance,6721,Port Hedland WA,T-W,SME,2896170,Shutters Installed,22255.43,2024-06-04,2025-06-04,BRK-3390
POL-004229,Northbeam General,4655,Hervey Bay QLD,L-P,SME,1375717,,5321.49,2023-03-15,2024-03-14,BRK-2071
POL-004230,Southern Cross Insurance,4703,Rockhampton QLD,Q-S,Home,692162,Elevated Slab,3509.68,2025-01-01,2026-01-01,BRK-3390
POL-004231,Coral Coast Mutual,4737,Bowen QLD,Q-S,SME,2272759,,14186.31,2025-06-06,2026-06-06,BRK-2071
POL-004232,Northbeam General,4737,Bowen QLD,Q-S,Home,683561,Elevated Slab,4071.4,2024-02-02,2025-02-01,
POL-004233,Pacific Rim Insurance,4655,Hervey Bay QLD,L-P,Home,293138,Shutters Installed,1048.48,2025-07-12,2026-07-12,
POL-004234,Coral Coast Mutual,4810,Townsville QLD,T-W,Home,769879,,7995.78,2025-05-29,2026-05-29,
POL-004235,Pacific Rim Insurance,4810,Townsville QLD,T-W,Home,501057,Shutters Installed,4402.85,2025-05-09,2026-05-09,BRK-3390
POL-004236,Coral Coast Mutual,6714,Karratha WA,T-W,Home,449500,Elevated Slab,3590.6,2024-04-15,2025-04-15,BRK-2071
POL-004237,Pacific Rim Insurance,4870,Cairns QLD,T-W,Strata,9989280,,92796.99,2024-03-05,2025-03-05,
POL-004238,Outback Assurance Group,850,Alice Springs NT,B-F,Home,407598,Shutters Installed,564.07,2025-06-06,2026-06-06,BRK-2071
POL-004239,Coral Coast Mutual,4879,Innisfail QLD,T-W,Home,875761,Roof Tie-Down,6994.2,2023-07-24,2024-07-23,BRK-2071
POL-004240,Southern Cross Insurance,4825,Mount Isa QLD,B-F,Home,467786,,867.57,2023-08-01,2024-07-31,BRK-4118
POL-004241,Southern Cross Insurance,4810,Townsville QLD,T-W,Home,298770,,2878.61,2023-10-12,2024-10-11,BRK-2071
POL-004242,Coral Coast Mutual,4879,Innisfail QLD,T-W,Home,780831,Elevated Slab,5863.86,2025-02-01,2026-02-01,BRK-2071
POL-004243,Coral Coast Mutual,6000,Perth WA,B-F,Home,599733,,1112.92,2024-03-08,2025-03-08,
POL-004244,Outback Assurance Group,4350,Toowoomba QLD,B-F,Home,460013,Roof Tie-Down,755.19,2023-05-14,2024-05-13,BRK-4118
POL-004245,Southern Cross Insurance,4879,Innisfail QLD,T-W,Strata,13259305,,132581.3,2025-06-01,2026-06-01,BRK-3390
POL-004246,Southern Cross Insurance,6000,Perth WA,B-F,Home,848338,,1599.35,2023-03-13,2024-03-12,BRK-1042
POL-004247,Southern Cross Insurance,4350,Toowoomba QLD,B-F,SME,1916966,,3674.46,2023-03-21,2024-03-20,BRK-1042
POL-004248,Coral Coast Mutual,4810,Townsville QLD,T-W,SME,2781092,,26904.23,2024-02-13,2025-02-12,BRK-3390
POL-004249,Outback Assurance Group,4825,Mount Isa QLD,B-F,Home,583742,Roof Tie-Down,893.55,2025-02-05,2026-02-05,BRK-4118
POL-004250,Southern Cross Insurance,6000,Perth WA,B-F,Home,571296,Roof Tie-Down,868.91,2024-03-11,2025-03-11,BRK-3390
POL-004251,Coral Coast Mutual,4720,Charters Towers QLD,L-P,Home,785949,,3292.31,2023-01-01,2024-01-01,BRK-2071
POL-004252,Pacific Rim Insurance,4737,Bowen QLD,Q-S,SME,2008095,Elevated Slab,11200.26,2023-05-31,2024-05-30,
POL-004253,Pacific Rim Insurance,4870,Cairns QLD,T-W,SME,1947111,,18142.83,2024-09-06,2025-09-06,BRK-3390
POL-004254,Northbeam General,4680,Gladstone QLD,L-P,Home,321092,,1288.23,2023-06-18,2024-06-17,BRK-4118
POL-004255,Coral Coast Mutual,4350,Toowoomba QLD,B-F,Home,444967,Roof Tie-Down,680.31,2025-07-19,2026-07-19,BRK-3390
POL-004256,Northbeam General,4870,Cairns QLD,T-W,Home,503723,,4903.22,2024-03-08,2025-03-08,BRK-3390
POL-004257,Pacific Rim Insurance,810,Darwin NT,T-W,Home,320498,Roof Tie-Down,2441.17,2023-04-01,2024-03-31,BRK-1042
POL-004258,Northbeam General,4655,Hervey Bay QLD,L-P,Home,572466,Shutters Installed,2023.7,2023-09-07,2024-09-06,BRK-2071
POL-004259,Coral Coast Mutual,4825,Cloncurry QLD,B-F,Home,725825,Roof Tie-Down,1162.31,2024-05-27,2025-05-27,BRK-1042
POL-004260,Northbeam General,4700,Rockhampton QLD,Q-S,Home,567137,Shutters Installed,3338.74,2023-01-03,2024-01-03,BRK-2071
POL-004261,Northbeam General,6714,Karratha WA,T-W,Home,267497,Shutters Installed,2345.81,2025-02-03,2026-02-03,BRK-4118
POL-004262,Pacific Rim Insurance,4350,Toowoomba QLD,B-F,SME,1346487,,2587.66,2023-03-26,2024-03-25,BRK-2071
POL-004263,Northbeam General,4879,Innisfail QLD,T-W,Home,771038,,7294.19,2023-04-08,2024-04-07,BRK-3390
POL-004264,Southern Cross Insurance,4825,Mount Isa QLD,B-F,Strata,3281022,,5912.32,2023-07-12,2024-07-11,BRK-2071
POL-004265,Outback Assurance Group,810,Darwin NT,T-W,Home,530531,Elevated Slab,4627.36,2025-09-20,2026-09-20,BRK-4118
POL-004266,Pacific Rim Insurance,6714,Karratha WA,T-W,Home,470240,Roof Tie-Down,4139.59,2025-08-16,2026-08-16,
POL-004267,Coral Coast Mutual,4825,Cloncurry QLD,B-F,Home,374704,Roof Tie-Down,572.03,2024-09-08,2025-09-08,
POL-004268,Coral Coast Mutual,6714,Karratha WA,T-W,SME,642790,,6483.7,2024-06-19,2025-06-19,BRK-1042
POL-004269,Coral Coast Mutual,4825,Mount Isa QLD,B-F,Strata,11294587,,22278.73,2023-12-05,2024-12-04,BRK-4118
POL-004270,Pacific Rim Insurance,4720,Charters Towers QLD,L-P,SME,863898,,3538.96,2023-12-20,2024-12-19,BRK-3390
POL-004271,Pacific Rim Insurance,4700,Rockhampton QLD,Q-S,Home,351817,Shutters Installed,1977.84,2023-11-15,2024-11-14,BRK-1042
POL-004272,Pacific Rim Insurance,4802,Townsville QLD,T-W,Home,293046,,2913.3,2023-07-20,2024-07-19,BRK-1042
POL-004273,Pacific Rim Insurance,4825,Mount Isa QLD,B-F,SME,1193053,,2044.04,2024-12-21,2025-12-21,BRK-4118
POL-004274,Outback Assurance Group,4700,Rockhampton QLD,Q-S,Home,887813,Roof Tie-Down,5274.33,2024-08-11,2025-08-11,BRK-2071
POL-004275,Northbeam General,4350,Toowoomba QLD,B-F,Strata,11858780,,22351.21,2023-04-15,2024-04-14,BRK-4118
POL-004276,Coral Coast Mutual,4825,Mount Isa QLD,B-F,Home,452576,Roof Tie-Down,664.08,2023-03-31,2024-03-30,BRK-2071
POL-004277,Coral Coast Mutual,4655,Hervey Bay QLD,L-P,Home,598483,Shutters Installed,2300.1,2023-12-31,2024-12-30,BRK-4118
POL-004278,Southern Cross Insurance,4703,Rockhampton QLD,Q-S,SME,1745229,,10716.57,2023-07-14,2024-07-13,BRK-3390
POL-004279,Southern Cross Insurance,6721,Port Hedland WA,T-W,Home,808706,Elevated Slab,5992.14,2024-12-30,2025-12-30,BRK-1042
POL-004280,Coral Coast Mutual,4740,Mackay QLD,Q-S,Home,677050,,4278.1,2024-07-16,2025-07-16,BRK-4118
POL-004281,Coral Coast Mutual,6714,Karratha WA,T-W,Home,703151,Elevated Slab,5379.72,2025-03-30,2026-03-30,BRK-4118
POL-004282,Pacific Rim Insurance,6714,Karratha WA,T-W,Strata,11367755,Shutters Installed,96237.16,2023-07-08,2024-07-07,BRK-4118
POL-004283,Coral Coast Mutual,4802,Townsville QLD,T-W,Home,893694,Elevated Slab,7732.83,2024-09-04,2025-09-04,BRK-1042
POL-004284,Southern Cross Insurance,6714,Karratha WA,T-W,Home,336018,Elevated Slab,2949.37,2025-07-28,2026-07-28,BRK-2071
POL-004285,Pacific Rim Insurance,4870,Cairns QLD,T-W,Home,651022,Roof Tie-Down,5763.99,2024-01-25,2025-01-24,BRK-2071
POL-004286,Coral Coast Mutual,4825,Mount Isa QLD,B-F,Home,802008,,1483.01,2023-06-13,2024-06-12,BRK-2071
POL-004287,Pacific Rim Insurance,810,Darwin NT,T-W,SME,2646247,Roof Tie-Down,19835.88,2025-04-24,2026-04-24,BRK-1042
POL-004288,Outback Assurance Group,810,Darwin NT,T-W,Home,773471,Roof Tie-Down,6065.7,2024-10-15,2025-10-15,BRK-2071
POL-004289,Northbeam General,4700,Rockhampton QLD,Q-S,SME,2993267,Elevated Slab,16764.3,2024-01-26,2025-01-25,
POL-004290,Southern Cross Insurance,4870,Cairns QLD,T-W,Home,770690,,7428.35,2025-08-12,2026-08-12,BRK-4118
POL-004291,Coral Coast Mutual,4870,Cairns QLD,T-W,Home,395911,,3883.05,2024-10-11,2025-10-11,BRK-2071
POL-004292,Northbeam General,850,Alice Springs NT,B-F,Home,728009,Roof Tie-Down,1013.42,2023-07-26,2024-07-25,
POL-004293,Pacific Rim Insurance,810,Darwin NT,T-W,Home,735807,,7567.37,2023-10-01,2024-09-30,
POL-004294,Outback Assurance Group,6714,Karratha WA,T-W,Home,516431,,5205.43,2024-07-23,2025-07-23,BRK-4118
POL-004295,Southern Cross Insurance,800,Darwin NT,T-W,Home,559583,Shutters Installed,4369.23,2025-07-11,2026-07-11,BRK-3390
POL-004296,Pacific Rim Insurance,6714,Karratha WA,T-W,SME,496754,,4914.06,2023-05-31,2024-05-30,BRK-2071
POL-004297,Northbeam General,4655,Hervey Bay QLD,L-P,Home,552027,Elevated Slab,1991.4,2023-06-27,2024-06-26,
POL-004298,Outback Assurance Group,6000,Perth WA,B-F,Home,565029,,1095.65,2023-09-27,2024-09-26,
POL-004299,Southern Cross Insurance,4655,Hervey Bay QLD,L-P,SME,1830531,,6983.46,2024-08-16,2025-08-16,BRK-2071
POL-004300,Outback Assurance Group,6000,Perth WA,B-F,SME,2851250,,5137.44,2024-03-22,2025-03-22,BRK-1042
POL-004301,Coral Coast Mutual,6000,Perth WA,B-F,Home,657821,Roof Tie-Down,972.09,2025-05-11,2026-05-11,BRK-1042
POL-004302,Pacific Rim Insurance,4879,Innisfail QLD,T-W,SME,2744045,Shutters Installed,22123.32,2024-06-04,2025-06-04,BRK-1042
POL-004303,Pacific Rim Insurance,4737,Bowen QLD,Q-S,SME,2184961,Elevated Slab,12548.16,2025-07-22,2026-07-22,
POL-004304,Outback Assurance Group,4810,Townsville QLD,T-W,SME,2033064,Roof Tie-Down,16939.06,2023-02-23,2024-02-23,BRK-2071
POL-004305,Southern Cross Insurance,810,Darwin NT,T-W,SME,2881258,Roof Tie-Down,21046.71,2023-04-01,2024-03-31,BRK-4118
POL-004306,Coral Coast Mutual,4703,Rockhampton QLD,Q-S,Home,543016,Roof Tie-Down,2989.36,2024-08-26,2025-08-26,BRK-2071
POL-004307,Pacific Rim Insurance,4737,Bowen QLD,Q-S,Strata,11687464,Roof Tie-Down,66063.57,2023-08-08,2024-08-07,BRK-2071
POL-004308,Pacific Rim Insurance,4870,Cairns QLD,T-W,Home,518803,Roof Tie-Down,4488.32,2024-06-17,2025-06-17,BRK-1042
POL-004309,Pacific Rim Insurance,6714,Karratha WA,T-W,SME,2788814,,25380.19,2023-03-17,2024-03-16,BRK-3390
POL-004310,Coral Coast Mutual,800,Darwin NT,T-W,Home,300100,,3111.55,2023-08-27,2024-08-26,BRK-2071
POL-004311,Outback Assurance Group,4737,Bowen QLD,Q-S,Home,625817,Shutters Installed,3722.29,2025-09-07,2026-09-07,BRK-3390
POL-004312,Northbeam General,850,Alice Springs NT,B-F,Home,841815,Roof Tie-Down,1244.54,2023-08-15,2024-08-14,
POL-004313,Pacific Rim Insurance,4655,Hervey Bay QLD,L-P,Home,518275,,2335.45,2025-02-16,2026-02-16,BRK-2071
POL-004314,Outback Assurance Group,4655,Hervey Bay QLD,L-P,SME,2135902,,9571.32,2023-12-06,2024-12-05,
POL-004315,Northbeam General,810,Darwin NT,T-W,Home,810774,Roof Tie-Down,6761.15,2025-06-12,2026-06-12,BRK-3390
POL-004316,Pacific Rim Insurance,4720,Charters Towers QLD,L-P,Strata,2027018,,8956.41,2023-04-24,2024-04-23,BRK-3390
POL-004317,Pacific Rim Insurance,4703,Rockhampton QLD,Q-S,Home,293761,Elevated Slab,1602.51,2024-06-06,2025-06-06,
POL-004318,Outback Assurance Group,6714,Karratha WA,T-W,Home,692924,,6562.97,2024-02-24,2025-02-23,BRK-4118
POL-004319,Northbeam General,4720,Charters Towers QLD,L-P,Home,542072,,2196.54,2024-07-18,2025-07-18,BRK-2071
POL-004320,Outback Assurance Group,850,Alice Springs NT,B-F,Strata,11639049,,20218.93,2024-08-11,2025-08-11,BRK-1042
POL-004321,Coral Coast Mutual,6714,Karratha WA,T-W,Home,460413,Shutters Installed,3406.4,2024-05-04,2025-05-04,BRK-3390
POL-004322,Pacific Rim Insurance,4680,Gladstone QLD,L-P,SME,2915325,,12559.07,2025-08-03,2026-08-03,BRK-4118
POL-004323,Southern Cross Insurance,4810,Townsville QLD,T-W,Home,729570,,7576.0,2023-03-31,2024-03-30,
POL-004324,Southern Cross Insurance,6721,Port Hedland WA,T-W,Strata,4625471,Elevated Slab,36816.88,2023-11-27,2024-11-26,
POL-004325,Coral Coast Mutual,800,Darwin NT,T-W,SME,2180065,,19704.79,2023-08-18,2024-08-17,BRK-4118
POL-004326,Outback Assurance Group,4810,Townsville QLD,T-W,Home,325436,,3257.05,2025-03-08,2026-03-08,
POL-004327,Northbeam General,6721,Port Hedland WA,T-W,SME,2248009,,21481.61,2024-03-13,2025-03-13,BRK-2071
POL-004328,Northbeam General,4870,Cairns QLD,T-W,Strata,5465248,Roof Tie-Down,42816.42,2024-05-31,2025-05-31,
POL-004329,Coral Coast Mutual,4740,Mackay QLD,Q-S,SME,1203927,Elevated Slab,7100.19,2023-03-29,2024-03-28,BRK-2071
POL-004330,Northbeam General,4802,Townsville QLD,T-W,Home,430933,,4439.36,2023-05-29,2024-05-28,
POL-004331,Pacific Rim Insurance,4720,Charters Towers QLD,L-P,Home,475408,,1918.97,2024-11-09,2025-11-09,
POL-004332,Coral Coast Mutual,4700,Rockhampton QLD,Q-S,Home,301191,Elevated Slab,1686.62,2024-06-16,2025-06-16,BRK-1042
POL-004333,Pacific Rim Insurance,4879,Innisfail QLD,T-W,SME,747341,Roof Tie-Down,6402.25,2025-06-14,2026-06-14,BRK-4118
POL-004334,Southern Cross Insurance,4740,Mackay QLD,Q-S,Home,456081,,3207.61,2024-07-20,2025-07-20,BRK-2071
POL-004335,Coral Coast Mutual,4825,Mount Isa QLD,B-F,SME,1319280,Shutters Installed,1993.72,2023-09-05,2024-09-04,
POL-004336,Coral Coast Mutual,4720,Charters Towers QLD,L-P,Home,759576,,2937.76,2023-12-21,2024-12-20,BRK-1042
POL-004337,Outback Assurance Group,6000,Perth WA,B-F,Home,611811,,1045.11,2023-06-07,2024-06-06,BRK-2071
POL-004338,Outback Assurance Group,4740,Mackay QLD,Q-S,Home,530308,Elevated Slab,3182.74,2025-04-24,2026-04-24,BRK-2071
POL-004339,Coral Coast Mutual,810,Darwin NT,T-W,Home,598921,Roof Tie-Down,5077.51,2024-02-09,2025-02-08,BRK-2071
POL-004340,Coral Coast Mutual,4810,Townsville QLD,T-W,Home,410596,Roof Tie-Down,3455.21,2025-04-20,2026-04-20,BRK-4118
POL-004341,Southern Cross Insurance,4879,Innisfail QLD,T-W,Home,411023,,4141.36,2024-01-09,2025-01-08,
POL-004342,Northbeam General,4700,Rockhampton QLD,Q-S,Strata,7996458,,56861.25,2025-01-09,2026-01-09,BRK-1042
POL-004343,Coral Coast Mutual,4825,Cloncurry QLD,B-F,Home,771275,Roof Tie-Down,1169.19,2025-06-14,2026-06-14,
POL-004344,Northbeam General,4825,Cloncurry QLD,B-F,Home,655041,,1104.18,2023-09-24,2024-09-23,BRK-1042
POL-004345,Outback Assurance Group,4810,Townsville QLD,T-W,Home,786869,,7126.9,2025-02-05,2026-02-05,BRK-3390
POL-004346,Coral Coast Mutual,4870,Cairns QLD,T-W,Home,273462,,2769.97,2025-04-30,2026-04-30,
POL-004347,Pacific Rim Insurance,4825,Mount Isa QLD,B-F,SME,2788731,,5459.6,2024-09-13,2025-09-13,
POL-004348,Coral Coast Mutual,4825,Mount Isa QLD,B-F,Home,321850,Elevated Slab,458.27,2024-11-24,2025-11-24,
POL-004349,Southern Cross Insurance,6721,Port Hedland WA,T-W,Home,423236,Shutters Installed,3307.62,2024-11-19,2025-11-19,BRK-4118
POL-004350,Northbeam General,4879,Innisfail QLD,T-W,Strata,4983710,,47534.75,2024-11-20,2025-11-20,BRK-1042
POL-004351,Outback Assurance Group,4720,Charters Towers QLD,L-P,SME,2792282,Shutters Installed,9920.34,2024-03-26,2025-03-26,
POL-004352,Southern Cross Insurance,4879,Innisfail QLD,T-W,Home,860637,,8826.69,2024-05-07,2025-05-07,BRK-1042
POL-004353,Northbeam General,4680,Gladstone QLD,L-P,Home,526115,,2275.37,2024-12-26,2025-12-26,BRK-2071
POL-004354,Southern Cross Insurance,6721,Port Hedland WA,T-W,Home,813130,,7679.55,2024-05-19,2025-05-19,BRK-2071
POL-004355,Southern Cross Insurance,6714,Karratha WA,T-W,SME,1132834,,11732.11,2025-01-13,2026-01-13,BRK-3390
POL-004356,Northbeam General,4802,Townsville QLD,T-W,Home,306380,,2902.97,2025-08-27,2026-08-27,BRK-1042
POL-004357,Southern Cross Insurance,6721,Port Hedland WA,T-W,SME,1909706,Shutters Installed,15709.99,2024-04-22,2025-04-22,BRK-1042
POL-004358,Outback Assurance Group,4740,Mackay QLD,Q-S,SME,1796811,Roof Tie-Down,10212.2,2024-04-18,2025-04-18,
POL-004359,Coral Coast Mutual,4350,Toowoomba QLD,B-F,SME,1502391,,2563.89,2023-03-15,2024-03-14,BRK-4118
POL-004360,Coral Coast Mutual,4825,Cloncurry QLD,B-F,Home,633026,Roof Tie-Down,962.39,2024-05-27,2025-05-27,
POL-004361,Outback Assurance Group,4655,Hervey Bay QLD,L-P,Home,533496,Shutters Installed,1961.02,2025-01-18,2026-01-18,BRK-1042
POL-004362,Coral Coast Mutual,6721,Port Hedland WA,T-W,Home,642264,,6061.96,2024-09-26,2025-09-26,BRK-1042
POL-004363,Pacific Rim Insurance,810,Darwin NT,T-W,Home,634532,Roof Tie-Down,5602.14,2023-12-24,2024-12-23,BRK-4118
POL-004364,Coral Coast Mutual,4870,Cairns QLD,T-W,SME,2841391,,28535.91,2025-05-06,2026-05-06,BRK-3390
POL-004365,Southern Cross Insurance,850,Alice Springs NT,B-F,SME,2445977,Shutters Installed,3639.15,2024-05-28,2025-05-28,
POL-004366,Southern Cross Insurance,4879,Innisfail QLD,T-W,Home,806692,Roof Tie-Down,6870.24,2023-09-26,2024-09-25,
POL-004367,Southern Cross Insurance,4703,Rockhampton QLD,Q-S,Home,566619,Shutters Installed,3095.53,2023-11-04,2024-11-03,
POL-004368,Southern Cross Insurance,4737,Bowen QLD,Q-S,Home,871703,Elevated Slab,5294.97,2024-03-31,2025-03-31,
POL-004369,Northbeam General,6000,Perth WA,B-F,SME,2874082,,5162.11,2025-04-08,2026-04-08,BRK-2071
POL-004370,Pacific Rim Insurance,6721,Port Hedland WA,T-W,Home,584854,Shutters Installed,4790.61,2023-02-12,2024-02-12,BRK-3390
POL-004371,Southern Cross Insurance,4703,Rockhampton QLD,Q-S,Home,671970,Shutters Installed,3368.9,2024-04-17,2025-04-17,BRK-4118
POL-004372,Pacific Rim Insurance,4703,Rockhampton QLD,Q-S,Home,270232,Elevated Slab,1366.97,2023-12-23,2024-12-22,
POL-004373,Outback Assurance Group,4870,Cairns QLD,T-W,SME,839815,Roof Tie-Down,6697.86,2023-02-06,2024-02-06,
POL-004374,Outback Assurance Group,4737,Bowen QLD,Q-S,Home,852536,,5024.4,2024-07-10,2025-07-10,BRK-4118
POL-004375,Northbeam General,4810,Townsville QLD,T-W,Home,579059,,5698.99,2024-02-12,2025-02-11,
POL-004376,Pacific Rim Insurance,800,Darwin NT,T-W,SME,1391326,Elevated Slab,11604.77,2025-02-28,2026-02-28,BRK-2071
POL-004377,Outback Assurance Group,4879,Innisfail QLD,T-W,Home,620085,,6477.78,2025-03-20,2026-03-20,
POL-004378,Pacific Rim Insurance,850,Alice Springs NT,B-F,Strata,13304601,Elevated Slab,21559.42,2024-12-21,2025-12-21,BRK-3390
POL-004379,Pacific Rim Insurance,4810,Townsville QLD,T-W,Home,726530,,6388.64,2024-06-30,2025-06-30,
POL-004380,Southern Cross Insurance,4703,Rockhampton QLD,Q-S,Home,474008,Roof Tie-Down,2477.73,2023-12-20,2024-12-19,BRK-2071
POL-004381,Coral Coast Mutual,4703,Rockhampton QLD,Q-S,Home,448769,Roof Tie-Down,2254.87,2024-04-24,2025-04-24,BRK-4118
POL-004382,Northbeam General,4700,Rockhampton QLD,Q-S,Home,894335,Shutters Installed,4671.13,2024-02-19,2025-02-18,BRK-2071
POL-004383,Southern Cross Insurance,6714,Karratha WA,T-W,Home,845356,,7892.83,2025-02-26,2026-02-26,BRK-4118
POL-004384,Outback Assurance Group,6000,Perth WA,B-F,Home,261538,Roof Tie-Down,413.29,2025-07-25,2026-07-25,BRK-1042
POL-004385,Northbeam General,4350,Toowoomba QLD,B-F,SME,2232713,,4294.97,2024-07-28,2025-07-28,BRK-4118
POL-004386,Outback Assurance Group,4655,Hervey Bay QLD,L-P,SME,1837409,,7225.5,2024-11-16,2025-11-16,BRK-4118
POL-004387,Southern Cross Insurance,4350,Toowoomba QLD,B-F,SME,2880081,,5646.55,2024-12-25,2025-12-25,BRK-3390
POL-004388,Pacific Rim Insurance,810,Darwin NT,T-W,SME,2593998,,24102.51,2025-08-19,2026-08-19,BRK-1042
POL-004389,Northbeam General,800,Darwin NT,T-W,Home,384660,Roof Tie-Down,3389.98,2025-03-26,2026-03-26,BRK-2071
POL-004390,Outback Assurance Group,4825,Mount Isa QLD,B-F,Home,587925,,1135.89,2025-04-04,2026-04-04,BRK-4118
POL-004391,Northbeam General,4825,Mount Isa QLD,B-F,Strata,12769482,,23199.08,2025-04-05,2026-04-05,BRK-1042
POL-004392,Coral Coast Mutual,6714,Karratha WA,T-W,SME,2053874,,21372.24,2025-02-15,2026-02-15,BRK-2071
POL-004393,Northbeam General,4737,Bowen QLD,Q-S,Strata,6577636,,41707.51,2024-01-17,2025-01-16,BRK-3390
POL-004394,Southern Cross Insurance,4700,Rockhampton QLD,Q-S,Home,543773,,3383.54,2023-03-20,2024-03-19,BRK-1042
POL-004395,Coral Coast Mutual,4720,Charters Towers QLD,L-P,Home,808181,,3506.87,2025-02-21,2026-02-21,BRK-2071
POL-004396,Coral Coast Mutual,4825,Mount Isa QLD,B-F,Home,446692,,805.85,2023-01-19,2024-01-19,BRK-3390
POL-004397,Northbeam General,810,Darwin NT,T-W,Home,816099,,7133.12,2024-08-30,2025-08-30,BRK-2071
POL-004398,Pacific Rim Insurance,4737,Bowen QLD,Q-S,SME,2551640,,15925.25,2023-04-13,2024-04-12,BRK-3390
POL-004399,Northbeam General,6000,Perth WA,B-F,SME,1491235,,2620.88,2023-05-18,2024-05-17,BRK-2071
POL-004400,Coral Coast Mutual,4870,Cairns QLD,T-W,Strata,10761524,Shutters Installed,82447.11,2023-09-06,2024-09-05,BRK-4118
POL-004401,Pacific Rim Insurance,6000,Perth WA,B-F,Strata,3867171,,6521.79,2023-06-23,2024-06-22,BRK-2071
POL-004402,Outback Assurance Group,4703,Rockhampton QLD,Q-S,Strata,2027169,Roof Tie-Down,11218.38,2025-06-18,2026-06-18,BRK-1042
POL-004403,Outback Assurance Group,6721,Port Hedland WA,T-W,Home,850844,,7291.8,2024-03-07,2025-03-07,BRK-4118
POL-004404,Pacific Rim Insurance,4879,Innisfail QLD,T-W,Home,737621,,6835.32,2025-01-28,2026-01-28,BRK-4118
POL-004405,Outback Assurance Group,4680,Gladstone QLD,L-P,Home,756231,Elevated Slab,2801.82,2023-03-09,2024-03-08,BRK-2071
POL-004406,Pacific Rim Insurance,4700,Rockhampton QLD,Q-S,Strata,2701231,,16792.26,2024-06-20,2025-06-20,BRK-2071
POL-004407,Pacific Rim Insurance,4655,Hervey Bay QLD,L-P,Home,357980,,1503.82,2025-04-13,2026-04-13,BRK-2071
POL-004408,Coral Coast Mutual,4350,Toowoomba QLD,B-F,Home,419696,,738.4,2023-11-01,2024-10-31,BRK-4118
POL-004409,Southern Cross Insurance,4655,Hervey Bay QLD,L-P,Home,563011,Elevated Slab,1852.85,2024-09-19,2025-09-19,
POL-004410,Outback Assurance Group,4655,Hervey Bay QLD,L-P,Home,491897,,2111.1,2023-01-21,2024-01-21,BRK-4118
POL-004411,Outback Assurance Group,6000,Perth WA,B-F,SME,2767935,,5200.82,2025-02-07,2026-02-07,BRK-3390
POL-004412,Outback Assurance Group,4870,Cairns QLD,T-W,Home,370054,Roof Tie-Down,3110.8,2024-09-02,2025-09-02,BRK-4118
POL-004413,Northbeam General,4740,Mackay QLD,Q-S,Home,641919,Roof Tie-Down,3588.21,2023-04-13,2024-04-12,BRK-2071
POL-004414,Outback Assurance Group,4655,Hervey Bay QLD,L-P,Strata,8564250,Roof Tie-Down,30357.58,2023-01-12,2024-01-12,BRK-3390
POL-004415,Outback Assurance Group,6000,Perth WA,B-F,Home,508581,,836.17,2023-09-12,2024-09-11,BRK-3390
POL-004416,Northbeam General,810,Darwin NT,T-W,SME,1120884,Shutters Installed,8872.88,2023-01-04,2024-01-04,BRK-1042
POL-004417,Outback Assurance Group,4700,Rockhampton QLD,Q-S,Home,276302,,1814.07,2024-06-06,2025-06-06,BRK-3390
POL-004418,Pacific Rim Insurance,4680,Gladstone QLD,L-P,SME,993764,,4478.36,2025-08-08,2026-08-08,BRK-1042
POL-004419,Coral Coast Mutual,4350,Toowoomba QLD,B-F,Home,821721,,1399.46,2024-05-30,2025-05-30,BRK-3390
POL-004420,Outback Assurance Group,4703,Rockhampton QLD,Q-S,SME,746797,,4372.9,2024-01-06,2025-01-05,
POL-004421,Coral Coast Mutual,4350,Toowoomba QLD,B-F,SME,754255,Shutters Installed,1149.4,2023-12-13,2024-12-12,BRK-4118
POL-004422,Northbeam General,4655,Hervey Bay QLD,L-P,Home,611927,,2375.85,2025-06-16,2026-06-16,BRK-4118
POL-004423,Northbeam General,4825,Mount Isa QLD,B-F,Home,342722,,573.78,2024-07-10,2025-07-10,BRK-1042
POL-004424,Outback Assurance Group,4703,Rockhampton QLD,Q-S,Home,788157,Shutters Installed,4747.8,2024-08-19,2025-08-19,BRK-4118
POL-004425,Pacific Rim Insurance,4802,Townsville QLD,T-W,Home,605335,,6104.95,2025-06-02,2026-06-02,BRK-3390
POL-004426,Southern Cross Insurance,4737,Bowen QLD,Q-S,Home,335402,,2335.78,2024-12-17,2025-12-17,
POL-004427,Pacific Rim Insurance,4703,Rockhampton QLD,Q-S,Home,723852,Elevated Slab,4325.27,2025-07-03,2026-07-03,
POL-004428,Outback Assurance Group,6721,Port Hedland WA,T-W,Home,650542,Shutters Installed,4732.87,2023-04-06,2024-04-05,BRK-3390
POL-004429,Northbeam General,6000,Perth WA,B-F,Home,832253,Shutters Installed,1296.42,2023-08-02,2024-08-01,
POL-004430,Outback Assurance Group,4737,Bowen QLD,Q-S,Home,834426,Shutters Installed,4567.37,2025-05-02,2026-05-02,BRK-1042
POL-004431,Northbeam General,4737,Bowen QLD,Q-S,Home,313586,,1838.31,2023-10-14,2024-10-13,BRK-1042
POL-004432,Northbeam General,6721,Port Hedland WA,T-W,Home,865642,,8715.43,2024-04-10,2025-04-10,BRK-2071
POL-004433,Northbeam General,4825,Mount Isa QLD,B-F,Home,497814,,814.45,2023-08-20,2024-08-19,BRK-1042
POL-004434,Outback Assurance Group,6000,Perth WA,B-F,Home,723105,Elevated Slab,1069.47,2025-02-12,2026-02-12,BRK-1042
POL-004435,Pacific Rim Insurance,6000,Perth WA,B-F,Strata,2005407,Shutters Installed,2946.89,2023-10-15,2024-10-14,BRK-3390
POL-004436,Southern Cross Insurance,4740,Mackay QLD,Q-S,Home,710103,,4823.71,2023-08-11,2024-08-10,BRK-3390
POL-004437,Coral Coast Mutual,4825,Cloncurry QLD,B-F,Home,270482,Shutters Installed,443.34,2025-05-15,2026-05-15,BRK-1042
POL-004438,Pacific Rim Insurance,4700,Rockhampton QLD,Q-S,Home,862028,,6041.35,2024-01-04,2025-01-03,BRK-2071
POL-004439,Outback Assurance Group,6721,Port Hedland WA,T-W,SME,892272,Elevated Slab,6636.16,2023-02-22,2024-02-22,BRK-3390
POL-004440,Coral Coast Mutual,4802,Townsville QLD,T-W,Home,721413,Shutters Installed,5664.7,2024-11-20,2025-11-20,BRK-2071
POL-004441,Northbeam General,4879,Innisfail QLD,T-W,Home,842733,Roof Tie-Down,7200.1,2023-06-05,2024-06-04,BRK-4118
POL-004442,Southern Cross Insurance,4655,Hervey Bay QLD,L-P,SME,2526134,Shutters Installed,8725.84,2025-08-23,2026-08-23,BRK-3390
POL-004443,Pacific Rim Insurance,4703,Rockhampton QLD,Q-S,Home,520345,,3691.13,2024-01-25,2025-01-24,BRK-4118
POL-004444,Pacific Rim Insurance,4680,Gladstone QLD,L-P,SME,2219796,Roof Tie-Down,7732.83,2024-08-27,2025-08-27,BRK-2071
POL-004445,Northbeam General,4700,Rockhampton QLD,Q-S,Strata,14043167,,97905.78,2023-03-11,2024-03-10,
POL-004446,Outback Assurance Group,4720,Charters Towers QLD,L-P,Home,824474,Elevated Slab,2929.45,2024-10-01,2025-10-01,
POL-004447,Northbeam General,4737,Bowen QLD,Q-S,SME,1971124,Elevated Slab,10821.6,2025-02-14,2026-02-14,
POL-004448,Outback Assurance Group,4802,Townsville QLD,T-W,Home,401325,,3718.22,2024-05-23,2025-05-23,BRK-4118
POL-004449,Southern Cross Insurance,4802,Townsville QLD,T-W,Home,715608,,6213.3,2025-03-15,2026-03-15,BRK-3390
POL-004450,Pacific Rim Insurance,4740,Mackay QLD,Q-S,Strata,7999371,,48077.53,2024-07-21,2025-07-21,BRK-1042
POL-004451,Northbeam General,4879,Innisfail QLD,T-W,Home,284059,,2648.3,2025-09-17,2026-09-17,BRK-3390
POL-004452,Northbeam General,6721,Port Hedland WA,T-W,Home,503604,Shutters Installed,3702.14,2023-05-27,2024-05-26,BRK-1042
POL-004453,Outback Assurance Group,4810,Townsville QLD,T-W,Home,543520,Shutters Installed,4282.79,2025-03-17,2026-03-17,BRK-2071
POL-004454,Coral Coast Mutual,4870,Cairns QLD,T-W,SME,1984800,,19104.49,2025-09-24,2026-09-24,BRK-4118
POL-004455,Northbeam General,4350,Toowoomba QLD,B-F,SME,2966796,Roof Tie-Down,4397.38,2023-05-14,2024-05-13,BRK-1042
POL-004456,Coral Coast Mutual,6714,Karratha WA,T-W,Home,588814,,5905.34,2024-09-05,2025-09-05,BRK-3390
POL-004457,Southern Cross Insurance,4825,Mount Isa QLD,B-F,Home,755826,Shutters Installed,1206.23,2023-02-19,2024-02-19,BRK-1042
POL-004458,Coral Coast Mutual,4655,Hervey Bay QLD,L-P,SME,2627437,Shutters Installed,10103.67,2024-07-23,2025-07-23,BRK-1042
POL-004459,Pacific Rim Insurance,6721,Port Hedland WA,T-W,Home,607189,,5474.58,2023-04-30,2024-04-29,BRK-3390
POL-004460,Northbeam General,4720,Charters Towers QLD,L-P,SME,1918799,Shutters Installed,6644.7,2023-11-15,2024-11-14,BRK-1042
POL-004461,Northbeam General,4720,Charters Towers QLD,L-P,SME,2262549,Shutters Installed,7932.23,2023-11-06,2024-11-05,
POL-004462,Outback Assurance Group,4680,Gladstone QLD,L-P,Home,834194,Roof Tie-Down,3192.28,2025-09-01,2026-09-01,BRK-2071
POL-004463,Northbeam General,4825,Cloncurry QLD,B-F,Home,820799,,1446.97,2024-11-26,2025-11-26,BRK-1042
POL-004464,Southern Cross Insurance,4740,Mackay QLD,Q-S,Home,386379,,2345.1,2023-09-13,2024-09-12,BRK-3390
POL-004465,Outback Assurance Group,850,Alice Springs NT,B-F,Home,591865,,1078.18,2025-09-14,2026-09-14,BRK-1042
POL-004466,Outback Assurance Group,4703,Rockhampton QLD,Q-S,Strata,13103717,,78900.55,2025-04-10,2026-04-10,BRK-4118
POL-004467,Southern Cross Insurance,4802,Townsville QLD,T-W,Home,794624,,7544.49,2025-04-26,2026-04-26,BRK-1042
POL-004468,Northbeam General,6000,Perth WA,B-F,SME,2779780,,4865.8,2024-02-23,2025-02-22,BRK-3390
POL-004469,Southern Cross Insurance,4802,Townsville QLD,T-W,SME,2821948,,26231.06,2023-11-04,2024-11-03,
POL-004470,Southern Cross Insurance,4879,Innisfail QLD,T-W,Home,441628,Roof Tie-Down,3596.03,2024-06-02,2025-06-02,BRK-4118
POL-004471,Coral Coast Mutual,850,Alice Springs NT,B-F,Home,293334,Shutters Installed,419.97,2024-05-14,2025-05-14,BRK-3390
POL-004472,Southern Cross Insurance,6714,Karratha WA,T-W,SME,488928,Roof Tie-Down,3669.47,2023-06-13,2024-06-12,
POL-004473,Southern Cross Insurance,4825,Mount Isa QLD,B-F,SME,1648046,,2887.32,2023-10-06,2024-10-05,BRK-2071
POL-004474,Southern Cross Insurance,4655,Hervey Bay QLD,L-P,Home,394167,,1708.0,2024-12-13,2025-12-13,BRK-1042
POL-004475,Coral Coast Mutual,4740,Mackay QLD,Q-S,SME,2140856,Shutters Installed,10956.74,2024-04-22,2025-04-22,
POL-004476,Outback Assurance Group,4870,Cairns QLD,T-W,SME,2101854,Elevated Slab,17586.69,2024-08-07,2025-08-07,BRK-2071
POL-004477,Southern Cross Insurance,6000,Perth WA,B-F,Home,490975,,948.75,2024-02-12,2025-02-11,BRK-1042
POL-004478,Northbeam General,850,Alice Springs NT,B-F,Home,556556,,1048.87,2025-08-12,2026-08-12,BRK-2071
POL-004479,Northbeam General,4703,Rockhampton QLD,Q-S,Home,782350,,5545.34,2023-05-26,2024-05-25,BRK-3390
POL-004480,Southern Cross Insurance,4825,Cloncurry QLD,B-F,Home,260974,,462.82,2025-03-25,2026-03-25,BRK-1042
POL-004481,Outback Assurance Group,6000,Perth WA,B-F,Home,410986,,699.7,2024-02-15,2025-02-14,BRK-2071
POL-004482,Pacific Rim Insurance,4825,Mount Isa QLD,B-F,Home,608865,,1095.99,2023-04-13,2024-04-12,BRK-2071
POL-004483,Pacific Rim Insurance,4737,Bowen QLD,Q-S,Home,362048,Elevated Slab,2026.52,2024-05-23,2025-05-23,BRK-3390
POL-004484,Northbeam General,850,Alice Springs NT,B-F,SME,941596,Roof Tie-Down,1397.54,2024-08-08,2025-08-08,BRK-3390
POL-004485,Northbeam General,4740,Mackay QLD,Q-S,Home,826411,,5612.13,2023-12-28,2024-12-27,
POL-004486,Coral Coast Mutual,4350,Toowoomba QLD,B-F,Home,842552,Roof Tie-Down,1276.2,2023-01-04,2024-01-04,BRK-2071
POL-004487,Northbeam General,4802,Townsville QLD,T-W,Home,749769,Roof Tie-Down,6157.9,2024-06-01,2025-06-01,BRK-3390
POL-004488,Coral Coast Mutual,4802,Townsville QLD,T-W,Strata,12597040,Shutters Installed,110032.82,2025-07-25,2026-07-25,BRK-4118
POL-004489,Coral Coast Mutual,800,Darwin NT,T-W,Home,883715,,8640.31,2023-03-27,2024-03-26,
POL-004490,Outback Assurance Group,4810,Townsville QLD,T-W,Home,739313,Roof Tie-Down,5772.04,2025-08-16,2026-08-16,BRK-2071
POL-004491,Pacific Rim Insurance,6721,Port Hedland WA,T-W,SME,1699282,Roof Tie-Down,14859.89,2023-11-03,2024-11-02,BRK-3390
POL-004492,Pacific Rim Insurance,4737,Bowen QLD,Q-S,SME,1064593,,6761.36,2023-12-21,2024-12-20,BRK-3390
POL-004493,Pacific Rim Insurance,4825,Mount Isa QLD,B-F,Home,323494,,544.77,2024-10-30,2025-10-30,BRK-1042
POL-004494,Outback Assurance Group,850,Alice Springs NT,B-F,SME,2221348,Shutters Installed,3540.24,2024-04-17,2025-04-17,BRK-3390
POL-004495,Coral Coast Mutual,4700,Rockhampton QLD,Q-S,SME,1202241,Shutters Installed,6822.2,2023-07-22,2024-07-21,BRK-1042
POL-004496,Outback Assurance Group,6721,Port Hedland WA,T-W,Home,769472,,6819.91,2025-09-24,2026-09-24,BRK-1042
POL-004497,Coral Coast Mutual,4680,Gladstone QLD,L-P,Home,675827,Shutters Installed,2534.63,2025-05-21,2026-05-21,BRK-1042
POL-004498,Pacific Rim Insurance,4350,Toowoomba QLD,B-F,SME,580399,,1114.7,2024-09-20,2025-09-20,
POL-004499,Coral Coast Mutual,4740,Mackay QLD,Q-S,SME,2639510,Shutters Installed,15012.84,2024-10-18,2025-10-18,
POL-004500,Southern Cross Insurance,810,Darwin NT,T-W,Home,689103,,7150.08,2024-10-03,2025-10-03,BRK-2071
POL-004501,Outback Assurance Group,4740,Mackay QLD,Q-S,Home,319012,Roof Tie-Down,1733.97,2023-12-29,2024-12-28,
POL-004502,Northbeam General,4350,Toowoomba QLD,B-F,Home,425943,Roof Tie-Down,639.38,2024-12-12,2025-12-12,BRK-4118
POL-004503,Pacific Rim Insurance,810,Darwin NT,T-W,Home,284658,,2553.26,2025-03-11,2026-03-11,BRK-2071
POL-004504,Southern Cross Insurance,4350,Toowoomba QLD,B-F,Home,531469,,1037.57,2024-10-06,2025-10-06,BRK-4118
POL-004505,Southern Cross Insurance,800,Darwin NT,T-W,SME,1413875,Roof Tie-Down,10523.62,2024-12-28,2025-12-28,BRK-1042
POL-004506,Outback Assurance Group,4737,Bowen QLD,Q-S,Home,575833,Roof Tie-Down,3443.28,2023-09-22,2024-09-21,BRK-4118
POL-004507,Southern Cross Insurance,6714,Karratha WA,T-W,Home,263367,,2691.54,2024-10-11,2025-10-11,BRK-4118
POL-004508,Pacific Rim Insurance,4720,Charters Towers QLD,L-P,Home,483595,,1916.31,2023-12-04,2024-12-03,
POL-004509,Pacific Rim Insurance,4720,Charters Towers QLD,L-P,Strata,7136761,Shutters Installed,23763.98,2024-08-12,2025-08-12,BRK-4118
POL-004510,Outback Assurance Group,4350,Toowoomba QLD,B-F,SME,1754936,,3232.46,2024-12-01,2025-12-01,
POL-004511,Pacific Rim Insurance,850,Alice Springs NT,B-F,SME,745694,,1471.89,2023-09-13,2024-09-12,BRK-3390
POL-004512,Northbeam General,4870,Cairns QLD,T-W,SME,1085876,Roof Tie-Down,9192.41,2024-04-21,2025-04-21,BRK-2071
POL-004513,Southern Cross Insurance,4655,Hervey Bay QLD,L-P,Home,462643,Roof Tie-Down,1533.79,2024-07-30,2025-07-30,BRK-2071
POL-004514,Outback Assurance Group,4802,Townsville QLD,T-W,Home,308303,,2889.24,2025-05-12,2026-05-12,BRK-3390
POL-004515,Pacific Rim Insurance,4879,Innisfail QLD,T-W,Home,576908,,5262.61,2024-04-07,2025-04-07,BRK-2071
POL-004516,Southern Cross Insurance,850,Alice Springs NT,B-F,Home,590667,,1024.52,2024-11-05,2025-11-05,BRK-2071
POL-004517,Northbeam General,6721,Port Hedland WA,T-W,Home,670009,Shutters Installed,5539.35,2024-09-05,2025-09-05,BRK-4118
POL-004518,Pacific Rim Insurance,4740,Mackay QLD,Q-S,SME,1925404,Elevated Slab,11300.44,2023-10-02,2024-10-01,BRK-3390
POL-004519,Pacific Rim Insurance,4350,Toowoomba QLD,B-F,Home,492428,Shutters Installed,781.13,2024-02-14,2025-02-13,BRK-1042
POL-004520,Coral Coast Mutual,4870,Cairns QLD,T-W,Home,868622,,8854.51,2025-03-21,2026-03-21,BRK-2071
POL-004521,Northbeam General,4700,Rockhampton QLD,Q-S,Home,483236,,3036.99,2023-07-22,2024-07-21,BRK-1042
POL-004522,Coral Coast Mutual,4720,Charters Towers QLD,L-P,Home,270650,Shutters Installed,1050.14,2023-08-27,2024-08-26,BRK-1042
POL-004523,Outback Assurance Group,6714,Karratha WA,T-W,Home,468304,,4048.91,2023-08-24,2024-08-23,BRK-3390
POL-004524,Coral Coast Mutual,6721,Port Hedland WA,T-W,Home,557358,Roof Tie-Down,4733.04,2025-08-13,2026-08-13,BRK-4118
POL-004525,Northbeam General,4870,Cairns QLD,T-W,Home,450149,,4459.94,2024-04-14,2025-04-14,BRK-2071
POL-004526,Southern Cross Insurance,4740,Mackay QLD,Q-S,Home,589944,Shutters Installed,3530.53,2024-02-14,2025-02-13,BRK-1042
POL-004527,Southern Cross Insurance,810,Darwin NT,T-W,Home,350492,Roof Tie-Down,3010.71,2024-05-14,2025-05-14,BRK-1042
POL-004528,Coral Coast Mutual,4680,Gladstone QLD,L-P,Strata,10366064,Shutters Installed,33706.87,2024-08-24,2025-08-24,BRK-4118
POL-004529,Coral Coast Mutual,4740,Mackay QLD,Q-S,Home,563685,Roof Tie-Down,3392.35,2024-02-07,2025-02-06,
POL-004530,Southern Cross Insurance,4825,Mount Isa QLD,B-F,Home,639373,,1222.92,2025-05-26,2026-05-26,BRK-3390
POL-004531,Pacific Rim Insurance,810,Darwin NT,T-W,Home,287322,,2970.51,2025-02-28,2026-02-28,
POL-004532,Northbeam General,4825,Mount Isa QLD,B-F,Home,612030,,1190.54,2023-12-24,2024-12-23,BRK-2071
POL-004533,Outback Assurance Group,6721,Port Hedland WA,T-W,Home,321703,Shutters Installed,2658.26,2025-06-14,2026-06-14,BRK-3390
POL-004534,Southern Cross Insurance,800,Darwin NT,T-W,Home,579314,,5347.12,2025-08-30,2026-08-30,BRK-1042
POL-004535,Coral Coast Mutual,4655,Hervey Bay QLD,L-P,Home,789944,Shutters Installed,2894.44,2023-05-15,2024-05-14,BRK-4118
POL-004536,Northbeam General,4879,Innisfail QLD,T-W,Home,701499,,6158.19,2024-02-25,2025-02-24,BRK-2071
POL-004537,Outback Assurance Group,4825,Mount Isa QLD,B-F,SME,1929595,,3745.42,2025-01-03,2026-01-03,BRK-2071
POL-004538,Southern Cross Insurance,4350,Toowoomba QLD,B-F,Home,250813,Roof Tie-Down,380.54,2025-08-20,2026-08-20,BRK-3390
POL-004539,Outback Assurance Group,6714,Karratha WA,T-W,Home,579664,Roof Tie-Down,4781.06,2024-11-06,2025-11-06,BRK-4118
POL-004540,Southern Cross Insurance,4720,Charters Towers QLD,L-P,SME,2161720,,9252.9,2024-04-16,2025-04-16,BRK-1042
POL-004541,Pacific Rim Insurance,6721,Port Hedland WA,T-W,Home,692979,Shutters Installed,5063.06,2025-08-13,2026-08-13,BRK-3390
POL-004542,Coral Coast Mutual,4740,Mackay QLD,Q-S,SME,858455,,5071.21,2025-07-27,2026-07-27,BRK-3390
POL-004543,Pacific Rim Insurance,4879,Innisfail QLD,T-W,SME,1308272,,12676.9,2024-05-12,2025-05-12,BRK-3390
POL-004544,Outback Assurance Group,4720,Charters Towers QLD,L-P,Home,872745,Roof Tie-Down,2933.2,2023-10-15,2024-10-14,
POL-004545,Pacific Rim Insurance,800,Darwin NT,T-W,Home,798408,Shutters Installed,5949.27,2025-09-17,2026-09-17,BRK-3390
POL-004546,Coral Coast Mutual,850,Alice Springs NT,B-F,SME,771594,,1396.49,2024-12-02,2025-12-02,BRK-2071
POL-004547,Pacific Rim Insurance,4879,Innisfail QLD,T-W,Strata,7880705,Roof Tie-Down,65262.11,2024-11-07,2025-11-07,BRK-1042
POL-004548,Outback Assurance Group,4655,Hervey Bay QLD,L-P,Home,833851,Elevated Slab,2998.46,2023-06-14,2024-06-13,BRK-3390
POL-004549,Outback Assurance Group,850,Alice Springs NT,B-F,Home,752443,Roof Tie-Down,1254.68,2025-01-01,2026-01-01,BRK-2071
POL-004550,Coral Coast Mutual,4700,Rockhampton QLD,Q-S,SME,2723542,,16330.19,2024-11-15,2025-11-15,BRK-3390
POL-004551,Southern Cross Insurance,4737,Bowen QLD,Q-S,Home,471017,Roof Tie-Down,2525.19,2023-10-17,2024-10-16,BRK-2071
POL-004552,Southern Cross Insurance,4737,Bowen QLD,Q-S,Home,280176,,1988.48,2023-08-16,2024-08-15,BRK-1042
POL-004553,Pacific Rim Insurance,4655,Hervey Bay QLD,L-P,Home,795709,,3515.92,2024-08-21,2025-08-21,BRK-3390
POL-004554,Outback Assurance Group,4680,Gladstone QLD,L-P,Home,547853,Shutters Installed,1997.91,2023-07-29,2024-07-28,BRK-4118
POL-004555,Outback Assurance Group,4737,Bowen QLD,Q-S,SME,2416646,Shutters Installed,12720.25,2023-02-06,2024-02-06,BRK-1042
POL-004556,Pacific Rim Insurance,4655,Hervey Bay QLD,L-P,Home,721272,,2952.14,2025-06-08,2026-06-08,BRK-4118
POL-004557,Outback Assurance Group,6714,Karratha WA,T-W,SME,752326,,7039.87,2023-12-29,2024-12-28,BRK-3390
POL-004558,Coral Coast Mutual,4740,Mackay QLD,Q-S,Home,633194,,4380.01,2023-08-01,2024-07-31,
POL-004559,Outback Assurance Group,4350,Toowoomba QLD,B-F,Strata,2818971,Roof Tie-Down,4671.96,2024-11-02,2025-11-02,BRK-2071
POL-004560,Coral Coast Mutual,4703,Rockhampton QLD,Q-S,Home,283944,Roof Tie-Down,1454.18,2024-06-25,2025-06-25,BRK-2071
POL-004561,Outback Assurance Group,4879,Innisfail QLD,T-W,Home,501895,,5025.98,2024-12-21,2025-12-21,
POL-004562,Pacific Rim Insurance,850,Alice Springs NT,B-F,SME,1239124,Roof Tie-Down,1743.97,2024-05-22,2025-05-22,BRK-1042
POL-004563,Pacific Rim Insurance,850,Alice Springs NT,B-F,Home,685875,,1137.72,2023-10-17,2024-10-16,BRK-1042
POL-004564,Southern Cross Insurance,850,Alice Springs NT,B-F,SME,834095,Roof Tie-Down,1185.19,2024-11-11,2025-11-11,BRK-3390
POL-004565,Southern Cross Insurance,810,Darwin NT,T-W,Strata,6866606,,63106.37,2023-01-25,2024-01-25,BRK-1042
POL-004566,Southern Cross Insurance,6714,Karratha WA,T-W,Home,781922,,8161.47,2025-01-07,2026-01-07,BRK-2071
POL-004567,Outback Assurance Group,4802,Townsville QLD,T-W,Home,468922,,4515.37,2024-05-22,2025-05-22,BRK-4118
POL-004568,Outback Assurance Group,4737,Bowen QLD,Q-S,Home,391667,,2449.02,2023-04-10,2024-04-09,
POL-004569,Southern Cross Insurance,4703,Rockhampton QLD,Q-S,Home,545801,,3369.42,2023-08-14,2024-08-13,BRK-1042
POL-004570,Coral Coast Mutual,4870,Cairns QLD,T-W,Home,484253,Roof Tie-Down,3764.0,2024-09-21,2025-09-21,BRK-4118
POL-004571,Coral Coast Mutual,4810,Townsville QLD,T-W,Strata,10249669,,101103.96,2025-01-01,2026-01-01,BRK-1042
POL-004572,Outback Assurance Group,800,Darwin NT,T-W,Home,682827,,6245.66,2023-10-05,2024-10-04,BRK-3390
POL-004573,Pacific Rim Insurance,4655,Hervey Bay QLD,L-P,Home,454106,,1853.55,2024-06-18,2025-06-18,BRK-3390
POL-004574,Outback Assurance Group,4655,Hervey Bay QLD,L-P,Home,724314,Shutters Installed,2729.57,2024-10-09,2025-10-09,BRK-2071
POL-004575,Coral Coast Mutual,4740,Mackay QLD,Q-S,Home,289169,Roof Tie-Down,1479.32,2025-07-07,2026-07-07,BRK-1042
POL-004576,Southern Cross Insurance,4740,Mackay QLD,Q-S,Home,723545,,5035.19,2025-09-26,2026-09-26,
POL-004577,Coral Coast Mutual,4700,Rockhampton QLD,Q-S,Home,793851,,5225.94,2023-02-14,2024-02-14,
POL-004578,Southern Cross Insurance,800,Darwin NT,T-W,Strata,4785047,,47932.7,2024-06-03,2025-06-03,BRK-2071
POL-004579,Southern Cross Insurance,6714,Karratha WA,T-W,Home,295554,Elevated Slab,2486.66,2025-03-31,2026-03-31,
POL-004580,Coral Coast Mutual,4700,Rockhampton QLD,Q-S,Home,802813,Roof Tie-Down,4482.85,2025-02-28,2026-02-28,BRK-4118
POL-004581,Outback Assurance Group,850,Alice Springs NT,B-F,Home,833924,Roof Tie-Down,1245.69,2023-07-18,2024-07-17,BRK-3390
POL-004582,Coral Coast Mutual,4825,Mount Isa QLD,B-F,Home,891203,,1547.36,2024-07-18,2025-07-18,BRK-4118
POL-004583,Pacific Rim Insurance,6721,Port Hedland WA,T-W,Home,417846,Roof Tie-Down,3576.04,2023-09-23,2024-09-22,BRK-2071
POL-004584,Northbeam General,810,Darwin NT,T-W,Home,661971,,5900.58,2023-03-14,2024-03-13,BRK-3390
POL-004585,Southern Cross Insurance,4737,Bowen QLD,Q-S,Home,634818,Roof Tie-Down,3185.78,2025-08-23,2026-08-23,
POL-004586,Pacific Rim Insurance,800,Darwin NT,T-W,Strata,4558518,Roof Tie-Down,35928.5,2024-01-25,2025-01-24,BRK-2071
POL-004587,Pacific Rim Insurance,800,Darwin NT,T-W,Strata,12138182,,121360.5,2024-11-16,2025-11-16,BRK-1042
POL-004588,Southern Cross Insurance,4879,Innisfail QLD,T-W,Home,526503,Roof Tie-Down,4212.57,2025-03-12,2026-03-12,
POL-004589,Pacific Rim Insurance,4720,Charters Towers QLD,L-P,Home,356887,,1593.23,2025-04-03,2026-04-03,BRK-4118
POL-004590,Pacific Rim Insurance,810,Darwin NT,T-W,SME,1986978,,20599.37,2024-11-23,2025-11-23,
POL-004591,Northbeam General,810,Darwin NT,T-W,SME,2116338,,20347.27,2024-11-16,2025-11-16,BRK-2071
POL-004592,Northbeam General,6721,Port Hedland WA,T-W,Home,524552,Roof Tie-Down,3878.68,2023-04-06,2024-04-05,
POL-004593,Southern Cross Insurance,4825,Mount Isa QLD,B-F,Home,839680,Roof Tie-Down,1319.01,2023-11-16,2024-11-15,
POL-004594,Southern Cross Insurance,6714,Karratha WA,T-W,Strata,5883185,,52051.41,2024-10-13,2025-10-13,
POL-004595,Pacific Rim Insurance,4737,Bowen QLD,Q-S,SME,1699050,,10628.18,2023-02-09,2024-02-09,BRK-1042
POL-004596,Outback Assurance Group,4680,Gladstone QLD,L-P,Home,538243,,2392.81,2025-04-06,2026-04-06,
POL-004597,Southern Cross Insurance,4737,Bowen QLD,Q-S,Home,777778,,5013.87,2023-08-06,2024-08-05,BRK-2071
POL-004598,Coral Coast Mutual,4870,Cairns QLD,T-W,Home,620868,Shutters Installed,5277.15,2024-02-04,2025-02-03,BRK-1042
POL-004599,Outback Assurance Group,6714,Karratha WA,T-W,Home,409872,,3860.86,2024-11-08,2025-11-08,BRK-1042
POL-004600,Outback Assurance Group,4810,Townsville QLD,T-W,Home,530734,Roof Tie-Down,3880.53,2023-08-08,2024-08-07,BRK-1042
POL-004601,Outback Assurance Group,6000,Perth WA,B-F,Home,893235,,1743.24,2024-06-21,2025-06-21,BRK-2071
POL-004602,Outback Assurance Group,4870,Cairns QLD,T-W,Home,888015,Shutters Installed,6606.45,2023-08-23,2024-08-22,BRK-3390
POL-004603,Southern Cross Insurance,4810,Townsville QLD,T-W,Home,674170,Roof Tie-Down,5948.54,2023-03-14,2024-03-13,BRK-1042
POL-004604,Southern Cross Insurance,4655,Hervey Bay QLD,L-P,Home,722824,Roof Tie-Down,2503.37,2025-08-20,2026-08-20,BRK-4118
POL-004605,Southern Cross Insurance,4825,Cloncurry QLD,B-F,Home,665841,,1136.54,2024-12-02,2025-12-02,BRK-4118
POL-004606,Outback Assurance Group,4825,Mount Isa QLD,B-F,Home,675770,,1251.42,2023-10-30,2024-10-29,
POL-004607,Southern Cross Insurance,800,Darwin NT,T-W,Home,289271,Shutters Installed,2283.77,2023-10-23,2024-10-22,BRK-1042
POL-004608,Coral Coast Mutual,4740,Mackay QLD,Q-S,Home,796364,Shutters Installed,4311.92,2024-09-05,2025-09-05,BRK-1042
POL-004609,Coral Coast Mutual,4825,Cloncurry QLD,B-F,Home,862240,,1650.22,2024-08-28,2025-08-28,
POL-004610,Outback Assurance Group,4720,Charters Towers QLD,L-P,Home,262705,Roof Tie-Down,1012.54,2023-09-10,2024-09-09,BRK-2071
POL-004611,Southern Cross Insurance,800,Darwin NT,T-W,Home,728145,Roof Tie-Down,6230.13,2023-01-05,2024-01-05,BRK-4118
POL-004612,Pacific Rim Insurance,4737,Bowen QLD,Q-S,Home,482703,,3234.11,2023-11-17,2024-11-16,BRK-3390
POL-004613,Southern Cross Insurance,6721,Port Hedland WA,T-W,Home,288768,,2712.65,2023-04-16,2024-04-15,BRK-1042
POL-004614,Coral Coast Mutual,4825,Mount Isa QLD,B-F,Home,693677,,1331.56,2023-02-07,2024-02-07,BRK-4118
POL-004615,Coral Coast Mutual,4810,Townsville QLD,T-W,Home,531070,,4829.85,2023-03-30,2024-03-29,BRK-1042
POL-004616,Pacific Rim Insurance,6714,Karratha WA,T-W,SME,1571536,Elevated Slab,11998.41,2023-08-27,2024-08-26,
POL-004617,Northbeam General,6721,Port Hedland WA,T-W,SME,1836310,,17005.42,2023-06-15,2024-06-14,
POL-004618,Northbeam General,4802,Townsville QLD,T-W,Strata,13403574,,115275.78,2023-08-05,2024-08-04,BRK-1042
POL-004619,Pacific Rim Insurance,4680,Gladstone QLD,L-P,Home,308092,Roof Tie-Down,1058.34,2024-12-12,2025-12-12,
POL-004620,Southern Cross Insurance,4802,Townsville QLD,T-W,Home,614887,,5507.81,2024-01-31,2025-01-30,BRK-1042
POL-004621,Northbeam General,4810,Townsville QLD,T-W,Home,496790,,4345.5,2024-04-10,2025-04-10,BRK-4118
POL-004622,Northbeam General,4802,Townsville QLD,T-W,SME,1049153,,9514.55,2024-05-22,2025-05-22,BRK-3390
POL-004623,Coral Coast Mutual,4703,Rockhampton QLD,Q-S,SME,1863795,,12952.51,2024-01-21,2025-01-20,BRK-1042
POL-004624,Pacific Rim Insurance,4350,Toowoomba QLD,B-F,SME,2409752,Roof Tie-Down,3804.06,2024-02-02,2025-02-01,BRK-3390
POL-004625,Northbeam General,4737,Bowen QLD,Q-S,SME,728166,Shutters Installed,4418.21,2025-09-08,2026-09-08,BRK-2071
POL-004626,Outback Assurance Group,6000,Perth WA,B-F,Home,754999,,1472.45,2024-02-04,2025-02-03,BRK-2071
POL-004627,Northbeam General,4740,Mackay QLD,Q-S,Home,836379,Elevated Slab,4751.38,2024-05-04,2025-05-04,BRK-2071
POL-004628,Southern Cross Insurance,6714,Karratha WA,T-W,Home,377333,Roof Tie-Down,2979.07,2023-12-14,2024-12-13,BRK-4118
POL-004629,Coral Coast Mutual,4655,Hervey Bay QLD,L-P,SME,2968405,,11689.29,2025-06-16,2026-06-16,BRK-4118
POL-004630,Outback Assurance Group,6000,Perth WA,B-F,Home,871312,Elevated Slab,1342.47,2024-09-02,2025-09-02,BRK-4118
POL-004631,Northbeam General,4870,Cairns QLD,T-W,Home,593573,Shutters Installed,4659.49,2023-01-06,2024-01-06,BRK-1042
POL-004632,Southern Cross Insurance,4810,Townsville QLD,T-W,SME,954991,Shutters Installed,7673.67,2025-05-10,2026-05-10,BRK-4118
POL-004633,Coral Coast Mutual,4825,Cloncurry QLD,B-F,Strata,14538672,Elevated Slab,22614.27,2023-06-04,2024-06-03,BRK-3390
POL-004634,Northbeam General,6714,Karratha WA,T-W,Home,307420,,2820.77,2024-09-28,2025-09-28,BRK-1042
POL-004635,Southern Cross Insurance,4655,Hervey Bay QLD,L-P,Strata,13187201,Roof Tie-Down,43125.65,2025-09-08,2026-09-08,
POL-004636,Pacific Rim Insurance,4740,Mackay QLD,Q-S,Home,327384,Shutters Installed,1778.15,2025-05-16,2026-05-16,BRK-2071
POL-004637,Pacific Rim Insurance,4737,Bowen QLD,Q-S,Home,514638,Shutters Installed,3109.48,2025-02-03,2026-02-03,BRK-1042
POL-004638,Pacific Rim Insurance,4720,Charters Towers QLD,L-P,Home,492208,,1861.05,2024-11-19,2025-11-19,
POL-004639,Outback Assurance Group,4720,Charters Towers QLD,L-P,Home,806642,,3627.55,2024-11-12,2025-11-12,BRK-2071
POL-004640,Northbeam General,4802,Townsville QLD,T-W,Home,837917,,8521.72,2024-05-04,2025-05-04,BRK-3390
POL-004641,Pacific Rim Insurance,4703,Rockhampton QLD,Q-S,SME,657368,Shutters Installed,3460.31,2023-09-26,2024-09-25,BRK-3390
POL-004642,Outback Assurance Group,800,Darwin NT,T-W,Home,738850,,7648.95,2023-09-08,2024-09-07,BRK-3390
POL-004643,Southern Cross Insurance,4680,Gladstone QLD,L-P,Strata,3177882,,13629.82,2023-05-10,2024-05-09,
POL-004644,Southern Cross Insurance,4720,Charters Towers QLD,L-P,Home,272010,,1122.03,2025-02-07,2026-02-07,
POL-004645,Southern Cross Insurance,4720,Charters Towers QLD,L-P,SME,1605556,Elevated Slab,5298.01,2024-01-29,2025-01-28,BRK-2071
POL-004646,Outback Assurance Group,4350,Toowoomba QLD,B-F,SME,2134176,Roof Tie-Down,3109.73,2023-04-30,2024-04-29,BRK-1042
POL-004647,Pacific Rim Insurance,4810,Townsville QLD,T-W,Home,582256,,5988.4,2024-09-16,2025-09-16,BRK-4118
POL-004648,Northbeam General,4825,Mount Isa QLD,B-F,Home,537220,,873.19,2023-09-07,2024-09-06,BRK-1042
POL-004649,Northbeam General,4350,Toowoomba QLD,B-F,SME,2797318,,5270.99,2024-11-05,2025-11-05,BRK-4118
POL-004650,Outback Assurance Group,6714,Karratha WA,T-W,Home,406431,,4158.79,2024-10-12,2025-10-12,BRK-3390
POL-004651,Coral Coast Mutual,4737,Bowen QLD,Q-S,Strata,12108322,Roof Tie-Down,63425.11,2024-08-20,2025-08-20,BRK-1042
POL-004652,Northbeam General,4810,Townsville QLD,T-W,SME,1093804,,11297.83,2023-11-17,2024-11-16,BRK-2071
POL-004653,Northbeam General,4810,Townsville QLD,T-W,Home,565919,Shutters Installed,4737.78,2023-10-13,2024-10-12,BRK-4118
POL-004654,Southern Cross Insurance,4879,Innisfail QLD,T-W,SME,2224548,,21164.04,2025-06-12,2026-06-12,BRK-3390
POL-004655,Southern Cross Insurance,4825,Mount Isa QLD,B-F,Home,481511,,788.08,2023-09-21,2024-09-20,
POL-004656,Coral Coast Mutual,4810,Townsville QLD,T-W,SME,2756899,Roof Tie-Down,22260.54,2023-03-29,2024-03-28,BRK-3390
POL-004657,Outback Assurance Group,6714,Karratha WA,T-W,SME,633984,,6349.19,2025-07-20,2026-07-20,BRK-4118
POL-004658,Coral Coast Mutual,4700,Rockhampton QLD,Q-S,SME,2957476,,17501.66,2025-08-02,2026-08-02,BRK-4118
POL-004659,Northbeam General,4802,Townsville QLD,T-W,Home,529389,Roof Tie-Down,4663.42,2025-09-03,2026-09-03,BRK-4118
POL-004660,Northbeam General,4737,Bowen QLD,Q-S,Home,666113,Elevated Slab,3603.19,2023-01-24,2024-01-24,BRK-1042
POL-004661,Northbeam General,810,Darwin NT,T-W,Home,325980,,3118.6,2023-01-07,2024-01-07,
POL-004662,Outback Assurance Group,4810,Townsville QLD,T-W,Home,868069,,8358.44,2024-05-16,2025-05-16,BRK-2071
POL-004663,Coral Coast Mutual,4350,Toowoomba QLD,B-F,SME,2795996,,4726.36,2025-04-30,2026-04-30,BRK-3390
POL-004664,Northbeam General,850,Alice Springs NT,B-F,SME,1852305,Shutters Installed,2588.85,2025-09-11,2026-09-11,BRK-1042
POL-004665,Northbeam General,6000,Perth WA,B-F,SME,757935,Shutters Installed,1060.72,2024-05-05,2025-05-05,BRK-4118
POL-004666,Northbeam General,4655,Hervey Bay QLD,L-P,Strata,5664445,,24792.18,2024-03-11,2025-03-11,BRK-1042
POL-004667,Coral Coast Mutual,4680,Gladstone QLD,L-P,Home,702029,,2715.04,2023-06-14,2024-06-13,BRK-3390
POL-004668,Southern Cross Insurance,4825,Cloncurry QLD,B-F,Home,465258,,788.56,2025-03-26,2026-03-26,BRK-4118
POL-004669,Pacific Rim Insurance,4825,Cloncurry QLD,B-F,Home,511352,Elevated Slab,709.15,2025-08-28,2026-08-28,BRK-1042
POL-004670,Northbeam General,810,Darwin NT,T-W,Home,515023,Roof Tie-Down,4569.89,2024-07-26,2025-07-26,
POL-004671,Outback Assurance Group,4720,Charters Towers QLD,L-P,Home,429603,,1912.37,2023-02-10,2024-02-10,BRK-4118
POL-004672,Coral Coast Mutual,4720,Charters Towers QLD,L-P,Home,712817,Roof Tie-Down,2407.1,2024-03-13,2025-03-13,BRK-3390
POL-004673,Southern Cross Insurance,6721,Port Hedland WA,T-W,Home,252799,Roof Tie-Down,2029.89,2023-01-07,2024-01-07,BRK-4118
POL-004674,Coral Coast Mutual,4810,Townsville QLD,T-W,Home,559253,Roof Tie-Down,4188.77,2024-04-26,2025-04-26,BRK-2071
POL-004675,Northbeam General,4825,Mount Isa QLD,B-F,Home,763861,,1406.04,2024-03-16,2025-03-16,BRK-2071
POL-004676,Southern Cross Insurance,4655,Hervey Bay QLD,L-P,Home,593133,Roof Tie-Down,2055.44,2023-04-04,2024-04-03,BRK-1042
POL-004677,Coral Coast Mutual,4870,Cairns QLD,T-W,Strata,2542928,,24221.92,2024-09-25,2025-09-25,
POL-004678,Northbeam General,4825,Cloncurry QLD,B-F,SME,940315,,1668.63,2023-06-27,2024-06-26,BRK-1042
POL-004679,Coral Coast Mutual,4740,Mackay QLD,Q-S,Home,723743,Elevated Slab,3706.49,2023-09-04,2024-09-03,BRK-2071
POL-004680,Northbeam General,4740,Mackay QLD,Q-S,Home,492130,,2880.77,2025-07-15,2026-07-15,
POL-004681,Coral Coast Mutual,6000,Perth WA,B-F,SME,1551999,,2624.58,2024-04-12,2025-04-12,BRK-3390
POL-004682,Pacific Rim Insurance,4703,Rockhampton QLD,Q-S,Home,850967,,5134.74,2025-09-06,2026-09-06,BRK-3390
POL-004683,Southern Cross Insurance,4870,Cairns QLD,T-W,SME,2142913,Roof Tie-Down,18028.94,2023-08-15,2024-08-14,BRK-2071
POL-004684,Outback Assurance Group,4879,Innisfail QLD,T-W,SME,2967821,,27548.69,2024-07-25,2025-07-25,
POL-004685,Coral Coast Mutual,6721,Port Hedland WA,T-W,Home,251504,Shutters Installed,1931.07,2023-10-13,2024-10-12,
POL-004686,Outback Assurance Group,4825,Mount Isa QLD,B-F,Strata,9313089,Elevated Slab,13938.29,2024-08-17,2025-08-17,BRK-3390
POL-004687,Pacific Rim Insurance,4870,Cairns QLD,T-W,Home,554244,,5569.42,2023-12-06,2024-12-05,BRK-1042
POL-004688,Northbeam General,4870,Cairns QLD,T-W,Home,349597,,3314.4,2023-11-03,2024-11-02,BRK-3390
POL-004689,Northbeam General,4802,Townsville QLD,T-W,Strata,4851395,,46233.19,2024-08-23,2025-08-23,BRK-2071
POL-004690,Pacific Rim Insurance,6721,Port Hedland WA,T-W,Home,583291,Elevated Slab,5009.75,2024-10-31,2025-10-31,BRK-4118
POL-004691,Northbeam General,4879,Innisfail QLD,T-W,Home,685895,,5993.05,2025-01-06,2026-01-06,BRK-4118
POL-004692,Northbeam General,800,Darwin NT,T-W,Home,597515,Roof Tie-Down,4701.88,2024-12-15,2025-12-15,BRK-4118
POL-004693,Pacific Rim Insurance,4700,Rockhampton QLD,Q-S,Home,829521,,5861.46,2023-11-29,2024-11-28,BRK-1042
POL-004694,Coral Coast Mutual,4825,Cloncurry QLD,B-F,Home,716672,,1325.09,2023-08-29,2024-08-28,BRK-2071
POL-004695,Northbeam General,6000,Perth WA,B-F,SME,1683719,,3028.84,2024-02-19,2025-02-18,BRK-1042
POL-004696,Southern Cross Insurance,6714,Karratha WA,T-W,SME,2899026,,26792.37,2025-03-01,2026-03-01,BRK-4118
POL-004697,Pacific Rim Insurance,4825,Mount Isa QLD,B-F,Home,416888,Shutters Installed,678.29,2023-11-24,2024-11-23,BRK-4118
POL-004698,Outback Assurance Group,4879,Innisfail QLD,T-W,SME,2678756,,25713.67,2023-07-01,2024-06-30,BRK-4118
POL-004699,Northbeam General,4740,Mackay QLD,Q-S,Home,539784,,3530.72,2023-01-20,2024-01-20,BRK-3390
POL-004700,Southern Cross Insurance,4870,Cairns QLD,T-W,Home,809569,,8292.17,2024-06-03,2025-06-03,BRK-2071
POL-004701,Coral Coast Mutual,4802,Townsville QLD,T-W,Home,702739,,6098.42,2025-06-29,2026-06-29,BRK-4118
POL-004702,Coral Coast Mutual,810,Darwin NT,T-W,Home,480881,,4447.74,2024-12-20,2025-12-20,BRK-3390
POL-004703,Coral Coast Mutual,6721,Port Hedland WA,T-W,SME,1159364,Elevated Slab,8510.3,2025-01-24,2026-01-24,BRK-4118
POL-004704,Southern Cross Insurance,4802,Townsville QLD,T-W,Home,770015,Shutters Installed,6341.71,2025-05-23,2026-05-23,BRK-3390
POL-004705,Southern Cross Insurance,800,Darwin NT,T-W,SME,2884765,,29035.78,2023-08-17,2024-08-16,BRK-1042
POL-004706,Coral Coast Mutual,6721,Port Hedland WA,T-W,SME,998929,,9380.03,2023-09-14,2024-09-13,BRK-3390
POL-004707,Coral Coast Mutual,800,Darwin NT,T-W,Home,826184,Elevated Slab,6764.82,2025-07-02,2026-07-02,BRK-1042
POL-004708,Coral Coast Mutual,4720,Charters Towers QLD,L-P,Home,290869,,1294.46,2023-04-22,2024-04-21,BRK-3390
POL-004709,Pacific Rim Insurance,4700,Rockhampton QLD,Q-S,Home,461201,,2925.21,2024-06-18,2025-06-18,BRK-3390
POL-004710,Southern Cross Insurance,4655,Hervey Bay QLD,L-P,Home,455266,,1825.04,2024-03-19,2025-03-19,BRK-4118
POL-004711,Northbeam General,810,Darwin NT,T-W,SME,2565162,,24791.65,2025-01-08,2026-01-08,BRK-1042
POL-004712,Southern Cross Insurance,4870,Cairns QLD,T-W,SME,1577606,,14658.78,2023-04-19,2024-04-18,BRK-2071
POL-004713,Pacific Rim Insurance,4350,Toowoomba QLD,B-F,SME,2409761,,4404.64,2025-05-30,2026-05-30,BRK-1042
POL-004714,Southern Cross Insurance,810,Darwin NT,T-W,Home,594310,,5867.19,2025-08-15,2026-08-15,BRK-3390
POL-004715,Coral Coast Mutual,4350,Toowoomba QLD,B-F,Home,817282,,1583.48,2024-11-23,2025-11-23,BRK-3390
POL-004716,Outback Assurance Group,810,Darwin NT,T-W,Home,838063,,8536.08,2024-06-08,2025-06-08,BRK-3390
POL-004717,Pacific Rim Insurance,4720,Charters Towers QLD,L-P,SME,1482980,,6572.26,2025-09-19,2026-09-19,BRK-1042
POL-004718,Outback Assurance Group,4737,Bowen QLD,Q-S,Home,846087,Shutters Installed,4215.16,2023-01-05,2024-01-05,BRK-4118
POL-004719,Coral Coast Mutual,4350,Toowoomba QLD,B-F,Home,860682,Shutters Installed,1443.32,2025-05-20,2026-05-20,BRK-4118
POL-004720,Coral Coast Mutual,6000,Perth WA,B-F,Home,514923,,995.37,2023-11-14,2024-11-13,
POL-004721,Northbeam General,800,Darwin NT,T-W,SME,2090270,Roof Tie-Down,17154.16,2025-04-28,2026-04-28,BRK-1042
POL-004722,Coral Coast Mutual,4879,Innisfail QLD,T-W,Home,610038,,5545.94,2023-08-26,2024-08-25,BRK-3390
POL-004723,Coral Coast Mutual,4737,Bowen QLD,Q-S,SME,857704,,5786.23,2023-02-01,2024-02-01,BRK-4118
POL-004724,Pacific Rim Insurance,4350,Toowoomba QLD,B-F,Home,790428,,1340.05,2024-09-17,2025-09-17,BRK-3390
POL-004725,Pacific Rim Insurance,6714,Karratha WA,T-W,Strata,11524287,,114752.71,2024-04-18,2025-04-18,BRK-1042
POL-004726,Northbeam General,4802,Townsville QLD,T-W,Strata,7271833,Elevated Slab,58138.01,2025-02-13,2026-02-13,BRK-3390
POL-004727,Pacific Rim Insurance,850,Alice Springs NT,B-F,Home,828985,,1364.46,2024-05-03,2025-05-03,BRK-1042
POL-004728,Northbeam General,6721,Port Hedland WA,T-W,Strata,7143609,Shutters Installed,59728.88,2024-05-15,2025-05-15,BRK-1042
POL-004729,Outback Assurance Group,4740,Mackay QLD,Q-S,Strata,3641846,,25122.48,2025-05-10,2026-05-10,BRK-3390
POL-004730,Coral Coast Mutual,4737,Bowen QLD,Q-S,Strata,13510549,Roof Tie-Down,76688.4,2023-07-17,2024-07-16,BRK-2071
POL-004731,Pacific Rim Insurance,4870,Cairns QLD,T-W,Home,782530,Roof Tie-Down,6362.66,2024-02-02,2025-02-01,BRK-2071
POL-004732,Northbeam General,4700,Rockhampton QLD,Q-S,Home,775388,Roof Tie-Down,4131.12,2023-01-14,2024-01-14,BRK-3390
POL-004733,Coral Coast Mutual,4703,Rockhampton QLD,Q-S,Home,606586,,3650.96,2024-07-21,2025-07-21,BRK-4118
POL-004734,Outback Assurance Group,4740,Mackay QLD,Q-S,SME,979839,Shutters Installed,5878.85,2024-11-30,2025-11-30,
POL-004735,Coral Coast Mutual,6714,Karratha WA,T-W,Home,578793,,5712.27,2024-12-28,2025-12-28,BRK-3390
POL-004736,Northbeam General,800,Darwin NT,T-W,Home,525232,,5083.75,2023-02-24,2024-02-24,BRK-2071
POL-004737,Outback Assurance Group,810,Darwin NT,T-W,Strata,10087816,Shutters Installed,81252.19,2023-10-27,2024-10-26,BRK-3390
POL-004738,Coral Coast Mutual,4810,Townsville QLD,T-W,Home,504830,Roof Tie-Down,4248.01,2023-11-18,2024-11-17,BRK-4118
POL-004739,Southern Cross Insurance,4680,Gladstone QLD,L-P,SME,575748,,2618.0,2023-06-02,2024-06-01,BRK-1042
POL-004740,Coral Coast Mutual,4740,Mackay QLD,Q-S,Home,327220,,1997.0,2025-09-24,2026-09-24,BRK-4118
POL-004741,Outback Assurance Group,6000,Perth WA,B-F,Strata,11455652,,19688.53,2024-04-26,2025-04-26,
POL-004742,Pacific Rim Insurance,800,Darwin NT,T-W,SME,2764406,Roof Tie-Down,21203.24,2024-11-09,2025-11-09,
POL-004743,Southern Cross Insurance,4825,Mount Isa QLD,B-F,Strata,13358188,Roof Tie-Down,21388.07,2025-03-15,2026-03-15,BRK-2071
POL-004744,Northbeam General,4879,Innisfail QLD,T-W,Home,674905,Elevated Slab,5017.54,2023-06-07,2024-06-06,BRK-1042
POL-004745,Southern Cross Insurance,810,Darwin NT,T-W,Strata,5973772,,58523.9,2024-10-09,2025-10-09,BRK-1042
POL-004746,Southern Cross Insurance,4680,Gladstone QLD,L-P,Home,834536,Shutters Installed,3095.47,2023-09-12,2024-09-11,BRK-4118
POL-004747,Northbeam General,6000,Perth WA,B-F,Home,606630,Shutters Installed,943.11,2023-02-22,2024-02-22,BRK-4118
POL-004748,Pacific Rim Insurance,4879,Innisfail QLD,T-W,Home,256938,Shutters Installed,2074.66,2024-05-13,2025-05-13,
POL-004749,Outback Assurance Group,4810,Townsville QLD,T-W,SME,1307594,Shutters Installed,9993.05,2023-05-21,2024-05-20,BRK-2071
POL-004750,Outback Assurance Group,4879,Innisfail QLD,T-W,SME,2919124,Roof Tie-Down,21505.69,2024-11-25,2025-11-25,BRK-3390
POL-004751,Northbeam General,4740,Mackay QLD,Q-S,Home,506058,Roof Tie-Down,2740.22,2024-01-22,2025-01-21,BRK-4118
POL-004752,Northbeam General,4879,Innisfail QLD,T-W,SME,1170668,,12115.47,2023-07-08,2024-07-07,BRK-1042
POL-004753,Southern Cross Insurance,4740,Mackay QLD,Q-S,Home,603536,Elevated Slab,3452.27,2024-02-15,2025-02-14,
POL-004754,Southern Cross Insurance,4737,Bowen QLD,Q-S,SME,2338721,Roof Tie-Down,11690.69,2025-01-08,2026-01-08,BRK-2071
POL-004755,Northbeam General,6714,Karratha WA,T-W,SME,634113,Roof Tie-Down,4820.61,2025-05-18,2026-05-18,BRK-2071
POL-004756,Northbeam General,6000,Perth WA,B-F,Home,707623,Roof Tie-Down,1104.13,2025-07-04,2026-07-04,BRK-4118
POL-004757,Northbeam General,800,Darwin NT,T-W,Home,828009,,8100.58,2024-12-03,2025-12-03,BRK-4118
POL-004758,Pacific Rim Insurance,4350,Toowoomba QLD,B-F,Home,326093,,615.22,2023-06-11,2024-06-10,BRK-3390
POL-004759,Northbeam General,4655,Hervey Bay QLD,L-P,SME,871753,,3297.02,2023-12-12,2024-12-11,BRK-3390
POL-004760,Pacific Rim Insurance,4870,Cairns QLD,T-W,Home,688203,Roof Tie-Down,5048.33,2023-02-26,2024-02-26,BRK-3390
POL-004761,Northbeam General,810,Darwin NT,T-W,SME,2343225,,22013.42,2023-10-14,2024-10-13,BRK-3390
POL-004762,Pacific Rim Insurance,4737,Bowen QLD,Q-S,SME,2747383,Shutters Installed,14645.44,2025-01-22,2026-01-22,BRK-3390
POL-004763,Outback Assurance Group,4825,Cloncurry QLD,B-F,SME,2696390,,5274.33,2023-03-05,2024-03-04,BRK-4118
POL-004764,Southern Cross Insurance,4703,Rockhampton QLD,Q-S,Home,793742,,5500.45,2025-02-04,2026-02-04,BRK-2071
POL-004765,Coral Coast Mutual,4825,Mount Isa QLD,B-F,Strata,11679136,Roof Tie-Down,18059.94,2025-07-12,2026-07-12,BRK-3390
POL-004766,Coral Coast Mutual,6000,Perth WA,B-F,Home,777716,Elevated Slab,1208.85,2023-05-21,2024-05-20,BRK-4118
POL-004767,Southern Cross Insurance,850,Alice Springs NT,B-F,Home,687210,,1315.77,2025-04-21,2026-04-21,
POL-004768,Coral Coast Mutual,4879,Innisfail QLD,T-W,SME,2245328,,19861.5,2024-10-04,2025-10-04,BRK-4118
POL-004769,Coral Coast Mutual,6714,Karratha WA,T-W,Home,725055,,6957.06,2024-12-12,2025-12-12,BRK-1042
POL-004770,Pacific Rim Insurance,850,Alice Springs NT,B-F,Home,523543,,850.8,2023-01-04,2024-01-04,BRK-2071
POL-004771,Outback Assurance Group,6000,Perth WA,B-F,Home,730403,,1387.15,2023-02-24,2024-02-24,BRK-2071
POL-004772,Northbeam General,4825,Mount Isa QLD,B-F,Home,774417,,1423.69,2025-09-03,2026-09-03,BRK-1042
POL-004773,Pacific Rim Insurance,4825,Cloncurry QLD,B-F,Home,314274,Elevated Slab,509.26,2023-05-20,2024-05-19,BRK-2071
POL-004774,Outback Assurance Group,810,Darwin NT,T-W,SME,698637,,6912.41,2025-02-13,2026-02-13,
POL-004775,Southern Cross Insurance,6000,Perth WA,B-F,Home,608193,Roof Tie-Down,873.94,2024-05-19,2025-05-19,BRK-4118
POL-004776,Pacific Rim Insurance,4720,Charters Towers QLD,L-P,Strata,8496013,Roof Tie-Down,31717.71,2024-02-12,2025-02-11,
POL-004777,Pacific Rim Insurance,4720,Charters Towers QLD,L-P,Home,670918,Shutters Installed,2336.73,2024-04-28,2025-04-28,BRK-2071
POL-004778,Southern Cross Insurance,4680,Gladstone QLD,L-P,Home,860935,Roof Tie-Down,3088.1,2025-07-08,2026-07-08,BRK-4118
POL-004779,Northbeam General,4700,Rockhampton QLD,Q-S,SME,960091,,6311.29,2024-01-05,2025-01-04,BRK-3390
POL-004780,Pacific Rim Insurance,4680,Gladstone QLD,L-P,SME,2073147,Shutters Installed,7833.07,2023-03-28,2024-03-27,BRK-4118
POL-004781,Outback Assurance Group,4810,Townsville QLD,T-W,Home,524403,,5037.79,2024-06-18,2025-06-18,BRK-4118
POL-004782,Outback Assurance Group,4870,Cairns QLD,T-W,Strata,2019707,Roof Tie-Down,16935.86,2025-03-09,2026-03-09,BRK-2071
POL-004783,Southern Cross Insurance,850,Alice Springs NT,B-F,SME,1115338,Roof Tie-Down,1549.27,2024-04-23,2025-04-23,
POL-004784,Pacific Rim Insurance,4740,Mackay QLD,Q-S,Home,548824,Shutters Installed,2866.14,2024-03-10,2025-03-10,BRK-2071
POL-004785,Coral Coast Mutual,4802,Townsville QLD,T-W,Home,647732,Elevated Slab,5181.28,2023-06-05,2024-06-04,BRK-2071
POL-004786,Pacific Rim Insurance,4879,Innisfail QLD,T-W,Home,320646,Roof Tie-Down,2377.72,2025-08-06,2026-08-06,BRK-1042
POL-004787,Coral Coast Mutual,4870,Cairns QLD,T-W,Home,361290,,3429.76,2025-01-24,2026-01-24,BRK-2071
POL-004788,Coral Coast Mutual,4870,Cairns QLD,T-W,SME,601600,Roof Tie-Down,4516.5,2024-11-12,2025-11-12,BRK-3390
POL-004789,Northbeam General,4802,Townsville QLD,T-W,Home,490798,,4852.19,2024-09-24,2025-09-24,
POL-004790,Outback Assurance Group,4740,Mackay QLD,Q-S,Home,430510,,2865.53,2025-06-25,2026-06-25,BRK-1042
POL-004791,Coral Coast Mutual,4680,Gladstone QLD,L-P,Strata,9941847,,39826.9,2024-04-16,2025-04-16,BRK-3390
POL-004792,Coral Coast Mutual,4350,Toowoomba QLD,B-F,SME,2895623,Elevated Slab,4755.55,2024-04-07,2025-04-07,BRK-2071
POL-004793,Pacific Rim Insurance,6000,Perth WA,B-F,SME,1034799,Roof Tie-Down,1546.38,2024-11-25,2025-11-25,BRK-3390
POL-004794,Southern Cross Insurance,6000,Perth WA,B-F,SME,1579776,Roof Tie-Down,2215.66,2023-10-19,2024-10-18,BRK-3390
POL-004795,Coral Coast Mutual,4680,Gladstone QLD,L-P,SME,1623565,Shutters Installed,5262.13,2025-03-23,2026-03-23,
POL-004796,Pacific Rim Insurance,4825,Mount Isa QLD,B-F,Strata,5998941,,10708.66,2025-03-10,2026-03-10,BRK-2071
POL-004797,Pacific Rim Insurance,4350,Toowoomba QLD,B-F,SME,2058720,,3884.72,2025-02-28,2026-02-28,BRK-1042
POL-004798,Pacific Rim Insurance,4737,Bowen QLD,Q-S,Home,645023,Roof Tie-Down,3754.14,2023-01-05,2024-01-05,BRK-4118
POL-004799,Southern Cross Insurance,6714,Karratha WA,T-W,Home,730043,,6659.63,2024-11-04,2025-11-04,BRK-4118
POL-004800,Coral Coast Mutual,4680,Gladstone QLD,L-P,Home,659977,,2780.89,2023-03-22,2024-03-21,BRK-4118
POL-004801,Coral Coast Mutual,6000,Perth WA,B-F,Home,311144,Roof Tie-Down,448.58,2025-04-19,2026-04-19,
POL-004802,Coral Coast Mutual,4720,Charters Towers QLD,L-P,Home,297325,Shutters Installed,1098.35,2024-03-30,2025-03-30,BRK-2071
POL-004803,Northbeam General,6000,Perth WA,B-F,Home,855614,,1557.92,2023-08-03,2024-08-02,BRK-4118
POL-004804,Pacific Rim Insurance,6000,Perth WA,B-F,Home,402417,Shutters Installed,674.07,2025-01-24,2026-01-24,BRK-3390
POL-004805,Coral Coast Mutual,800,Darwin NT,T-W,Home,309510,Roof Tie-Down,2704.76,2024-06-14,2025-06-14,BRK-3390
POL-004806,Pacific Rim Insurance,4825,Mount Isa QLD,B-F,Strata,13365356,Shutters Installed,20139.36,2024-06-07,2025-06-07,BRK-1042
POL-004807,Southern Cross Insurance,4825,Cloncurry QLD,B-F,SME,2901710,,4933.06,2023-06-19,2024-06-18,BRK-4118
POL-004808,Southern Cross Insurance,4350,Toowoomba QLD,B-F,Home,373505,,672.32,2023-08-03,2024-08-02,BRK-3390
POL-004809,Pacific Rim Insurance,4737,Bowen QLD,Q-S,SME,1553426,Roof Tie-Down,8914.28,2025-05-21,2026-05-21,
POL-004810,Outback Assurance Group,4870,Cairns QLD,T-W,SME,1055136,Roof Tie-Down,7920.05,2025-05-29,2026-05-29,BRK-3390
POL-004811,Southern Cross Insurance,6000,Perth WA,B-F,Home,769401,,1429.99,2023-05-18,2024-05-17,BRK-2071
POL-004812,Outback Assurance Group,6714,Karratha WA,T-W,SME,1087720,Shutters Installed,9350.1,2024-06-13,2025-06-13,
POL-004813,Coral Coast Mutual,4825,Cloncurry QLD,B-F,SME,991003,,1950.91,2025-05-24,2026-05-24,
POL-004814,Coral Coast Mutual,850,Alice Springs NT,B-F,Strata,14227971,Shutters Installed,21942.22,2024-04-02,2025-04-02,BRK-2071
POL-004815,Southern Cross Insurance,4655,Hervey Bay QLD,L-P,Home,509948,Roof Tie-Down,1979.07,2025-09-08,2026-09-08,BRK-1042
POL-004816,Northbeam General,850,Alice Springs NT,B-F,SME,2389944,,4720.62,2025-06-19,2026-06-19,BRK-3390
POL-004817,Southern Cross Insurance,4825,Mount Isa QLD,B-F,Home,442058,Roof Tie-Down,676.22,2024-07-02,2025-07-02,BRK-2071
POL-004818,Outback Assurance Group,6000,Perth WA,B-F,Home,439718,Roof Tie-Down,662.52,2025-06-04,2026-06-04,BRK-4118
POL-004819,Pacific Rim Insurance,4810,Townsville QLD,T-W,Strata,12379381,,116545.59,2024-07-08,2025-07-08,BRK-4118
POL-004820,Outback Assurance Group,4737,Bowen QLD,Q-S,Strata,6677163,Shutters Installed,35632.52,2023-09-22,2024-09-21,BRK-4118
POL-004821,Northbeam General,6721,Port Hedland WA,T-W,Strata,2071662,Shutters Installed,15442.39,2024-09-17,2025-09-17,BRK-4118
POL-004822,Southern Cross Insurance,4802,Townsville QLD,T-W,Strata,8978463,,93734.88,2025-07-27,2026-07-27,BRK-3390
POL-004823,Southern Cross Insurance,6714,Karratha WA,T-W,Strata,13666531,Elevated Slab,109334.85,2024-11-10,2025-11-10,BRK-1042
POL-004824,Southern Cross Insurance,4802,Townsville QLD,T-W,Home,511300,Elevated Slab,4141.9,2023-01-28,2024-01-28,BRK-2071
POL-004825,Outback Assurance Group,810,Darwin NT,T-W,SME,2614533,,23776.7,2023-10-29,2024-10-28,BRK-1042
POL-004826,Southern Cross Insurance,4810,Townsville QLD,T-W,Home,616448,,5747.47,2025-08-01,2026-08-01,BRK-4118
POL-004827,Northbeam General,4680,Gladstone QLD,L-P,Home,392714,,1717.11,2024-12-19,2025-12-19,BRK-4118
POL-004828,Pacific Rim Insurance,4740,Mackay QLD,Q-S,Strata,2473501,,16583.34,2023-12-10,2024-12-09,
POL-004829,Northbeam General,6000,Perth WA,B-F,Home,493338,,817.35,2023-02-05,2024-02-05,BRK-4118
POL-004830,Outback Assurance Group,810,Darwin NT,T-W,Home,502992,,4537.66,2023-08-07,2024-08-06,BRK-1042
POL-004831,Northbeam General,4700,Rockhampton QLD,Q-S,SME,2463840,,14629.36,2024-02-28,2025-02-27,BRK-1042
POL-004832,Southern Cross Insurance,6721,Port Hedland WA,T-W,Home,619249,,5786.82,2025-06-01,2026-06-01,BRK-4118
POL-004833,Pacific Rim Insurance,800,Darwin NT,T-W,Home,820012,Roof Tie-Down,6884.51,2024-05-18,2025-05-18,
POL-004834,Southern Cross Insurance,4700,Rockhampton QLD,Q-S,Home,299792,,2106.94,2024-03-02,2025-03-02,BRK-4118
POL-004835,Outback Assurance Group,6714,Karratha WA,T-W,SME,2541850,Shutters Installed,19833.03,2024-02-15,2025-02-14,BRK-4118
POL-004836,Southern Cross Insurance,4350,Toowoomba QLD,B-F,Home,560852,Shutters Installed,786.01,2025-08-10,2026-08-10,BRK-2071
POL-004837,Southern Cross Insurance,4700,Rockhampton QLD,Q-S,Home,797622,,4848.61,2023-05-23,2024-05-22,BRK-1042
POL-004838,Southern Cross Insurance,4700,Rockhampton QLD,Q-S,Strata,11064637,,70211.69,2024-08-21,2025-08-21,BRK-2071
POL-004839,Pacific Rim Insurance,6714,Karratha WA,T-W,SME,2036253,,19690.02,2025-01-01,2026-01-01,BRK-2071
POL-004840,Pacific Rim Insurance,4720,Charters Towers QLD,L-P,SME,2503449,Roof Tie-Down,9635.43,2024-12-10,2025-12-10,BRK-2071
POL-004841,Northbeam General,6721,Port Hedland WA,T-W,Home,411601,Roof Tie-Down,3020.86,2023-03-23,2024-03-22,
POL-004842,Northbeam General,4700,Rockhampton QLD,Q-S,SME,2330518,,13909.75,2025-01-21,2026-01-21,BRK-1042
POL-004843,Outback Assurance Group,4703,Rockhampton QLD,Q-S,SME,1272352,,8878.09,2025-08-25,2026-08-25,BRK-4118
POL-004844,Outback Assurance Group,4720,Charters Towers QLD,L-P,Home,714009,Shutters Installed,2767.96,2025-02-05,2026-02-05,BRK-1042
POL-004845,Coral Coast Mutual,4825,Cloncurry QLD,B-F,Home,817886,Elevated Slab,1302.03,2025-03-07,2026-03-07,
POL-004846,Northbeam General,4700,Rockhampton QLD,Q-S,Home,647115,,4611.36,2025-01-09,2026-01-09,BRK-1042
POL-004847,Coral Coast Mutual,810,Darwin NT,T-W,Home,756585,,7114.01,2023-08-20,2024-08-19,BRK-1042
POL-004848,Pacific Rim Insurance,4737,Bowen QLD,Q-S,Strata,2121687,,13533.63,2024-11-12,2025-11-12,BRK-2071
POL-004849,Coral Coast Mutual,4350,Toowoomba QLD,B-F,SME,1855250,Shutters Installed,3016.38,2025-02-11,2026-02-11,BRK-2071
POL-004850,Northbeam General,850,Alice Springs NT,B-F,Home,431911,,729.69,2024-10-27,2025-10-27,
POL-004851,Northbeam General,4737,Bowen QLD,Q-S,Home,288326,,1707.67,2023-12-05,2024-12-04,BRK-1042
POL-004852,Northbeam General,6714,Karratha WA,T-W,Home,742638,,6657.61,2025-08-22,2026-08-22,BRK-3390
POL-004853,Outback Assurance Group,4737,Bowen QLD,Q-S,Home,382711,,2323.55,2023-12-19,2024-12-18,BRK-2071
POL-004854,Northbeam General,4870,Cairns QLD,T-W,Home,516939,Roof Tie-Down,3791.72,2025-01-14,2026-01-14,BRK-3390
POL-004855,Northbeam General,6714,Karratha WA,T-W,Home,680487,Shutters Installed,5518.24,2025-01-13,2026-01-13,
POL-004856,Southern Cross Insurance,4802,Townsville QLD,T-W,SME,2321634,,22713.83,2023-10-28,2024-10-27,BRK-4118
POL-004857,Coral Coast Mutual,800,Darwin NT,T-W,Home,813543,,8275.55,2023-03-12,2024-03-11,BRK-1042
POL-004858,Outback Assurance Group,4802,Townsville QLD,T-W,Home,549357,,5114.23,2024-10-22,2025-10-22,BRK-1042
POL-004859,Coral Coast Mutual,4350,Toowoomba QLD,B-F,Home,609944,,1071.57,2023-01-11,2024-01-11,BRK-1042
POL-004860,Outback Assurance Group,6000,Perth WA,B-F,Home,527407,,996.06,2024-03-17,2025-03-17,BRK-3390
POL-004861,Coral Coast Mutual,4350,Toowoomba QLD,B-F,Home,323980,,637.38,2023-06-16,2024-06-15,
POL-004862,Southern Cross Insurance,4825,Cloncurry QLD,B-F,Home,737844,Elevated Slab,1223.28,2024-03-24,2025-03-24,
POL-004863,Coral Coast Mutual,4870,Cairns QLD,T-W,SME,1078138,Elevated Slab,8251.78,2024-09-21,2025-09-21,BRK-2071
POL-004864,Coral Coast Mutual,6714,Karratha WA,T-W,Home,542602,,5627.81,2024-03-07,2025-03-07,BRK-4118
POL-004865,Southern Cross Insurance,4740,Mackay QLD,Q-S,Home,832125,Roof Tie-Down,4684.51,2023-07-31,2024-07-30,BRK-3390
POL-004866,Pacific Rim Insurance,4825,Mount Isa QLD,B-F,Home,486337,,938.34,2023-09-08,2024-09-07,BRK-2071
POL-004867,Outback Assurance Group,4720,Charters Towers QLD,L-P,Home,779063,Roof Tie-Down,2780.59,2025-06-06,2026-06-06,
POL-004868,Coral Coast Mutual,810,Darwin NT,T-W,Home,694909,Shutters Installed,5667.19,2023-02-24,2024-02-24,BRK-1042
POL-004869,Southern Cross Insurance,4825,Cloncurry QLD,B-F,SME,2668439,Roof Tie-Down,4224.51,2025-08-27,2026-08-27,BRK-1042
POL-004870,Coral Coast Mutual,4680,Gladstone QLD,L-P,SME,1575258,Shutters Installed,6003.5,2023-07-22,2024-07-21,
POL-004871,Outback Assurance Group,4655,Hervey Bay QLD,L-P,Home,721703,Roof Tie-Down,2571.84,2024-06-07,2025-06-07,BRK-3390
POL-004872,Pacific Rim Insurance,4825,Mount Isa QLD,B-F,Strata,8137345,,14964.05,2024-11-06,2025-11-06,BRK-4118
POL-004873,Coral Coast Mutual,4680,Gladstone QLD,L-P,Home,560184,,2283.81,2024-05-21,2025-05-21,BRK-3390
POL-004874,Coral Coast Mutual,4802,Townsville QLD,T-W,Home,635712,,5466.04,2023-12-17,2024-12-16,BRK-3390
POL-004875,Outback Assurance Group,4350,Toowoomba QLD,B-F,SME,2762001,Elevated Slab,4403.41,2023-03-26,2024-03-25,BRK-2071
POL-004876,Northbeam General,800,Darwin NT,T-W,Home,550128,Elevated Slab,4795.51,2024-07-26,2025-07-26,BRK-4118
POL-004877,Coral Coast Mutual,4810,Townsville QLD,T-W,Home,578144,Roof Tie-Down,4323.96,2025-05-23,2026-05-23,
POL-004878,Pacific Rim Insurance,810,Darwin NT,T-W,SME,2300569,Roof Tie-Down,20041.79,2025-03-03,2026-03-03,BRK-2071
POL-004879,Southern Cross Insurance,4720,Charters Towers QLD,L-P,Home,663513,,2870.42,2023-04-09,2024-04-08,
POL-004880,Outback Assurance Group,4810,Townsville QLD,T-W,Home,563911,Roof Tie-Down,4856.15,2024-01-19,2025-01-18,BRK-2071
POL-004881,Northbeam General,6721,Port Hedland WA,T-W,SME,651835,Shutters Installed,5583.41,2023-02-11,2024-02-11,BRK-1042
POL-004882,Pacific Rim Insurance,850,Alice Springs NT,B-F,Home,524807,,937.71,2023-01-27,2024-01-27,BRK-4118
POL-004883,Northbeam General,4825,Cloncurry QLD,B-F,Home,447711,,857.86,2024-01-07,2025-01-06,BRK-3390
POL-004884,Coral Coast Mutual,4700,Rockhampton QLD,Q-S,SME,1106871,Roof Tie-Down,6406.35,2023-10-19,2024-10-18,BRK-1042
POL-004885,Northbeam General,4870,Cairns QLD,T-W,SME,1240014,Roof Tie-Down,11011.76,2024-03-22,2025-03-22,BRK-1042
POL-004886,Northbeam General,6721,Port Hedland WA,T-W,Home,273123,,2634.04,2023-04-03,2024-04-02,BRK-2071
POL-004887,Northbeam General,4825,Mount Isa QLD,B-F,SME,1917068,,3601.47,2024-11-06,2025-11-06,BRK-4118
POL-004888,Coral Coast Mutual,4680,Gladstone QLD,L-P,Home,845783,Shutters Installed,2754.42,2023-01-28,2024-01-28,BRK-4118
POL-004889,Northbeam General,850,Alice Springs NT,B-F,Home,392916,Shutters Installed,637.29,2024-11-02,2025-11-02,BRK-1042
POL-004890,Southern Cross Insurance,810,Darwin NT,T-W,Home,340538,Elevated Slab,2779.37,2024-08-31,2025-08-31,BRK-3390
POL-004891,Coral Coast Mutual,800,Darwin NT,T-W,Home,494552,Shutters Installed,3803.41,2024-05-29,2025-05-29,BRK-2071
POL-004892,Outback Assurance Group,850,Alice Springs NT,B-F,Home,703409,Shutters Installed,1117.52,2025-07-02,2026-07-02,BRK-4118
POL-004893,Northbeam General,4879,Innisfail QLD,T-W,Home,767544,Roof Tie-Down,5874.66,2025-04-19,2026-04-19,BRK-3390
POL-004894,Northbeam General,800,Darwin NT,T-W,SME,1093839,Roof Tie-Down,9043.4,2025-06-23,2026-06-23,BRK-2071
POL-004895,Coral Coast Mutual,4720,Charters Towers QLD,L-P,Home,346748,Shutters Installed,1185.9,2025-05-29,2026-05-29,BRK-4118
POL-004896,Pacific Rim Insurance,4825,Cloncurry QLD,B-F,Home,881601,,1444.3,2024-07-12,2025-07-12,BRK-1042
POL-004897,Northbeam General,4825,Mount Isa QLD,B-F,Home,566689,,1083.19,2023-06-11,2024-06-10,BRK-3390
POL-004898,Pacific Rim Insurance,800,Darwin NT,T-W,SME,2814722,Roof Tie-Down,24405.63,2023-02-06,2024-02-06,BRK-4118
POL-004899,Northbeam General,810,Darwin NT,T-W,Home,586523,Shutters Installed,4634.4,2024-07-29,2025-07-29,BRK-3390
POL-004900,Outback Assurance Group,800,Darwin NT,T-W,Home,701976,Roof Tie-Down,6100.39,2024-10-03,2025-10-03,BRK-4118
POL-004901,Southern Cross Insurance,850,Alice Springs NT,B-F,Home,322566,Shutters Installed,534.12,2023-03-29,2024-03-28,BRK-2071
POL-004902,Pacific Rim Insurance,4703,Rockhampton QLD,Q-S,SME,786889,,5235.88,2025-06-28,2026-06-28,BRK-1042
POL-004903,Northbeam General,850,Alice Springs NT,B-F,Home,281638,Shutters Installed,397.47,2025-01-09,2026-01-09,BRK-3390
POL-004904,Coral Coast Mutual,4700,Rockhampton QLD,Q-S,Home,511111,,3171.01,2025-03-29,2026-03-29,
POL-004905,Pacific Rim Insurance,4802,Townsville QLD,T-W,Home,767045,Roof Tie-Down,5669.41,2025-07-04,2026-07-04,BRK-1042
POL-004906,Northbeam General,850,Alice Springs NT,B-F,SME,2480087,Shutters Installed,3759.46,2025-02-08,2026-02-08,BRK-2071
POL-004907,Outback Assurance Group,4680,Gladstone QLD,L-P,SME,1037634,,4119.32,2025-04-25,2026-04-25,BRK-4118
POL-004908,Pacific Rim Insurance,4703,Rockhampton QLD,Q-S,Home,455359,Roof Tie-Down,2597.44,2025-09-09,2026-09-09,BRK-2071
POL-004909,Outback Assurance Group,4825,Mount Isa QLD,B-F,Home,307535,,533.13,2025-06-29,2026-06-29,BRK-3390
POL-004910,Northbeam General,4870,Cairns QLD,T-W,Strata,11618899,,112853.18,2025-05-30,2026-05-30,BRK-2071
POL-004911,Pacific Rim Insurance,4740,Mackay QLD,Q-S,Home,273813,,1606.67,2024-08-31,2025-08-31,BRK-2071
POL-004912,Northbeam General,6000,Perth WA,B-F,Home,666182,,1174.48,2024-09-11,2025-09-11,BRK-4118
POL-004913,Outback Assurance Group,810,Darwin NT,T-W,Strata,13576644,Shutters Installed,108780.94,2023-01-30,2024-01-30,BRK-2071
POL-004914,Outback Assurance Group,800,Darwin NT,T-W,SME,437339,Shutters Installed,3730.23,2024-08-16,2025-08-16,BRK-3390
POL-004915,Northbeam General,4825,Mount Isa QLD,B-F,Home,691299,Roof Tie-Down,993.78,2023-07-06,2024-07-05,BRK-3390
POL-004916,Outback Assurance Group,6721,Port Hedland WA,T-W,Home,675953,Roof Tie-Down,5281.08,2024-07-01,2025-07-01,BRK-1042
POL-004917,Northbeam General,6721,Port Hedland WA,T-W,Home,801690,,7695.35,2024-09-30,2025-09-30,
POL-004918,Northbeam General,4350,Toowoomba QLD,B-F,Home,255456,,491.16,2024-05-19,2025-05-19,BRK-4118
POL-004919,Coral Coast Mutual,810,Darwin NT,T-W,Home,818054,,8297.59,2023-05-25,2024-05-24,
POL-004920,Southern Cross Insurance,4825,Cloncurry QLD,B-F,Strata,7973875,,13825.83,2025-06-10,2026-06-10,BRK-2071
POL-004921,Southern Cross Insurance,4703,Rockhampton QLD,Q-S,Home,854093,Roof Tie-Down,5148.11,2025-03-11,2026-03-11,BRK-2071
POL-004922,Outback Assurance Group,4703,Rockhampton QLD,Q-S,Strata,4769803,,32729.3,2023-08-29,2024-08-28,BRK-4118
POL-004923,Outback Assurance Group,850,Alice Springs NT,B-F,Home,824414,,1546.4,2023-07-20,2024-07-19,BRK-4118
POL-004924,Coral Coast Mutual,4802,Townsville QLD,T-W,SME,1408816,Roof Tie-Down,11448.74,2023-02-03,2024-02-03,BRK-1042
POL-004925,Coral Coast Mutual,4350,Toowoomba QLD,B-F,Home,794087,Elevated Slab,1169.08,2024-03-07,2025-03-07,
POL-004926,Outback Assurance Group,4720,Charters Towers QLD,L-P,Home,528657,,2041.96,2023-08-25,2024-08-24,BRK-2071
POL-004927,Northbeam General,4825,Mount Isa QLD,B-F,Home,360781,Elevated Slab,547.29,2023-12-20,2024-12-19,BRK-4118
POL-004928,Coral Coast Mutual,4802,Townsville QLD,T-W,Home,377746,Elevated Slab,2903.97,2024-06-09,2025-06-09,BRK-1042
POL-004929,Coral Coast Mutual,4870,Cairns QLD,T-W,Home,532438,Roof Tie-Down,4087.1,2023-03-23,2024-03-22,BRK-2071
POL-004930,Outback Assurance Group,4737,Bowen QLD,Q-S,Home,576742,Roof Tie-Down,3321.19,2024-12-20,2025-12-20,BRK-1042
POL-004931,Southern Cross Insurance,4825,Mount Isa QLD,B-F,Home,374007,,619.62,2024-01-31,2025-01-30,
POL-004932,Southern Cross Insurance,4703,Rockhampton QLD,Q-S,SME,2565926,Roof Tie-Down,14481.74,2024-02-14,2025-02-13,BRK-2071
POL-004933,Coral Coast Mutual,6714,Karratha WA,T-W,Home,532710,,4938.36,2023-12-26,2024-12-25,BRK-4118
POL-004934,Coral Coast Mutual,4700,Rockhampton QLD,Q-S,SME,1435148,,9104.16,2025-02-10,2026-02-10,BRK-1042
POL-004935,Coral Coast Mutual,4350,Toowoomba QLD,B-F,Home,529883,Roof Tie-Down,860.49,2023-07-23,2024-07-22,BRK-1042
POL-004936,Outback Assurance Group,6000,Perth WA,B-F,Home,604379,Shutters Installed,988.98,2023-12-29,2024-12-28,BRK-2071
POL-004937,Pacific Rim Insurance,4879,Innisfail QLD,T-W,Home,257282,Shutters Installed,2223.49,2023-04-05,2024-04-04,BRK-4118
POL-004938,Northbeam General,4879,Innisfail QLD,T-W,Home,770663,Roof Tie-Down,6565.92,2025-09-06,2026-09-06,BRK-4118
POL-004939,Southern Cross Insurance,4720,Charters Towers QLD,L-P,Home,530028,,2309.37,2024-12-08,2025-12-08,BRK-3390
POL-004940,Pacific Rim Insurance,4737,Bowen QLD,Q-S,SME,2038206,,14037.52,2023-08-26,2024-08-25,BRK-1042
POL-004941,Outback Assurance Group,4680,Gladstone QLD,L-P,SME,2836596,,11496.35,2024-11-26,2025-11-26,BRK-1042
POL-004942,Pacific Rim Insurance,4870,Cairns QLD,T-W,Strata,6339221,,54554.17,2025-01-03,2026-01-03,BRK-2071
POL-004943,Southern Cross Insurance,4802,Townsville QLD,T-W,Home,628233,,5410.96,2023-04-27,2024-04-26,BRK-3390
POL-004944,Southern Cross Insurance,4703,Rockhampton QLD,Q-S,Home,522233,,3636.29,2025-02-10,2026-02-10,BRK-2071
POL-004945,Outback Assurance Group,4350,Toowoomba QLD,B-F,Home,514112,,936.87,2023-07-13,2024-07-12,BRK-2071
POL-004946,Pacific Rim Insurance,4737,Bowen QLD,Q-S,Home,431110,,2976.22,2025-08-08,2026-08-08,
POL-004947,Pacific Rim Insurance,6714,Karratha WA,T-W,SME,920570,,8404.14,2023-07-05,2024-07-04,BRK-4118
POL-004948,Coral Coast Mutual,4680,Gladstone QLD,L-P,Home,656006,,2715.41,2023-12-04,2024-12-03,BRK-1042
POL-004949,Coral Coast Mutual,810,Darwin NT,T-W,SME,2396401,,24325.58,2024-12-15,2025-12-15,BRK-3390
POL-004950,Southern Cross Insurance,4879,Innisfail QLD,T-W,Home,774801,Shutters Installed,5640.57,2023-01-13,2024-01-13,BRK-4118
POL-004951,Outback Assurance Group,4879,Innisfail QLD,T-W,Strata,14053589,,143237.74,2024-10-25,2025-10-25,BRK-3390
POL-004952,Pacific Rim Insurance,4703,Rockhampton QLD,Q-S,Home,548389,,3705.05,2023-11-23,2024-11-22,BRK-3390
POL-004953,Northbeam General,4700,Rockhampton QLD,Q-S,Home,679181,,4601.5,2024-07-18,2025-07-18,BRK-4118
POL-004954,Southern Cross Insurance,4700,Rockhampton QLD,Q-S,Home,789373,,5239.74,2025-01-05,2026-01-05,BRK-2071
POL-004955,Southern Cross Insurance,4740,Mackay QLD,Q-S,Home,737717,Elevated Slab,4121.69,2025-08-26,2026-08-26,BRK-1042
POL-004956,Southern Cross Insurance,810,Darwin NT,T-W,SME,1817007,,17083.67,2025-09-01,2026-09-01,BRK-1042
POL-004957,Southern Cross Insurance,4350,Toowoomba QLD,B-F,Home,843786,Shutters Installed,1239.8,2023-10-16,2024-10-15,BRK-1042
POL-004958,Northbeam General,6721,Port Hedland WA,T-W,Home,507135,,4637.96,2023-12-26,2024-12-25,BRK-3390
POL-004959,Outback Assurance Group,4825,Cloncurry QLD,B-F,Home,427190,Shutters Installed,676.41,2025-04-09,2026-04-09,BRK-1042
POL-004960,Northbeam General,4680,Gladstone QLD,L-P,SME,2806600,,12951.28,2023-05-08,2024-05-07,BRK-3390
POL-004961,Outback Assurance Group,4740,Mackay QLD,Q-S,Strata,7464531,Elevated Slab,40238.19,2024-10-14,2025-10-14,BRK-4118
POL-004962,Southern Cross Insurance,850,Alice Springs NT,B-F,Home,792798,Roof Tie-Down,1227.63,2025-06-23,2026-06-23,BRK-1042
POL-004963,Pacific Rim Insurance,4720,Charters Towers QLD,L-P,SME,557366,,2422.93,2024-06-18,2025-06-18,
POL-004964,Southern Cross Insurance,6000,Perth WA,B-F,Home,252127,,452.71,2024-08-13,2025-08-13,BRK-2071
POL-004965,Coral Coast Mutual,800,Darwin NT,T-W,Strata,7044854,Roof Tie-Down,61813.91,2023-09-21,2024-09-20,BRK-4118
POL-004966,Pacific Rim Insurance,4655,Hervey Bay QLD,L-P,SME,832311,Roof Tie-Down,3268.1,2025-05-26,2026-05-26,BRK-3390
POL-004967,Coral Coast Mutual,4350,Toowoomba QLD,B-F,Home,630885,,1203.78,2023-06-26,2024-06-25,BRK-3390
POL-004968,Coral Coast Mutual,850,Alice Springs NT,B-F,Home,791254,,1543.11,2025-05-28,2026-05-28,BRK-4118
POL-004969,Outback Assurance Group,4700,Rockhampton QLD,Q-S,Home,756307,,5378.58,2024-07-26,2025-07-26,BRK-1042
POL-004970,Northbeam General,4737,Bowen QLD,Q-S,Home,837736,,5867.14,2024-10-09,2025-10-09,BRK-1042
POL-004971,Pacific Rim Insurance,6714,Karratha WA,T-W,Home,349412,Shutters Installed,2627.85,2025-02-07,2026-02-07,BRK-4118
POL-004972,Pacific Rim Insurance,4870,Cairns QLD,T-W,Home,424060,Roof Tie-Down,3360.03,2024-08-08,2025-08-08,BRK-2071
POL-004973,Pacific Rim Insurance,4740,Mackay QLD,Q-S,Home,681944,,4634.78,2023-06-01,2024-05-31,BRK-3390
POL-004974,Pacific Rim Insurance,4879,Innisfail QLD,T-W,Home,463142,,4443.24,2023-08-09,2024-08-08,
POL-004975,Pacific Rim Insurance,4680,Gladstone QLD,L-P,Home,672063,Elevated Slab,2523.06,2024-11-15,2025-11-15,BRK-4118
POL-004976,Outback Assurance Group,810,Darwin NT,T-W,Strata,2019526,,20448.32,2023-07-13,2024-07-12,BRK-2071
POL-004977,Northbeam General,4870,Cairns QLD,T-W,SME,488814,,4594.53,2025-04-10,2026-04-10,BRK-3390
POL-004978,Outback Assurance Group,850,Alice Springs NT,B-F,Home,786992,Roof Tie-Down,1264.74,2024-03-02,2025-03-02,BRK-3390
POL-004979,Pacific Rim Insurance,4802,Townsville QLD,T-W,Home,286829,Roof Tie-Down,2348.87,2025-06-29,2026-06-29,BRK-4118
POL-004980,Outback Assurance Group,4350,Toowoomba QLD,B-F,Home,412058,Shutters Installed,652.18,2024-12-09,2025-12-09,BRK-1042
POL-004981,Pacific Rim Insurance,850,Alice Springs NT,B-F,SME,2117005,,4141.27,2023-06-30,2024-06-29,BRK-4118
POL-004982,Coral Coast Mutual,4879,Innisfail QLD,T-W,Home,550309,,5409.03,2023-10-03,2024-10-02,BRK-2071
POL-004983,Coral Coast Mutual,4655,Hervey Bay QLD,L-P,Home,743765,Roof Tie-Down,2599.57,2024-11-24,2025-11-24,BRK-4118
POL-004984,Coral Coast Mutual,4825,Mount Isa QLD,B-F,SME,2506149,,4152.86,2024-08-23,2025-08-23,BRK-1042
POL-004985,Northbeam General,850,Alice Springs NT,B-F,Home,292318,Elevated Slab,419.86,2023-12-08,2024-12-07,BRK-4118
POL-004986,Northbeam General,810,Darwin NT,T-W,Home,438273,Elevated Slab,3466.29,2025-09-27,2026-09-27,BRK-1042
POL-004987,Coral Coast Mutual,4740,Mackay QLD,Q-S,Home,657833,,4415.57,2025-07-14,2026-07-14,BRK-4118
POL-004988,Pacific Rim Insurance,4680,Gladstone QLD,L-P,Home,714835,,2835.79,2023-01-11,2024-01-11,BRK-1042
POL-004989,Outback Assurance Group,4740,Mackay QLD,Q-S,Strata,6327018,,43392.13,2023-02-10,2024-02-10,BRK-1042
POL-004990,Coral Coast Mutual,4350,Toowoomba QLD,B-F,Home,609482,Elevated Slab,866.6,2023-06-02,2024-06-01,BRK-3390
POL-004991,Pacific Rim Insurance,4737,Bowen QLD,Q-S,Home,378106,,2273.43,2024-12-26,2025-12-26,BRK-2071
POL-004992,Coral Coast Mutual,4703,Rockhampton QLD,Q-S,Home,872387,,6218.79,2023-03-05,2024-03-04,BRK-1042
POL-004993,Northbeam General,4703,Rockhampton QLD,Q-S,Home,678023,,4495.71,2023-08-02,2024-08-01,
POL-004994,Coral Coast Mutual,810,Darwin NT,T-W,Home,520398,Shutters Installed,3890.85,2024-06-29,2025-06-29,BRK-3390
POL-004995,Northbeam General,4655,Hervey Bay QLD,L-P,Home,794877,,3158.79,2023-05-24,2024-05-23,BRK-3390
POL-004996,Northbeam General,850,Alice Springs NT,B-F,SME,2831564,Roof Tie-Down,4079.2,2023-02-06,2024-02-06,BRK-3390
POL-004997,Pacific Rim Insurance,4350,Toowoomba QLD,B-F,SME,623164,,1011.07,2024-12-10,2025-12-10,BRK-3390
POL-004998,Southern Cross Insurance,6721,Port Hedland WA,T-W,Home,285682,Shutters Installed,2170.51,2024-04-01,2025-04-01,
POL-004999,Pacific Rim Insurance,6000,Perth WA,B-F,Home,456205,Shutters Installed,723.51,2024-10-09,2025-10-09,BRK-1042
POL-005000,Southern Cross Insurance,4720,Charters Towers QLD,L-P,Home,667987,Shutters Installed,2448.92,2025-09-18,2026-09-18,BRK-3390
