policy_id,insurer_name,postcode,region_name,wind_risk_band,building_type,sum_insured,mitigation_flag,annual_premium,policy_start_date,policy_end_date
POL-000001,Pacific Rim Insurance,0800,Darwin NT,T-W,Home,484053,Shutters Installed,3626.94,2023-04-15,2024-04-14
POL-000002,Pacific Rim Insurance,4825,Mount Isa QLD,B-F,Home,348246,Roof Tie-Down,502.83,2024-06-01,2025-06-01
POL-000003,Pacific Rim Insurance,4870,Cairns QLD,T-W,Home,821412,None,7677.81,2024-04-04,2025-04-04
POL-000004,Coral Coast Mutual,6000,Perth WA,B-F,SME,1069659,Roof Tie-Down,1701.43,2023-12-15,2024-12-14
POL-000005,Coral Coast Mutual,0810,Darwin NT,T-W,Home,357175,None,3116.79,2023-04-10,2024-04-09
POL-000006,Outback Assurance Group,4680,Gladstone QLD,L-P,Home,731741,None,3095.58,2025-09-23,2026-09-23
POL-000007,Pacific Rim Insurance,4825,Mount Isa QLD,B-F,Home,898564,None,1742.1,2024-01-06,2025-01-05
POL-000008,Northbeam General,4703,Rockhampton QLD,Q-S,SME,1355874,Roof Tie-Down,7900.33,2023-03-23,2024-03-22
POL-000009,Northbeam General,0800,Darwin NT,T-W,Home,632554,None,5603.82,2023-12-30,2024-12-29
POL-000010,Pacific Rim Insurance,6000,Perth WA,B-F,SME,699483,None,1286.55,2023-06-25,2024-06-24
POL-000011,Southern Cross Insurance,4350,Toowoomba QLD,B-F,Home,834004,Elevated Slab,1204.47,2023-11-29,2024-11-28
POL-000012,Pacific Rim Insurance,4350,Toowoomba QLD,B-F,SME,2082607,None,3574.56,2023-08-05,2024-08-04
POL-000013,Northbeam General,6714,Karratha WA,T-W,Home,731141,None,6449.73,2023-05-23,2024-05-22
POL-000014,Coral Coast Mutual,4825,Cloncurry QLD,B-F,Home,699245,None,1358.78,2024-02-13,2025-02-12
POL-000015,Southern Cross Insurance,4350,Toowoomba QLD,B-F,Strata,10279821,Roof Tie-Down,14441.28,2023-02-18,2024-02-18
POL-000016,Outback Assurance Group,0810,Darwin NT,T-W,Home,692666,None,6707.21,2024-01-30,2025-01-29
POL-000017,Southern Cross Insurance,4810,Townsville QLD,T-W,Strata,11281590,None,114908.43,2023-01-12,2024-01-12
POL-000018,Northbeam General,4825,Cloncurry QLD,B-F,SME,1826799,None,3032.78,2024-03-21,2025-03-21
POL-000019,Northbeam General,4737,Bowen QLD,Q-S,Home,526183,None,3742.98,2025-02-19,2026-02-19
POL-000020,Pacific Rim Insurance,4720,Charters Towers QLD,L-P,Strata,7007072,None,31440.75,2024-06-03,2025-06-03
POL-000021,Pacific Rim Insurance,4703,Rockhampton QLD,Q-S,Home,815579,None,5782.09,2025-08-02,2026-08-02
POL-000022,Coral Coast Mutual,4870,Cairns QLD,T-W,Home,367301,None,3788.82,2025-06-18,2026-06-18
POL-000023,Southern Cross Insurance,4350,Toowoomba QLD,B-F,Home,332582,None,549.04,2024-05-12,2025-05-12
POL-000024,Coral Coast Mutual,4825,Cloncurry QLD,B-F,SME,2393478,Roof Tie-Down,3989.3,2023-06-19,2024-06-18
POL-000025,Northbeam General,4720,Charters Towers QLD,L-P,SME,1288346,Elevated Slab,4993.94,2025-02-12,2026-02-12
POL-000026,Outback Assurance Group,6721,Port Hedland WA,T-W,Home,641559,None,6019.36,2024-06-13,2025-06-13
POL-000027,Pacific Rim Insurance,0800,Darwin NT,T-W,Home,272056,Roof Tie-Down,2235.65,2023-08-24,2024-08-23
POL-000028,Southern Cross Insurance,4350,Toowoomba QLD,B-F,Home,311733,None,530.7,2025-07-16,2026-07-16
POL-000029,Pacific Rim Insurance,6714,Karratha WA,T-W,Home,758993,Shutters Installed,5778.59,2023-05-16,2024-05-15
POL-000030,Outback Assurance Group,4802,Townsville QLD,T-W,Home,676833,None,6031.79,2023-04-10,2024-04-09
POL-000031,Southern Cross Insurance,4680,Gladstone QLD,L-P,Home,306802,None,1333.25,2024-10-23,2025-10-23
POL-000032,Pacific Rim Insurance,4740,Mackay QLD,Q-S,Home,364576,Shutters Installed,1913.03,2023-07-14,2024-07-13
POL-000033,Southern Cross Insurance,4737,Bowen QLD,Q-S,Home,735100,Roof Tie-Down,3858.2,2025-08-03,2026-08-03
POL-000034,Southern Cross Insurance,4737,Bowen QLD,Q-S,SME,810658,None,4795.66,2024-07-07,2025-07-07
POL-000035,Northbeam General,4825,Mount Isa QLD,B-F,Strata,4790237,None,8461.04,2024-05-07,2025-05-07
POL-000036,Outback Assurance Group,4655,Hervey Bay QLD,L-P,Strata,2036161,Roof Tie-Down,7974.65,2023-09-29,2024-09-28
POL-000037,Northbeam General,6721,Port Hedland WA,T-W,Home,832765,None,8167.39,2024-05-13,2025-05-13
POL-000038,Coral Coast Mutual,4703,Rockhampton QLD,Q-S,Home,857314,None,5835.27,2023-03-04,2024-03-03
POL-000039,Pacific Rim Insurance,4740,Mackay QLD,Q-S,Home,806926,None,4885.66,2025-09-10,2026-09-10
POL-000040,Outback Assurance Group,4825,Mount Isa QLD,B-F,SME,685048,Roof Tie-Down,1084.85,2023-08-29,2024-08-28
POL-000041,Southern Cross Insurance,0800,Darwin NT,T-W,Strata,11712650,None,113373.61,2024-09-26,2025-09-26
POL-000042,Coral Coast Mutual,4879,Innisfail QLD,T-W,SME,1726951,None,17832.4,2023-07-29,2024-07-28
POL-000043,Southern Cross Insurance,4350,Toowoomba QLD,B-F,Home,564569,Roof Tie-Down,856.4,2025-08-09,2026-08-09
POL-000044,Pacific Rim Insurance,4870,Cairns QLD,T-W,Home,354837,None,3083.25,2023-08-07,2024-08-06
POL-000045,Coral Coast Mutual,6000,Perth WA,B-F,Home,322132,Shutters Installed,530.25,2024-01-14,2025-01-13
POL-000046,Pacific Rim Insurance,4700,Rockhampton QLD,Q-S,Home,567212,None,3769.23,2025-04-06,2026-04-06
POL-000047,Coral Coast Mutual,4870,Cairns QLD,T-W,SME,834473,None,8623.42,2023-05-18,2024-05-17
POL-000048,Northbeam General,0800,Darwin NT,T-W,SME,1051995,None,9538.92,2024-09-11,2025-09-11
POL-000049,Southern Cross Insurance,6714,Karratha WA,T-W,Home,526807,None,5010.08,2023-09-15,2024-09-14
POL-000050,Northbeam General,4825,Mount Isa QLD,B-F,Home,296228,None,480.27,2025-02-28,2026-02-28
POL-000051,Southern Cross Insurance,6000,Perth WA,B-F,Home,698462,Elevated Slab,1081.66,2023-04-25,2024-04-24
POL-000052,Northbeam General,0810,Darwin NT,T-W,Home,860805,None,8263.55,2024-03-16,2025-03-16
POL-000053,Northbeam General,4740,Mackay QLD,Q-S,Home,291832,None,2048.25,2023-08-04,2024-08-03
POL-000054,Northbeam General,0800,Darwin NT,T-W,Home,676117,None,7031.81,2025-02-06,2026-02-06
POL-000055,Northbeam General,4350,Toowoomba QLD,B-F,SME,1142611,None,2213.59,2023-01-26,2024-01-26
POL-000056,Southern Cross Insurance,6714,Karratha WA,T-W,SME,1440888,Elevated Slab,11092.52,2025-03-17,2026-03-17
POL-000057,Outback Assurance Group,4655,Hervey Bay QLD,L-P,SME,1332954,None,5262.02,2025-07-29,2026-07-29
POL-000058,Northbeam General,4680,Gladstone QLD,L-P,Home,488651,None,1938.6,2024-11-06,2025-11-06
POL-000059,Outback Assurance Group,4655,Hervey Bay QLD,L-P,Home,542683,None,2211.41,2024-06-05,2025-06-05
POL-000060,Coral Coast Mutual,4825,Cloncurry QLD,B-F,Home,523903,Roof Tie-Down,750.04,2025-09-12,2026-09-12
POL-000061,Southern Cross Insurance,4740,Mackay QLD,Q-S,Home,578914,Elevated Slab,3157.81,2024-06-07,2025-06-07
POL-000062,Pacific Rim Insurance,4655,Hervey Bay QLD,L-P,SME,586170,Roof Tie-Down,2180.01,2023-01-02,2024-01-02
POL-000063,Coral Coast Mutual,4825,Cloncurry QLD,B-F,SME,1226425,None,2147.62,2023-03-13,2024-03-12
POL-000064,Outback Assurance Group,4810,Townsville QLD,T-W,Home,564910,None,5374.29,2024-11-13,2025-11-13
POL-000065,Outback Assurance Group,6714,Karratha WA,T-W,Home,383470,Shutters Installed,2905.68,2024-11-11,2025-11-11
POL-000066,Coral Coast Mutual,4700,Rockhampton QLD,Q-S,Home,824553,Shutters Installed,4859.72,2023-11-08,2024-11-07
POL-000067,Northbeam General,4703,Rockhampton QLD,Q-S,Home,587902,None,3794.6,2024-03-28,2025-03-28
POL-000068,Pacific Rim Insurance,4720,Charters Towers QLD,L-P,Home,427934,None,1854.42,2023-10-18,2024-10-17
POL-000069,Northbeam General,4810,Townsville QLD,T-W,Home,496277,None,4877.57,2023-08-19,2024-08-18
POL-000070,Southern Cross Insurance,0810,Darwin NT,T-W,Home,748216,Shutters Installed,6176.3,2025-02-25,2026-02-25
POL-000071,Outback Assurance Group,4737,Bowen QLD,Q-S,Home,453880,None,3079.05,2024-01-29,2025-01-28
POL-000072,Southern Cross Insurance,4655,Hervey Bay QLD,L-P,Home,255814,None,1158.8,2025-05-31,2026-05-31
POL-000073,Northbeam General,4879,Innisfail QLD,T-W,Home,793118,None,7481.2,2024-07-24,2025-07-24
POL-000074,Coral Coast Mutual,0800,Darwin NT,T-W,Home,806932,None,8413.88,2024-09-01,2025-09-01
POL-000075,Pacific Rim Insurance,4737,Bowen QLD,Q-S,Home,779298,None,4991.22,2025-07-17,2026-07-17
POL-000076,Northbeam General,4737,Bowen QLD,Q-S,SME,2390928,None,15385.84,2025-02-08,2026-02-08
POL-000077,Coral Coast Mutual,6000,Perth WA,B-F,SME,1403469,None,2412.36,2023-03-21,2024-03-20
POL-000078,Northbeam General,4350,Toowoomba QLD,B-F,Home,816390,Shutters Installed,1144.3,2023-06-04,2024-06-03
POL-000079,Pacific Rim Insurance,4655,Hervey Bay QLD,L-P,SME,669395,None,2763.59,2023-12-05,2024-12-04
POL-000080,Pacific Rim Insurance,4737,Bowen QLD,Q-S,Home,690552,Shutters Installed,3730.96,2025-02-27,2026-02-27
POL-000081,Coral Coast Mutual,4870,Cairns QLD,T-W,SME,1995433,None,18869.34,2025-08-23,2026-08-23
POL-000082,Pacific Rim Insurance,6721,Port Hedland WA,T-W,SME,2157502,None,20652.94,2025-01-22,2026-01-22
POL-000083,Outback Assurance Group,4810,Townsville QLD,T-W,SME,1544773,None,14487.02,2023-01-30,2024-01-30
POL-000084,Northbeam General,6714,Karratha WA,T-W,SME,1092247,None,11082.99,2025-07-30,2026-07-30
POL-000085,Southern Cross Insurance,4810,Townsville QLD,T-W,Home,870644,None,8377.64,2023-01-28,2024-01-28
POL-000086,Northbeam General,4879,Innisfail QLD,T-W,Home,302727,None,2737.95,2023-12-02,2024-12-01
POL-000087,Outback Assurance Group,4737,Bowen QLD,Q-S,Home,647542,None,4022.36,2025-09-01,2026-09-01
POL-000088,Coral Coast Mutual,6000,Perth WA,B-F,SME,2662487,None,4363.15,2025-09-01,2026-09-01
POL-000089,Northbeam General,4350,Toowoomba QLD,B-F,SME,568854,None,1076.0,2025-08-30,2026-08-30
POL-000090,Southern Cross Insurance,4703,Rockhampton QLD,Q-S,SME,1400530,None,8422.91,2024-11-16,2025-11-16
POL-000091,Pacific Rim Insurance,4802,Townsville QLD,T-W,Strata,6299055,None,63035.31,2023-06-21,2024-06-20
POL-000092,Pacific Rim Insurance,4810,Townsville QLD,T-W,Strata,4747534,None,49293.5,2023-04-21,2024-04-20
POL-000093,Northbeam General,4870,Cairns QLD,T-W,Strata,8296605,None,77188.65,2025-01-02,2026-01-02
POL-000094,Coral Coast Mutual,4825,Mount Isa QLD,B-F,Home,504646,None,836.04,2025-03-02,2026-03-02
POL-000095,Pacific Rim Insurance,4810,Townsville QLD,T-W,SME,2773693,None,27839.58,2023-12-22,2024-12-21
POL-000096,Outback Assurance Group,4879,Innisfail QLD,T-W,SME,1831227,Roof Tie-Down,13345.86,2024-03-06,2025-03-06
POL-000097,Northbeam General,0800,Darwin NT,T-W,Home,732071,Elevated Slab,6156.57,2024-03-21,2025-03-21
POL-000098,Outback Assurance Group,4720,Charters Towers QLD,L-P,Strata,11029043,Shutters Installed,41536.41,2024-04-21,2025-04-21
POL-000099,Northbeam General,4802,Townsville QLD,T-W,Home,340872,None,3095.11,2024-04-06,2025-04-06
POL-000100,Coral Coast Mutual,4737,Bowen QLD,Q-S,Home,602737,None,3548.5,2025-05-21,2026-05-21
POL-000101,Pacific Rim Insurance,4700,Rockhampton QLD,Q-S,Home,520902,Elevated Slab,2786.08,2025-06-20,2026-06-20
POL-000102,Outback Assurance Group,6000,Perth WA,B-F,Home,450337,None,743.43,2025-01-07,2026-01-07
POL-000103,Outback Assurance Group,0850,Alice Springs NT,B-F,Home,749219,Shutters Installed,1179.75,2024-05-17,2025-05-17
POL-000104,Coral Coast Mutual,4870,Cairns QLD,T-W,Home,505123,Shutters Installed,3920.78,2024-08-18,2025-08-18
POL-000105,Outback Assurance Group,0850,Alice Springs NT,B-F,Home,827124,Shutters Installed,1222.67,2024-12-20,2025-12-20
POL-000106,Pacific Rim Insurance,6000,Perth WA,B-F,Home,451939,Shutters Installed,665.96,2025-01-30,2026-01-30
POL-000107,Pacific Rim Insurance,4700,Rockhampton QLD,Q-S,Home,539930,None,3667.18,2025-09-27,2026-09-27
POL-000108,Northbeam General,4810,Townsville QLD,T-W,Home,453547,Roof Tie-Down,3513.15,2024-01-05,2025-01-04
POL-000109,Pacific Rim Insurance,6721,Port Hedland WA,T-W,Home,537636,None,4643.28,2023-02-25,2024-02-25
POL-000110,Pacific Rim Insurance,6721,Port Hedland WA,T-W,SME,2458894,Roof Tie-Down,18277.4,2023-01-13,2024-01-13
POL-000111,Outback Assurance Group,6721,Port Hedland WA,T-W,Home,443319,Elevated Slab,3913.08,2023-09-16,2024-09-15
POL-000112,Southern Cross Insurance,0800,Darwin NT,T-W,SME,710723,Elevated Slab,5827.49,2024-12-03,2025-12-03
POL-000113,Southern Cross Insurance,0810,Darwin NT,T-W,Home,568594,None,4953.5,2023-09-12,2024-09-11
POL-000114,Outback Assurance Group,4825,Cloncurry QLD,B-F,SME,2993834,None,5093.25,2024-06-19,2025-06-19
POL-000115,Pacific Rim Insurance,4737,Bowen QLD,Q-S,Strata,11873813,Shutters Installed,72032.3,2023-11-09,2024-11-08
POL-000116,Northbeam General,4810,Townsville QLD,T-W,Home,354053,None,3664.6,2023-08-01,2024-07-31
POL-000117,Southern Cross Insurance,6000,Perth WA,B-F,SME,1129026,Roof Tie-Down,1745.37,2023-06-10,2024-06-09
POL-000118,Coral Coast Mutual,4879,Innisfail QLD,T-W,Home,555407,None,4783.17,2023-10-23,2024-10-22
POL-000119,Pacific Rim Insurance,4737,Bowen QLD,Q-S,Home,527405,Shutters Installed,3081.65,2024-10-02,2025-10-02
POL-000120,Northbeam General,4703,Rockhampton QLD,Q-S,Home,406226,None,2856.15,2025-04-26,2026-04-26
POL-000121,Coral Coast Mutual,4825,Mount Isa QLD,B-F,Home,873948,None,1651.43,2024-08-05,2025-08-05
POL-000122,Pacific Rim Insurance,4737,Bowen QLD,Q-S,Home,672060,None,4755.15,2024-05-27,2025-05-27
POL-000123,Coral Coast Mutual,0850,Alice Springs NT,B-F,Home,703014,None,1324.78,2024-09-10,2025-09-10
POL-000124,Coral Coast Mutual,4870,Cairns QLD,T-W,Home,853139,None,8246.04,2023-01-22,2024-01-22
POL-000125,Coral Coast Mutual,4802,Townsville QLD,T-W,Home,743355,None,7088.66,2024-03-28,2025-03-28
POL-000126,Coral Coast Mutual,4700,Rockhampton QLD,Q-S,Strata,10249789,Elevated Slab,61942.61,2024-04-26,2025-04-26
POL-000127,Outback Assurance Group,4879,Innisfail QLD,T-W,Home,418637,None,3841.68,2024-12-11,2025-12-11
POL-000128,Coral Coast Mutual,6721,Port Hedland WA,T-W,SME,2707272,Elevated Slab,19835.55,2023-04-01,2024-03-31
POL-000129,Southern Cross Insurance,6000,Perth WA,B-F,Home,673808,None,1301.37,2025-04-24,2026-04-24
POL-000130,Outback Assurance Group,4825,Cloncurry QLD,B-F,Home,793623,Roof Tie-Down,1180.68,2025-02-13,2026-02-13
POL-000131,Outback Assurance Group,4737,Bowen QLD,Q-S,SME,2703594,Shutters Installed,13835.02,2023-10-22,2024-10-21
POL-000132,Northbeam General,0850,Alice Springs NT,B-F,Home,888448,None,1694.94,2024-12-27,2025-12-27
POL-000133,Southern Cross Insurance,6721,Port Hedland WA,T-W,Home,347736,None,3121.6,2025-05-11,2026-05-11
POL-000134,Coral Coast Mutual,4737,Bowen QLD,Q-S,Strata,4583206,None,29781.16,2025-01-03,2026-01-03
POL-000135,Outback Assurance Group,4720,Charters Towers QLD,L-P,SME,2423749,Elevated Slab,9483.87,2023-09-07,2024-09-06
POL-000136,Northbeam General,4825,Cloncurry QLD,B-F,Home,878492,Roof Tie-Down,1346.31,2025-06-19,2026-06-19
POL-000137,Pacific Rim Insurance,4825,Mount Isa QLD,B-F,Home,685098,None,1193.68,2025-03-17,2026-03-17
POL-000138,Outback Assurance Group,6000,Perth WA,B-F,SME,1652233,Shutters Installed,2698.54,2024-08-16,2025-08-16
POL-000139,Outback Assurance Group,0810,Darwin NT,T-W,Home,598588,None,5745.63,2024-07-10,2025-07-10
POL-000140,Northbeam General,4737,Bowen QLD,Q-S,Strata,13702081,None,84410.95,2024-01-28,2025-01-27
POL-000141,Northbeam General,4879,Innisfail QLD,T-W,Home,649749,None,6031.98,2024-11-10,2025-11-10
POL-000142,Outback Assurance Group,0850,Alice Springs NT,B-F,Strata,11901584,Roof Tie-Down,17597.57,2023-04-13,2024-04-12
POL-000143,Northbeam General,0800,Darwin NT,T-W,Home,401157,None,3742.38,2024-11-01,2025-11-01
POL-000144,Southern Cross Insurance,4825,Mount Isa QLD,B-F,Home,605007,None,1115.86,2024-02-12,2025-02-11
POL-000145,Outback Assurance Group,6714,Karratha WA,T-W,SME,1993874,None,20662.25,2024-10-03,2025-10-03
POL-000146,Southern Cross Insurance,4825,Cloncurry QLD,B-F,Home,551338,Roof Tie-Down,927.47,2025-02-03,2026-02-03
POL-000147,Northbeam General,4879,Innisfail QLD,T-W,Strata,13809328,None,140964.25,2024-03-30,2025-03-30
POL-000148,Outback Assurance Group,6721,Port Hedland WA,T-W,Strata,2941524,Roof Tie-Down,22771.19,2024-01-19,2025-01-18
POL-000149,Pacific Rim Insurance,0810,Darwin NT,T-W,Home,438803,Elevated Slab,3309.46,2023-03-22,2024-03-21
POL-000150,Coral Coast Mutual,4655,Hervey Bay QLD,L-P,Home,861484,Shutters Installed,2855.98,2024-04-17,2025-04-17
POL-000151,Pacific Rim Insurance,4737,Bowen QLD,Q-S,Home,737853,Roof Tie-Down,4403.75,2024-11-24,2025-11-24
POL-000152,Outback Assurance Group,4700,Rockhampton QLD,Q-S,Home,866113,None,5403.59,2025-09-12,2026-09-12
POL-000153,Northbeam General,6000,Perth WA,B-F,Home,653380,Shutters Installed,1070.32,2023-04-20,2024-04-19
POL-000154,Outback Assurance Group,4655,Hervey Bay QLD,L-P,Home,559571,None,2125.49,2025-04-29,2026-04-29
POL-000155,Outback Assurance Group,6000,Perth WA,B-F,Home,301426,None,587.12,2025-02-02,2026-02-02
POL-000156,Pacific Rim Insurance,6721,Port Hedland WA,T-W,SME,1877741,Shutters Installed,14310.63,2023-07-14,2024-07-13
POL-000157,Southern Cross Insurance,6000,Perth WA,B-F,SME,973693,None,1797.6,2025-07-14,2026-07-14
POL-000158,Coral Coast Mutual,6721,Port Hedland WA,T-W,SME,1930338,Roof Tie-Down,16311.86,2023-04-03,2024-04-02
POL-000159,Coral Coast Mutual,6714,Karratha WA,T-W,SME,954318,Roof Tie-Down,8147.7,2025-06-16,2026-06-16
POL-000160,Outback Assurance Group,4720,Charters Towers QLD,L-P,Home,422537,Shutters Installed,1435.14,2025-04-24,2026-04-24
POL-000161,Northbeam General,6721,Port Hedland WA,T-W,SME,883056,Shutters Installed,7085.51,2023-03-19,2024-03-18
POL-000162,Pacific Rim Insurance,4350,Toowoomba QLD,B-F,SME,2066864,None,4068.04,2025-04-03,2026-04-03
POL-000163,Coral Coast Mutual,4680,Gladstone QLD,L-P,Home,527304,Elevated Slab,1896.24,2024-04-10,2025-04-10
POL-000164,Outback Assurance Group,6000,Perth WA,B-F,Home,639518,None,1060.96,2023-08-28,2024-08-27
POL-000165,Southern Cross Insurance,4870,Cairns QLD,T-W,Home,593939,None,6111.03,2023-08-15,2024-08-14
POL-000166,Southern Cross Insurance,4737,Bowen QLD,Q-S,Strata,8850067,Shutters Installed,45147.97,2023-02-16,2024-02-16
POL-000167,Outback Assurance Group,6721,Port Hedland WA,T-W,Strata,5939290,Roof Tie-Down,51674.34,2023-05-19,2024-05-18
POL-000168,Northbeam General,4737,Bowen QLD,Q-S,Home,816432,None,5220.97,2025-01-30,2026-01-30
POL-000169,Coral Coast Mutual,4879,Innisfail QLD,T-W,SME,2982232,None,27810.57,2025-09-01,2026-09-01
POL-000170,Coral Coast Mutual,4740,Mackay QLD,Q-S,SME,2265189,Shutters Installed,13642.92,2025-05-25,2026-05-25
POL-000171,Coral Coast Mutual,0800,Darwin NT,T-W,Strata,12818398,Elevated Slab,100582.87,2024-02-12,2025-02-11
POL-000172,Pacific Rim Insurance,4703,Rockhampton QLD,Q-S,Strata,9628891,None,57476.54,2023-08-06,2024-08-05
POL-000173,Southern Cross Insurance,4870,Cairns QLD,T-W,Home,382040,Shutters Installed,3262.04,2023-07-30,2024-07-29
POL-000174,Pacific Rim Insurance,4825,Cloncurry QLD,B-F,Home,494316,Shutters Installed,730.37,2023-06-01,2024-05-31
POL-000175,Northbeam General,4870,Cairns QLD,T-W,Home,386306,None,3699.42,2025-03-28,2026-03-28
POL-000176,Northbeam General,0800,Darwin NT,T-W,SME,462328,Roof Tie-Down,3627.45,2025-03-18,2026-03-18
POL-000177,Pacific Rim Insurance,4802,Townsville QLD,T-W,Home,304944,Roof Tie-Down,2278.61,2024-03-07,2025-03-07
POL-000178,Outback Assurance Group,0800,Darwin NT,T-W,SME,1918501,None,18274.01,2023-04-22,2024-04-21
POL-000179,Southern Cross Insurance,4720,Charters Towers QLD,L-P,Home,796781,None,3213.71,2024-10-20,2025-10-20
POL-000180,Outback Assurance Group,4740,Mackay QLD,Q-S,Strata,9151684,None,61699.98,2024-05-17,2025-05-17
POL-000181,Pacific Rim Insurance,4825,Mount Isa QLD,B-F,SME,1022157,Shutters Installed,1428.05,2023-10-09,2024-10-08
POL-000182,Pacific Rim Insurance,4802,Townsville QLD,T-W,Home,876410,Shutters Installed,7120.26,2024-04-09,2025-04-09
POL-000183,Pacific Rim Insurance,4810,Townsville QLD,T-W,Home,369971,None,3762.72,2024-10-28,2025-10-28
POL-000184,Outback Assurance Group,4703,Rockhampton QLD,Q-S,Home,683914,None,4302.24,2024-04-09,2025-04-09
POL-000185,Northbeam General,4879,Innisfail QLD,T-W,SME,1710818,Shutters Installed,14271.04,2024-01-19,2025-01-18
POL-000186,Coral Coast Mutual,0850,Alice Springs NT,B-F,Home,347758,None,617.44,2025-02-01,2026-02-01
POL-000187,Southern Cross Insurance,0810,Darwin NT,T-W,Home,838866,None,8067.54,2024-11-17,2025-11-17
POL-000188,Southern Cross Insurance,4879,Innisfail QLD,T-W,Home,693481,None,7073.07,2025-01-08,2026-01-08
POL-000189,Outback Assurance Group,6721,Port Hedland WA,T-W,Home,855991,Elevated Slab,6922.37,2023-06-08,2024-06-07
POL-000190,Coral Coast Mutual,4350,Toowoomba QLD,B-F,SME,2733146,Elevated Slab,4070.95,2025-02-19,2026-02-19
POL-000191,Pacific Rim Insurance,4802,Townsville QLD,T-W,Home,838215,Elevated Slab,7410.99,2025-04-18,2026-04-18
POL-000192,Coral Coast Mutual,4810,Townsville QLD,T-W,SME,2954309,None,30474.47,2025-04-29,2026-04-29
POL-000193,Southern Cross Insurance,4870,Cairns QLD,T-W,Home,573993,None,5912.66,2023-12-26,2024-12-25
POL-000194,Southern Cross Insurance,4700,Rockhampton QLD,Q-S,SME,2081011,None,12362.16,2025-01-28,2026-01-28
POL-000195,Coral Coast Mutual,4825,Mount Isa QLD,B-F,SME,2160905,Shutters Installed,3275.53,2023-06-11,2024-06-10
POL-000196,Southern Cross Insurance,6721,Port Hedland WA,T-W,SME,2780659,None,26924.63,2025-06-23,2026-06-23
POL-000197,Outback Assurance Group,0810,Darwin NT,T-W,Home,335544,None,3042.38,2024-11-08,2025-11-08
POL-000198,Coral Coast Mutual,0850,Alice Springs NT,B-F,Home,476040,Elevated Slab,765.48,2023-04-27,2024-04-26
POL-000199,Coral Coast Mutual,4879,Innisfail QLD,T-W,Home,871946,None,8261.34,2024-11-14,2025-11-14
POL-000200,Northbeam General,4740,Mackay QLD,Q-S,Home,307443,None,1801.61,2023-11-05,2024-11-04
POL-000201,Outback Assurance Group,0810,Darwin NT,T-W,SME,903250,Shutters Installed,6575.65,2025-02-03,2026-02-03
POL-000202,Coral Coast Mutual,4700,Rockhampton QLD,Q-S,Home,491288,None,3193.54,2025-05-03,2026-05-03
POL-000203,Southern Cross Insurance,4825,Mount Isa QLD,B-F,Home,707409,None,1150.78,2025-08-01,2026-08-01
POL-000204,Southern Cross Insurance,6714,Karratha WA,T-W,Home,687983,None,6260.7,2024-02-19,2025-02-18
POL-000205,Coral Coast Mutual,6714,Karratha WA,T-W,Home,732446,None,7420.3,2025-07-30,2026-07-30
POL-000206,Southern Cross Insurance,4825,Mount Isa QLD,B-F,Home,706839,Roof Tie-Down,1100.69,2024-06-20,2025-06-20
POL-000207,Southern Cross Insurance,4655,Hervey Bay QLD,L-P,SME,1329340,None,5396.82,2023-06-22,2024-06-21
POL-000208,Coral Coast Mutual,4720,Charters Towers QLD,L-P,Home,453322,None,2058.52,2023-12-24,2024-12-23
POL-000209,Southern Cross Insurance,0810,Darwin NT,T-W,Home,456854,Roof Tie-Down,3448.2,2023-06-06,2024-06-05
POL-000210,Pacific Rim Insurance,4700,Rockhampton QLD,Q-S,Strata,9783840,None,66831.25,2025-02-17,2026-02-17
POL-000211,Coral Coast Mutual,4737,Bowen QLD,Q-S,SME,1755633,None,12242.94,2024-10-04,2025-10-04
POL-000212,Southern Cross Insurance,0810,Darwin NT,T-W,Home,567530,None,5711.07,2024-08-28,2025-08-28
POL-000213,Coral Coast Mutual,4680,Gladstone QLD,L-P,Home,723866,Shutters Installed,2345.22,2024-01-13,2025-01-12
POL-000214,Outback Assurance Group,4825,Mount Isa QLD,B-F,Home,344682,None,634.7,2024-06-03,2025-06-03
POL-000215,Pacific Rim Insurance,4737,Bowen QLD,Q-S,Home,293015,None,1885.45,2025-04-09,2026-04-09
POL-000216,Southern Cross Insurance,4703,Rockhampton QLD,Q-S,Home,408189,None,2896.12,2024-04-06,2025-04-06
POL-000217,Outback Assurance Group,6714,Karratha WA,T-W,Strata,12840213,Roof Tie-Down,96894.59,2023-09-11,2024-09-10
POL-000218,Outback Assurance Group,4737,Bowen QLD,Q-S,Home,631574,None,4000.84,2023-10-17,2024-10-16
POL-000219,Coral Coast Mutual,4879,Innisfail QLD,T-W,SME,619636,None,6227.05,2024-10-24,2025-10-24
POL-000220,Pacific Rim Insurance,4825,Mount Isa QLD,B-F,Home,655341,None,1128.69,2025-01-11,2026-01-11
POL-000221,Outback Assurance Group,0810,Darwin NT,T-W,Home,398298,None,4099.21,2023-11-14,2024-11-13
POL-000222,Coral Coast Mutual,0810,Darwin NT,T-W,Home,574620,None,5523.22,2024-10-20,2025-10-20
POL-000223,Outback Assurance Group,0810,Darwin NT,T-W,SME,2607853,None,22760.2,2024-11-17,2025-11-17
POL-000224,Outback Assurance Group,4720,Charters Towers QLD,L-P,Home,439019,Elevated Slab,1708.72,2023-12-16,2024-12-15
POL-000225,Southern Cross Insurance,4703,Rockhampton QLD,Q-S,Home,330913,Roof Tie-Down,1753.62,2025-03-18,2026-03-18
POL-000226,Pacific Rim Insurance,4720,Charters Towers QLD,L-P,SME,2608433,None,9942.58,2023-12-11,2024-12-10
POL-000227,Pacific Rim Insurance,0810,Darwin NT,T-W,Home,439630,Roof Tie-Down,3785.27,2025-02-28,2026-02-28
POL-000228,Outback Assurance Group,4700,Rockhampton QLD,Q-S,SME,1927982,Roof Tie-Down,11027.83,2023-09-01,2024-08-31
POL-000229,Coral Coast Mutual,4810,Townsville QLD,T-W,Home,720735,None,6482.73,2023-09-02,2024-09-01
POL-000230,Outback Assurance Group,0850,Alice Springs NT,B-F,Strata,13380100,Roof Tie-Down,22302.24,2024-03-27,2025-03-27
POL-000231,Northbeam General,6721,Port Hedland WA,T-W,SME,2155990,None,22391.92,2025-04-16,2026-04-16
POL-000232,Southern Cross Insurance,4810,Townsville QLD,T-W,Home,753935,Shutters Installed,6543.55,2024-07-21,2025-07-21
POL-000233,Pacific Rim Insurance,4720,Charters Towers QLD,L-P,SME,1072398,Shutters Installed,3654.49,2025-07-16,2026-07-16
POL-000234,Coral Coast Mutual,0810,Darwin NT,T-W,SME,1331294,Roof Tie-Down,11431.12,2025-06-24,2026-06-24
POL-000235,Coral Coast Mutual,4870,Cairns QLD,T-W,Home,642127,Elevated Slab,4911.17,2023-03-25,2024-03-24
POL-000236,Southern Cross Insurance,4350,Toowoomba QLD,B-F,Home,601577,None,1145.94,2023-05-21,2024-05-20
POL-000237,Outback Assurance Group,6721,Port Hedland WA,T-W,Strata,4328554,None,43250.04,2024-04-25,2025-04-25
POL-000238,Pacific Rim Insurance,4810,Townsville QLD,T-W,Home,518355,Roof Tie-Down,3947.68,2023-06-03,2024-06-02
POL-000239,Southern Cross Insurance,4810,Townsville QLD,T-W,Home,552096,Roof Tie-Down,4224.25,2023-05-05,2024-05-04
POL-000240,Outback Assurance Group,4350,Toowoomba QLD,B-F,Home,729318,None,1197.99,2025-05-06,2026-05-06
POL-000241,Coral Coast Mutual,4810,Townsville QLD,T-W,Home,852980,None,7685.08,2023-05-28,2024-05-27
POL-000242,Southern Cross Insurance,4879,Innisfail QLD,T-W,Home,848384,Elevated Slab,6736.39,2024-11-11,2025-11-11
POL-000243,Pacific Rim Insurance,4720,Charters Towers QLD,L-P,Strata,10825812,Roof Tie-Down,38988.89,2025-03-16,2026-03-16
POL-000244,Coral Coast Mutual,4825,Cloncurry QLD,B-F,Home,295649,None,546.61,2024-01-18,2025-01-17
POL-000245,Southern Cross Insurance,4870,Cairns QLD,T-W,Home,502838,Roof Tie-Down,4249.58,2024-10-05,2025-10-05
POL-000246,Northbeam General,4802,Townsville QLD,T-W,SME,585957,Shutters Installed,4591.83,2023-12-13,2024-12-12
POL-000247,Outback Assurance Group,4737,Bowen QLD,Q-S,Strata,5058117,None,34926.03,2023-03-06,2024-03-05
POL-000248,Coral Coast Mutual,4740,Mackay QLD,Q-S,Home,459159,Roof Tie-Down,2732.59,2023-11-20,2024-11-19
POL-000249,Northbeam General,4720,Charters Towers QLD,L-P,Home,746395,None,2980.19,2025-02-10,2026-02-10
POL-000250,Coral Coast Mutual,6721,Port Hedland WA,T-W,Home,598048,None,5423.76,2025-03-29,2026-03-29
POL-000251,Outback Assurance Group,4879,Innisfail QLD,T-W,SME,2021705,None,18587.9,2023-07-11,2024-07-10
POL-000252,Outback Assurance Group,0850,Alice Springs NT,B-F,Home,529676,None,1010.84,2025-01-14,2026-01-14
POL-000253,Southern Cross Insurance,4825,Mount Isa QLD,B-F,Home,439222,None,797.79,2023-11-25,2024-11-24
POL-000254,Northbeam General,4825,Mount Isa QLD,B-F,Home,717576,Shutters Installed,1120.42,2024-03-12,2025-03-12
POL-000255,Coral Coast Mutual,4737,Bowen QLD,Q-S,Home,619685,Roof Tie-Down,3502.4,2024-03-21,2025-03-21
POL-000256,Northbeam General,4740,Mackay QLD,Q-S,Home,630959,None,4111.97,2025-02-06,2026-02-06
POL-000257,Northbeam General,4870,Cairns QLD,T-W,Home,709457,None,6112.77,2023-03-10,2024-03-09
POL-000258,Outback Assurance Group,4680,Gladstone QLD,L-P,Home,283958,None,1217.69,2024-11-26,2025-11-26
POL-000259,Outback Assurance Group,4680,Gladstone QLD,L-P,Home,851800,None,3318.33,2024-01-11,2025-01-10
POL-000260,Outback Assurance Group,6714,Karratha WA,T-W,Home,368959,Shutters Installed,2696.85,2023-07-10,2024-07-09
POL-000261,Outback Assurance Group,4720,Charters Towers QLD,L-P,Home,524492,None,2324.01,2024-12-21,2025-12-21
POL-000262,Southern Cross Insurance,4703,Rockhampton QLD,Q-S,Strata,10240971,Shutters Installed,53188.5,2023-05-19,2024-05-18
POL-000263,Coral Coast Mutual,4737,Bowen QLD,Q-S,Home,342055,None,2361.43,2025-09-17,2026-09-17
POL-000264,Northbeam General,4680,Gladstone QLD,L-P,SME,1617867,None,7326.86,2025-05-21,2026-05-21
POL-000265,Northbeam General,4700,Rockhampton QLD,Q-S,SME,909031,None,6482.0,2025-03-22,2026-03-22
POL-000266,Pacific Rim Insurance,4350,Toowoomba QLD,B-F,SME,2723734,Roof Tie-Down,4227.55,2024-04-23,2025-04-23
POL-000267,Outback Assurance Group,0810,Darwin NT,T-W,Home,574314,Roof Tie-Down,4543.13,2025-01-04,2026-01-04
POL-000268,Coral Coast Mutual,4720,Charters Towers QLD,L-P,Home,852826,Elevated Slab,2785.04,2025-09-22,2026-09-22
POL-000269,Pacific Rim Insurance,4825,Mount Isa QLD,B-F,Home,611249,None,1018.46,2025-04-28,2026-04-28
POL-000270,Southern Cross Insurance,4802,Townsville QLD,T-W,Home,703633,None,6688.34,2025-06-08,2026-06-08
POL-000271,Northbeam General,0800,Darwin NT,T-W,Home,419834,Shutters Installed,3269.92,2024-12-27,2025-12-27
POL-000272,Northbeam General,4680,Gladstone QLD,L-P,Strata,6765539,None,30381.22,2023-09-14,2024-09-13
POL-000273,Northbeam General,4825,Cloncurry QLD,B-F,Home,894274,None,1620.47,2024-05-29,2025-05-29
POL-000274,Pacific Rim Insurance,4802,Townsville QLD,T-W,Strata,13051703,Roof Tie-Down,108016.34,2025-07-12,2026-07-12
POL-000275,Pacific Rim Insurance,6714,Karratha WA,T-W,SME,519007,None,4517.6,2025-08-29,2026-08-29
POL-000276,Outback Assurance Group,6000,Perth WA,B-F,SME,2147291,None,3956.42,2023-02-01,2024-02-01
POL-000277,Outback Assurance Group,4825,Cloncurry QLD,B-F,Home,756404,None,1292.06,2025-04-06,2026-04-06
POL-000278,Outback Assurance Group,6721,Port Hedland WA,T-W,Home,415759,None,3902.0,2024-05-10,2025-05-10
POL-000279,Coral Coast Mutual,4703,Rockhampton QLD,Q-S,Home,584827,Roof Tie-Down,3382.52,2025-05-31,2026-05-31
POL-000280,Outback Assurance Group,4655,Hervey Bay QLD,L-P,Home,838933,Elevated Slab,2759.1,2023-09-05,2024-09-04
POL-000281,Outback Assurance Group,0800,Darwin NT,T-W,Home,351514,Shutters Installed,2583.36,2025-08-26,2026-08-26
POL-000282,Pacific Rim Insurance,4810,Townsville QLD,T-W,Home,417457,None,4214.48,2025-08-14,2026-08-14
POL-000283,Coral Coast Mutual,6714,Karratha WA,T-W,Home,789728,Roof Tie-Down,6334.73,2025-06-19,2026-06-19
POL-000284,Northbeam General,0850,Alice Springs NT,B-F,Home,779996,None,1391.98,2023-09-04,2024-09-03
POL-000285,Outback Assurance Group,4802,Townsville QLD,T-W,Home,768934,Roof Tie-Down,6330.24,2025-05-13,2026-05-13
POL-000286,Coral Coast Mutual,6721,Port Hedland WA,T-W,Home,701860,None,6179.51,2023-09-28,2024-09-27
POL-000287,Pacific Rim Insurance,4655,Hervey Bay QLD,L-P,Home,847983,Elevated Slab,3064.73,2024-01-07,2025-01-06
POL-000288,Pacific Rim Insurance,6721,Port Hedland WA,T-W,Home,826566,None,7506.43,2024-09-30,2025-09-30
POL-000289,Pacific Rim Insurance,0800,Darwin NT,T-W,Home,641326,Roof Tie-Down,5484.14,2023-12-14,2024-12-13
POL-000290,Southern Cross Insurance,4680,Gladstone QLD,L-P,SME,2535414,Roof Tie-Down,8872.91,2023-02-11,2024-02-11
POL-000291,Pacific Rim Insurance,4740,Mackay QLD,Q-S,Home,746756,Shutters Installed,4141.78,2023-06-02,2024-06-01
POL-000292,Coral Coast Mutual,4720,Charters Towers QLD,L-P,Home,584002,None,2287.24,2024-09-23,2025-09-23
POL-000293,Coral Coast Mutual,4802,Townsville QLD,T-W,Home,808198,None,7662.29,2024-07-30,2025-07-30
POL-000294,Coral Coast Mutual,0850,Alice Springs NT,B-F,SME,859714,Elevated Slab,1441.61,2024-08-20,2025-08-20
POL-000295,Southern Cross Insurance,4870,Cairns QLD,T-W,Home,856574,Shutters Installed,7024.23,2025-01-08,2026-01-08
POL-000296,Northbeam General,4802,Townsville QLD,T-W,Home,899840,None,9017.97,2024-01-25,2025-01-24
POL-000297,Coral Coast Mutual,4350,Toowoomba QLD,B-F,Home,365233,None,616.76,2024-03-27,2025-03-27
POL-000298,Outback Assurance Group,4879,Innisfail QLD,T-W,Home,680311,None,6465.31,2024-09-18,2025-09-18
POL-000299,Outback Assurance Group,4740,Mackay QLD,Q-S,SME,2752529,None,17265.42,2024-11-09,2025-11-09
POL-000300,Pacific Rim Insurance,4720,Charters Towers QLD,L-P,Home,731992,None,3327.77,2023-12-17,2024-12-16
POL-000301,Northbeam General,4680,Gladstone QLD,L-P,SME,1508815,None,6476.53,2023-07-16,2024-07-15
POL-000302,Northbeam General,6000,Perth WA,B-F,Home,562071,Shutters Installed,906.61,2024-12-22,2025-12-22
POL-000303,Pacific Rim Insurance,0850,Alice Springs NT,B-F,Home,536741,Shutters Installed,786.36,2024-08-10,2025-08-10
POL-000304,Northbeam General,4655,Hervey Bay QLD,L-P,SME,1847599,Elevated Slab,7195.64,2025-04-03,2026-04-03
POL-000305,Coral Coast Mutual,6721,Port Hedland WA,T-W,Home,332868,None,3065.08,2024-03-28,2025-03-28
POL-000306,Coral Coast Mutual,0850,Alice Springs NT,B-F,Home,534303,None,1045.04,2024-12-13,2025-12-13
POL-000307,Pacific Rim Insurance,0810,Darwin NT,T-W,Home,500905,None,4513.49,2024-11-16,2025-11-16
POL-000308,Southern Cross Insurance,4350,Toowoomba QLD,B-F,Home,683377,Roof Tie-Down,1010.08,2024-04-28,2025-04-28
POL-000309,Outback Assurance Group,0810,Darwin NT,T-W,Home,415613,None,3874.81,2025-08-15,2026-08-15
POL-000310,Southern Cross Insurance,0850,Alice Springs NT,B-F,SME,1604793,None,2785.31,2024-10-23,2025-10-23
POL-000311,Outback Assurance Group,4825,Mount Isa QLD,B-F,SME,556440,Shutters Installed,921.71,2023-06-29,2024-06-28
POL-000312,Coral Coast Mutual,4700,Rockhampton QLD,Q-S,Strata,8660463,Roof Tie-Down,50604.79,2023-07-10,2024-07-09
POL-000313,Coral Coast Mutual,4740,Mackay QLD,Q-S,Home,362512,None,2558.24,2023-12-10,2024-12-09
POL-000314,Pacific Rim Insurance,4737,Bowen QLD,Q-S,Strata,10286475,None,72067.43,2023-05-18,2024-05-17
POL-000315,Coral Coast Mutual,4737,Bowen QLD,Q-S,Home,596747,None,3617.03,2024-04-14,2025-04-14
POL-000316,Northbeam General,4700,Rockhampton QLD,Q-S,Home,559355,Shutters Installed,3132.33,2025-02-14,2026-02-14
POL-000317,Coral Coast Mutual,4700,Rockhampton QLD,Q-S,Home,675187,None,4675.73,2024-06-11,2025-06-11
POL-000318,Northbeam General,4825,Mount Isa QLD,B-F,Home,397442,Roof Tie-Down,605.34,2025-08-16,2026-08-16
POL-000319,Pacific Rim Insurance,4870,Cairns QLD,T-W,Home,529963,Shutters Installed,4668.06,2023-11-06,2024-11-05
POL-000320,Outback Assurance Group,4802,Townsville QLD,T-W,Home,497781,None,4314.78,2023-05-02,2024-05-01
POL-000321,Coral Coast Mutual,6721,Port Hedland WA,T-W,Home,576084,None,5681.08,2024-10-16,2025-10-16
POL-000322,Pacific Rim Insurance,4680,Gladstone QLD,L-P,Home,390057,Shutters Installed,1386.43,2024-04-10,2025-04-10
POL-000323,Northbeam General,4680,Gladstone QLD,L-P,Home,743699,None,3284.3,2025-04-01,2026-04-01
POL-000324,Coral Coast Mutual,4350,Toowoomba QLD,B-F,SME,743388,None,1344.92,2024-06-24,2025-06-24
POL-000325,Pacific Rim Insurance,4825,Mount Isa QLD,B-F,Strata,11188029,Roof Tie-Down,18496.99,2023-07-27,2024-07-26
POL-000326,Northbeam General,4825,Cloncurry QLD,B-F,Home,795617,Shutters Installed,1203.13,2024-11-27,2025-11-27
POL-000327,Northbeam General,4802,Townsville QLD,T-W,Home,717122,None,7233.26,2024-04-09,2025-04-09
POL-000328,Coral Coast Mutual,4720,Charters Towers QLD,L-P,Home,835941,None,3484.53,2025-04-06,2026-04-06
POL-000329,Outback Assurance Group,4870,Cairns QLD,T-W,Home,478486,None,4616.81,2023-02-16,2024-02-16
POL-000330,Outback Assurance Group,4680,Gladstone QLD,L-P,SME,652730,None,2979.74,2023-03-12,2024-03-11
POL-000331,Outback Assurance Group,4740,Mackay QLD,Q-S,Home,392007,Roof Tie-Down,2280.99,2025-01-16,2026-01-16
POL-000332,Pacific Rim Insurance,4680,Gladstone QLD,L-P,Strata,8333337,Elevated Slab,29010.1,2024-11-30,2025-11-30
POL-000333,Pacific Rim Insurance,0810,Darwin NT,T-W,SME,1148572,Shutters Installed,10188.92,2024-02-07,2025-02-06
POL-000334,Outback Assurance Group,0810,Darwin NT,T-W,SME,414568,Shutters Installed,3519.16,2023-11-02,2024-11-01
POL-000335,Northbeam General,4825,Cloncurry QLD,B-F,Home,490820,Elevated Slab,713.03,2023-12-21,2024-12-20
POL-000336,Outback Assurance Group,6000,Perth WA,B-F,Home,368326,None,600.96,2024-11-07,2025-11-07
POL-000337,Southern Cross Insurance,4810,Townsville QLD,T-W,SME,465623,None,4193.99,2023-03-10,2024-03-09
POL-000338,Outback Assurance Group,4810,Townsville QLD,T-W,Home,301040,None,2713.87,2023-02-15,2024-02-15
POL-000339,Northbeam General,4737,Bowen QLD,Q-S,Home,309185,Shutters Installed,1585.3,2023-10-24,2024-10-23
POL-000340,Northbeam General,4802,Townsville QLD,T-W,Home,586241,None,5276.24,2025-06-16,2026-06-16
POL-000341,Northbeam General,4720,Charters Towers QLD,L-P,Home,313918,Shutters Installed,1133.4,2024-08-28,2025-08-28
POL-000342,Outback Assurance Group,4879,Innisfail QLD,T-W,Home,611145,Roof Tie-Down,5370.84,2024-11-18,2025-11-18
POL-000343,Pacific Rim Insurance,4720,Charters Towers QLD,L-P,Home,406466,Elevated Slab,1393.01,2023-07-08,2024-07-07
POL-000344,Southern Cross Insurance,0850,Alice Springs NT,B-F,Home,401363,Shutters Installed,651.64,2025-07-25,2026-07-25
POL-000345,Coral Coast Mutual,4825,Cloncurry QLD,B-F,Home,805736,Elevated Slab,1142.56,2023-09-06,2024-09-05
POL-000346,Pacific Rim Insurance,4703,Rockhampton QLD,Q-S,Home,721635,Roof Tie-Down,4263.84,2023-04-05,2024-04-04
POL-000347,Southern Cross Insurance,4703,Rockhampton QLD,Q-S,Home,884356,Elevated Slab,4986.64,2025-06-13,2026-06-13
POL-000348,Coral Coast Mutual,4703,Rockhampton QLD,Q-S,SME,2743988,None,16826.47,2023-08-02,2024-08-01
POL-000349,Outback Assurance Group,6721,Port Hedland WA,T-W,Strata,5188068,Roof Tie-Down,45765.27,2023-05-01,2024-04-30
POL-000350,Coral Coast Mutual,4350,Toowoomba QLD,B-F,SME,2063595,None,4022.87,2024-07-19,2025-07-19
POL-000351,Pacific Rim Insurance,6721,Port Hedland WA,T-W,Home,626710,None,5725.62,2024-01-04,2025-01-03
POL-000352,Northbeam General,0850,Alice Springs NT,B-F,Home,742296,None,1406.05,2023-11-24,2024-11-23
POL-000353,Coral Coast Mutual,4680,Gladstone QLD,L-P,Home,482022,Roof Tie-Down,1803.85,2023-01-17,2024-01-17
POL-000354,Coral Coast Mutual,4825,Cloncurry QLD,B-F,Strata,9005797,None,15546.43,2023-07-20,2024-07-19
POL-000355,Coral Coast Mutual,4350,Toowoomba QLD,B-F,Home,773555,None,1406.5,2025-08-24,2026-08-24
POL-000356,Coral Coast Mutual,6000,Perth WA,B-F,SME,2457707,None,4389.22,2025-01-20,2026-01-20
POL-000357,Southern Cross Insurance,4700,Rockhampton QLD,Q-S,Home,442988,None,3119.51,2024-07-09,2025-07-09
POL-000358,Northbeam General,4720,Charters Towers QLD,L-P,Home,300871,None,1330.46,2024-02-27,2025-02-26
POL-000359,Southern Cross Insurance,4350,Toowoomba QLD,B-F,Home,479344,Roof Tie-Down,734.24,2024-01-18,2025-01-17
POL-000360,Southern Cross Insurance,4810,Townsville QLD,T-W,Home,756676,None,7417.42,2023-01-17,2024-01-17
POL-000361,Coral Coast Mutual,4825,Cloncurry QLD,B-F,Home,805134,Roof Tie-Down,1286.6,2024-07-02,2025-07-02
POL-000362,Northbeam General,4870,Cairns QLD,T-W,Home,701488,None,7072.2,2025-07-20,2026-07-20
POL-000363,Coral Coast Mutual,0800,Darwin NT,T-W,Strata,6042786,None,53869.45,2024-06-23,2025-06-23
POL-000364,Pacific Rim Insurance,4680,Gladstone QLD,L-P,Home,641172,Elevated Slab,2499.25,2024-04-15,2025-04-15
POL-000365,Southern Cross Insurance,4350,Toowoomba QLD,B-F,Strata,13476314,Shutters Installed,21971.61,2023-03-24,2024-03-23
POL-000366,Northbeam General,4825,Mount Isa QLD,B-F,Home,749127,Elevated Slab,1044.41,2023-01-10,2024-01-10
POL-000367,Southern Cross Insurance,4825,Mount Isa QLD,B-F,Home,597362,Elevated Slab,926.0,2025-05-28,2026-05-28
POL-000368,Coral Coast Mutual,4720,Charters Towers QLD,L-P,Strata,13614660,Shutters Installed,52371.7,2024-05-01,2025-05-01
POL-000369,Southern Cross Insurance,4740,Mackay QLD,Q-S,Strata,6703878,None,47055.22,2024-07-31,2025-07-31
POL-000370,Outback Assurance Group,4700,Rockhampton QLD,Q-S,Strata,5475536,Shutters Installed,30778.95,2025-02-09,2026-02-09
POL-000371,Pacific Rim Insurance,4825,Mount Isa QLD,B-F,Home,844223,None,1621.31,2024-02-03,2025-02-02
POL-000372,Coral Coast Mutual,6714,Karratha WA,T-W,Home,332237,None,3156.75,2025-09-24,2026-09-24
POL-000373,Pacific Rim Insurance,4740,Mackay QLD,Q-S,Home,329710,Shutters Installed,1763.57,2025-02-26,2026-02-26
POL-000374,Outback Assurance Group,4810,Townsville QLD,T-W,Home,281064,None,2741.73,2025-03-13,2026-03-13
POL-000375,Pacific Rim Insurance,0850,Alice Springs NT,B-F,Home,643663,None,1142.8,2024-11-27,2025-11-27
POL-000376,Coral Coast Mutual,4655,Hervey Bay QLD,L-P,Home,508421,None,2226.38,2023-03-26,2024-03-25
POL-000377,Coral Coast Mutual,0810,Darwin NT,T-W,Home,411771,None,4099.32,2023-11-21,2024-11-20
POL-000378,Southern Cross Insurance,0800,Darwin NT,T-W,Home,716339,None,6614.56,2023-10-04,2024-10-03
POL-000379,Southern Cross Insurance,0810,Darwin NT,T-W,Home,834041,Elevated Slab,6808.61,2024-02-22,2025-02-21
POL-000380,Outback Assurance Group,4870,Cairns QLD,T-W,Home,875920,None,8484.41,2023-11-29,2024-11-28
POL-000381,Northbeam General,4870,Cairns QLD,T-W,Home,338813,Elevated Slab,2858.95,2024-07-26,2025-07-26
POL-000382,Coral Coast Mutual,4802,Townsville QLD,T-W,Home,427735,None,3769.97,2023-11-05,2024-11-04
POL-000383,Southern Cross Insurance,0850,Alice Springs NT,B-F,Home,539366,Roof Tie-Down,812.21,2024-05-10,2025-05-10
POL-000384,Outback Assurance Group,4680,Gladstone QLD,L-P,Home,769886,Shutters Installed,2800.06,2023-07-20,2024-07-19
POL-000385,Outback Assurance Group,0800,Darwin NT,T-W,Home,664913,Roof Tie-Down,5189.0,2024-09-27,2025-09-27
POL-000386,Pacific Rim Insurance,6714,Karratha WA,T-W,Home,873266,Elevated Slab,6538.44,2023-11-25,2024-11-24
POL-000387,Outback Assurance Group,4703,Rockhampton QLD,Q-S,Home,667584,Roof Tie-Down,4034.17,2023-10-26,2024-10-25
POL-000388,Coral Coast Mutual,4802,Townsville QLD,T-W,SME,1575664,Shutters Installed,13528.87,2024-02-07,2025-02-06
POL-000389,Pacific Rim Insurance,0800,Darwin NT,T-W,Strata,11154137,Roof Tie-Down,84303.89,2025-02-25,2026-02-25
POL-000390,Coral Coast Mutual,4870,Cairns QLD,T-W,Strata,13884427,None,124242.46,2025-03-27,2026-03-27
POL-000391,Coral Coast Mutual,4825,Mount Isa QLD,B-F,SME,2116064,None,3940.69,2023-05-23,2024-05-22
POL-000392,Outback Assurance Group,4350,Toowoomba QLD,B-F,Home,693681,Roof Tie-Down,1122.69,2023-03-17,2024-03-16
POL-000393,Outback Assurance Group,4810,Townsville QLD,T-W,Home,781221,Elevated Slab,6842.67,2025-06-09,2026-06-09
POL-000394,Southern Cross Insurance,4825,Cloncurry QLD,B-F,Home,812986,None,1490.83,2025-07-25,2026-07-25
POL-000395,Southern Cross Insurance,0800,Darwin NT,T-W,SME,1889014,None,16748.08,2024-09-19,2025-09-19
POL-000396,Outback Assurance Group,4802,Townsville QLD,T-W,Strata,8704473,None,90412.85,2023-12-06,2024-12-05
POL-000397,Pacific Rim Insurance,0800,Darwin NT,T-W,Home,785482,Shutters Installed,6655.91,2024-07-25,2025-07-25
POL-000398,Pacific Rim Insurance,4802,Townsville QLD,T-W,Home,735556,Elevated Slab,6263.14,2024-08-25,2025-08-25
POL-000399,Southern Cross Insurance,0810,Darwin NT,T-W,Home,359627,Roof Tie-Down,2785.18,2025-07-31,2026-07-31
POL-000400,Northbeam General,0800,Darwin NT,T-W,SME,1860996,None,17014.33,2024-04-11,2025-04-11
POL-000401,Coral Coast Mutual,4720,Charters Towers QLD,L-P,Home,709450,None,3111.98,2024-04-08,2025-04-08
POL-000402,Southern Cross Insurance,4825,Mount Isa QLD,B-F,Home,370675,None,603.51,2023-12-18,2024-12-17
POL-000403,Coral Coast Mutual,4700,Rockhampton QLD,Q-S,Strata,10656941,None,64759.98,2023-06-13,2024-06-12
POL-000404,Outback Assurance Group,4825,Cloncurry QLD,B-F,Home,674723,None,1246.02,2023-07-10,2024-07-09
POL-000405,Outback Assurance Group,4655,Hervey Bay QLD,L-P,Home,456909,None,1899.66,2024-03-15,2025-03-15
POL-000406,Pacific Rim Insurance,4870,Cairns QLD,T-W,SME,662411,Shutters Installed,5431.72,2025-03-29,2026-03-29
POL-000407,Outback Assurance Group,4700,Rockhampton QLD,Q-S,Home,369490,Roof Tie-Down,1944.4,2025-06-02,2026-06-02
POL-000408,Southern Cross Insurance,4720,Charters Towers QLD,L-P,Strata,8520284,Shutters Installed,31094.56,2024-08-24,2025-08-24
POL-000409,Coral Coast Mutual,4680,Gladstone QLD,L-P,Home,430908,None,1923.38,2024-12-23,2025-12-23
POL-000410,Southern Cross Insurance,4810,Townsville QLD,T-W,Home,578399,None,5074.84,2023-11-09,2024-11-08
POL-000411,Pacific Rim Insurance,4700,Rockhampton QLD,Q-S,Home,657333,Roof Tie-Down,3572.38,2023-05-22,2024-05-21
POL-000412,Northbeam General,4655,Hervey Bay QLD,L-P,Home,813483,None,3548.81,2024-10-22,2025-10-22
POL-000413,Pacific Rim Insurance,4825,Cloncurry QLD,B-F,Home,446187,Shutters Installed,657.35,2024-04-06,2025-04-06
POL-000414,Outback Assurance Group,4740,Mackay QLD,Q-S,SME,2432597,None,14662.47,2025-04-14,2026-04-14
POL-000415,Outback Assurance Group,4825,Cloncurry QLD,B-F,Home,765611,None,1354.85,2025-05-10,2026-05-10
POL-000416,Northbeam General,0850,Alice Springs NT,B-F,Home,481241,None,830.21,2023-10-09,2024-10-08
POL-000417,Outback Assurance Group,4825,Cloncurry QLD,B-F,Home,843127,None,1591.24,2025-02-23,2026-02-23
POL-000418,Coral Coast Mutual,4825,Cloncurry QLD,B-F,Home,530901,None,1008.2,2025-04-23,2026-04-23
POL-000419,Southern Cross Insurance,4825,Cloncurry QLD,B-F,SME,2251225,Roof Tie-Down,3476.31,2024-03-11,2025-03-11
POL-000420,Southern Cross Insurance,4350,Toowoomba QLD,B-F,Home,721578,None,1237.23,2025-06-01,2026-06-01
POL-000421,Pacific Rim Insurance,4737,Bowen QLD,Q-S,SME,1393823,Roof Tie-Down,7254.03,2025-01-25,2026-01-25
POL-000422,Northbeam General,4680,Gladstone QLD,L-P,SME,2195862,None,8606.52,2023-05-23,2024-05-22
POL-000423,Northbeam General,4703,Rockhampton QLD,Q-S,SME,2632547,None,16362.36,2024-07-05,2025-07-05
POL-000424,Pacific Rim Insurance,6714,Karratha WA,T-W,Strata,11608908,Shutters Installed,89379.99,2025-05-28,2026-05-28
POL-000425,Northbeam General,0800,Darwin NT,T-W,Home,681589,None,7017.41,2023-10-11,2024-10-10
POL-000426,Outback Assurance Group,0810,Darwin NT,T-W,Home,509579,None,5094.16,2024-11-23,2025-11-23
POL-000427,Southern Cross Insurance,0850,Alice Springs NT,B-F,Home,684346,None,1201.07,2023-03-19,2024-03-18
POL-000428,Coral Coast Mutual,4655,Hervey Bay QLD,L-P,Home,636999,Shutters Installed,2253.48,2024-05-14,2025-05-14
POL-000429,Coral Coast Mutual,4802,Townsville QLD,T-W,Home,347666,None,3455.37,2024-04-14,2025-04-14
POL-000430,Coral Coast Mutual,4825,Mount Isa QLD,B-F,SME,2202053,Elevated Slab,3588.03,2024-05-21,2025-05-21
POL-000431,Outback Assurance Group,6714,Karratha WA,T-W,SME,2824029,Shutters Installed,21119.25,2025-05-22,2026-05-22
POL-000432,Outback Assurance Group,6714,Karratha WA,T-W,SME,592698,None,5179.7,2025-03-13,2026-03-13
POL-000433,Outback Assurance Group,4870,Cairns QLD,T-W,Home,712721,None,6711.97,2025-09-08,2026-09-08
POL-000434,Coral Coast Mutual,4703,Rockhampton QLD,Q-S,Strata,12905143,None,80559.39,2025-06-14,2026-06-14
POL-000435,Northbeam General,4825,Mount Isa QLD,B-F,SME,1959625,Shutters Installed,3096.87,2024-10-26,2025-10-26
POL-000436,Southern Cross Insurance,4740,Mackay QLD,Q-S,Home,495517,Shutters Installed,2698.98,2023-04-04,2024-04-03
POL-000437,Outback Assurance Group,4870,Cairns QLD,T-W,Home,872518,Roof Tie-Down,6659.75,2024-11-27,2025-11-27
POL-000438,Northbeam General,4870,Cairns QLD,T-W,Home,376451,Shutters Installed,3336.62,2024-03-08,2025-03-08
POL-000439,Coral Coast Mutual,0850,Alice Springs NT,B-F,Home,357402,Elevated Slab,503.43,2024-01-12,2025-01-11
POL-000440,Northbeam General,0810,Darwin NT,T-W,Home,389613,None,3806.13,2024-11-24,2025-11-24
POL-000441,Northbeam General,4825,Mount Isa QLD,B-F,Home,422088,Roof Tie-Down,638.06,2025-01-09,2026-01-09
POL-000442,Southern Cross Insurance,0810,Darwin NT,T-W,Strata,9421969,None,95952.66,2023-03-30,2024-03-29
POL-000443,Coral Coast Mutual,0810,Darwin NT,T-W,SME,2010746,None,18534.89,2024-03-15,2025-03-15
POL-000444,Pacific Rim Insurance,0810,Darwin NT,T-W,Home,510221,None,4898.86,2024-09-06,2025-09-06
POL-000445,Pacific Rim Insurance,6721,Port Hedland WA,T-W,SME,1665209,None,14887.55,2024-09-13,2025-09-13
POL-000446,Northbeam General,4703,Rockhampton QLD,Q-S,SME,628879,Shutters Installed,3671.77,2025-03-23,2026-03-23
POL-000447,Southern Cross Insurance,0850,Alice Springs NT,B-F,Home,872780,Shutters Installed,1220.78,2025-06-29,2026-06-29
POL-000448,Northbeam General,4680,Gladstone QLD,L-P,Strata,11535840,Roof Tie-Down,40531.13,2024-07-13,2025-07-13
POL-000449,Coral Coast Mutual,0850,Alice Springs NT,B-F,Strata,2280001,None,4175.71,2023-01-15,2024-01-15
POL-000450,Pacific Rim Insurance,4703,Rockhampton QLD,Q-S,Home,667307,Roof Tie-Down,3691.75,2024-10-05,2025-10-05
POL-000451,Coral Coast Mutual,4879,Innisfail QLD,T-W,Home,812628,Elevated Slab,6611.39,2023-06-06,2024-06-05
POL-000452,Pacific Rim Insurance,4825,Mount Isa QLD,B-F,Home,463068,None,912.59,2023-06-09,2024-06-08
POL-000453,Northbeam General,6714,Karratha WA,T-W,Home,319326,None,2918.42,2024-03-23,2025-03-23
POL-000454,Southern Cross Insurance,4740,Mackay QLD,Q-S,Home,371620,None,2393.0,2024-09-15,2025-09-15
POL-000455,Northbeam General,6721,Port Hedland WA,T-W,SME,1136712,None,9976.85,2024-12-25,2025-12-25
POL-000456,Coral Coast Mutual,4870,Cairns QLD,T-W,Home,798410,None,7611.02,2025-04-22,2026-04-22
POL-000457,Southern Cross Insurance,4700,Rockhampton QLD,Q-S,Home,531819,None,3617.87,2023-05-01,2024-04-30
POL-000458,Pacific Rim Insurance,6714,Karratha WA,T-W,SME,667898,Shutters Installed,5137.58,2025-09-25,2026-09-25
POL-000459,Northbeam General,4825,Mount Isa QLD,B-F,Home,308132,None,554.59,2024-08-03,2025-08-03
POL-000460,Northbeam General,4680,Gladstone QLD,L-P,Home,851790,None,3702.1,2023-04-29,2024-04-28
POL-000461,Coral Coast Mutual,4720,Charters Towers QLD,L-P,Home,262884,None,1047.7,2024-04-28,2025-04-28
POL-000462,Outback Assurance Group,4655,Hervey Bay QLD,L-P,Strata,2593302,Roof Tie-Down,9355.97,2025-07-24,2026-07-24
POL-000463,Pacific Rim Insurance,4350,Toowoomba QLD,B-F,Home,585476,Elevated Slab,854.8,2023-03-21,2024-03-20
POL-000464,Pacific Rim Insurance,4680,Gladstone QLD,L-P,Home,305230,None,1199.75,2025-04-03,2026-04-03
POL-000465,Coral Coast Mutual,4740,Mackay QLD,Q-S,Strata,9802985,Roof Tie-Down,58126.46,2025-03-03,2026-03-03
POL-000466,Coral Coast Mutual,6714,Karratha WA,T-W,Home,636839,None,5687.78,2024-07-31,2025-07-31
POL-000467,Northbeam General,4810,Townsville QLD,T-W,Home,767326,Elevated Slab,6813.03,2025-03-05,2026-03-05
POL-000468,Northbeam General,4825,Cloncurry QLD,B-F,SME,426750,Shutters Installed,709.39,2023-01-25,2024-01-25
POL-000469,Outback Assurance Group,4825,Cloncurry QLD,B-F,Home,260060,None,510.33,2023-01-02,2024-01-02
POL-000470,Southern Cross Insurance,6721,Port Hedland WA,T-W,Home,499736,None,4671.36,2025-09-11,2026-09-11
POL-000471,Outback Assurance Group,0810,Darwin NT,T-W,SME,1370866,Roof Tie-Down,11949.32,2024-06-16,2025-06-16
POL-000472,Outback Assurance Group,4680,Gladstone QLD,L-P,Home,858982,None,3315.92,2023-05-17,2024-05-16
POL-000473,Coral Coast Mutual,4825,Mount Isa QLD,B-F,Home,387057,Roof Tie-Down,561.02,2023-09-25,2024-09-24
POL-000474,Southern Cross Insurance,4655,Hervey Bay QLD,L-P,SME,1734030,None,7214.11,2023-08-28,2024-08-27
POL-000475,Outback Assurance Group,4703,Rockhampton QLD,Q-S,Home,364266,None,2204.55,2023-06-18,2024-06-17
POL-000476,Outback Assurance Group,4737,Bowen QLD,Q-S,Home,625691,Roof Tie-Down,3778.19,2023-08-01,2024-07-31
POL-000477,Coral Coast Mutual,6721,Port Hedland WA,T-W,Home,344813,None,3051.41,2024-12-03,2025-12-03
POL-000478,Northbeam General,4810,Townsville QLD,T-W,Home,593716,None,5243.59,2024-12-29,2025-12-29
POL-000479,Southern Cross Insurance,4680,Gladstone QLD,L-P,Home,563357,Roof Tie-Down,1914.71,2023-06-28,2024-06-27
POL-000480,Southern Cross Insurance,4655,Hervey Bay QLD,L-P,SME,2707374,None,10802.09,2024-04-18,2025-04-18
POL-000481,Outback Assurance Group,0810,Darwin NT,T-W,Home,483086,Roof Tie-Down,3612.81,2025-04-23,2026-04-23
POL-000482,Southern Cross Insurance,4680,Gladstone QLD,L-P,SME,752486,None,3212.48,2023-09-23,2024-09-22
POL-000483,Southern Cross Insurance,4870,Cairns QLD,T-W,Strata,12837861,Roof Tie-Down,102492.88,2023-05-12,2024-05-11
POL-000484,Outback Assurance Group,6714,Karratha WA,T-W,Home,303097,None,2688.22,2024-08-10,2025-08-10
POL-000485,Northbeam General,4655,Hervey Bay QLD,L-P,Home,697389,Elevated Slab,2326.76,2023-08-08,2024-08-07
POL-000486,Northbeam General,6000,Perth WA,B-F,Home,286332,None,527.16,2024-09-23,2025-09-23
POL-000487,Outback Assurance Group,6721,Port Hedland WA,T-W,Home,752300,None,6519.33,2023-10-14,2024-10-13
POL-000488,Pacific Rim Insurance,0810,Darwin NT,T-W,Home,801356,None,7230.94,2025-04-01,2026-04-01
POL-000489,Outback Assurance Group,4870,Cairns QLD,T-W,Strata,8024901,None,75926.8,2025-03-11,2026-03-11
POL-000490,Coral Coast Mutual,4680,Gladstone QLD,L-P,Strata,8515956,None,34124.85,2023-01-27,2024-01-27
POL-000491,Pacific Rim Insurance,4810,Townsville QLD,T-W,Home,544579,None,4716.77,2024-04-28,2025-04-28
POL-000492,Northbeam General,4680,Gladstone QLD,L-P,SME,1069514,None,4132.72,2024-11-03,2025-11-03
POL-000493,Northbeam General,6000,Perth WA,B-F,Home,308624,None,584.86,2025-08-28,2026-08-28
POL-000494,Northbeam General,4802,Townsville QLD,T-W,SME,1888158,None,19498.8,2025-05-15,2026-05-15
POL-000495,Coral Coast Mutual,4700,Rockhampton QLD,Q-S,Home,626211,Shutters Installed,3746.27,2023-01-29,2024-01-29
POL-000496,Outback Assurance Group,4802,Townsville QLD,T-W,Home,447377,None,4536.28,2025-04-09,2026-04-09
POL-000497,Northbeam General,4825,Cloncurry QLD,B-F,Home,344641,None,565.29,2024-09-08,2025-09-08
POL-000498,Coral Coast Mutual,4870,Cairns QLD,T-W,Home,893966,Roof Tie-Down,6787.76,2023-05-14,2024-05-13
POL-000499,Pacific Rim Insurance,4700,Rockhampton QLD,Q-S,Strata,7428919,None,44034.34,2023-06-01,2024-05-31
POL-000500,Outback Assurance Group,0810,Darwin NT,T-W,SME,1930458,None,20028.62,2024-01-18,2025-01-17
POL-000501,Outback Assurance Group,4802,Townsville QLD,T-W,Home,393079,Shutters Installed,3476.2,2025-01-19,2026-01-19
POL-000502,Pacific Rim Insurance,0850,Alice Springs NT,B-F,Home,839275,Roof Tie-Down,1333.8,2025-08-09,2026-08-09
POL-000503,Coral Coast Mutual,4680,Gladstone QLD,L-P,Home,433869,None,1777.93,2025-01-21,2026-01-21
POL-000504,Pacific Rim Insurance,0810,Darwin NT,T-W,Home,850660,Roof Tie-Down,6720.16,2025-02-28,2026-02-28
POL-000505,Southern Cross Insurance,4740,Mackay QLD,Q-S,Home,891079,Shutters Installed,4648.39,2024-08-02,2025-08-02
POL-000506,Northbeam General,0850,Alice Springs NT,B-F,Home,499556,None,871.65,2023-11-24,2024-11-23
POL-000507,Northbeam General,4825,Mount Isa QLD,B-F,SME,1808235,None,3220.08,2023-09-29,2024-09-28
POL-000508,Outback Assurance Group,4350,Toowoomba QLD,B-F,SME,853129,Elevated Slab,1362.83,2023-02-19,2024-02-19
POL-000509,Coral Coast Mutual,4737,Bowen QLD,Q-S,SME,2136522,None,13868.18,2024-01-23,2025-01-22
POL-000510,Northbeam General,4825,Cloncurry QLD,B-F,Home,856135,None,1587.57,2024-12-04,2025-12-04
POL-000511,Coral Coast Mutual,4700,Rockhampton QLD,Q-S,Home,285035,None,1776.73,2023-11-23,2024-11-22
POL-000512,Pacific Rim Insurance,0800,Darwin NT,T-W,Home,643696,Roof Tie-Down,4845.33,2023-03-18,2024-03-17
POL-000513,Northbeam General,4825,Mount Isa QLD,B-F,Home,756186,None,1416.81,2024-03-17,2025-03-17
POL-000514,Northbeam General,4810,Townsville QLD,T-W,SME,824706,Roof Tie-Down,6434.54,2025-09-24,2026-09-24
POL-000515,Coral Coast Mutual,4879,Innisfail QLD,T-W,SME,2665450,None,24132.99,2023-10-16,2024-10-15
POL-000516,Southern Cross Insurance,4350,Toowoomba QLD,B-F,Home,826363,Elevated Slab,1350.27,2023-06-07,2024-06-06
POL-000517,Southern Cross Insurance,4680,Gladstone QLD,L-P,Home,879371,Roof Tie-Down,3127.0,2023-04-10,2024-04-09
POL-000518,Coral Coast Mutual,4703,Rockhampton QLD,Q-S,Home,335916,Shutters Installed,1846.13,2023-04-29,2024-04-28
POL-000519,Outback Assurance Group,4655,Hervey Bay QLD,L-P,Home,527877,None,2035.79,2024-07-11,2025-07-11
POL-000520,Outback Assurance Group,4700,Rockhampton QLD,Q-S,Home,445646,Elevated Slab,2435.49,2023-09-27,2024-09-26
POL-000521,Southern Cross Insurance,4737,Bowen QLD,Q-S,Home,841655,None,4991.12,2025-02-09,2026-02-09
POL-000522,Northbeam General,4825,Mount Isa QLD,B-F,SME,2136385,None,4207.51,2024-08-26,2025-08-26
POL-000523,Outback Assurance Group,4825,Cloncurry QLD,B-F,Home,797967,Elevated Slab,1201.02,2024-07-02,2025-07-02
POL-000524,Southern Cross Insurance,4802,Townsville QLD,T-W,SME,731161,None,6799.89,2025-05-24,2026-05-24
POL-000525,Northbeam General,4720,Charters Towers QLD,L-P,Home,849245,None,3693.48,2024-09-27,2025-09-27
POL-000526,Northbeam General,0800,Darwin NT,T-W,Strata,4804559,Elevated Slab,42460.51,2025-04-07,2026-04-07
POL-000527,Northbeam General,0810,Darwin NT,T-W,Home,706542,Roof Tie-Down,5365.2,2025-04-22,2026-04-22
POL-000528,Outback Assurance Group,4810,Townsville QLD,T-W,Home,320267,None,2791.24,2024-07-23,2025-07-23
POL-000529,Pacific Rim Insurance,4825,Cloncurry QLD,B-F,Home,730412,Shutters Installed,1210.77,2023-01-13,2024-01-13
POL-000530,Pacific Rim Insurance,4802,Townsville QLD,T-W,Home,684574,Elevated Slab,5140.58,2024-08-03,2025-08-03
POL-000531,Coral Coast Mutual,4802,Townsville QLD,T-W,SME,843064,None,8109.52,2023-04-14,2024-04-13
POL-000532,Pacific Rim Insurance,4825,Cloncurry QLD,B-F,SME,1507869,None,2650.68,2024-05-12,2025-05-12
POL-000533,Outback Assurance Group,4810,Townsville QLD,T-W,Home,672548,Roof Tie-Down,5043.99,2024-09-15,2025-09-15
POL-000534,Coral Coast Mutual,4740,Mackay QLD,Q-S,Home,499119,None,2951.83,2024-05-01,2025-05-01
POL-000535,Outback Assurance Group,4680,Gladstone QLD,L-P,Home,567776,None,2294.49,2025-05-13,2026-05-13
POL-000536,Coral Coast Mutual,0800,Darwin NT,T-W,Strata,7041225,Shutters Installed,62250.52,2024-03-29,2025-03-29
POL-000537,Outback Assurance Group,6000,Perth WA,B-F,SME,774496,None,1307.08,2023-08-05,2024-08-04
POL-000538,Southern Cross Insurance,0850,Alice Springs NT,B-F,SME,635744,None,1147.83,2023-06-12,2024-06-11
POL-000539,Northbeam General,6721,Port Hedland WA,T-W,SME,2599015,Elevated Slab,22579.26,2023-01-30,2024-01-30
POL-000540,Southern Cross Insurance,4703,Rockhampton QLD,Q-S,SME,641707,Shutters Installed,3367.8,2024-04-12,2025-04-12
POL-000541,Southern Cross Insurance,4680,Gladstone QLD,L-P,SME,2347073,Shutters Installed,8387.64,2024-10-12,2025-10-12
POL-000542,Outback Assurance Group,4870,Cairns QLD,T-W,Home,717773,None,6379.14,2025-06-10,2026-06-10
POL-000543,Southern Cross Insurance,4802,Townsville QLD,T-W,Home,521224,Shutters Installed,4418.45,2024-12-06,2025-12-06
POL-000544,Northbeam General,6721,Port Hedland WA,T-W,Home,850056,Roof Tie-Down,7248.36,2023-08-08,2024-08-07
POL-000545,Southern Cross Insurance,4350,Toowoomba QLD,B-F,SME,2117597,Shutters Installed,3248.53,2025-06-04,2026-06-04
POL-000546,Coral Coast Mutual,0850,Alice Springs NT,B-F,Strata,12085488,None,23062.87,2023-08-18,2024-08-17
POL-000547,Coral Coast Mutual,4810,Townsville QLD,T-W,SME,1555021,Shutters Installed,12365.45,2024-01-21,2025-01-20
POL-000548,Pacific Rim Insurance,4737,Bowen QLD,Q-S,Home,795928,None,5509.1,2024-02-11,2025-02-10
POL-000549,Pacific Rim Insurance,0800,Darwin NT,T-W,Home,642408,None,6177.89,2024-08-31,2025-08-31
POL-000550,Coral Coast Mutual,6721,Port Hedland WA,T-W,Home,316938,Roof Tie-Down,2475.48,2023-10-11,2024-10-10
POL-000551,Northbeam General,6000,Perth WA,B-F,Home,563305,None,950.75,2024-06-13,2025-06-13
POL-000552,Northbeam General,4740,Mackay QLD,Q-S,SME,2916722,None,18595.06,2023-11-24,2024-11-23
POL-000553,Outback Assurance Group,4870,Cairns QLD,T-W,SME,1488112,None,15287.57,2024-02-19,2025-02-18
POL-000554,Northbeam General,4740,Mackay QLD,Q-S,Home,449140,None,2827.84,2024-12-31,2025-12-31
POL-000555,Northbeam General,4825,Cloncurry QLD,B-F,Home,625911,None,1128.29,2025-05-15,2026-05-15
POL-000556,Pacific Rim Insurance,4825,Cloncurry QLD,B-F,Home,384159,Roof Tie-Down,616.08,2025-01-12,2026-01-12
POL-000557,Northbeam General,4700,Rockhampton QLD,Q-S,Strata,12979591,None,77437.41,2023-12-30,2024-12-29
POL-000558,Outback Assurance Group,6721,Port Hedland WA,T-W,Home,639737,None,5786.46,2023-10-29,2024-10-28
POL-000559,Southern Cross Insurance,0800,Darwin NT,T-W,Home,861922,None,8319.78,2024-09-27,2025-09-27
POL-000560,Southern Cross Insurance,0850,Alice Springs NT,B-F,SME,2000836,None,3623.0,2024-02-28,2025-02-27
POL-000561,Outback Assurance Group,0810,Darwin NT,T-W,Home,679068,Shutters Installed,6017.77,2025-07-03,2026-07-03
POL-000562,Northbeam General,0810,Darwin NT,T-W,Home,334736,None,3172.09,2024-10-08,2025-10-08
POL-000563,Northbeam General,6714,Karratha WA,T-W,Home,536814,Roof Tie-Down,4082.82,2025-03-03,2026-03-03
POL-000564,Outback Assurance Group,4802,Townsville QLD,T-W,SME,769272,None,6766.42,2024-03-20,2025-03-20
POL-000565,Coral Coast Mutual,4655,Hervey Bay QLD,L-P,Home,254895,None,971.58,2023-07-24,2024-07-23
POL-000566,Southern Cross Insurance,4870,Cairns QLD,T-W,SME,2627317,None,23414.9,2024-11-23,2025-11-23
POL-000567,Pacific Rim Insurance,4350,Toowoomba QLD,B-F,Home,577252,None,961.94,2024-01-28,2025-01-27
POL-000568,Outback Assurance Group,4802,Townsville QLD,T-W,Home,297939,Roof Tie-Down,2308.76,2023-10-25,2024-10-24
POL-000569,Outback Assurance Group,4720,Charters Towers QLD,L-P,Home,390288,Shutters Installed,1349.5,2025-07-12,2026-07-12
POL-000570,Northbeam General,4680,Gladstone QLD,L-P,SME,2091947,Roof Tie-Down,6749.99,2023-08-18,2024-08-17
POL-000571,Southern Cross Insurance,4703,Rockhampton QLD,Q-S,SME,1108773,None,6663.85,2024-12-29,2025-12-29
POL-000572,Southern Cross Insurance,4655,Hervey Bay QLD,L-P,SME,2642834,Shutters Installed,9667.27,2024-08-31,2025-08-31
POL-000573,Southern Cross Insurance,0800,Darwin NT,T-W,SME,885657,Roof Tie-Down,7032.64,2024-01-25,2025-01-24
POL-000574,Southern Cross Insurance,4825,Cloncurry QLD,B-F,Home,465477,None,870.57,2024-10-07,2025-10-07
POL-000575,Northbeam General,6721,Port Hedland WA,T-W,Home,795583,Roof Tie-Down,6128.78,2024-09-12,2025-09-12
POL-000576,Southern Cross Insurance,4879,Innisfail QLD,T-W,SME,2990813,Roof Tie-Down,22304.41,2023-04-27,2024-04-26
POL-000577,Northbeam General,0850,Alice Springs NT,B-F,Home,525769,Roof Tie-Down,857.76,2025-09-23,2026-09-23
POL-000578,Northbeam General,4680,Gladstone QLD,L-P,SME,565279,Shutters Installed,2037.48,2025-07-21,2026-07-21
POL-000579,Pacific Rim Insurance,0850,Alice Springs NT,B-F,Home,343326,Roof Tie-Down,568.03,2025-05-05,2026-05-05
POL-000580,Southern Cross Insurance,0850,Alice Springs NT,B-F,Home,786561,Roof Tie-Down,1101.16,2025-01-10,2026-01-10
POL-000581,Southern Cross Insurance,6000,Perth WA,B-F,Home,560401,None,961.14,2023-02-21,2024-02-21
POL-000582,Outback Assurance Group,4700,Rockhampton QLD,Q-S,SME,1910849,None,13169.71,2023-11-17,2024-11-16
POL-000583,Northbeam General,0800,Darwin NT,T-W,Home,298118,None,2554.39,2023-05-22,2024-05-21
POL-000584,Coral Coast Mutual,6714,Karratha WA,T-W,Home,531342,Elevated Slab,4615.36,2023-04-06,2024-04-05
POL-000585,Outback Assurance Group,6714,Karratha WA,T-W,Home,728715,Elevated Slab,5615.85,2024-01-30,2025-01-29
POL-000586,Southern Cross Insurance,4879,Innisfail QLD,T-W,Home,368548,None,3243.88,2025-01-13,2026-01-13
POL-000587,Outback Assurance Group,4700,Rockhampton QLD,Q-S,Home,756121,None,5211.9,2024-11-25,2025-11-25
POL-000588,Northbeam General,4700,Rockhampton QLD,Q-S,Home,891055,None,5246.05,2024-12-01,2025-12-01
POL-000589,Coral Coast Mutual,0850,Alice Springs NT,B-F,Strata,8900204,Roof Tie-Down,13455.78,2023-03-06,2024-03-05
POL-000590,Pacific Rim Insurance,6714,Karratha WA,T-W,Home,800311,None,8009.76,2024-08-13,2025-08-13
POL-000591,Pacific Rim Insurance,4350,Toowoomba QLD,B-F,Strata,7675742,None,13869.11,2024-12-05,2025-12-05
POL-000592,Outback Assurance Group,0800,Darwin NT,T-W,Home,755339,None,6954.35,2024-11-23,2025-11-23
POL-000593,Northbeam General,0810,Darwin NT,T-W,SME,2970747,None,25707.88,2024-10-20,2025-10-20
POL-000594,Coral Coast Mutual,4720,Charters Towers QLD,L-P,SME,1093754,None,4203.17,2024-05-18,2025-05-18
POL-000595,Outback Assurance Group,4350,Toowoomba QLD,B-F,Home,781553,Shutters Installed,1129.46,2024-10-20,2025-10-20
POL-000596,Southern Cross Insurance,4655,Hervey Bay QLD,L-P,SME,2263063,Roof Tie-Down,8565.92,2024-04-03,2025-04-03
POL-000597,Southern Cross Insurance,0850,Alice Springs NT,B-F,Home,771533,Roof Tie-Down,1238.34,2023-01-19,2024-01-19
POL-000598,Pacific Rim Insurance,4655,Hervey Bay QLD,L-P,Home,250177,None,1119.23,2025-03-21,2026-03-21
POL-000599,Outback Assurance Group,4810,Townsville QLD,T-W,Home,839648,None,7508.99,2024-11-18,2025-11-18
POL-000600,Pacific Rim Insurance,6714,Karratha WA,T-W,Home,483746,Roof Tie-Down,4175.25,2023-12-06,2024-12-05
POL-000601,Southern Cross Insurance,4810,Townsville QLD,T-W,Home,630941,None,6252.77,2023-04-27,2024-04-26
POL-000602,Southern Cross Insurance,4350,Toowoomba QLD,B-F,Home,556166,Elevated Slab,859.05,2024-01-18,2025-01-17
POL-000603,Northbeam General,4740,Mackay QLD,Q-S,SME,2116354,None,12674.95,2024-09-17,2025-09-17
POL-000604,Northbeam General,4703,Rockhampton QLD,Q-S,Home,476061,None,3067.81,2025-03-11,2026-03-11
POL-000605,Outback Assurance Group,6714,Karratha WA,T-W,Home,867413,Elevated Slab,6476.54,2025-07-02,2026-07-02
POL-000606,Pacific Rim Insurance,4737,Bowen QLD,Q-S,SME,964704,None,6852.3,2023-01-05,2024-01-05
POL-000607,Northbeam General,4740,Mackay QLD,Q-S,Home,863543,Elevated Slab,4754.79,2024-06-04,2025-06-04
POL-000608,Pacific Rim Insurance,4802,Townsville QLD,T-W,Home,358584,None,3329.84,2024-09-06,2025-09-06
POL-000609,Northbeam General,6714,Karratha WA,T-W,Home,888576,Elevated Slab,7772.1,2025-02-19,2026-02-19
POL-000610,Northbeam General,6000,Perth WA,B-F,Home,558463,Shutters Installed,846.39,2023-05-17,2024-05-16
POL-000611,Pacific Rim Insurance,4879,Innisfail QLD,T-W,Home,787179,None,7177.45,2024-12-19,2025-12-19
POL-000612,Coral Coast Mutual,6714,Karratha WA,T-W,SME,1311600,None,11714.8,2024-10-01,2025-10-01
POL-000613,Northbeam General,4680,Gladstone QLD,L-P,Strata,13918474,Roof Tie-Down,51180.48,2025-09-08,2026-09-08
POL-000614,Outback Assurance Group,4720,Charters Towers QLD,L-P,Home,371011,None,1639.52,2024-07-29,2025-07-29
POL-000615,Pacific Rim Insurance,4802,Townsville QLD,T-W,Home,687757,None,6761.38,2025-07-04,2026-07-04
POL-000616,Outback Assurance Group,6721,Port Hedland WA,T-W,SME,453563,Elevated Slab,3679.17,2023-01-26,2024-01-26
POL-000617,Coral Coast Mutual,0810,Darwin NT,T-W,Home,529947,Roof Tie-Down,4493.45,2023-06-14,2024-06-13
POL-000618,Southern Cross Insurance,6000,Perth WA,B-F,Home,559477,Roof Tie-Down,805.32,2024-07-08,2025-07-08
POL-000619,Pacific Rim Insurance,4680,Gladstone QLD,L-P,SME,2756716,Roof Tie-Down,10559.59,2025-01-30,2026-01-30
POL-000620,Outback Assurance Group,4655,Hervey Bay QLD,L-P,Home,551610,None,2406.16,2023-02-18,2024-02-18
POL-000621,Southern Cross Insurance,4655,Hervey Bay QLD,L-P,Home,577841,None,2653.04,2023-02-25,2024-02-25
POL-000622,Coral Coast Mutual,6000,Perth WA,B-F,Home,714586,None,1371.14,2025-07-22,2026-07-22
POL-000623,Southern Cross Insurance,4802,Townsville QLD,T-W,Home,452897,None,4125.41,2023-07-01,2024-06-30
POL-000624,Coral Coast Mutual,4700,Rockhampton QLD,Q-S,Strata,4002424,None,25376.8,2024-03-14,2025-03-14
POL-000625,Northbeam General,4825,Cloncurry QLD,B-F,Home,517403,Roof Tie-Down,713.36,2024-04-22,2025-04-22
POL-000626,Pacific Rim Insurance,4740,Mackay QLD,Q-S,Home,303325,Shutters Installed,1767.59,2024-10-02,2025-10-02
POL-000627,Coral Coast Mutual,6721,Port Hedland WA,T-W,Home,625479,None,5434.46,2024-12-25,2025-12-25
POL-000628,Outback Assurance Group,4720,Charters Towers QLD,L-P,Home,321488,Roof Tie-Down,1213.42,2023-06-13,2024-06-12
POL-000629,Coral Coast Mutual,4825,Cloncurry QLD,B-F,Home,481942,Roof Tie-Down,793.91,2024-11-10,2025-11-10
POL-000630,Southern Cross Insurance,6714,Karratha WA,T-W,Home,898314,Shutters Installed,7298.13,2024-07-28,2025-07-28
POL-000631,Southern Cross Insurance,0800,Darwin NT,T-W,SME,2974048,Elevated Slab,26026.05,2023-09-07,2024-09-06
POL-000632,Coral Coast Mutual,6714,Karratha WA,T-W,Home,368881,None,3424.38,2024-07-07,2025-07-07
POL-000633,Outback Assurance Group,4870,Cairns QLD,T-W,Strata,8290752,None,78987.55,2024-06-04,2025-06-04
POL-000634,Southern Cross Insurance,0850,Alice Springs NT,B-F,Home,451863,None,784.12,2023-03-26,2024-03-25
POL-000635,Northbeam General,4700,Rockhampton QLD,Q-S,Strata,10945709,None,64136.71,2023-03-09,2024-03-08
POL-000636,Outback Assurance Group,4703,Rockhampton QLD,Q-S,SME,835900,Elevated Slab,4346.4,2025-04-28,2026-04-28
POL-000637,Southern Cross Insurance,4825,Mount Isa QLD,B-F,SME,2326130,Roof Tie-Down,3713.34,2023-02-08,2024-02-08
POL-000638,Northbeam General,4825,Mount Isa QLD,B-F,Home,835193,None,1374.19,2025-04-21,2026-04-21
POL-000639,Outback Assurance Group,6000,Perth WA,B-F,Home,674094,None,1197.12,2023-01-18,2024-01-18
POL-000640,Pacific Rim Insurance,0800,Darwin NT,T-W,Home,898386,None,7789.14,2025-02-02,2026-02-02
POL-000641,Coral Coast Mutual,4740,Mackay QLD,Q-S,SME,2509051,Roof Tie-Down,12770.52,2025-03-16,2026-03-16
POL-000642,Southern Cross Insurance,4810,Townsville QLD,T-W,Home,708936,None,6575.16,2025-04-21,2026-04-21
POL-000643,Pacific Rim Insurance,0850,Alice Springs NT,B-F,Home,659985,Shutters Installed,1069.71,2025-05-19,2026-05-19
POL-000644,Coral Coast Mutual,6721,Port Hedland WA,T-W,Strata,13363024,Roof Tie-Down,116257.9,2025-09-15,2026-09-15
POL-000645,Pacific Rim Insurance,4870,Cairns QLD,T-W,Home,379221,None,3272.44,2024-08-09,2025-08-09
POL-000646,Coral Coast Mutual,4655,Hervey Bay QLD,L-P,Home,569491,None,2253.16,2025-01-29,2026-01-29
POL-000647,Northbeam General,4703,Rockhampton QLD,Q-S,Home,787450,None,4752.41,2023-07-08,2024-07-07
POL-000648,Southern Cross Insurance,4810,Townsville QLD,T-W,SME,1160670,Roof Tie-Down,9692.91,2024-08-03,2025-08-03
POL-000649,Southern Cross Insurance,4825,Cloncurry QLD,B-F,Home,554771,None,1032.88,2023-09-14,2024-09-13
POL-000650,Northbeam General,4703,Rockhampton QLD,Q-S,SME,1787689,None,11287.97,2024-11-18,2025-11-18
POL-000651,Coral Coast Mutual,0800,Darwin NT,T-W,Home,452897,Roof Tie-Down,3523.87,2024-04-06,2025-04-06
POL-000652,Coral Coast Mutual,4810,Townsville QLD,T-W,SME,1039190,None,10001.73,2024-01-09,2025-01-08
POL-000653,Outback Assurance Group,4879,Innisfail QLD,T-W,Home,482286,Shutters Installed,4059.74,2024-10-18,2025-10-18
POL-000654,Outback Assurance Group,6000,Perth WA,B-F,SME,1790675,Roof Tie-Down,2946.79,2024-04-18,2025-04-18
POL-000655,Southern Cross Insurance,4680,Gladstone QLD,L-P,SME,856477,None,3363.94,2024-09-13,2025-09-13
POL-000656,Southern Cross Insurance,6000,Perth WA,B-F,SME,2659127,Roof Tie-Down,3821.45,2025-01-21,2026-01-21
POL-000657,Outback Assurance Group,4825,Mount Isa QLD,B-F,SME,530838,None,1015.25,2024-08-15,2025-08-15
POL-000658,Outback Assurance Group,4802,Townsville QLD,T-W,Home,523276,Roof Tie-Down,4262.19,2024-07-06,2025-07-06
POL-000659,Northbeam General,0810,Darwin NT,T-W,Home,868241,Shutters Installed,7338.08,2023-10-25,2024-10-24
POL-000660,Northbeam General,4737,Bowen QLD,Q-S,Home,631540,Roof Tie-Down,3490.77,2024-11-09,2025-11-09
POL-000661,Pacific Rim Insurance,4810,Townsville QLD,T-W,SME,988757,None,9292.16,2023-07-03,2024-07-02
POL-000662,Northbeam General,4802,Townsville QLD,T-W,SME,2427960,None,25091.59,2023-02-11,2024-02-11
POL-000663,Pacific Rim Insurance,0850,Alice Springs NT,B-F,Home,495386,Shutters Installed,688.64,2023-07-31,2024-07-30
POL-000664,Coral Coast Mutual,4680,Gladstone QLD,L-P,Home,298693,None,1139.07,2024-10-26,2025-10-26
POL-000665,Pacific Rim Insurance,0800,Darwin NT,T-W,SME,1547122,None,15682.03,2023-09-27,2024-09-26
POL-000666,Southern Cross Insurance,4825,Cloncurry QLD,B-F,Home,646905,Elevated Slab,963.1,2024-10-31,2025-10-31
POL-000667,Coral Coast Mutual,4720,Charters Towers QLD,L-P,Home,483726,None,2038.3,2023-12-28,2024-12-27
POL-000668,Outback Assurance Group,0850,Alice Springs NT,B-F,SME,427672,None,770.09,2023-05-23,2024-05-22
POL-000669,Northbeam General,4700,Rockhampton QLD,Q-S,Home,544450,None,3334.74,2023-07-11,2024-07-10
POL-000670,Southern Cross Insurance,4680,Gladstone QLD,L-P,Home,491535,None,2029.19,2023-12-05,2024-12-04
POL-000671,Outback Assurance Group,0850,Alice Springs NT,B-F,SME,2877956,None,4829.35,2025-05-03,2026-05-03
POL-000672,Pacific Rim Insurance,4870,Cairns QLD,T-W,Home,871121,Roof Tie-Down,6557.56,2024-10-06,2025-10-06
POL-000673,Pacific Rim Insurance,4740,Mackay QLD,Q-S,SME,1097686,Roof Tie-Down,5771.5,2023-07-04,2024-07-03
POL-000674,Coral Coast Mutual,4655,Hervey Bay QLD,L-P,Home,269524,None,1217.7,2025-01-15,2026-01-15
POL-000675,Northbeam General,4825,Mount Isa QLD,B-F,Home,744312,None,1438.18,2023-06-24,2024-06-23
POL-000676,Coral Coast Mutual,4879,Innisfail QLD,T-W,Home,440719,None,4290.0,2024-06-07,2025-06-07
POL-000677,Northbeam General,4700,Rockhampton QLD,Q-S,SME,2301991,Shutters Installed,12964.05,2023-03-12,2024-03-11
POL-000678,Pacific Rim Insurance,4655,Hervey Bay QLD,L-P,Home,462177,Roof Tie-Down,1657.47,2025-07-20,2026-07-20
POL-000679,Pacific Rim Insurance,4879,Innisfail QLD,T-W,SME,1144162,None,10817.08,2024-09-21,2025-09-21
POL-000680,Northbeam General,4740,Mackay QLD,Q-S,SME,892899,None,5331.63,2024-11-06,2025-11-06
POL-000681,Southern Cross Insurance,4810,Townsville QLD,T-W,Home,702457,Roof Tie-Down,5697.35,2024-01-15,2025-01-14
POL-000682,Coral Coast Mutual,4720,Charters Towers QLD,L-P,Home,755543,None,3357.05,2024-01-26,2025-01-25
POL-000683,Coral Coast Mutual,4802,Townsville QLD,T-W,SME,2816425,None,24603.34,2023-05-18,2024-05-17
POL-000684,Pacific Rim Insurance,0850,Alice Springs NT,B-F,SME,751556,None,1294.16,2025-06-16,2026-06-16
POL-000685,Pacific Rim Insurance,4879,Innisfail QLD,T-W,Home,257459,Roof Tie-Down,2111.41,2023-05-01,2024-04-30
POL-000686,Northbeam General,4870,Cairns QLD,T-W,Home,581246,Shutters Installed,4607.99,2023-04-20,2024-04-19
POL-000687,Pacific Rim Insurance,4879,Innisfail QLD,T-W,SME,2648586,Shutters Installed,21060.37,2024-01-10,2025-01-09
POL-000688,Pacific Rim Insurance,6000,Perth WA,B-F,Strata,5417412,Elevated Slab,8144.8,2025-03-13,2026-03-13
POL-000689,Pacific Rim Insurance,0850,Alice Springs NT,B-F,Home,757259,None,1295.94,2023-11-11,2024-11-10
POL-000690,Southern Cross Insurance,4680,Gladstone QLD,L-P,SME,979101,Elevated Slab,3743.56,2024-11-06,2025-11-06
POL-000691,Outback Assurance Group,4350,Toowoomba QLD,B-F,Home,419654,None,694.99,2024-06-04,2025-06-04
POL-000692,Southern Cross Insurance,6714,Karratha WA,T-W,SME,618325,None,5475.52,2025-09-14,2026-09-14
POL-000693,Coral Coast Mutual,4825,Mount Isa QLD,B-F,SME,2917611,None,5183.82,2023-03-07,2024-03-06
POL-000694,Pacific Rim Insurance,4350,Toowoomba QLD,B-F,Home,652995,None,1276.64,2024-02-15,2025-02-14
POL-000695,Northbeam General,4720,Charters Towers QLD,L-P,Home,310254,None,1419.23,2025-04-19,2026-04-19
POL-000696,Pacific Rim Insurance,0850,Alice Springs NT,B-F,Home,793323,Shutters Installed,1161.84,2023-02-04,2024-02-04
POL-000697,Northbeam General,4720,Charters Towers QLD,L-P,Home,427715,Shutters Installed,1580.09,2024-01-04,2025-01-03
POL-000698,Outback Assurance Group,4870,Cairns QLD,T-W,Strata,6629452,Roof Tie-Down,56527.16,2023-12-28,2024-12-27
POL-000699,Coral Coast Mutual,4655,Hervey Bay QLD,L-P,Home,321950,None,1465.55,2024-07-16,2025-07-16
POL-000700,Northbeam General,4825,Cloncurry QLD,B-F,Strata,6639031,Shutters Installed,9601.67,2025-09-13,2026-09-13
POL-000701,Southern Cross Insurance,4737,Bowen QLD,Q-S,Strata,6380657,None,38778.73,2024-06-02,2025-06-02
POL-000702,Coral Coast Mutual,4825,Cloncurry QLD,B-F,Home,372692,Shutters Installed,604.77,2025-09-06,2026-09-06
POL-000703,Outback Assurance Group,4825,Cloncurry QLD,B-F,SME,2257106,None,4441.49,2024-07-30,2025-07-30
POL-000704,Pacific Rim Insurance,4350,Toowoomba QLD,B-F,SME,2324549,None,4336.15,2025-07-07,2026-07-07
POL-000705,Northbeam General,4870,Cairns QLD,T-W,Home,651261,Shutters Installed,5399.52,2023-08-14,2024-08-13
POL-000706,Coral Coast Mutual,6714,Karratha WA,T-W,Home,811671,Elevated Slab,5911.56,2025-05-02,2026-05-02
POL-000707,Northbeam General,4350,Toowoomba QLD,B-F,Home,608605,Elevated Slab,852.21,2025-08-11,2026-08-11
POL-000708,Northbeam General,0850,Alice Springs NT,B-F,Home,851581,Shutters Installed,1242.74,2025-08-27,2026-08-27
POL-000709,Northbeam General,0850,Alice Springs NT,B-F,SME,1415258,Shutters Installed,2326.77,2023-07-31,2024-07-30
POL-000710,Southern Cross Insurance,4703,Rockhampton QLD,Q-S,SME,1893287,None,11459.68,2023-04-20,2024-04-19
POL-000711,Pacific Rim Insurance,4825,Mount Isa QLD,B-F,SME,2974576,None,4825.91,2025-05-27,2026-05-27
POL-000712,Pacific Rim Insurance,4740,Mackay QLD,Q-S,SME,1722954,Elevated Slab,9504.74,2025-06-21,2026-06-21
POL-000713,Pacific Rim Insurance,6000,Perth WA,B-F,Home,785962,None,1352.56,2023-08-16,2024-08-15
POL-000714,Pacific Rim Insurance,0810,Darwin NT,T-W,Home,751554,None,7767.57,2023-02-03,2024-02-03
POL-000715,Pacific Rim Insurance,4680,Gladstone QLD,L-P,Home,433291,None,1804.24,2023-05-04,2024-05-03
POL-000716,Coral Coast Mutual,4737,Bowen QLD,Q-S,Home,470989,Roof Tie-Down,2539.46,2023-04-14,2024-04-13
POL-000717,Outback Assurance Group,4680,Gladstone QLD,L-P,Home,825210,Shutters Installed,2806.27,2023-10-03,2024-10-02
POL-000718,Coral Coast Mutual,4810,Townsville QLD,T-W,Home,694536,Roof Tie-Down,5283.69,2024-12-18,2025-12-18
POL-000719,Northbeam General,4680,Gladstone QLD,L-P,SME,1154510,Shutters Installed,4180.47,2024-08-12,2025-08-12
POL-000720,Northbeam General,0800,Darwin NT,T-W,SME,2729264,None,25576.52,2024-01-26,2025-01-25
POL-000721,Outback Assurance Group,0810,Darwin NT,T-W,SME,2383851,None,24031.05,2023-06-30,2024-06-29
POL-000722,Outback Assurance Group,0850,Alice Springs NT,B-F,Home,792121,None,1435.51,2023-11-20,2024-11-19
POL-000723,Northbeam General,6721,Port Hedland WA,T-W,Home,300026,None,2792.33,2024-12-08,2025-12-08
POL-000724,Coral Coast Mutual,4740,Mackay QLD,Q-S,Home,350979,Shutters Installed,1919.71,2023-12-09,2024-12-08
POL-000725,Southern Cross Insurance,4680,Gladstone QLD,L-P,Home,520233,None,2116.87,2024-02-26,2025-02-25
POL-000726,Pacific Rim Insurance,4680,Gladstone QLD,L-P,SME,1234490,None,5264.55,2024-10-27,2025-10-27
POL-000727,Outback Assurance Group,4700,Rockhampton QLD,Q-S,Strata,7454109,Shutters Installed,42610.51,2024-05-14,2025-05-14
POL-000728,Coral Coast Mutual,4825,Mount Isa QLD,B-F,Home,401884,Shutters Installed,660.17,2024-10-17,2025-10-17
POL-000729,Northbeam General,4879,Innisfail QLD,T-W,Home,324809,None,2825.94,2023-12-18,2024-12-17
POL-000730,Coral Coast Mutual,6714,Karratha WA,T-W,Home,530465,Shutters Installed,4373.79,2024-02-09,2025-02-08
POL-000731,Outback Assurance Group,4737,Bowen QLD,Q-S,SME,2861719,None,18679.06,2024-04-06,2025-04-06
POL-000732,Southern Cross Insurance,4700,Rockhampton QLD,Q-S,Home,496024,Roof Tie-Down,2829.34,2025-08-21,2026-08-21
POL-000733,Pacific Rim Insurance,4703,Rockhampton QLD,Q-S,Home,316891,Roof Tie-Down,1903.77,2024-04-29,2025-04-29
POL-000734,Northbeam General,4740,Mackay QLD,Q-S,Home,337295,Elevated Slab,1715.93,2024-09-24,2025-09-24
POL-000735,Coral Coast Mutual,4825,Mount Isa QLD,B-F,SME,1697594,None,2890.27,2025-01-25,2026-01-25
POL-000736,Coral Coast Mutual,4737,Bowen QLD,Q-S,Home,428895,Roof Tie-Down,2146.22,2024-11-10,2025-11-10
POL-000737,Outback Assurance Group,6714,Karratha WA,T-W,SME,2667374,None,27543.92,2024-07-15,2025-07-15
POL-000738,Pacific Rim Insurance,0810,Darwin NT,T-W,Strata,4970181,None,48074.47,2024-04-12,2025-04-12
POL-000739,Pacific Rim Insurance,4879,Innisfail QLD,T-W,Home,574703,None,5906.2,2024-05-08,2025-05-08
POL-000740,Coral Coast Mutual,4350,Toowoomba QLD,B-F,SME,1934206,Elevated Slab,2907.37,2023-06-09,2024-06-08
POL-000741,Pacific Rim Insurance,4870,Cairns QLD,T-W,Home,392921,None,3616.2,2024-04-25,2025-04-25
POL-000742,Outback Assurance Group,4870,Cairns QLD,T-W,SME,2400964,None,21895.01,2025-02-23,2026-02-23
POL-000743,Pacific Rim Insurance,6721,Port Hedland WA,T-W,Home,824842,None,7637.97,2024-02-26,2025-02-25
POL-000744,Coral Coast Mutual,4879,Innisfail QLD,T-W,Home,658654,Roof Tie-Down,5667.99,2023-08-14,2024-08-13
POL-000745,Coral Coast Mutual,4825,Mount Isa QLD,B-F,Home,893003,Shutters Installed,1450.34,2024-12-02,2025-12-02
POL-000746,Southern Cross Insurance,6721,Port Hedland WA,T-W,Home,531880,None,4964.84,2025-05-23,2026-05-23
POL-000747,Pacific Rim Insurance,4700,Rockhampton QLD,Q-S,Home,727461,Roof Tie-Down,4113.86,2023-10-06,2024-10-05
POL-000748,Northbeam General,0850,Alice Springs NT,B-F,Home,302042,Roof Tie-Down,505.54,2023-01-23,2024-01-23
POL-000749,Southern Cross Insurance,0800,Darwin NT,T-W,Home,709713,Roof Tie-Down,5991.24,2023-08-27,2024-08-26
POL-000750,Outback Assurance Group,0810,Darwin NT,T-W,Home,690656,Shutters Installed,5366.88,2025-03-29,2026-03-29
POL-000751,Northbeam General,4680,Gladstone QLD,L-P,Home,596290,None,2294.16,2025-02-07,2026-02-07
POL-000752,Coral Coast Mutual,4740,Mackay QLD,Q-S,Home,819578,Elevated Slab,4501.13,2023-07-16,2024-07-15
POL-000753,Outback Assurance Group,4655,Hervey Bay QLD,L-P,SME,1444223,Roof Tie-Down,5037.08,2025-09-25,2026-09-25
POL-000754,Pacific Rim Insurance,4350,Toowoomba QLD,B-F,SME,2332880,Roof Tie-Down,3737.29,2023-04-07,2024-04-06
POL-000755,Southern Cross Insurance,4703,Rockhampton QLD,Q-S,Home,577270,None,4079.61,2023-06-12,2024-06-11
POL-000756,Southern Cross Insurance,4825,Cloncurry QLD,B-F,Home,563328,Shutters Installed,809.96,2025-06-27,2026-06-27
POL-000757,Coral Coast Mutual,4703,Rockhampton QLD,Q-S,Strata,9284023,Shutters Installed,49493.94,2023-06-21,2024-06-20
POL-000758,Outback Assurance Group,4802,Townsville QLD,T-W,Home,259363,None,2694.99,2024-08-18,2025-08-18
POL-000759,Pacific Rim Insurance,4810,Townsville QLD,T-W,Home,510804,None,4520.42,2023-04-04,2024-04-03
POL-000760,Northbeam General,6714,Karratha WA,T-W,Strata,12487980,None,108197.1,2023-12-31,2024-12-30
POL-000761,Coral Coast Mutual,4825,Cloncurry QLD,B-F,SME,1375908,Roof Tie-Down,2027.98,2024-07-25,2025-07-25
POL-000762,Coral Coast Mutual,4737,Bowen QLD,Q-S,SME,1984477,Roof Tie-Down,10653.22,2023-05-18,2024-05-17
POL-000763,Northbeam General,4740,Mackay QLD,Q-S,Home,559030,Elevated Slab,3115.04,2024-05-16,2025-05-16
POL-000764,Pacific Rim Insurance,4802,Townsville QLD,T-W,Home,741147,Shutters Installed,5715.84,2025-05-01,2026-05-01
POL-000765,Pacific Rim Insurance,4825,Cloncurry QLD,B-F,Home,721213,None,1245.13,2023-09-27,2024-09-26
POL-000766,Southern Cross Insurance,4680,Gladstone QLD,L-P,Home,780535,None,3198.94,2023-07-09,2024-07-08
POL-000767,Pacific Rim Insurance,4810,Townsville QLD,T-W,SME,1401543,None,12837.18,2023-03-06,2024-03-05
POL-000768,Coral Coast Mutual,4655,Hervey Bay QLD,L-P,Home,828255,None,3238.04,2023-10-17,2024-10-16
POL-000769,Northbeam General,4879,Innisfail QLD,T-W,Home,798615,Roof Tie-Down,6653.75,2023-02-14,2024-02-14
POL-000770,Pacific Rim Insurance,4700,Rockhampton QLD,Q-S,SME,2435790,Shutters Installed,12627.71,2023-02-02,2024-02-02
POL-000771,Northbeam General,4655,Hervey Bay QLD,L-P,SME,2875901,None,11489.19,2024-01-11,2025-01-10
POL-000772,Southern Cross Insurance,4810,Townsville QLD,T-W,SME,1275511,Roof Tie-Down,10620.59,2025-08-08,2026-08-08
POL-000773,Outback Assurance Group,4737,Bowen QLD,Q-S,SME,2740505,Roof Tie-Down,15878.6,2025-06-30,2026-06-30
POL-000774,Southern Cross Insurance,4680,Gladstone QLD,L-P,SME,2987605,Roof Tie-Down,10166.2,2023-02-11,2024-02-11
POL-000775,Northbeam General,6721,Port Hedland WA,T-W,Home,794719,Shutters Installed,5900.27,2025-01-12,2026-01-12
POL-000776,Northbeam General,4825,Cloncurry QLD,B-F,Home,510846,Roof Tie-Down,792.54,2025-08-28,2026-08-28
POL-000777,Coral Coast Mutual,4825,Cloncurry QLD,B-F,SME,842558,Elevated Slab,1357.77,2024-08-13,2025-08-13
POL-000778,Pacific Rim Insurance,4737,Bowen QLD,Q-S,SME,836637,Elevated Slab,4314.39,2023-07-04,2024-07-03
POL-000779,Coral Coast Mutual,4655,Hervey Bay QLD,L-P,Home,809835,None,3740.37,2024-03-29,2025-03-29
POL-000780,Outback Assurance Group,6714,Karratha WA,T-W,Home,639776,None,5971.32,2024-10-10,2025-10-10
POL-000781,Coral Coast Mutual,6714,Karratha WA,T-W,Home,474319,None,4393.44,2024-07-17,2025-07-17
POL-000782,Coral Coast Mutual,4680,Gladstone QLD,L-P,Strata,8662074,Elevated Slab,27832.45,2023-02-05,2024-02-05
POL-000783,Northbeam General,4810,Townsville QLD,T-W,Home,566503,Roof Tie-Down,4123.07,2023-08-16,2024-08-15
POL-000784,Pacific Rim Insurance,6714,Karratha WA,T-W,Home,539362,None,5553.44,2024-06-07,2025-06-07
POL-000785,Northbeam General,4802,Townsville QLD,T-W,Strata,2633110,Roof Tie-Down,21093.84,2023-06-09,2024-06-08
POL-000786,Southern Cross Insurance,6000,Perth WA,B-F,Home,494312,None,846.38,2023-11-04,2024-11-03
POL-000787,Outback Assurance Group,4802,Townsville QLD,T-W,Home,330951,None,3284.62,2025-03-22,2026-03-22
POL-000788,Pacific Rim Insurance,4700,Rockhampton QLD,Q-S,Home,854223,None,5907.27,2023-04-08,2024-04-07
POL-000789,Coral Coast Mutual,6721,Port Hedland WA,T-W,Home,650080,None,5655.12,2023-02-27,2024-02-27
POL-000790,Pacific Rim Insurance,4680,Gladstone QLD,L-P,SME,905583,Elevated Slab,3472.03,2023-08-21,2024-08-20
POL-000791,Coral Coast Mutual,4870,Cairns QLD,T-W,Home,306757,None,2800.41,2023-02-12,2024-02-12
POL-000792,Outback Assurance Group,4825,Cloncurry QLD,B-F,Home,481522,Shutters Installed,685.63,2024-11-20,2025-11-20
POL-000793,Outback Assurance Group,4737,Bowen QLD,Q-S,SME,777835,None,4774.9,2023-10-24,2024-10-23
POL-000794,Outback Assurance Group,0810,Darwin NT,T-W,Home,849198,Roof Tie-Down,7193.71,2024-07-15,2025-07-15
POL-000795,Pacific Rim Insurance,6000,Perth WA,B-F,Home,386708,None,732.55,2024-05-07,2025-05-07
POL-000796,Pacific Rim Insurance,4703,Rockhampton QLD,Q-S,Home,455625,None,2997.79,2025-01-23,2026-01-23
POL-000797,Pacific Rim Insurance,4350,Toowoomba QLD,B-F,Home,700956,Shutters Installed,1034.59,2025-08-04,2026-08-04
POL-000798,Coral Coast Mutual,4825,Mount Isa QLD,B-F,Home,633010,Elevated Slab,939.12,2023-11-25,2024-11-24
POL-000799,Outback Assurance Group,4810,Townsville QLD,T-W,SME,1109908,None,11572.5,2024-09-23,2025-09-23
POL-000800,Northbeam General,4810,Townsville QLD,T-W,Home,494831,Roof Tie-Down,3755.76,2024-01-18,2025-01-17
POL-000801,Coral Coast Mutual,4825,Mount Isa QLD,B-F,Home,404850,Roof Tie-Down,665.1,2025-04-19,2026-04-19
POL-000802,Coral Coast Mutual,4870,Cairns QLD,T-W,Home,569939,None,5360.34,2023-01-24,2024-01-24
POL-000803,Pacific Rim Insurance,4703,Rockhampton QLD,Q-S,SME,2691869,Shutters Installed,14941.78,2023-09-22,2024-09-21
POL-000804,Pacific Rim Insurance,0850,Alice Springs NT,B-F,Home,269281,None,472.74,2025-07-16,2026-07-16
POL-000805,Coral Coast Mutual,4740,Mackay QLD,Q-S,Home,460445,Roof Tie-Down,2691.1,2024-09-24,2025-09-24
POL-000806,Coral Coast Mutual,4740,Mackay QLD,Q-S,Home,319832,None,2032.61,2023-10-05,2024-10-04
POL-000807,Pacific Rim Insurance,0800,Darwin NT,T-W,Home,655298,None,5890.62,2024-01-25,2025-01-24
POL-000808,Northbeam General,0800,Darwin NT,T-W,Strata,12017783,None,114889.59,2023-07-10,2024-07-09
POL-000809,Pacific Rim Insurance,4720,Charters Towers QLD,L-P,Strata,13953249,None,52995.14,2023-09-11,2024-09-10
POL-000810,Coral Coast Mutual,6721,Port Hedland WA,T-W,Home,414631,Elevated Slab,3025.63,2024-12-01,2025-12-01
POL-000811,Coral Coast Mutual,4680,Gladstone QLD,L-P,Home,775600,Shutters Installed,2644.78,2023-03-05,2024-03-04
POL-000812,Coral Coast Mutual,4655,Hervey Bay QLD,L-P,SME,523588,None,2394.41,2025-08-29,2026-08-29
POL-000813,Pacific Rim Insurance,4350,Toowoomba QLD,B-F,Home,393928,None,650.61,2024-01-27,2025-01-26
POL-000814,Outback Assurance Group,4810,Townsville QLD,T-W,SME,2150422,None,19368.17,2023-06-06,2024-06-05
POL-000815,Northbeam General,6721,Port Hedland WA,T-W,Strata,11097172,Shutters Installed,83010.31,2024-10-30,2025-10-30
POL-000816,Pacific Rim Insurance,4802,Townsville QLD,T-W,Home,394818,None,3607.49,2024-12-23,2025-12-23
POL-000817,Northbeam General,0810,Darwin NT,T-W,Home,402203,None,3940.32,2024-08-01,2025-08-01
POL-000818,Northbeam General,6714,Karratha WA,T-W,Home,374138,None,3329.77,2025-05-09,2026-05-09
POL-000819,Outback Assurance Group,4870,Cairns QLD,T-W,SME,2136610,None,22170.05,2023-11-07,2024-11-06
POL-000820,Pacific Rim Insurance,6000,Perth WA,B-F,Home,387935,Roof Tie-Down,556.12,2025-02-19,2026-02-19
POL-000821,Southern Cross Insurance,4810,Townsville QLD,T-W,Home,492128,None,4765.32,2023-08-25,2024-08-24
POL-000822,Outback Assurance Group,4680,Gladstone QLD,L-P,Home,390600,None,1641.28,2024-09-11,2025-09-11
POL-000823,Northbeam General,4680,Gladstone QLD,L-P,Home,746864,Elevated Slab,2473.0,2023-07-17,2024-07-16
POL-000824,Northbeam General,4740,Mackay QLD,Q-S,Home,532967,None,3776.21,2023-08-16,2024-08-15
POL-000825,Coral Coast Mutual,4703,Rockhampton QLD,Q-S,Home,710623,None,4958.21,2024-05-16,2025-05-16
POL-000826,Outback Assurance Group,4737,Bowen QLD,Q-S,SME,575432,Elevated Slab,3247.89,2025-04-24,2026-04-24
POL-000827,Southern Cross Insurance,6714,Karratha WA,T-W,Home,849716,None,8223.75,2024-06-21,2025-06-21
POL-000828,Pacific Rim Insurance,4720,Charters Towers QLD,L-P,Home,294476,None,1330.25,2023-09-09,2024-09-08
POL-000829,Southern Cross Insurance,4825,Cloncurry QLD,B-F,Home,834791,None,1468.78,2025-02-22,2026-02-22
POL-000830,Outback Assurance Group,4703,Rockhampton QLD,Q-S,Home,569348,Elevated Slab,3317.83,2023-10-20,2024-10-19
POL-000831,Northbeam General,4700,Rockhampton QLD,Q-S,Home,307196,None,2072.63,2025-07-14,2026-07-14
POL-000832,Pacific Rim Insurance,4737,Bowen QLD,Q-S,SME,2499910,None,14992.27,2025-03-08,2026-03-08
POL-000833,Pacific Rim Insurance,4825,Cloncurry QLD,B-F,Home,722788,Elevated Slab,1000.79,2024-04-09,2025-04-09
POL-000834,Northbeam General,4703,Rockhampton QLD,Q-S,SME,1759268,Roof Tie-Down,10092.65,2025-07-17,2026-07-17
POL-000835,Outback Assurance Group,0800,Darwin NT,T-W,Home,630573,None,5493.6,2024-12-25,2025-12-25
POL-000836,Northbeam General,4720,Charters Towers QLD,L-P,Home,827079,Roof Tie-Down,2882.17,2025-02-25,2026-02-25
POL-000837,Northbeam General,6714,Karratha WA,T-W,Home,407380,None,3608.59,2023-05-29,2024-05-28
POL-000838,Southern Cross Insurance,4740,Mackay QLD,Q-S,Home,717935,Shutters Installed,3799.03,2023-07-05,2024-07-04
POL-000839,Outback Assurance Group,0810,Darwin NT,T-W,Strata,14841210,Roof Tie-Down,113925.2,2024-04-14,2025-04-14
POL-000840,Outback Assurance Group,0850,Alice Springs NT,B-F,Home,767437,Roof Tie-Down,1112.62,2024-08-25,2025-08-25
POL-000841,Pacific Rim Insurance,4737,Bowen QLD,Q-S,Home,879252,Roof Tie-Down,4378.47,2025-06-22,2026-06-22
POL-000842,Southern Cross Insurance,6000,Perth WA,B-F,Home,467723,None,765.95,2023-06-01,2024-05-31
POL-000843,Coral Coast Mutual,4680,Gladstone QLD,L-P,Home,856174,None,3839.03,2023-11-02,2024-11-01
POL-000844,Pacific Rim Insurance,4825,Mount Isa QLD,B-F,Home,436906,Elevated Slab,623.19,2023-10-19,2024-10-18
POL-000845,Southern Cross Insurance,4810,Townsville QLD,T-W,Home,727456,None,7255.45,2024-01-04,2025-01-03
POL-000846,Outback Assurance Group,4825,Mount Isa QLD,B-F,SME,1989386,Shutters Installed,3238.72,2025-02-15,2026-02-15
POL-000847,Coral Coast Mutual,4825,Cloncurry QLD,B-F,Home,377950,None,706.79,2023-10-09,2024-10-08
POL-000848,Pacific Rim Insurance,4720,Charters Towers QLD,L-P,Home,469205,Shutters Installed,1712.6,2023-04-22,2024-04-21
POL-000849,Coral Coast Mutual,4720,Charters Towers QLD,L-P,Strata,13553701,None,58118.45,2025-03-18,2026-03-18
POL-000850,Coral Coast Mutual,4879,Innisfail QLD,T-W,Home,800912,Shutters Installed,6564.56,2024-09-30,2025-09-30
POL-000851,Pacific Rim Insurance,0810,Darwin NT,T-W,Home,771919,None,7322.24,2023-07-04,2024-07-03
POL-000852,Southern Cross Insurance,4350,Toowoomba QLD,B-F,SME,406630,None,676.04,2024-04-21,2025-04-21
POL-000853,Pacific Rim Insurance,4703,Rockhampton QLD,Q-S,SME,2136614,None,12625.55,2023-12-25,2024-12-24
POL-000854,Coral Coast Mutual,4703,Rockhampton QLD,Q-S,Home,545307,Shutters Installed,2864.84,2023-03-11,2024-03-10
POL-000855,Coral Coast Mutual,6721,Port Hedland WA,T-W,Home,256429,Shutters Installed,1910.74,2023-12-08,2024-12-07
POL-000856,Coral Coast Mutual,4655,Hervey Bay QLD,L-P,SME,522127,None,2338.56,2023-07-18,2024-07-17
POL-000857,Northbeam General,6714,Karratha WA,T-W,Strata,9960796,None,100253.25,2024-10-23,2025-10-23
POL-000858,Outback Assurance Group,0850,Alice Springs NT,B-F,Home,813051,None,1579.38,2024-04-18,2025-04-18
POL-000859,Northbeam General,4740,Mackay QLD,Q-S,SME,1723314,Shutters Installed,9626.38,2023-01-20,2024-01-20
POL-000860,Coral Coast Mutual,4802,Townsville QLD,T-W,SME,1883087,None,16337.3,2023-06-02,2024-06-01
POL-000861,Pacific Rim Insurance,4870,Cairns QLD,T-W,Home,810226,Elevated Slab,6990.62,2024-08-07,2025-08-07
POL-000862,Southern Cross Insurance,4655,Hervey Bay QLD,L-P,Home,573256,Roof Tie-Down,2130.54,2023-11-19,2024-11-18
POL-000863,Coral Coast Mutual,6000,Perth WA,B-F,Home,499185,None,875.46,2025-04-29,2026-04-29
POL-000864,Northbeam General,4703,Rockhampton QLD,Q-S,Home,642393,Roof Tie-Down,3751.49,2025-03-07,2026-03-07
POL-000865,Northbeam General,4825,Mount Isa QLD,B-F,Home,756109,Roof Tie-Down,1250.54,2023-06-07,2024-06-06
POL-000866,Northbeam General,6714,Karratha WA,T-W,Strata,10785019,None,98571.64,2023-12-02,2024-12-01
POL-000867,Outback Assurance Group,0800,Darwin NT,T-W,SME,956656,None,8552.37,2023-02-07,2024-02-07
POL-000868,Pacific Rim Insurance,4655,Hervey Bay QLD,L-P,SME,417238,None,1686.15,2023-02-15,2024-02-15
POL-000869,Coral Coast Mutual,4825,Mount Isa QLD,B-F,Home,358111,None,647.25,2024-11-05,2025-11-05
POL-000870,Coral Coast Mutual,4870,Cairns QLD,T-W,Home,470039,Shutters Installed,3659.59,2023-07-17,2024-07-16
POL-000871,Coral Coast Mutual,6000,Perth WA,B-F,Home,373365,None,641.5,2023-06-11,2024-06-10
POL-000872,Coral Coast Mutual,0800,Darwin NT,T-W,Home,789031,None,6899.69,2024-07-09,2025-07-09
POL-000873,Southern Cross Insurance,4825,Cloncurry QLD,B-F,Home,547027,Roof Tie-Down,849.35,2023-06-25,2024-06-24
POL-000874,Outback Assurance Group,6721,Port Hedland WA,T-W,Home,715198,Shutters Installed,5256.29,2023-01-30,2024-01-30
POL-000875,Pacific Rim Insurance,4740,Mackay QLD,Q-S,Home,697181,Roof Tie-Down,3768.66,2024-12-22,2025-12-22
POL-000876,Coral Coast Mutual,4802,Townsville QLD,T-W,Home,717493,None,6974.75,2023-11-16,2024-11-15
POL-000877,Outback Assurance Group,4703,Rockhampton QLD,Q-S,SME,2637597,None,15699.27,2025-08-02,2026-08-02
POL-000878,Outback Assurance Group,4802,Townsville QLD,T-W,Home,741022,None,6472.68,2023-11-14,2024-11-13
POL-000879,Outback Assurance Group,0850,Alice Springs NT,B-F,Home,896910,Shutters Installed,1305.87,2024-01-08,2025-01-07
POL-000880,Southern Cross Insurance,4700,Rockhampton QLD,Q-S,SME,1762146,None,11346.93,2023-01-31,2024-01-31
POL-000881,Pacific Rim Insurance,0850,Alice Springs NT,B-F,Home,429098,None,738.74,2023-12-23,2024-12-22
POL-000882,Southern Cross Insurance,4802,Townsville QLD,T-W,Home,362178,Roof Tie-Down,2822.74,2024-10-27,2025-10-27
POL-000883,Pacific Rim Insurance,6721,Port Hedland WA,T-W,Home,683525,Elevated Slab,5230.88,2023-09-07,2024-09-06
POL-000884,Pacific Rim Insurance,4700,Rockhampton QLD,Q-S,Strata,7716235,Elevated Slab,40144.51,2024-12-11,2025-12-11
POL-000885,Northbeam General,4879,Innisfail QLD,T-W,SME,1835294,Elevated Slab,14951.98,2023-08-30,2024-08-29
POL-000886,Outback Assurance Group,4825,Mount Isa QLD,B-F,SME,2441075,None,4055.01,2024-09-02,2025-09-02
POL-000887,Southern Cross Insurance,6714,Karratha WA,T-W,Home,434731,None,3971.38,2024-02-20,2025-02-19
POL-000888,Southern Cross Insurance,4810,Townsville QLD,T-W,Home,647316,None,5937.23,2024-10-22,2025-10-22
POL-000889,Southern Cross Insurance,4825,Mount Isa QLD,B-F,Home,858979,Roof Tie-Down,1420.23,2024-10-13,2025-10-13
POL-000890,Outback Assurance Group,0810,Darwin NT,T-W,SME,1622653,None,15076.02,2024-08-14,2025-08-14
POL-000891,Coral Coast Mutual,4703,Rockhampton QLD,Q-S,Home,564295,None,3719.47,2025-07-24,2026-07-24
POL-000892,Pacific Rim Insurance,4879,Innisfail QLD,T-W,SME,774498,None,7479.47,2024-09-18,2025-09-18
POL-000893,Southern Cross Insurance,4655,Hervey Bay QLD,L-P,SME,661768,None,2706.73,2024-07-16,2025-07-16
POL-000894,Southern Cross Insurance,4870,Cairns QLD,T-W,SME,1906781,None,16700.4,2023-10-16,2024-10-15
POL-000895,Outback Assurance Group,4350,Toowoomba QLD,B-F,Home,583580,None,1094.94,2024-02-20,2025-02-19
POL-000896,Outback Assurance Group,4879,Innisfail QLD,T-W,Home,747938,None,6592.5,2024-07-22,2025-07-22
POL-000897,Southern Cross Insurance,4680,Gladstone QLD,L-P,SME,926591,Roof Tie-Down,3065.97,2023-03-15,2024-03-14
POL-000898,Southern Cross Insurance,0810,Darwin NT,T-W,SME,2231799,None,23216.18,2023-05-20,2024-05-19
POL-000899,Pacific Rim Insurance,0810,Darwin NT,T-W,Home,728180,Elevated Slab,6342.91,2024-12-13,2025-12-13
POL-000900,Outback Assurance Group,4879,Innisfail QLD,T-W,Home,694726,None,6668.6,2024-04-05,2025-04-05
POL-000901,Northbeam General,4680,Gladstone QLD,L-P,Home,257790,Elevated Slab,934.66,2025-05-17,2026-05-17
POL-000902,Pacific Rim Insurance,4720,Charters Towers QLD,L-P,Home,854349,None,3492.8,2023-02-08,2024-02-08
POL-000903,Northbeam General,0850,Alice Springs NT,B-F,SME,2419695,Roof Tie-Down,4044.02,2023-03-23,2024-03-22
POL-000904,Pacific Rim Insurance,4720,Charters Towers QLD,L-P,Strata,6687895,None,27892.18,2023-03-22,2024-03-21
POL-000905,Pacific Rim Insurance,4810,Townsville QLD,T-W,Home,331874,None,3268.87,2024-07-06,2025-07-06
POL-000906,Outback Assurance Group,6721,Port Hedland WA,T-W,Home,811023,None,8133.91,2024-04-25,2025-04-25
POL-000907,Coral Coast Mutual,4720,Charters Towers QLD,L-P,Strata,7561881,None,31258.2,2025-09-10,2026-09-10
POL-000908,Pacific Rim Insurance,6721,Port Hedland WA,T-W,Home,876667,None,8743.8,2025-01-14,2026-01-14
POL-000909,Coral Coast Mutual,6000,Perth WA,B-F,Home,427292,None,780.33,2024-11-03,2025-11-03
POL-000910,Coral Coast Mutual,4810,Townsville QLD,T-W,Home,382981,None,3642.39,2025-05-21,2026-05-21
POL-000911,Pacific Rim Insurance,6000,Perth WA,B-F,Home,519437,Shutters Installed,717.52,2023-04-25,2024-04-24
POL-000912,Northbeam General,4700,Rockhampton QLD,Q-S,Strata,13058796,None,83976.53,2025-04-07,2026-04-07
POL-000913,Southern Cross Insurance,6000,Perth WA,B-F,SME,1158368,Shutters Installed,1878.42,2025-06-01,2026-06-01
POL-000914,Outback Assurance Group,6714,Karratha WA,T-W,Strata,11991571,None,123806.85,2023-06-07,2024-06-06
POL-000915,Northbeam General,4879,Innisfail QLD,T-W,SME,2246269,Shutters Installed,18958.48,2023-06-21,2024-06-20
POL-000916,Southern Cross Insurance,4802,Townsville QLD,T-W,SME,1508955,Shutters Installed,12807.42,2023-04-29,2024-04-28
POL-000917,Pacific Rim Insurance,4700,Rockhampton QLD,Q-S,Home,749401,None,5110.91,2025-02-09,2026-02-09
POL-000918,Outback Assurance Group,4350,Toowoomba QLD,B-F,Home,747643,None,1281.87,2024-06-27,2025-06-27
POL-000919,Pacific Rim Insurance,4870,Cairns QLD,T-W,Home,650560,None,6400.95,2025-09-11,2026-09-11
POL-000920,Pacific Rim Insurance,4740,Mackay QLD,Q-S,Home,621015,None,4404.88,2024-03-18,2025-03-18
POL-000921,Outback Assurance Group,6000,Perth WA,B-F,Home,353050,Shutters Installed,513.74,2024-08-21,2025-08-21
POL-000922,Coral Coast Mutual,4737,Bowen QLD,Q-S,SME,2869288,None,19659.35,2024-06-16,2025-06-16
POL-000923,Outback Assurance Group,4700,Rockhampton QLD,Q-S,Home,258887,Roof Tie-Down,1525.24,2023-01-13,2024-01-13
POL-000924,Coral Coast Mutual,0800,Darwin NT,T-W,Home,618591,None,5546.84,2023-10-18,2024-10-17
POL-000925,Northbeam General,4703,Rockhampton QLD,Q-S,Home,309645,None,2189.21,2024-11-03,2025-11-03
POL-000926,Northbeam General,4810,Townsville QLD,T-W,Home,375805,None,3274.82,2024-09-11,2025-09-11
POL-000927,Southern Cross Insurance,4655,Hervey Bay QLD,L-P,SME,2774264,None,12358.48,2023-07-09,2024-07-08
POL-000928,Coral Coast Mutual,4700,Rockhampton QLD,Q-S,Home,329392,None,2200.48,2025-08-02,2026-08-02
POL-000929,Southern Cross Insurance,4879,Innisfail QLD,T-W,SME,1756455,None,15876.49,2025-03-10,2026-03-10
POL-000930,Coral Coast Mutual,6000,Perth WA,B-F,SME,1795255,Elevated Slab,3019.19,2023-09-22,2024-09-21
POL-000931,Outback Assurance Group,4700,Rockhampton QLD,Q-S,Home,460416,None,3058.72,2023-07-02,2024-07-01
POL-000932,Outback Assurance Group,0800,Darwin NT,T-W,Home,478994,None,4654.16,2023-04-19,2024-04-18
POL-000933,Outback Assurance Group,6000,Perth WA,B-F,Home,849098,Roof Tie-Down,1358.24,2025-03-06,2026-03-06
POL-000934,Outback Assurance Group,4870,Cairns QLD,T-W,SME,403639,Roof Tie-Down,3541.58,2024-11-11,2025-11-11
POL-000935,Outback Assurance Group,6000,Perth WA,B-F,Home,660339,Shutters Installed,1025.4,2024-06-11,2025-06-11
POL-000936,Outback Assurance Group,0850,Alice Springs NT,B-F,Home,323504,None,586.98,2023-01-04,2024-01-04
POL-000937,Outback Assurance Group,0850,Alice Springs NT,B-F,Home,626353,None,1089.88,2023-11-07,2024-11-06
POL-000938,Coral Coast Mutual,4740,Mackay QLD,Q-S,Home,345071,None,2182.56,2025-05-23,2026-05-23
POL-000939,Pacific Rim Insurance,4825,Mount Isa QLD,B-F,SME,1616174,None,2995.1,2023-06-30,2024-06-29
POL-000940,Southern Cross Insurance,4740,Mackay QLD,Q-S,Strata,7014212,None,47378.53,2025-07-06,2026-07-06
POL-000941,Southern Cross Insurance,4680,Gladstone QLD,L-P,Home,709259,None,3119.09,2023-05-24,2024-05-23
POL-000942,Pacific Rim Insurance,4703,Rockhampton QLD,Q-S,Home,500069,None,3243.45,2023-03-06,2024-03-05
POL-000943,Southern Cross Insurance,6721,Port Hedland WA,T-W,Home,721132,None,7490.03,2023-01-17,2024-01-17
POL-000944,Pacific Rim Insurance,6714,Karratha WA,T-W,Home,294894,None,2748.55,2023-08-05,2024-08-04
POL-000945,Northbeam General,4737,Bowen QLD,Q-S,Strata,11002006,None,66492.16,2024-08-16,2025-08-16
POL-000946,Pacific Rim Insurance,4825,Mount Isa QLD,B-F,Home,269989,Roof Tie-Down,410.71,2025-07-29,2026-07-29
POL-000947,Coral Coast Mutual,4740,Mackay QLD,Q-S,Home,265063,None,1609.97,2023-02-21,2024-02-21
POL-000948,Southern Cross Insurance,0800,Darwin NT,T-W,Home,869752,Roof Tie-Down,6410.76,2025-04-17,2026-04-17
POL-000949,Outback Assurance Group,0800,Darwin NT,T-W,Home,481287,None,4172.71,2023-07-27,2024-07-26
POL-000950,Pacific Rim Insurance,6714,Karratha WA,T-W,SME,2086146,None,19121.71,2025-09-26,2026-09-26
POL-000951,Northbeam General,4825,Cloncurry QLD,B-F,Home,473589,None,897.51,2024-08-30,2025-08-30
POL-000952,Pacific Rim Insurance,6714,Karratha WA,T-W,Home,685320,Shutters Installed,5166.56,2024-01-14,2025-01-13
POL-000953,Pacific Rim Insurance,4700,Rockhampton QLD,Q-S,Home,292675,None,1762.89,2025-03-21,2026-03-21
POL-000954,Northbeam General,4655,Hervey Bay QLD,L-P,SME,2442489,Roof Tie-Down,7988.49,2023-01-08,2024-01-08
POL-000955,Outback Assurance Group,4825,Mount Isa QLD,B-F,SME,1590056,None,2814.14,2025-04-06,2026-04-06
POL-000956,Northbeam General,0810,Darwin NT,T-W,Home,798496,None,7510.49,2023-09-02,2024-09-01
POL-000957,Coral Coast Mutual,4810,Townsville QLD,T-W,SME,2496680,None,24249.99,2023-04-01,2024-03-31
POL-000958,Southern Cross Insurance,4680,Gladstone QLD,L-P,Home,451224,None,1750.17,2024-06-26,2025-06-26
POL-000959,Northbeam General,4810,Townsville QLD,T-W,Home,815940,None,7763.12,2024-04-20,2025-04-20
POL-000960,Outback Assurance Group,6000,Perth WA,B-F,Home,406465,Roof Tie-Down,644.93,2025-09-18,2026-09-18
POL-000961,Coral Coast Mutual,0850,Alice Springs NT,B-F,Home,295209,None,483.98,2024-01-08,2025-01-07
POL-000962,Southern Cross Insurance,4703,Rockhampton QLD,Q-S,Home,725159,Shutters Installed,3640.56,2025-01-28,2026-01-28
POL-000963,Northbeam General,4825,Cloncurry QLD,B-F,Home,758623,None,1369.59,2023-03-14,2024-03-13
POL-000964,Coral Coast Mutual,4737,Bowen QLD,Q-S,Home,458405,Shutters Installed,2657.85,2025-07-08,2026-07-08
POL-000965,Northbeam General,4350,Toowoomba QLD,B-F,SME,811310,Shutters Installed,1176.04,2024-02-27,2025-02-26
POL-000966,Outback Assurance Group,4655,Hervey Bay QLD,L-P,SME,2854054,Roof Tie-Down,10157.2,2025-06-30,2026-06-30
POL-000967,Outback Assurance Group,0810,Darwin NT,T-W,Home,436710,None,4055.26,2023-05-20,2024-05-19
POL-000968,Pacific Rim Insurance,4703,Rockhampton QLD,Q-S,Home,462033,None,2904.64,2023-02-02,2024-02-02
POL-000969,Coral Coast Mutual,4740,Mackay QLD,Q-S,Home,738148,Roof Tie-Down,4044.48,2023-06-25,2024-06-24
POL-000970,Pacific Rim Insurance,4350,Toowoomba QLD,B-F,SME,2964934,None,5769.79,2024-08-14,2025-08-14
POL-000971,Pacific Rim Insurance,4350,Toowoomba QLD,B-F,Home,762977,None,1472.84,2023-08-10,2024-08-09
POL-000972,Northbeam General,0850,Alice Springs NT,B-F,SME,2195625,Shutters Installed,3517.99,2023-09-10,2024-09-09
POL-000973,Pacific Rim Insurance,6714,Karratha WA,T-W,Home,870517,Shutters Installed,7656.8,2025-07-24,2026-07-24
POL-000974,Southern Cross Insurance,4870,Cairns QLD,T-W,Home,743515,Roof Tie-Down,6284.24,2024-05-31,2025-05-31
POL-000975,Southern Cross Insurance,4879,Innisfail QLD,T-W,Home,352759,None,3319.33,2023-09-04,2024-09-03
POL-000976,Coral Coast Mutual,4825,Cloncurry QLD,B-F,SME,2105479,None,4130.9,2023-05-16,2024-05-15
POL-000977,Northbeam General,6721,Port Hedland WA,T-W,Home,266703,None,2523.43,2023-11-09,2024-11-08
POL-000978,Northbeam General,4737,Bowen QLD,Q-S,SME,502397,None,3576.74,2024-04-19,2025-04-19
POL-000979,Southern Cross Insurance,4655,Hervey Bay QLD,L-P,Home,736849,None,3220.97,2023-01-02,2024-01-02
POL-000980,Coral Coast Mutual,4655,Hervey Bay QLD,L-P,SME,537213,Shutters Installed,1839.83,2025-02-09,2026-02-09
POL-000981,Southern Cross Insurance,4810,Townsville QLD,T-W,Home,334891,None,3258.11,2023-12-10,2024-12-09
POL-000982,Outback Assurance Group,4720,Charters Towers QLD,L-P,Strata,2865076,None,11097.05,2024-01-10,2025-01-09
POL-000983,Northbeam General,4810,Townsville QLD,T-W,Home,835934,Elevated Slab,7026.75,2024-07-28,2025-07-28
POL-000984,Pacific Rim Insurance,0810,Darwin NT,T-W,Strata,3905181,Shutters Installed,32474.3,2025-01-25,2026-01-25
POL-000985,Pacific Rim Insurance,4703,Rockhampton QLD,Q-S,SME,1744122,None,11002.84,2023-10-01,2024-09-30
POL-000986,Pacific Rim Insurance,4879,Innisfail QLD,T-W,Home,611996,Roof Tie-Down,4894.83,2024-05-28,2025-05-28
POL-000987,Pacific Rim Insurance,0800,Darwin NT,T-W,Home,808739,None,8296.82,2024-04-07,2025-04-07
POL-000988,Outback Assurance Group,4680,Gladstone QLD,L-P,SME,675262,None,2659.33,2025-06-24,2026-06-24
POL-000989,Southern Cross Insurance,4825,Mount Isa QLD,B-F,Home,552380,None,1085.41,2023-03-20,2024-03-19
POL-000990,Pacific Rim Insurance,4700,Rockhampton QLD,Q-S,Home,770438,None,4657.8,2023-07-29,2024-07-28
POL-000991,Coral Coast Mutual,4870,Cairns QLD,T-W,Home,817735,None,8439.25,2024-04-30,2025-04-30
POL-000992,Northbeam General,4879,Innisfail QLD,T-W,Home,555677,None,4950.65,2023-01-23,2024-01-23
POL-000993,Coral Coast Mutual,4720,Charters Towers QLD,L-P,Home,609443,Elevated Slab,2243.49,2025-03-16,2026-03-16
POL-000994,Pacific Rim Insurance,0850,Alice Springs NT,B-F,Home,825111,None,1468.94,2023-11-08,2024-11-07
POL-000995,Coral Coast Mutual,0810,Darwin NT,T-W,SME,1490550,Shutters Installed,11378.49,2024-01-16,2025-01-15
POL-000996,Pacific Rim Insurance,4740,Mackay QLD,Q-S,Home,424444,Shutters Installed,2400.69,2023-06-14,2024-06-13
POL-000997,Southern Cross Insurance,6721,Port Hedland WA,T-W,Home,410940,Roof Tie-Down,3093.53,2023-04-30,2024-04-29
POL-000998,Southern Cross Insurance,6714,Karratha WA,T-W,Home,637629,Elevated Slab,4823.96,2024-07-29,2025-07-29
POL-000999,Pacific Rim Insurance,6714,Karratha WA,T-W,Strata,9523391,Roof Tie-Down,77514.54,2023-06-16,2024-06-15
POL-001000,Outback Assurance Group,6721,Port Hedland WA,T-W,Home,773676,Roof Tie-Down,6582.94,2025-08-28,2026-08-28
POL-001001,Coral Coast Mutual,6714,Karratha WA,T-W,Home,822675,None,8558.82,2023-12-06,2024-12-05
POL-001002,Pacific Rim Insurance,0850,Alice Springs NT,B-F,SME,2806387,None,5220.1,2025-03-29,2026-03-29
POL-001003,Pacific Rim Insurance,4737,Bowen QLD,Q-S,Home,752248,Roof Tie-Down,4488.81,2023-05-23,2024-05-22
POL-001004,Coral Coast Mutual,0800,Darwin NT,T-W,Home,481069,Elevated Slab,3842.66,2023-04-05,2024-04-04
POL-001005,Coral Coast Mutual,4740,Mackay QLD,Q-S,Home,802005,Roof Tie-Down,4184.84,2025-08-16,2026-08-16
POL-001006,Southern Cross Insurance,4703,Rockhampton QLD,Q-S,Home,717096,None,4826.19,2025-09-07,2026-09-07
POL-001007,Southern Cross Insurance,4720,Charters Towers QLD,L-P,Home,882471,None,3784.27,2025-08-24,2026-08-24
POL-001008,Southern Cross Insurance,4680,Gladstone QLD,L-P,Home,698413,None,2856.85,2024-01-17,2025-01-16
POL-001009,Northbeam General,6721,Port Hedland WA,T-W,Home,717220,Shutters Installed,6225.11,2023-03-31,2024-03-30
POL-001010,Outback Assurance Group,4737,Bowen QLD,Q-S,SME,2255997,Elevated Slab,11937.47,2025-04-05,2026-04-05
POL-001011,Outback Assurance Group,4879,Innisfail QLD,T-W,Home,340259,None,3002.08,2023-11-07,2024-11-06
POL-001012,Southern Cross Insurance,4720,Charters Towers QLD,L-P,Strata,11909947,Roof Tie-Down,44696.43,2023-04-01,2024-03-31
POL-001013,Pacific Rim Insurance,4879,Innisfail QLD,T-W,Home,433388,Shutters Installed,3538.67,2024-12-28,2025-12-28
POL-001014,Coral Coast Mutual,0810,Darwin NT,T-W,Home,553524,None,5315.13,2023-02-13,2024-02-13
POL-001015,Southern Cross Insurance,4802,Townsville QLD,T-W,Home,735964,None,6606.45,2025-03-21,2026-03-21
POL-001016,Coral Coast Mutual,0810,Darwin NT,T-W,Home,745495,None,6549.87,2024-11-12,2025-11-12
POL-001017,Coral Coast Mutual,4879,Innisfail QLD,T-W,Home,506639,None,4359.14,2025-02-22,2026-02-22
POL-001018,Pacific Rim Insurance,0850,Alice Springs NT,B-F,Strata,14508514,Roof Tie-Down,21584.29,2024-05-07,2025-05-07
POL-001019,Southern Cross Insurance,4879,Innisfail QLD,T-W,SME,2396659,None,24927.87,2025-04-17,2026-04-17
POL-001020,Northbeam General,4680,Gladstone QLD,L-P,Home,522144,None,2045.13,2023-03-01,2024-02-29
POL-001021,Coral Coast Mutual,6714,Karratha WA,T-W,Home,624745,None,5535.42,2023-10-07,2024-10-06
POL-001022,Southern Cross Insurance,4879,Innisfail QLD,T-W,Home,301081,None,2740.06,2024-06-26,2025-06-26
POL-001023,Pacific Rim Insurance,4720,Charters Towers QLD,L-P,Home,349099,None,1495.18,2023-06-21,2024-06-20
POL-001024,Coral Coast Mutual,6714,Karratha WA,T-W,SME,1662788,None,15074.46,2024-12-15,2025-12-15
POL-001025,Coral Coast Mutual,0800,Darwin NT,T-W,Home,400698,Elevated Slab,2920.42,2024-06-14,2025-06-14
POL-001026,Pacific Rim Insurance,4680,Gladstone QLD,L-P,SME,1083793,Elevated Slab,3561.48,2023-06-08,2024-06-07
POL-001027,Pacific Rim Insurance,4350,Toowoomba QLD,B-F,SME,2743169,None,5049.72,2025-05-01,2026-05-01
POL-001028,Southern Cross Insurance,4825,Cloncurry QLD,B-F,SME,878011,None,1554.29,2025-07-27,2026-07-27
POL-001029,Coral Coast Mutual,0800,Darwin NT,T-W,SME,2411245,None,22211.42,2024-12-08,2025-12-08
POL-001030,Coral Coast Mutual,0810,Darwin NT,T-W,SME,2906720,None,27741.53,2025-09-20,2026-09-20
POL-001031,Northbeam General,4700,Rockhampton QLD,Q-S,SME,897431,Roof Tie-Down,4682.98,2025-05-27,2026-05-27
POL-001032,Southern Cross Insurance,4350,Toowoomba QLD,B-F,Home,332423,Shutters Installed,500.96,2025-02-20,2026-02-20
POL-001033,Southern Cross Insurance,4825,Mount Isa QLD,B-F,Home,702195,None,1148.3,2023-04-21,2024-04-20
POL-001034,Southern Cross Insurance,4720,Charters Towers QLD,L-P,Home,515302,None,1966.58,2023-11-05,2024-11-04
POL-001035,Northbeam General,0800,Darwin NT,T-W,SME,1261515,None,12194.37,2023-07-24,2024-07-23
POL-001036,Coral Coast Mutual,4680,Gladstone QLD,L-P,Home,540849,Roof Tie-Down,2104.14,2023-12-23,2024-12-22
POL-001037,Southern Cross Insurance,4700,Rockhampton QLD,Q-S,SME,2970925,None,18313.88,2024-08-06,2025-08-06
POL-001038,Coral Coast Mutual,0800,Darwin NT,T-W,SME,2618110,None,23464.28,2023-07-16,2024-07-15
POL-001039,Pacific Rim Insurance,4700,Rockhampton QLD,Q-S,Strata,14169342,None,84708.46,2023-08-08,2024-08-07
POL-001040,Northbeam General,0850,Alice Springs NT,B-F,Home,711023,None,1324.26,2023-04-20,2024-04-19
POL-001041,Coral Coast Mutual,4680,Gladstone QLD,L-P,Strata,10627700,Elevated Slab,35873.52,2023-04-26,2024-04-25
POL-001042,Coral Coast Mutual,0800,Darwin NT,T-W,Home,769900,None,7697.71,2024-12-22,2025-12-22
POL-001043,Outback Assurance Group,4825,Cloncurry QLD,B-F,SME,2470781,Roof Tie-Down,3489.76,2023-10-18,2024-10-17
POL-001044,Coral Coast Mutual,4810,Townsville QLD,T-W,SME,2262085,None,20311.62,2024-02-22,2025-02-21
POL-001045,Northbeam General,4879,Innisfail QLD,T-W,Home,748783,Roof Tie-Down,6577.4,2024-01-12,2025-01-11
POL-001046,Southern Cross Insurance,4870,Cairns QLD,T-W,Strata,3764491,None,35021.45,2024-06-19,2025-06-19
POL-001047,Northbeam General,0800,Darwin NT,T-W,Home,869244,Elevated Slab,7689.57,2025-01-29,2026-01-29
POL-001048,Southern Cross Insurance,4825,Mount Isa QLD,B-F,Home,459991,Roof Tie-Down,717.15,2024-02-18,2025-02-17
POL-001049,Pacific Rim Insurance,4350,Toowoomba QLD,B-F,SME,1568190,None,2972.24,2025-02-23,2026-02-23
POL-001050,Pacific Rim Insurance,4802,Townsville QLD,T-W,Home,669677,None,6178.83,2024-11-13,2025-11-13
POL-001051,Southern Cross Insurance,4655,Hervey Bay QLD,L-P,Strata,4472527,None,19791.47,2023-04-21,2024-04-20
POL-001052,Southern Cross Insurance,6000,Perth WA,B-F,Home,391147,Shutters Installed,542.17,2025-01-25,2026-01-25
POL-001053,Coral Coast Mutual,4825,Mount Isa QLD,B-F,Home,437795,Roof Tie-Down,654.1,2024-11-26,2025-11-26
POL-001054,Outback Assurance Group,0810,Darwin NT,T-W,Home,330234,None,3238.29,2024-06-16,2025-06-16
POL-001055,Coral Coast Mutual,4737,Bowen QLD,Q-S,Home,764064,None,4971.18,2024-07-09,2025-07-09
POL-001056,Southern Cross Insurance,4825,Cloncurry QLD,B-F,Home,283133,None,559.66,2025-06-20,2026-06-20
POL-001057,Northbeam General,4655,Hervey Bay QLD,L-P,Home,714053,None,2974.82,2023-02-03,2024-02-03
POL-001058,Coral Coast Mutual,4825,Cloncurry QLD,B-F,SME,1088470,None,1955.91,2023-05-18,2024-05-17
POL-001059,Pacific Rim Insurance,4655,Hervey Bay QLD,L-P,Home,764382,Roof Tie-Down,2816.21,2024-12-02,2025-12-02
POL-001060,Coral Coast Mutual,4802,Townsville QLD,T-W,Home,413903,None,3937.34,2024-02-05,2025-02-04
POL-001061,Coral Coast Mutual,0850,Alice Springs NT,B-F,Home,619899,Elevated Slab,998.99,2023-10-19,2024-10-18
POL-001062,Pacific Rim Insurance,4740,Mackay QLD,Q-S,Home,634208,Roof Tie-Down,3398.09,2025-01-29,2026-01-29
POL-001063,Coral Coast Mutual,4870,Cairns QLD,T-W,SME,1996240,None,17437.09,2023-12-20,2024-12-19
POL-001064,Pacific Rim Insurance,4879,Innisfail QLD,T-W,Home,509642,None,4584.63,2023-11-16,2024-11-15
POL-001065,Southern Cross Insurance,4825,Mount Isa QLD,B-F,Strata,7115582,Roof Tie-Down,10047.4,2023-06-23,2024-06-22
POL-001066,Outback Assurance Group,4825,Cloncurry QLD,B-F,Home,692995,None,1264.37,2025-07-12,2026-07-12
POL-001067,Pacific Rim Insurance,6000,Perth WA,B-F,Home,273316,None,539.77,2024-01-22,2025-01-21
POL-001068,Northbeam General,4655,Hervey Bay QLD,L-P,Home,762081,Roof Tie-Down,2503.01,2024-11-22,2025-11-22
POL-001069,Coral Coast Mutual,6714,Karratha WA,T-W,Home,606032,None,5373.44,2023-11-03,2024-11-02
POL-001070,Northbeam General,4879,Innisfail QLD,T-W,Home,328979,None,3338.06,2024-07-02,2025-07-02
POL-001071,Pacific Rim Insurance,6721,Port Hedland WA,T-W,Home,851380,Shutters Installed,6740.18,2023-08-20,2024-08-19
POL-001072,Pacific Rim Insurance,4825,Mount Isa QLD,B-F,SME,2882460,None,5019.12,2023-03-10,2024-03-09
POL-001073,Pacific Rim Insurance,4720,Charters Towers QLD,L-P,Home,330385,Shutters Installed,1215.22,2023-11-06,2024-11-05
POL-001074,Pacific Rim Insurance,6721,Port Hedland WA,T-W,Home,459795,None,4293.2,2023-09-15,2024-09-14
POL-001075,Pacific Rim Insurance,4720,Charters Towers QLD,L-P,Home,439373,None,1985.95,2024-10-04,2025-10-04
POL-001076,Pacific Rim Insurance,4700,Rockhampton QLD,Q-S,Home,739994,Shutters Installed,3898.71,2024-10-15,2025-10-15
POL-001077,Pacific Rim Insurance,4810,Townsville QLD,T-W,SME,2774464,None,27552.01,2023-03-03,2024-03-02
POL-001078,Coral Coast Mutual,4703,Rockhampton QLD,Q-S,Home,407782,Roof Tie-Down,2364.04,2025-02-22,2026-02-22
POL-001079,Outback Assurance Group,4879,Innisfail QLD,T-W,Home,317557,None,3097.6,2025-05-16,2026-05-16
POL-001080,Outback Assurance Group,6000,Perth WA,B-F,SME,1475615,None,2755.37,2023-08-30,2024-08-29
POL-001081,Outback Assurance Group,4350,Toowoomba QLD,B-F,Home,507516,Roof Tie-Down,822.63,2023-11-14,2024-11-13
POL-001082,Northbeam General,0850,Alice Springs NT,B-F,Home,288801,Elevated Slab,415.53,2023-10-07,2024-10-06
POL-001083,Southern Cross Insurance,4870,Cairns QLD,T-W,Home,827457,None,7351.44,2025-05-22,2026-05-22
POL-001084,Southern Cross Insurance,0850,Alice Springs NT,B-F,SME,752026,Roof Tie-Down,1107.78,2023-11-02,2024-11-01
POL-001085,Northbeam General,4879,Innisfail QLD,T-W,SME,778772,None,7245.77,2025-05-09,2026-05-09
POL-001086,Pacific Rim Insurance,4350,Toowoomba QLD,B-F,Home,376502,None,680.68,2025-04-28,2026-04-28
POL-001087,Coral Coast Mutual,4720,Charters Towers QLD,L-P,Home,499641,None,2140.39,2025-03-02,2026-03-02
POL-001088,Northbeam General,6714,Karratha WA,T-W,SME,1389596,None,14350.98,2023-08-12,2024-08-11
POL-001089,Pacific Rim Insurance,0800,Darwin NT,T-W,Home,710823,None,6629.07,2025-06-02,2026-06-02
POL-001090,Outback Assurance Group,4740,Mackay QLD,Q-S,Home,368448,Elevated Slab,1960.96,2024-03-09,2025-03-09
POL-001091,Coral Coast Mutual,4350,Toowoomba QLD,B-F,Strata,4431212,None,7757.63,2025-01-02,2026-01-02
POL-001092,Southern Cross Insurance,6721,Port Hedland WA,T-W,Home,885242,None,7627.37,2025-01-27,2026-01-27
POL-001093,Southern Cross Insurance,4350,Toowoomba QLD,B-F,Home,630481,Elevated Slab,1042.42,2024-12-02,2025-12-02
POL-001094,Outback Assurance Group,4825,Cloncurry QLD,B-F,SME,2029365,None,3293.32,2025-09-10,2026-09-10
POL-001095,Northbeam General,6000,Perth WA,B-F,Home,496898,None,858.18,2025-05-30,2026-05-30
POL-001096,Southern Cross Insurance,4737,Bowen QLD,Q-S,Home,676024,None,4648.42,2023-10-08,2024-10-07
POL-001097,Southern Cross Insurance,0850,Alice Springs NT,B-F,Home,598884,Elevated Slab,956.13,2025-06-16,2026-06-16
POL-001098,Pacific Rim Insurance,4700,Rockhampton QLD,Q-S,SME,1875792,None,11999.69,2025-01-16,2026-01-16
POL-001099,Outback Assurance Group,6714,Karratha WA,T-W,Home,304629,Roof Tie-Down,2529.43,2023-07-08,2024-07-07
POL-001100,Southern Cross Insurance,0810,Darwin NT,T-W,Home,570389,Shutters Installed,4434.3,2023-03-26,2024-03-25
POL-001101,Outback Assurance Group,4700,Rockhampton QLD,Q-S,Home,386412,None,2685.97,2024-12-03,2025-12-03
POL-001102,Pacific Rim Insurance,6714,Karratha WA,T-W,Home,389995,None,3527.62,2024-12-04,2025-12-04
POL-001103,Outback Assurance Group,6714,Karratha WA,T-W,SME,2138524,Roof Tie-Down,16811.31,2024-02-07,2025-02-06
POL-001104,Northbeam General,4802,Townsville QLD,T-W,Home,835661,None,8172.35,2024-10-03,2025-10-03
POL-001105,Outback Assurance Group,4825,Mount Isa QLD,B-F,Strata,13765209,Roof Tie-Down,22542.74,2023-02-20,2024-02-20
POL-001106,Pacific Rim Insurance,4810,Townsville QLD,T-W,Home,343387,Shutters Installed,3026.86,2023-06-24,2024-06-23
POL-001107,Southern Cross Insurance,0800,Darwin NT,T-W,Home,725747,None,7345.86,2024-05-21,2025-05-21
POL-001108,Outback Assurance Group,4350,Toowoomba QLD,B-F,SME,1516535,Roof Tie-Down,2221.9,2024-05-21,2025-05-21
POL-001109,Northbeam General,0810,Darwin NT,T-W,Home,476037,Shutters Installed,4224.71,2023-10-17,2024-10-16
POL-001110,Northbeam General,4879,Innisfail QLD,T-W,Home,280170,None,2549.93,2023-09-26,2024-09-25
POL-001111,Southern Cross Insurance,4810,Townsville QLD,T-W,Home,861218,Shutters Installed,7210.63,2024-04-14,2025-04-14
POL-001112,Outback Assurance Group,4870,Cairns QLD,T-W,Home,666866,None,6571.98,2024-12-31,2025-12-31
POL-001113,Coral Coast Mutual,4879,Innisfail QLD,T-W,SME,799630,Shutters Installed,6530.62,2023-02-23,2024-02-23
POL-001114,Pacific Rim Insurance,4350,Toowoomba QLD,B-F,Home,885829,Elevated Slab,1474.4,2025-09-17,2026-09-17
POL-001115,Coral Coast Mutual,4740,Mackay QLD,Q-S,Home,649442,None,4054.63,2024-02-09,2025-02-08
POL-001116,Pacific Rim Insurance,0810,Darwin NT,T-W,Strata,11738954,None,104368.78,2023-06-23,2024-06-22
POL-001117,Pacific Rim Insurance,0850,Alice Springs NT,B-F,Strata,4213242,None,6961.43,2024-12-28,2025-12-28
POL-001118,Coral Coast Mutual,4879,Innisfail QLD,T-W,Home,296307,Roof Tie-Down,2621.67,2024-05-26,2025-05-26
POL-001119,Coral Coast Mutual,4680,Gladstone QLD,L-P,Strata,6416038,Shutters Installed,23422.6,2025-02-18,2026-02-18
POL-001120,Northbeam General,4720,Charters Towers QLD,L-P,Home,580870,None,2555.23,2024-05-18,2025-05-18
POL-001121,Southern Cross Insurance,4825,Cloncurry QLD,B-F,SME,2245450,None,3680.65,2023-06-02,2024-06-01
POL-001122,Southern Cross Insurance,4350,Toowoomba QLD,B-F,Home,421499,None,789.95,2024-03-22,2025-03-22
POL-001123,Southern Cross Insurance,0850,Alice Springs NT,B-F,Home,838098,Elevated Slab,1278.49,2024-05-19,2025-05-19
POL-001124,Pacific Rim Insurance,0810,Darwin NT,T-W,Home,547917,Roof Tie-Down,4141.85,2023-06-22,2024-06-21
POL-001125,Southern Cross Insurance,6000,Perth WA,B-F,Home,472713,None,865.1,2025-09-21,2026-09-21
POL-001126,Southern Cross Insurance,4720,Charters Towers QLD,L-P,SME,722271,Roof Tie-Down,2447.6,2024-05-25,2025-05-25
POL-001127,Southern Cross Insurance,6714,Karratha WA,T-W,Home,377916,None,3514.21,2024-08-27,2025-08-27
POL-001128,Coral Coast Mutual,6714,Karratha WA,T-W,Home,753164,Roof Tie-Down,6025.91,2025-09-05,2026-09-05
POL-001129,Outback Assurance Group,4810,Townsville QLD,T-W,SME,583907,Shutters Installed,4862.32,2025-08-31,2026-08-31
POL-001130,Southern Cross Insurance,6714,Karratha WA,T-W,Strata,11548894,None,101580.7,2025-06-02,2026-06-02
POL-001131,Outback Assurance Group,6721,Port Hedland WA,T-W,Home,324159,Roof Tie-Down,2642.27,2024-09-08,2025-09-08
POL-001132,Northbeam General,4825,Mount Isa QLD,B-F,Home,668295,Roof Tie-Down,938.48,2025-05-22,2026-05-22
POL-001133,Outback Assurance Group,4700,Rockhampton QLD,Q-S,Home,411621,Elevated Slab,2101.64,2024-05-17,2025-05-17
POL-001134,Coral Coast Mutual,6721,Port Hedland WA,T-W,Strata,8023763,None,78749.13,2025-05-02,2026-05-02
POL-001135,Pacific Rim Insurance,4720,Charters Towers QLD,L-P,Home,656941,Elevated Slab,2334.23,2024-07-30,2025-07-30
POL-001136,Outback Assurance Group,4879,Innisfail QLD,T-W,Home,636123,Elevated Slab,5253.67,2024-03-20,2025-03-20
POL-001137,Northbeam General,4825,Mount Isa QLD,B-F,Home,736041,Shutters Installed,1165.88,2024-10-25,2025-10-25
POL-001138,Southern Cross Insurance,0850,Alice Springs NT,B-F,Home,338049,None,583.02,2024-03-23,2025-03-23
POL-001139,Outback Assurance Group,0850,Alice Springs NT,B-F,Home,565001,None,1086.47,2024-06-19,2025-06-19
POL-001140,Outback Assurance Group,6721,Port Hedland WA,T-W,Home,297285,None,2831.78,2024-06-06,2025-06-06
POL-001141,Coral Coast Mutual,4879,Innisfail QLD,T-W,Home,846092,None,8540.76,2023-12-30,2024-12-29
POL-001142,Northbeam General,4802,Townsville QLD,T-W,Home,369470,None,3678.81,2024-04-18,2025-04-18
POL-001143,Coral Coast Mutual,4700,Rockhampton QLD,Q-S,SME,2145885,Roof Tie-Down,12749.38,2023-11-01,2024-10-31
POL-001144,Coral Coast Mutual,4802,Townsville QLD,T-W,SME,2287218,None,22266.62,2023-09-29,2024-09-28
POL-001145,Southern Cross Insurance,4700,Rockhampton QLD,Q-S,Home,883395,Roof Tie-Down,4645.81,2024-11-20,2025-11-20
POL-001146,Outback Assurance Group,4879,Innisfail QLD,T-W,Home,372346,Roof Tie-Down,2714.03,2024-11-02,2025-11-02
POL-001147,Pacific Rim Insurance,4737,Bowen QLD,Q-S,SME,2924498,None,19868.12,2023-11-07,2024-11-06
POL-001148,Northbeam General,4810,Townsville QLD,T-W,Home,664184,None,6694.19,2023-03-31,2024-03-30
POL-001149,Southern Cross Insurance,0810,Darwin NT,T-W,Home,266656,Roof Tie-Down,2237.67,2023-07-12,2024-07-11
POL-001150,Pacific Rim Insurance,4703,Rockhampton QLD,Q-S,Home,503524,Roof Tie-Down,2746.24,2024-10-03,2025-10-03
POL-001151,Southern Cross Insurance,4703,Rockhampton QLD,Q-S,Home,405362,None,2621.15,2023-01-23,2024-01-23
POL-001152,Southern Cross Insurance,4700,Rockhampton QLD,Q-S,Strata,9470322,None,67267.95,2024-04-27,2025-04-27
POL-001153,Southern Cross Insurance,4737,Bowen QLD,Q-S,Home,847091,Shutters Installed,4988.56,2024-02-06,2025-02-05
POL-001154,Outback Assurance Group,6714,Karratha WA,T-W,Home,702762,None,7316.47,2025-05-18,2026-05-18
POL-001155,Outback Assurance Group,4802,Townsville QLD,T-W,Home,554899,None,4783.41,2024-02-14,2025-02-13
POL-001156,Pacific Rim Insurance,4720,Charters Towers QLD,L-P,Home,761601,None,3027.21,2023-03-04,2024-03-03
POL-001157,Outback Assurance Group,4870,Cairns QLD,T-W,Home,316595,Shutters Installed,2437.81,2024-10-25,2025-10-25
POL-001158,Southern Cross Insurance,0850,Alice Springs NT,B-F,Home,613608,None,1093.08,2024-03-22,2025-03-22
POL-001159,Northbeam General,4700,Rockhampton QLD,Q-S,Home,610550,Roof Tie-Down,3331.53,2024-06-03,2025-06-03
POL-001160,Outback Assurance Group,4802,Townsville QLD,T-W,Strata,12101563,Shutters Installed,104628.03,2025-01-02,2026-01-02
POL-001161,Coral Coast Mutual,0810,Darwin NT,T-W,SME,2037335,None,21134.55,2025-05-03,2026-05-03
POL-001162,Southern Cross Insurance,0850,Alice Springs NT,B-F,SME,1269095,None,2184.98,2025-02-06,2026-02-06
POL-001163,Outback Assurance Group,0850,Alice Springs NT,B-F,Home,885173,Roof Tie-Down,1352.2,2025-03-23,2026-03-23
POL-001164,Coral Coast Mutual,0850,Alice Springs NT,B-F,Home,299334,Shutters Installed,503.71,2024-01-03,2025-01-02
POL-001165,Coral Coast Mutual,4680,Gladstone QLD,L-P,SME,2511743,Roof Tie-Down,8127.56,2023-03-07,2024-03-06
POL-001166,Coral Coast Mutual,4879,Innisfail QLD,T-W,Home,839280,Shutters Installed,6403.21,2023-09-22,2024-09-21
POL-001167,Pacific Rim Insurance,4680,Gladstone QLD,L-P,SME,2736321,None,10958.12,2023-06-04,2024-06-03
POL-001168,Southern Cross Insurance,4810,Townsville QLD,T-W,SME,2236378,None,22516.02,2025-09-12,2026-09-12
POL-001169,Pacific Rim Insurance,0800,Darwin NT,T-W,SME,827265,None,8367.67,2023-02-12,2024-02-12
POL-001170,Coral Coast Mutual,0800,Darwin NT,T-W,Home,465363,Roof Tie-Down,4066.69,2023-06-10,2024-06-09
POL-001171,Coral Coast Mutual,4737,Bowen QLD,Q-S,SME,816470,None,4940.12,2024-01-08,2025-01-07
POL-001172,Northbeam General,0810,Darwin NT,T-W,Home,685945,Shutters Installed,5837.25,2023-01-07,2024-01-07
POL-001173,Outback Assurance Group,0850,Alice Springs NT,B-F,Home,339374,None,582.29,2025-01-02,2026-01-02
POL-001174,Northbeam General,4680,Gladstone QLD,L-P,Home,805378,Shutters Installed,2830.19,2023-08-22,2024-08-21
POL-001175,Coral Coast Mutual,4879,Innisfail QLD,T-W,Home,731037,Elevated Slab,6436.58,2024-06-12,2025-06-12
POL-001176,Coral Coast Mutual,4870,Cairns QLD,T-W,Home,792479,None,8196.55,2023-03-28,2024-03-27
POL-001177,Southern Cross Insurance,6714,Karratha WA,T-W,Home,705157,None,6111.45,2025-02-16,2026-02-16
POL-001178,Pacific Rim Insurance,0810,Darwin NT,T-W,Strata,12596616,Roof Tie-Down,111483.53,2025-03-29,2026-03-29
POL-001179,Coral Coast Mutual,6721,Port Hedland WA,T-W,Home,830502,None,8479.21,2025-01-08,2026-01-08
POL-001180,Outback Assurance Group,4680,Gladstone QLD,L-P,Home,803429,Shutters Installed,2931.57,2023-05-31,2024-05-30
POL-001181,Coral Coast Mutual,4737,Bowen QLD,Q-S,Home,898216,None,6015.93,2024-12-15,2025-12-15
POL-001182,Outback Assurance Group,4655,Hervey Bay QLD,L-P,SME,753499,None,2871.63,2023-12-09,2024-12-08
POL-001183,Coral Coast Mutual,0810,Darwin NT,T-W,Home,474116,None,4137.31,2024-07-19,2025-07-19
POL-001184,Pacific Rim Insurance,4720,Charters Towers QLD,L-P,Home,274559,None,1044.27,2025-03-26,2026-03-26
POL-001185,Southern Cross Insurance,4802,Townsville QLD,T-W,Home,568706,None,5647.46,2024-06-01,2025-06-01
POL-001186,Southern Cross Insurance,4740,Mackay QLD,Q-S,SME,2528606,Shutters Installed,13563.93,2023-02-18,2024-02-18
POL-001187,Pacific Rim Insurance,4737,Bowen QLD,Q-S,Home,725159,None,4561.74,2023-08-30,2024-08-29
POL-001188,Coral Coast Mutual,4802,Townsville QLD,T-W,SME,2636774,None,26775.23,2023-08-28,2024-08-27
POL-001189,Outback Assurance Group,6721,Port Hedland WA,T-W,Home,850588,None,8359.26,2025-01-01,2026-01-01
POL-001190,Coral Coast Mutual,4720,Charters Towers QLD,L-P,SME,2566155,Roof Tie-Down,9312.09,2025-04-22,2026-04-22
POL-001191,Outback Assurance Group,4737,Bowen QLD,Q-S,Home,682068,None,4062.76,2023-03-05,2024-03-04
POL-001192,Pacific Rim Insurance,0810,Darwin NT,T-W,Home,637233,Elevated Slab,5327.63,2024-02-17,2025-02-16
POL-001193,Outback Assurance Group,4825,Cloncurry QLD,B-F,Home,526502,Elevated Slab,819.13,2024-10-13,2025-10-13
POL-001194,Pacific Rim Insurance,4737,Bowen QLD,Q-S,SME,2148699,None,14871.05,2023-05-28,2024-05-27
POL-001195,Northbeam General,0810,Darwin NT,T-W,Home,788113,None,8031.04,2023-05-01,2024-04-30
POL-001196,Southern Cross Insurance,4737,Bowen QLD,Q-S,Home,836181,None,5293.14,2025-09-01,2026-09-01
POL-001197,Pacific Rim Insurance,4810,Townsville QLD,T-W,SME,1950155,Roof Tie-Down,15973.52,2023-02-11,2024-02-11
POL-001198,Southern Cross Insurance,0810,Darwin NT,T-W,Home,642649,Shutters Installed,4985.2,2024-05-12,2025-05-12
POL-001199,Coral Coast Mutual,0810,Darwin NT,T-W,Home,301014,None,3109.46,2023-11-09,2024-11-08
POL-001200,Southern Cross Insurance,4703,Rockhampton QLD,Q-S,Home,252187,None,1515.4,2023-12-24,2024-12-23
POL-001201,Outback Assurance Group,4740,Mackay QLD,Q-S,Home,843246,None,5428.89,2023-12-12,2024-12-11
POL-001202,Outback Assurance Group,0850,Alice Springs NT,B-F,SME,957043,None,1812.93,2024-05-31,2025-05-31
POL-001203,Pacific Rim Insurance,4737,Bowen QLD,Q-S,SME,1764055,Roof Tie-Down,8945.86,2024-10-01,2025-10-01
POL-001204,Outback Assurance Group,4879,Innisfail QLD,T-W,Home,605465,None,5799.08,2025-09-08,2026-09-08
POL-001205,Coral Coast Mutual,6000,Perth WA,B-F,Home,276008,None,503.97,2025-03-26,2026-03-26
POL-001206,Pacific Rim Insurance,4825,Cloncurry QLD,B-F,Home,339288,None,573.15,2024-09-25,2025-09-25
POL-001207,Pacific Rim Insurance,4802,Townsville QLD,T-W,SME,2588394,None,23062.21,2024-05-02,2025-05-02
POL-001208,Northbeam General,4870,Cairns QLD,T-W,Home,438474,None,4550.71,2023-10-09,2024-10-08
POL-001209,Pacific Rim Insurance,4350,Toowoomba QLD,B-F,SME,2830820,None,5038.64,2025-04-06,2026-04-06
POL-001210,Coral Coast Mutual,4810,Townsville QLD,T-W,Home,765346,None,7797.15,2023-01-24,2024-01-24
POL-001211,Southern Cross Insurance,4879,Innisfail QLD,T-W,Home,803545,Roof Tie-Down,6251.64,2023-09-21,2024-09-20
POL-001212,Southern Cross Insurance,0800,Darwin NT,T-W,Strata,6787407,None,59889.81,2023-09-19,2024-09-18
POL-001213,Coral Coast Mutual,0810,Darwin NT,T-W,Home,427409,Elevated Slab,3146.86,2025-09-11,2026-09-11
POL-001214,Outback Assurance Group,4700,Rockhampton QLD,Q-S,Home,658881,Roof Tie-Down,3348.18,2023-05-26,2024-05-25
POL-001215,Pacific Rim Insurance,6714,Karratha WA,T-W,Home,376842,None,3259.14,2023-09-03,2024-09-02
POL-001216,Coral Coast Mutual,4802,Townsville QLD,T-W,Home,778924,None,7229.66,2023-04-28,2024-04-27
POL-001217,Northbeam General,4740,Mackay QLD,Q-S,Home,318637,None,2064.58,2024-02-22,2025-02-21
POL-001218,Northbeam General,4870,Cairns QLD,T-W,Home,356440,None,3214.38,2024-07-22,2025-07-22
POL-001219,Northbeam General,6721,Port Hedland WA,T-W,Home,774741,Elevated Slab,5885.0,2025-09-18,2026-09-18
POL-001220,Pacific Rim Insurance,4680,Gladstone QLD,L-P,Home,507070,Roof Tie-Down,1823.83,2024-03-09,2025-03-09
POL-001221,Southern Cross Insurance,4737,Bowen QLD,Q-S,Home,553300,None,3706.54,2023-06-21,2024-06-20
POL-001222,Outback Assurance Group,4740,Mackay QLD,Q-S,Strata,12030556,None,74302.59,2024-11-27,2025-11-27
POL-001223,Pacific Rim Insurance,4680,Gladstone QLD,L-P,SME,2540472,Shutters Installed,8672.81,2023-06-15,2024-06-14
POL-001224,Pacific Rim Insurance,4802,Townsville QLD,T-W,Home,378950,Roof Tie-Down,3262.29,2025-01-12,2026-01-12
POL-001225,Coral Coast Mutual,6000,Perth WA,B-F,SME,2517369,Shutters Installed,4203.93,2023-11-22,2024-11-21
POL-001226,Coral Coast Mutual,6000,Perth WA,B-F,Strata,6580400,None,11242.84,2023-11-26,2024-11-25
POL-001227,Southern Cross Insurance,4703,Rockhampton QLD,Q-S,Home,266645,None,1876.71,2023-05-17,2024-05-16
POL-001228,Outback Assurance Group,4810,Townsville QLD,T-W,Home,431965,None,4032.4,2025-07-05,2026-07-05
POL-001229,Outback Assurance Group,4655,Hervey Bay QLD,L-P,Home,331288,None,1402.17,2025-07-02,2026-07-02
POL-001230,Southern Cross Insurance,0800,Darwin NT,T-W,Home,880520,None,8127.32,2023-07-01,2024-06-30
POL-001231,Southern Cross Insurance,0800,Darwin NT,T-W,Home,716173,None,6136.02,2025-01-30,2026-01-30
POL-001232,Coral Coast Mutual,6000,Perth WA,B-F,SME,1203258,None,1988.25,2024-09-20,2025-09-20
POL-001233,Pacific Rim Insurance,4350,Toowoomba QLD,B-F,Home,630632,None,1029.98,2024-05-19,2025-05-19
POL-001234,Pacific Rim Insurance,4703,Rockhampton QLD,Q-S,Home,665326,None,3988.12,2023-10-12,2024-10-11
POL-001235,Pacific Rim Insurance,4720,Charters Towers QLD,L-P,Home,843186,None,3663.33,2024-09-09,2025-09-09
POL-001236,Pacific Rim Insurance,4700,Rockhampton QLD,Q-S,Home,318209,Roof Tie-Down,1627.1,2025-08-13,2026-08-13
POL-001237,Southern Cross Insurance,4350,Toowoomba QLD,B-F,SME,1550614,None,2619.09,2024-11-25,2025-11-25
POL-001238,Southern Cross Insurance,4825,Cloncurry QLD,B-F,Home,725976,None,1176.59,2024-03-13,2025-03-13
POL-001239,Outback Assurance Group,6714,Karratha WA,T-W,Home,537347,None,4718.59,2024-06-14,2025-06-14
POL-001240,Outback Assurance Group,0850,Alice Springs NT,B-F,Home,485455,None,794.64,2025-07-29,2026-07-29
POL-001241,Pacific Rim Insurance,4825,Cloncurry QLD,B-F,Home,454061,Roof Tie-Down,671.75,2025-06-20,2026-06-20
POL-001242,Northbeam General,4870,Cairns QLD,T-W,Strata,13568711,Shutters Installed,107897.98,2023-03-18,2024-03-17
POL-001243,Southern Cross Insurance,4703,Rockhampton QLD,Q-S,Home,351424,Shutters Installed,1758.28,2024-03-18,2025-03-18
POL-001244,Northbeam General,4802,Townsville QLD,T-W,SME,1450293,None,13081.05,2024-04-29,2025-04-29
POL-001245,Southern Cross Insurance,6714,Karratha WA,T-W,SME,2579675,None,25948.46,2025-08-24,2026-08-24
POL-001246,Southern Cross Insurance,4810,Townsville QLD,T-W,Home,718143,None,6930.06,2023-03-29,2024-03-28
POL-001247,Outback Assurance Group,4740,Mackay QLD,Q-S,Home,318187,None,2185.13,2023-03-05,2024-03-04
POL-001248,Pacific Rim Insurance,4740,Mackay QLD,Q-S,Home,318986,None,1908.29,2023-02-27,2024-02-27
POL-001249,Northbeam General,4740,Mackay QLD,Q-S,Home,350485,Elevated Slab,1981.86,2024-02-25,2025-02-24
POL-001250,Outback Assurance Group,4810,Townsville QLD,T-W,SME,2301744,None,21358.91,2025-03-25,2026-03-25
POL-001251,Pacific Rim Insurance,4810,Townsville QLD,T-W,Home,277233,Shutters Installed,2218.1,2023-12-03,2024-12-02
POL-001252,Northbeam General,4703,Rockhampton QLD,Q-S,Home,320825,Roof Tie-Down,1805.49,2025-05-10,2026-05-10
POL-001253,Pacific Rim Insurance,4802,Townsville QLD,T-W,Home,622654,None,5821.76,2025-01-12,2026-01-12
POL-001254,Pacific Rim Insurance,4737,Bowen QLD,Q-S,Home,296211,Roof Tie-Down,1492.71,2023-11-16,2024-11-15
POL-001255,Pacific Rim Insurance,4879,Innisfail QLD,T-W,Home,625121,None,5714.39,2025-06-25,2026-06-25
POL-001256,Southern Cross Insurance,0810,Darwin NT,T-W,Home,609557,Shutters Installed,4716.49,2025-09-20,2026-09-20
POL-001257,Pacific Rim Insurance,4720,Charters Towers QLD,L-P,Home,310101,None,1234.02,2025-04-18,2026-04-18
POL-001258,Southern Cross Insurance,4740,Mackay QLD,Q-S,Home,460105,Roof Tie-Down,2613.54,2023-07-26,2024-07-25
POL-001259,Pacific Rim Insurance,6714,Karratha WA,T-W,Home,740106,None,7171.29,2023-12-06,2024-12-05
POL-001260,Outback Assurance Group,4802,Townsville QLD,T-W,Strata,9024541,None,82794.53,2023-04-18,2024-04-17
POL-001261,Pacific Rim Insurance,4740,Mackay QLD,Q-S,Home,483858,None,3266.62,2024-04-22,2025-04-22
POL-001262,Northbeam General,4703,Rockhampton QLD,Q-S,Home,597618,None,4123.24,2024-01-20,2025-01-19
POL-001263,Southern Cross Insurance,4655,Hervey Bay QLD,L-P,Home,630441,None,2388.31,2024-01-02,2025-01-01
POL-001264,Coral Coast Mutual,4825,Cloncurry QLD,B-F,Home,453846,Shutters Installed,712.62,2025-07-23,2026-07-23
POL-001265,Coral Coast Mutual,4740,Mackay QLD,Q-S,Strata,6766421,Roof Tie-Down,34948.1,2025-06-25,2026-06-25
POL-001266,Coral Coast Mutual,4700,Rockhampton QLD,Q-S,Home,437214,None,2669.1,2023-06-30,2024-06-29
POL-001267,Southern Cross Insurance,0800,Darwin NT,T-W,Home,647329,None,6340.1,2025-06-25,2026-06-25
POL-001268,Northbeam General,6714,Karratha WA,T-W,Strata,6029047,Shutters Installed,47415.26,2024-01-17,2025-01-16
POL-001269,Southern Cross Insurance,4720,Charters Towers QLD,L-P,Strata,9276581,None,41910.16,2023-03-08,2024-03-07
POL-001270,Coral Coast Mutual,0810,Darwin NT,T-W,SME,1195412,Roof Tie-Down,9057.71,2024-01-23,2025-01-22
POL-001271,Pacific Rim Insurance,6714,Karratha WA,T-W,Home,506428,None,5216.17,2025-02-20,2026-02-20
POL-001272,Coral Coast Mutual,4802,Townsville QLD,T-W,Home,405783,None,3722.08,2023-02-24,2024-02-24
POL-001273,Outback Assurance Group,0810,Darwin NT,T-W,SME,2450975,None,21930.22,2023-03-25,2024-03-24
POL-001274,Outback Assurance Group,4810,Townsville QLD,T-W,Home,783891,None,7259.7,2024-06-15,2025-06-15
POL-001275,Outback Assurance Group,4700,Rockhampton QLD,Q-S,Home,756773,Elevated Slab,4361.5,2024-05-21,2025-05-21
POL-001276,Northbeam General,6000,Perth WA,B-F,Home,862350,None,1598.72,2023-08-01,2024-07-31
POL-001277,Outback Assurance Group,4703,Rockhampton QLD,Q-S,Home,479212,Shutters Installed,2544.92,2025-06-29,2026-06-29
POL-001278,Southern Cross Insurance,4802,Townsville QLD,T-W,Home,516893,None,4960.13,2023-05-18,2024-05-17
POL-001279,Pacific Rim Insurance,6721,Port Hedland WA,T-W,Home,862328,Elevated Slab,6324.27,2024-06-08,2025-06-08
POL-001280,Coral Coast Mutual,6714,Karratha WA,T-W,Home,678818,None,6277.89,2024-05-24,2025-05-24
POL-001281,Coral Coast Mutual,6000,Perth WA,B-F,Home,495147,Roof Tie-Down,722.06,2023-03-19,2024-03-18
POL-001282,Coral Coast Mutual,4825,Mount Isa QLD,B-F,Home,823206,None,1524.34,2025-03-15,2026-03-15
POL-001283,Northbeam General,4350,Toowoomba QLD,B-F,Home,290140,Roof Tie-Down,448.0,2023-12-08,2024-12-07
POL-001284,Northbeam General,6714,Karratha WA,T-W,Home,537796,None,4792.96,2024-09-10,2025-09-10
POL-001285,Outback Assurance Group,4825,Cloncurry QLD,B-F,Strata,7024342,Roof Tie-Down,10278.33,2023-12-21,2024-12-20
POL-001286,Northbeam General,4655,Hervey Bay QLD,L-P,SME,449873,None,1878.89,2024-06-08,2025-06-08
POL-001287,Pacific Rim Insurance,4655,Hervey Bay QLD,L-P,Home,470069,None,1964.2,2024-06-12,2025-06-12
POL-001288,Coral Coast Mutual,4825,Cloncurry QLD,B-F,SME,2335256,None,4069.5,2023-03-29,2024-03-28
POL-001289,Pacific Rim Insurance,4703,Rockhampton QLD,Q-S,Home,687977,None,4212.11,2024-04-05,2025-04-05
POL-001290,Southern Cross Insurance,4870,Cairns QLD,T-W,Home,384580,None,3511.44,2025-01-25,2026-01-25
POL-001291,Outback Assurance Group,0850,Alice Springs NT,B-F,SME,1825317,None,3105.19,2024-03-11,2025-03-11
POL-001292,Northbeam General,4825,Cloncurry QLD,B-F,Home,845148,None,1608.09,2025-08-02,2026-08-02
POL-001293,Pacific Rim Insurance,0810,Darwin NT,T-W,Strata,11532661,None,112405.33,2024-09-09,2025-09-09
POL-001294,Pacific Rim Insurance,4802,Townsville QLD,T-W,SME,1256496,None,13007.9,2023-03-07,2024-03-06
POL-001295,Coral Coast Mutual,4655,Hervey Bay QLD,L-P,Home,847179,Roof Tie-Down,3303.85,2024-10-16,2025-10-16
POL-001296,Pacific Rim Insurance,4825,Mount Isa QLD,B-F,Home,436264,None,711.78,2024-12-06,2025-12-06
POL-001297,Coral Coast Mutual,0850,Alice Springs NT,B-F,Home,654639,Roof Tie-Down,958.29,2023-08-27,2024-08-26
POL-001298,Outback Assurance Group,4720,Charters Towers QLD,L-P,Home,793719,Roof Tie-Down,2556.48,2023-12-01,2024-11-30
POL-001299,Southern Cross Insurance,4655,Hervey Bay QLD,L-P,Home,812511,Roof Tie-Down,2853.33,2025-01-30,2026-01-30
POL-001300,Outback Assurance Group,4655,Hervey Bay QLD,L-P,Strata,4179901,None,18856.27,2023-11-14,2024-11-13
POL-001301,Outback Assurance Group,0850,Alice Springs NT,B-F,Home,575387,None,1053.82,2024-05-29,2025-05-29
POL-001302,Pacific Rim Insurance,6000,Perth WA,B-F,Home,717383,None,1178.68,2024-02-13,2025-02-12
POL-001303,Southern Cross Insurance,4350,Toowoomba QLD,B-F,Home,764807,None,1365.7,2024-08-12,2025-08-12
POL-001304,Coral Coast Mutual,4825,Mount Isa QLD,B-F,Home,728472,None,1271.07,2025-05-12,2026-05-12
POL-001305,Pacific Rim Insurance,4655,Hervey Bay QLD,L-P,Home,433633,None,1790.32,2023-07-03,2024-07-02
POL-001306,Outback Assurance Group,4879,Innisfail QLD,T-W,Home,442355,None,4369.23,2023-04-08,2024-04-07
POL-001307,Coral Coast Mutual,4740,Mackay QLD,Q-S,Home,537075,None,3758.09,2024-07-04,2025-07-04
POL-001308,Pacific Rim Insurance,4825,Mount Isa QLD,B-F,SME,1311232,None,2553.16,2024-02-26,2025-02-25
POL-001309,Coral Coast Mutual,0800,Darwin NT,T-W,Strata,3765375,Roof Tie-Down,30432.13,2025-03-09,2026-03-09
POL-001310,Southern Cross Insurance,4879,Innisfail QLD,T-W,Home,780647,Shutters Installed,5729.63,2023-01-28,2024-01-28
POL-001311,Coral Coast Mutual,4737,Bowen QLD,Q-S,Home,453846,None,2889.04,2023-01-11,2024-01-11
POL-001312,Southern Cross Insurance,0800,Darwin NT,T-W,SME,2347186,Roof Tie-Down,18895.75,2023-03-11,2024-03-10
POL-001313,Coral Coast Mutual,4825,Cloncurry QLD,B-F,SME,2235946,None,3735.13,2025-04-20,2026-04-20
POL-001314,Pacific Rim Insurance,4700,Rockhampton QLD,Q-S,Home,355397,Roof Tie-Down,1836.81,2023-05-08,2024-05-07
POL-001315,Outback Assurance Group,4655,Hervey Bay QLD,L-P,Home,261755,None,1138.37,2023-06-07,2024-06-06
POL-001316,Southern Cross Insurance,4680,Gladstone QLD,L-P,Home,808155,None,3201.57,2024-12-14,2025-12-14
POL-001317,Outback Assurance Group,4720,Charters Towers QLD,L-P,Home,357786,None,1469.83,2023-11-12,2024-11-11
POL-001318,Northbeam General,4740,Mackay QLD,Q-S,Home,645727,Roof Tie-Down,3758.24,2025-08-09,2026-08-09
POL-001319,Coral Coast Mutual,4680,Gladstone QLD,L-P,Strata,2269080,Roof Tie-Down,7973.73,2023-01-15,2024-01-15
POL-001320,Northbeam General,4703,Rockhampton QLD,Q-S,SME,805183,Roof Tie-Down,4712.82,2025-04-30,2026-04-30
POL-001321,Northbeam General,4700,Rockhampton QLD,Q-S,Home,593032,None,3718.0,2024-10-03,2025-10-03
POL-001322,Southern Cross Insurance,4810,Townsville QLD,T-W,Home,698665,None,6133.95,2023-08-07,2024-08-06
POL-001323,Outback Assurance Group,4680,Gladstone QLD,L-P,Home,581601,Roof Tie-Down,1873.66,2023-08-06,2024-08-05
POL-001324,Northbeam General,4350,Toowoomba QLD,B-F,Home,636903,None,1041.86,2025-06-25,2026-06-25
POL-001325,Pacific Rim Insurance,4879,Innisfail QLD,T-W,Home,356759,None,3533.27,2025-03-21,2026-03-21
POL-001326,Outback Assurance Group,4700,Rockhampton QLD,Q-S,Home,590110,Roof Tie-Down,3574.28,2024-12-14,2025-12-14
POL-001327,Outback Assurance Group,0810,Darwin NT,T-W,Home,583412,None,6072.29,2024-11-13,2025-11-13
POL-001328,Northbeam General,4825,Mount Isa QLD,B-F,Home,863455,None,1538.34,2024-06-07,2025-06-07
POL-001329,Southern Cross Insurance,4720,Charters Towers QLD,L-P,Home,493904,None,1875.76,2025-02-16,2026-02-16
POL-001330,Northbeam General,6721,Port Hedland WA,T-W,Home,505376,Elevated Slab,4178.66,2023-03-03,2024-03-02
POL-001331,Northbeam General,4680,Gladstone QLD,L-P,Home,644000,Shutters Installed,2163.15,2023-02-08,2024-02-08
POL-001332,Southern Cross Insurance,4810,Townsville QLD,T-W,Strata,7514500,Elevated Slab,56241.08,2023-11-22,2024-11-21
POL-001333,Coral Coast Mutual,4720,Charters Towers QLD,L-P,SME,1609868,Elevated Slab,6035.22,2023-08-23,2024-08-22
POL-001334,Northbeam General,6714,Karratha WA,T-W,Home,510401,None,5141.15,2024-12-13,2025-12-13
POL-001335,Southern Cross Insurance,4810,Townsville QLD,T-W,SME,1169845,None,10985.41,2023-01-07,2024-01-07
POL-001336,Southern Cross Insurance,0850,Alice Springs NT,B-F,Home,398407,Roof Tie-Down,662.99,2023-05-09,2024-05-08
POL-001337,Outback Assurance Group,4700,Rockhampton QLD,Q-S,Home,464300,None,2858.79,2023-03-22,2024-03-21
POL-001338,Northbeam General,4737,Bowen QLD,Q-S,Home,506822,None,3244.28,2024-09-12,2025-09-12
POL-001339,Outback Assurance Group,6721,Port Hedland WA,T-W,Home,461184,Elevated Slab,3554.14,2025-03-11,2026-03-11
POL-001340,Outback Assurance Group,4825,Mount Isa QLD,B-F,Strata,8337047,Elevated Slab,11908.11,2024-03-27,2025-03-27
POL-001341,Outback Assurance Group,4720,Charters Towers QLD,L-P,Home,413450,Elevated Slab,1570.36,2025-03-23,2026-03-23
POL-001342,Coral Coast Mutual,4870,Cairns QLD,T-W,SME,749103,Elevated Slab,6362.17,2025-08-01,2026-08-01
POL-001343,Coral Coast Mutual,4810,Townsville QLD,T-W,Home,434234,None,3924.98,2024-04-19,2025-04-19
POL-001344,Outback Assurance Group,4737,Bowen QLD,Q-S,Home,754201,None,4482.61,2023-05-20,2024-05-19
POL-001345,Coral Coast Mutual,4703,Rockhampton QLD,Q-S,Home,263457,Roof Tie-Down,1560.88,2025-01-17,2026-01-17
POL-001346,Outback Assurance Group,0850,Alice Springs NT,B-F,Home,663820,Elevated Slab,1111.22,2024-01-18,2025-01-17
POL-001347,Southern Cross Insurance,0850,Alice Springs NT,B-F,Home,324694,None,573.79,2023-02-09,2024-02-09
POL-001348,Coral Coast Mutual,4655,Hervey Bay QLD,L-P,Strata,14800191,Roof Tie-Down,52163.52,2023-09-19,2024-09-18
POL-001349,Outback Assurance Group,4720,Charters Towers QLD,L-P,SME,1944261,None,8486.74,2024-10-28,2025-10-28
POL-001350,Southern Cross Insurance,4879,Innisfail QLD,T-W,SME,544735,Shutters Installed,4769.52,2024-01-06,2025-01-05
POL-001351,Pacific Rim Insurance,0810,Darwin NT,T-W,Home,404525,None,3654.13,2024-09-08,2025-09-08
POL-001352,Southern Cross Insurance,4700,Rockhampton QLD,Q-S,Home,653017,None,4157.74,2024-08-23,2025-08-23
POL-001353,Coral Coast Mutual,4720,Charters Towers QLD,L-P,Strata,4782058,None,21409.22,2023-09-16,2024-09-15
POL-001354,Outback Assurance Group,4720,Charters Towers QLD,L-P,Strata,8422127,None,35981.91,2025-01-21,2026-01-21
POL-001355,Northbeam General,4825,Mount Isa QLD,B-F,Home,611122,None,1169.15,2023-10-03,2024-10-02
POL-001356,Southern Cross Insurance,4655,Hervey Bay QLD,L-P,SME,1106315,Roof Tie-Down,4199.46,2023-01-02,2024-01-02
POL-001357,Outback Assurance Group,4825,Mount Isa QLD,B-F,SME,2148363,Elevated Slab,3388.58,2025-01-20,2026-01-20
POL-001358,Pacific Rim Insurance,4700,Rockhampton QLD,Q-S,Home,390857,Roof Tie-Down,2029.06,2023-07-06,2024-07-05
POL-001359,Northbeam General,0800,Darwin NT,T-W,Home,444655,None,3971.56,2025-02-06,2026-02-06
POL-001360,Pacific Rim Insurance,4703,Rockhampton QLD,Q-S,Home,678649,None,4358.93,2025-07-23,2026-07-23
POL-001361,Coral Coast Mutual,0800,Darwin NT,T-W,SME,1629457,Roof Tie-Down,12067.62,2023-05-08,2024-05-07
POL-001362,Southern Cross Insurance,4825,Mount Isa QLD,B-F,Home,751111,None,1348.0,2025-02-17,2026-02-17
POL-001363,Southern Cross Insurance,4870,Cairns QLD,T-W,Home,257577,None,2527.89,2025-03-19,2026-03-19
POL-001364,Coral Coast Mutual,0800,Darwin NT,T-W,Home,643914,None,6243.18,2025-09-12,2026-09-12
POL-001365,Coral Coast Mutual,0850,Alice Springs NT,B-F,Home,700314,Shutters Installed,1036.45,2024-11-29,2025-11-29
POL-001366,Coral Coast Mutual,6714,Karratha WA,T-W,SME,2071309,None,19199.02,2023-02-28,2024-02-28
POL-001367,Northbeam General,6714,Karratha WA,T-W,SME,2085306,Roof Tie-Down,17597.34,2025-06-28,2026-06-28
POL-001368,Northbeam General,4870,Cairns QLD,T-W,Home,543042,None,5624.3,2025-02-08,2026-02-08
POL-001369,Northbeam General,4680,Gladstone QLD,L-P,Home,748282,None,3152.16,2024-11-07,2025-11-07
POL-001370,Southern Cross Insurance,4870,Cairns QLD,T-W,Strata,7405343,None,63549.67,2024-01-04,2025-01-03
POL-001371,Southern Cross Insurance,6714,Karratha WA,T-W,SME,2432291,Shutters Installed,19248.58,2024-09-19,2025-09-19
POL-001372,Southern Cross Insurance,4680,Gladstone QLD,L-P,Home,749250,None,3453.27,2025-05-27,2026-05-27
POL-001373,Pacific Rim Insurance,4655,Hervey Bay QLD,L-P,Home,400115,Roof Tie-Down,1534.07,2025-06-16,2026-06-16
POL-001374,Pacific Rim Insurance,4720,Charters Towers QLD,L-P,Home,341320,None,1376.59,2024-11-20,2025-11-20
POL-001375,Northbeam General,4737,Bowen QLD,Q-S,Home,371297,Elevated Slab,2044.1,2024-07-07,2025-07-07
POL-001376,Southern Cross Insurance,4350,Toowoomba QLD,B-F,Home,343776,None,569.97,2025-01-02,2026-01-02
POL-001377,Coral Coast Mutual,4700,Rockhampton QLD,Q-S,Strata,8433891,Shutters Installed,49079.1,2023-08-14,2024-08-13
POL-001378,Outback Assurance Group,0850,Alice Springs NT,B-F,Strata,13164840,None,21970.44,2024-07-01,2025-07-01
POL-001379,Pacific Rim Insurance,4825,Mount Isa QLD,B-F,SME,1338711,Shutters Installed,2225.1,2025-02-23,2026-02-23
POL-001380,Pacific Rim Insurance,4825,Mount Isa QLD,B-F,Home,650189,Elevated Slab,1025.41,2025-03-14,2026-03-14
POL-001381,Southern Cross Insurance,4879,Innisfail QLD,T-W,SME,885238,Shutters Installed,6849.46,2023-04-25,2024-04-24
POL-001382,Coral Coast Mutual,6714,Karratha WA,T-W,SME,886984,None,8549.1,2023-05-11,2024-05-10
POL-001383,Outback Assurance Group,4655,Hervey Bay QLD,L-P,Home,314891,Roof Tie-Down,1144.41,2023-07-14,2024-07-13
POL-001384,Pacific Rim Insurance,4879,Innisfail QLD,T-W,Home,382442,Elevated Slab,3100.42,2024-09-08,2025-09-08
POL-001385,Coral Coast Mutual,4350,Toowoomba QLD,B-F,Home,732977,Roof Tie-Down,1080.17,2025-04-15,2026-04-15
POL-001386,Southern Cross Insurance,4350,Toowoomba QLD,B-F,Home,880682,None,1516.55,2025-02-03,2026-02-03
POL-001387,Pacific Rim Insurance,4810,Townsville QLD,T-W,Home,379461,None,3441.54,2025-05-18,2026-05-18
POL-001388,Southern Cross Insurance,0850,Alice Springs NT,B-F,Home,555654,Shutters Installed,884.86,2024-01-21,2025-01-20
POL-001389,Northbeam General,6714,Karratha WA,T-W,Home,486004,None,4802.1,2023-02-23,2024-02-23
POL-001390,Outback Assurance Group,0850,Alice Springs NT,B-F,SME,1067704,Shutters Installed,1794.03,2024-07-15,2025-07-15
POL-001391,Southern Cross Insurance,6714,Karratha WA,T-W,Home,615226,None,6145.9,2024-02-05,2025-02-04
POL-001392,Outback Assurance Group,4720,Charters Towers QLD,L-P,SME,1218275,Shutters Installed,4524.18,2024-07-15,2025-07-15
POL-001393,Coral Coast Mutual,0800,Darwin NT,T-W,Home,858576,None,8753.29,2023-02-25,2024-02-25
POL-001394,Northbeam General,4737,Bowen QLD,Q-S,SME,2253394,None,15221.1,2023-10-26,2024-10-25
POL-001395,Pacific Rim Insurance,4703,Rockhampton QLD,Q-S,Home,259576,None,1640.75,2025-05-26,2026-05-26
POL-001396,Northbeam General,0800,Darwin NT,T-W,SME,1019102,None,9442.44,2024-03-13,2025-03-13
POL-001397,Pacific Rim Insurance,4740,Mackay QLD,Q-S,Home,438358,None,3102.95,2023-05-01,2024-04-30
POL-001398,Northbeam General,6714,Karratha WA,T-W,Home,673618,None,6073.0,2023-05-02,2024-05-01
POL-001399,Southern Cross Insurance,4655,Hervey Bay QLD,L-P,Home,430865,None,1864.93,2024-01-20,2025-01-19
POL-001400,Coral Coast Mutual,4737,Bowen QLD,Q-S,SME,1554339,None,10370.6,2024-03-31,2025-03-31
POL-001401,Pacific Rim Insurance,4870,Cairns QLD,T-W,Home,762982,Roof Tie-Down,6335.33,2025-07-19,2026-07-19
POL-001402,Southern Cross Insurance,4350,Toowoomba QLD,B-F,Home,850446,None,1524.53,2024-12-11,2025-12-11
POL-001403,Southern Cross Insurance,4802,Townsville QLD,T-W,Home,704721,None,6424.86,2023-05-09,2024-05-08
POL-001404,Southern Cross Insurance,6714,Karratha WA,T-W,Home,813621,None,7242.28,2025-04-12,2026-04-12
POL-001405,Pacific Rim Insurance,4655,Hervey Bay QLD,L-P,Home,805837,None,3376.77,2024-06-15,2025-06-15
POL-001406,Southern Cross Insurance,4825,Cloncurry QLD,B-F,SME,920468,None,1740.85,2023-08-01,2024-07-31
POL-001407,Coral Coast Mutual,4700,Rockhampton QLD,Q-S,SME,422330,None,2775.19,2025-03-30,2026-03-30
POL-001408,Southern Cross Insurance,0800,Darwin NT,T-W,Home,419041,None,3652.72,2023-09-20,2024-09-19
POL-001409,Outback Assurance Group,4825,Mount Isa QLD,B-F,Strata,8099518,None,15938.71,2023-06-25,2024-06-24
POL-001410,Pacific Rim Insurance,4870,Cairns QLD,T-W,Home,794675,Roof Tie-Down,6936.29,2023-10-28,2024-10-27
POL-001411,Pacific Rim Insurance,4737,Bowen QLD,Q-S,Home,578137,None,3774.93,2023-12-27,2024-12-26
POL-001412,Northbeam General,4825,Cloncurry QLD,B-F,Home,296908,None,506.33,2023-07-12,2024-07-11
POL-001413,Pacific Rim Insurance,6721,Port Hedland WA,T-W,SME,962909,Shutters Installed,7934.33,2023-08-10,2024-08-09
POL-001414,Coral Coast Mutual,4680,Gladstone QLD,L-P,Home,692514,None,2660.96,2023-09-19,2024-09-18
POL-001415,Outback Assurance Group,4655,Hervey Bay QLD,L-P,Home,728221,Roof Tie-Down,2383.06,2023-09-18,2024-09-17
POL-001416,Northbeam General,0810,Darwin NT,T-W,Home,532486,Roof Tie-Down,4725.82,2024-12-14,2025-12-14
POL-001417,Northbeam General,4680,Gladstone QLD,L-P,Home,786270,None,3371.65,2024-03-05,2025-03-05
POL-001418,Southern Cross Insurance,6714,Karratha WA,T-W,Strata,2434695,Elevated Slab,21484.69,2023-09-11,2024-09-10
POL-001419,Southern Cross Insurance,6000,Perth WA,B-F,Home,825006,Roof Tie-Down,1238.73,2023-12-04,2024-12-03
POL-001420,Coral Coast Mutual,4680,Gladstone QLD,L-P,Strata,4455003,None,20091.34,2023-08-20,2024-08-19
POL-001421,Southern Cross Insurance,4870,Cairns QLD,T-W,Home,483020,None,4477.31,2023-04-18,2024-04-17
POL-001422,Southern Cross Insurance,4700,Rockhampton QLD,Q-S,Home,867429,None,6000.65,2024-05-16,2025-05-16
POL-001423,Southern Cross Insurance,4720,Charters Towers QLD,L-P,Home,545694,None,2315.54,2024-09-14,2025-09-14
POL-001424,Pacific Rim Insurance,4740,Mackay QLD,Q-S,Home,658486,None,4006.8,2025-04-05,2026-04-05
POL-001425,Southern Cross Insurance,4825,Cloncurry QLD,B-F,Home,750025,None,1374.97,2023-09-23,2024-09-22
POL-001426,Coral Coast Mutual,4720,Charters Towers QLD,L-P,SME,998401,None,4091.64,2025-01-23,2026-01-23
POL-001427,Pacific Rim Insurance,4740,Mackay QLD,Q-S,Strata,8210098,None,55580.34,2023-09-13,2024-09-12
POL-001428,Coral Coast Mutual,4879,Innisfail QLD,T-W,SME,1884789,Roof Tie-Down,16128.19,2024-05-29,2025-05-29
POL-001429,Northbeam General,6000,Perth WA,B-F,Strata,14053872,None,27226.56,2025-04-13,2026-04-13
POL-001430,Southern Cross Insurance,6721,Port Hedland WA,T-W,Home,570509,Roof Tie-Down,4520.73,2023-11-17,2024-11-16
POL-001431,Southern Cross Insurance,4825,Mount Isa QLD,B-F,Home,348181,Shutters Installed,497.04,2023-02-28,2024-02-28
POL-001432,Pacific Rim Insurance,6721,Port Hedland WA,T-W,Home,261214,None,2710.91,2024-03-10,2025-03-10
POL-001433,Southern Cross Insurance,0810,Darwin NT,T-W,Home,808271,None,7982.46,2024-02-20,2025-02-19
POL-001434,Pacific Rim Insurance,4810,Townsville QLD,T-W,Home,257644,None,2552.45,2024-12-20,2025-12-20
POL-001435,Pacific Rim Insurance,4680,Gladstone QLD,L-P,Home,803764,None,3500.09,2023-02-13,2024-02-13
POL-001436,Northbeam General,4737,Bowen QLD,Q-S,Strata,14812935,None,96736.93,2023-08-19,2024-08-18
POL-001437,Outback Assurance Group,4825,Mount Isa QLD,B-F,Home,620453,Roof Tie-Down,1035.2,2024-03-08,2025-03-08
POL-001438,Pacific Rim Insurance,4655,Hervey Bay QLD,L-P,Home,604375,None,2748.58,2023-09-13,2024-09-12
POL-001439,Pacific Rim Insurance,0800,Darwin NT,T-W,Home,527611,None,4724.66,2025-01-25,2026-01-25
POL-001440,Outback Assurance Group,4655,Hervey Bay QLD,L-P,Home,790571,Shutters Installed,3006.2,2023-02-06,2024-02-06
POL-001441,Coral Coast Mutual,4810,Townsville QLD,T-W,SME,424709,Roof Tie-Down,3508.77,2023-12-03,2024-12-02
POL-001442,Southern Cross Insurance,4680,Gladstone QLD,L-P,Home,445200,Shutters Installed,1558.23,2023-01-10,2024-01-10
POL-001443,Southern Cross Insurance,4879,Innisfail QLD,T-W,Home,789302,Roof Tie-Down,6881.6,2024-02-25,2025-02-24
POL-001444,Coral Coast Mutual,0850,Alice Springs NT,B-F,Home,512285,None,871.6,2024-02-09,2025-02-08
POL-001445,Outback Assurance Group,6721,Port Hedland WA,T-W,Home,812484,None,8199.53,2023-04-22,2024-04-21
POL-001446,Northbeam General,4737,Bowen QLD,Q-S,Home,705040,Elevated Slab,3510.34,2025-06-23,2026-06-23
POL-001447,Southern Cross Insurance,0800,Darwin NT,T-W,Home,663711,Roof Tie-Down,5274.85,2023-12-06,2024-12-05
POL-001448,Pacific Rim Insurance,4700,Rockhampton QLD,Q-S,SME,1514844,None,9095.77,2024-05-15,2025-05-15
POL-001449,Outback Assurance Group,0850,Alice Springs NT,B-F,SME,1762677,None,3332.15,2025-03-10,2026-03-10
POL-001450,Southern Cross Insurance,4720,Charters Towers QLD,L-P,SME,2030948,None,7901.18,2025-09-07,2026-09-07
POL-001451,Southern Cross Insurance,4870,Cairns QLD,T-W,Home,264311,Shutters Installed,2248.45,2023-08-31,2024-08-30
POL-001452,Coral Coast Mutual,6714,Karratha WA,T-W,Home,258418,None,2422.73,2023-10-24,2024-10-23
POL-001453,Northbeam General,0850,Alice Springs NT,B-F,Home,897614,Elevated Slab,1277.9,2024-06-07,2025-06-07
POL-001454,Outback Assurance Group,4350,Toowoomba QLD,B-F,Home,526331,Roof Tie-Down,884.89,2023-09-11,2024-09-10
POL-001455,Pacific Rim Insurance,4703,Rockhampton QLD,Q-S,Home,358071,None,2421.09,2024-05-29,2025-05-29
POL-001456,Outback Assurance Group,4700,Rockhampton QLD,Q-S,Home,405950,None,2495.86,2023-05-16,2024-05-15
POL-001457,Northbeam General,4740,Mackay QLD,Q-S,Home,403311,Roof Tie-Down,2195.45,2024-09-23,2025-09-23
POL-001458,Northbeam General,4825,Mount Isa QLD,B-F,SME,2601888,Elevated Slab,3826.79,2024-10-10,2025-10-10
POL-001459,Coral Coast Mutual,4350,Toowoomba QLD,B-F,Home,784630,None,1391.73,2023-02-22,2024-02-22
POL-001460,Coral Coast Mutual,0800,Darwin NT,T-W,Home,618075,Shutters Installed,5202.16,2023-09-10,2024-09-09
POL-001461,Coral Coast Mutual,4740,Mackay QLD,Q-S,Home,587263,Roof Tie-Down,3057.72,2024-04-28,2025-04-28
POL-001462,Southern Cross Insurance,4810,Townsville QLD,T-W,Home,765151,Roof Tie-Down,6010.02,2023-11-08,2024-11-07
POL-001463,Coral Coast Mutual,0800,Darwin NT,T-W,SME,946551,None,8688.68,2025-01-29,2026-01-29
POL-001464,Southern Cross Insurance,4802,Townsville QLD,T-W,Home,539351,Elevated Slab,4102.68,2024-01-29,2025-01-28
POL-001465,Northbeam General,0800,Darwin NT,T-W,Home,376200,None,3245.84,2025-09-18,2026-09-18
POL-001466,Coral Coast Mutual,4703,Rockhampton QLD,Q-S,SME,714067,None,5051.57,2024-09-25,2025-09-25
POL-001467,Southern Cross Insurance,6721,Port Hedland WA,T-W,SME,1247245,None,11928.35,2023-06-07,2024-06-06
POL-001468,Pacific Rim Insurance,0810,Darwin NT,T-W,Home,514792,None,5273.54,2025-02-16,2026-02-16
POL-001469,Outback Assurance Group,4680,Gladstone QLD,L-P,SME,892532,Elevated Slab,3448.16,2023-03-11,2024-03-10
POL-001470,Northbeam General,4879,Innisfail QLD,T-W,Home,272937,None,2420.18,2023-10-08,2024-10-07
POL-001471,Outback Assurance Group,6721,Port Hedland WA,T-W,Home,449429,None,4475.13,2024-02-12,2025-02-11
POL-001472,Outback Assurance Group,4825,Cloncurry QLD,B-F,SME,1094233,None,1945.1,2024-06-05,2025-06-05
POL-001473,Northbeam General,4825,Cloncurry QLD,B-F,SME,1538729,Elevated Slab,2216.26,2023-01-04,2024-01-04
POL-001474,Pacific Rim Insurance,4802,Townsville QLD,T-W,Home,787705,None,7416.51,2024-12-25,2025-12-25
POL-001475,Northbeam General,6000,Perth WA,B-F,Home,531558,Shutters Installed,821.77,2023-06-25,2024-06-24
POL-001476,Northbeam General,4740,Mackay QLD,Q-S,Home,405335,Shutters Installed,2437.47,2023-10-12,2024-10-11
POL-001477,Pacific Rim Insurance,6000,Perth WA,B-F,SME,1444415,Roof Tie-Down,2426.33,2023-08-04,2024-08-03
POL-001478,Southern Cross Insurance,0800,Darwin NT,T-W,Home,884555,Shutters Installed,7817.37,2023-11-29,2024-11-28
POL-001479,Southern Cross Insurance,4825,Cloncurry QLD,B-F,Home,891185,Roof Tie-Down,1307.58,2023-02-28,2024-02-28
POL-001480,Pacific Rim Insurance,4680,Gladstone QLD,L-P,Home,435320,None,1739.12,2023-01-17,2024-01-17
POL-001481,Pacific Rim Insurance,4802,Townsville QLD,T-W,Home,650536,None,6730.93,2023-09-21,2024-09-20
POL-001482,Outback Assurance Group,4825,Cloncurry QLD,B-F,Home,590014,Elevated Slab,860.98,2024-08-18,2025-08-18
POL-001483,Outback Assurance Group,0810,Darwin NT,T-W,Home,704980,None,6521.36,2025-07-12,2026-07-12
POL-001484,Northbeam General,4825,Mount Isa QLD,B-F,Home,434665,None,733.71,2024-05-17,2025-05-17
POL-001485,Pacific Rim Insurance,6721,Port Hedland WA,T-W,Home,436367,Roof Tie-Down,3747.42,2024-12-04,2025-12-04
POL-001486,Outback Assurance Group,4703,Rockhampton QLD,Q-S,Home,507167,Roof Tie-Down,2776.89,2024-10-22,2025-10-22
POL-001487,Outback Assurance Group,0800,Darwin NT,T-W,SME,449444,Roof Tie-Down,3704.24,2024-01-22,2025-01-21
POL-001488,Southern Cross Insurance,4870,Cairns QLD,T-W,Home,295864,Roof Tie-Down,2213.35,2025-02-27,2026-02-27
POL-001489,Southern Cross Insurance,6000,Perth WA,B-F,Home,264152,None,503.28,2023-01-10,2024-01-10
POL-001490,Pacific Rim Insurance,4825,Cloncurry QLD,B-F,SME,756369,Shutters Installed,1088.35,2024-05-06,2025-05-06
POL-001491,Pacific Rim Insurance,4737,Bowen QLD,Q-S,SME,2408687,Shutters Installed,12388.45,2023-02-27,2024-02-27
POL-001492,Southern Cross Insurance,6000,Perth WA,B-F,Home,296688,Roof Tie-Down,417.87,2023-10-31,2024-10-30
POL-001493,Northbeam General,4720,Charters Towers QLD,L-P,SME,405076,Elevated Slab,1565.33,2023-01-25,2024-01-25
POL-001494,Outback Assurance Group,4879,Innisfail QLD,T-W,Home,550780,Elevated Slab,4203.72,2025-06-19,2026-06-19
POL-001495,Coral Coast Mutual,0800,Darwin NT,T-W,Home,485428,None,4244.24,2025-09-05,2026-09-05
POL-001496,Southern Cross Insurance,4680,Gladstone QLD,L-P,Home,628004,Shutters Installed,2431.79,2025-07-30,2026-07-30
POL-001497,Outback Assurance Group,4740,Mackay QLD,Q-S,Home,806249,Roof Tie-Down,4307.39,2023-07-05,2024-07-04
POL-001498,Coral Coast Mutual,0810,Darwin NT,T-W,SME,1603788,None,14773.99,2023-04-17,2024-04-16
POL-001499,Northbeam General,0850,Alice Springs NT,B-F,SME,720316,None,1371.47,2025-06-01,2026-06-01
POL-001500,Pacific Rim Insurance,0810,Darwin NT,T-W,Home,751672,Elevated Slab,6451.72,2023-04-26,2024-04-25
POL-001501,Northbeam General,4879,Innisfail QLD,T-W,Strata,3517449,Shutters Installed,27398.22,2023-05-11,2024-05-10
POL-001502,Pacific Rim Insurance,4655,Hervey Bay QLD,L-P,Home,754667,None,3292.21,2024-02-28,2025-02-27
POL-001503,Outback Assurance Group,6714,Karratha WA,T-W,Home,507853,None,4711.89,2024-07-16,2025-07-16
POL-001504,Outback Assurance Group,4825,Cloncurry QLD,B-F,Home,491292,None,863.92,2024-08-17,2025-08-17
POL-001505,Coral Coast Mutual,4720,Charters Towers QLD,L-P,Home,479988,None,2097.83,2023-08-29,2024-08-28
POL-001506,Northbeam General,4870,Cairns QLD,T-W,Home,630002,None,6054.89,2025-09-07,2026-09-07
POL-001507,Pacific Rim Insurance,0800,Darwin NT,T-W,Home,396118,Shutters Installed,3067.31,2023-05-28,2024-05-27
POL-001508,Northbeam General,4879,Innisfail QLD,T-W,Home,308579,None,3076.31,2023-05-01,2024-04-30
POL-001509,Southern Cross Insurance,4655,Hervey Bay QLD,L-P,SME,2181357,None,8926.58,2024-12-19,2025-12-19
POL-001510,Northbeam General,4802,Townsville QLD,T-W,Home,415856,None,3579.42,2024-01-10,2025-01-09
POL-001511,Outback Assurance Group,4825,Mount Isa QLD,B-F,Home,686726,Roof Tie-Down,977.08,2023-07-06,2024-07-05
POL-001512,Coral Coast Mutual,0810,Darwin NT,T-W,SME,1656226,None,15640.32,2025-01-09,2026-01-09
POL-001513,Southern Cross Insurance,4737,Bowen QLD,Q-S,SME,1602796,None,9608.2,2023-03-03,2024-03-02
POL-001514,Outback Assurance Group,4810,Townsville QLD,T-W,SME,445581,None,4145.3,2024-03-09,2025-03-09
POL-001515,Northbeam General,4825,Cloncurry QLD,B-F,SME,2799415,Shutters Installed,4284.71,2024-12-27,2025-12-27
POL-001516,Northbeam General,4879,Innisfail QLD,T-W,Strata,3542438,Shutters Installed,28728.2,2025-08-31,2026-08-31
POL-001517,Pacific Rim Insurance,4703,Rockhampton QLD,Q-S,Home,661346,Roof Tie-Down,3422.78,2025-02-02,2026-02-02
POL-001518,Outback Assurance Group,4810,Townsville QLD,T-W,SME,2364763,None,22363.78,2024-10-30,2025-10-30
POL-001519,Southern Cross Insurance,4655,Hervey Bay QLD,L-P,Home,694828,None,2740.11,2023-04-22,2024-04-21
POL-001520,Northbeam General,4825,Mount Isa QLD,B-F,Home,601767,None,980.94,2023-10-16,2024-10-15
POL-001521,Northbeam General,4825,Cloncurry QLD,B-F,Home,261510,Shutters Installed,420.64,2023-11-13,2024-11-12
POL-001522,Pacific Rim Insurance,4825,Cloncurry QLD,B-F,Home,502009,None,861.9,2025-09-27,2026-09-27
POL-001523,Southern Cross Insurance,4802,Townsville QLD,T-W,Home,757308,None,6540.71,2023-11-19,2024-11-18
POL-001524,Northbeam General,6721,Port Hedland WA,T-W,Home,546120,Elevated Slab,4814.52,2024-05-27,2025-05-27
POL-001525,Coral Coast Mutual,6714,Karratha WA,T-W,SME,943233,None,9323.9,2023-04-10,2024-04-09
POL-001526,Southern Cross Insurance,4879,Innisfail QLD,T-W,SME,2506283,None,25273.96,2023-06-03,2024-06-02
POL-001527,Outback Assurance Group,4802,Townsville QLD,T-W,SME,556901,None,5068.48,2023-06-05,2024-06-04
POL-001528,Northbeam General,4825,Mount Isa QLD,B-F,SME,1371275,Roof Tie-Down,2259.35,2025-04-06,2026-04-06
POL-001529,Coral Coast Mutual,4700,Rockhampton QLD,Q-S,Strata,14225903,None,94479.35,2024-06-19,2025-06-19
POL-001530,Outback Assurance Group,4737,Bowen QLD,Q-S,SME,1911276,Shutters Installed,10820.57,2025-08-20,2026-08-20
POL-001531,Pacific Rim Insurance,4740,Mackay QLD,Q-S,SME,2025855,None,12480.98,2024-09-17,2025-09-17
POL-001532,Northbeam General,4825,Mount Isa QLD,B-F,Strata,10347047,None,17125.05,2023-01-16,2024-01-16
POL-001533,Coral Coast Mutual,6721,Port Hedland WA,T-W,Home,341401,None,3242.6,2024-04-10,2025-04-10
POL-001534,Southern Cross Insurance,4700,Rockhampton QLD,Q-S,Strata,6699588,Roof Tie-Down,37581.64,2023-12-28,2024-12-27
POL-001535,Outback Assurance Group,4825,Mount Isa QLD,B-F,Home,520473,None,1027.94,2023-09-20,2024-09-19
POL-001536,Coral Coast Mutual,0810,Darwin NT,T-W,Strata,10191626,None,87905.08,2025-05-29,2026-05-29
POL-001537,Pacific Rim Insurance,4655,Hervey Bay QLD,L-P,Home,385249,None,1598.9,2024-06-08,2025-06-08
POL-001538,Southern Cross Insurance,6714,Karratha WA,T-W,Home,780519,None,7340.92,2025-06-17,2026-06-17
POL-001539,Southern Cross Insurance,4810,Townsville QLD,T-W,Strata,6107344,Roof Tie-Down,51286.96,2024-07-28,2025-07-28
POL-001540,Southern Cross Insurance,0810,Darwin NT,T-W,SME,1063563,Shutters Installed,8708.74,2025-05-24,2026-05-24
POL-001541,Pacific Rim Insurance,4350,Toowoomba QLD,B-F,Home,348045,None,607.55,2024-04-24,2025-04-24
POL-001542,Outback Assurance Group,4737,Bowen QLD,Q-S,Home,363611,Roof Tie-Down,2176.68,2025-08-02,2026-08-02
POL-001543,Outback Assurance Group,4879,Innisfail QLD,T-W,Home,582697,Shutters Installed,4556.99,2024-09-10,2025-09-10
POL-001544,Northbeam General,4703,Rockhampton QLD,Q-S,SME,1567589,None,10096.77,2024-07-12,2025-07-12
POL-001545,Outback Assurance Group,0850,Alice Springs NT,B-F,Home,845807,Shutters Installed,1172.78,2024-09-07,2025-09-07
POL-001546,Southern Cross Insurance,4740,Mackay QLD,Q-S,Strata,9216043,Elevated Slab,55792.17,2023-08-07,2024-08-06
POL-001547,Northbeam General,4703,Rockhampton QLD,Q-S,SME,2173856,None,13479.65,2024-10-12,2025-10-12
POL-001548,Outback Assurance Group,4825,Mount Isa QLD,B-F,Home,335678,Shutters Installed,492.87,2024-12-30,2025-12-30
POL-001549,Southern Cross Insurance,4879,Innisfail QLD,T-W,Home,522050,None,4646.11,2023-02-25,2024-02-25
POL-001550,Outback Assurance Group,4879,Innisfail QLD,T-W,Home,422525,None,3772.03,2025-08-22,2026-08-22
POL-001551,Coral Coast Mutual,0850,Alice Springs NT,B-F,Home,418494,None,823.43,2024-03-23,2025-03-23
POL-001552,Pacific Rim Insurance,4802,Townsville QLD,T-W,Home,876134,Roof Tie-Down,6648.26,2025-01-10,2026-01-10
POL-001553,Outback Assurance Group,4810,Townsville QLD,T-W,Home,581890,None,4990.84,2025-07-07,2026-07-07
POL-001554,Southern Cross Insurance,0810,Darwin NT,T-W,Home,676127,Shutters Installed,5200.72,2025-01-09,2026-01-09
POL-001555,Pacific Rim Insurance,4737,Bowen QLD,Q-S,Strata,12641671,None,81338.12,2025-09-19,2026-09-19
POL-001556,Northbeam General,0800,Darwin NT,T-W,Home,446772,None,4176.57,2024-07-13,2025-07-13
POL-001557,Southern Cross Insurance,4810,Townsville QLD,T-W,Home,450444,Shutters Installed,3980.51,2024-08-13,2025-08-13
POL-001558,Southern Cross Insurance,4680,Gladstone QLD,L-P,SME,1687506,Roof Tie-Down,6026.91,2025-06-07,2026-06-07
POL-001559,Pacific Rim Insurance,0850,Alice Springs NT,B-F,Home,680321,None,1188.26,2025-04-28,2026-04-28
POL-001560,Outback Assurance Group,4879,Innisfail QLD,T-W,Home,368887,None,3803.25,2024-04-14,2025-04-14
POL-001561,Outback Assurance Group,4680,Gladstone QLD,L-P,Home,819128,None,3396.22,2023-10-19,2024-10-18
POL-001562,Southern Cross Insurance,6721,Port Hedland WA,T-W,SME,816180,None,8521.89,2025-04-05,2026-04-05
POL-001563,Pacific Rim Insurance,4825,Mount Isa QLD,B-F,Home,681257,None,1129.06,2025-02-06,2026-02-06
POL-001564,Coral Coast Mutual,4825,Cloncurry QLD,B-F,Home,859467,Elevated Slab,1395.43,2024-11-14,2025-11-14
POL-001565,Outback Assurance Group,4879,Innisfail QLD,T-W,Home,828381,None,7682.45,2023-07-20,2024-07-19
POL-001566,Outback Assurance Group,0800,Darwin NT,T-W,Home,736483,None,6874.76,2025-04-20,2026-04-20
POL-001567,Coral Coast Mutual,4870,Cairns QLD,T-W,Strata,10515457,None,95573.39,2025-06-19,2026-06-19
POL-001568,Outback Assurance Group,6721,Port Hedland WA,T-W,SME,2139447,None,21029.21,2023-01-05,2024-01-05
POL-001569,Pacific Rim Insurance,4740,Mackay QLD,Q-S,Home,642592,Roof Tie-Down,3792.29,2024-06-15,2025-06-15
POL-001570,Outback Assurance Group,6714,Karratha WA,T-W,Home,700908,None,6314.82,2025-09-23,2026-09-23
POL-001571,Outback Assurance Group,4703,Rockhampton QLD,Q-S,Home,304086,Elevated Slab,1781.33,2024-08-14,2025-08-14
POL-001572,Coral Coast Mutual,0810,Darwin NT,T-W,Strata,14215704,Elevated Slab,107300.89,2025-07-14,2026-07-14
POL-001573,Pacific Rim Insurance,4720,Charters Towers QLD,L-P,Home,382466,Shutters Installed,1366.57,2024-10-08,2025-10-08
POL-001574,Coral Coast Mutual,4655,Hervey Bay QLD,L-P,SME,1491484,None,6686.87,2023-06-12,2024-06-11
POL-001575,Northbeam General,4703,Rockhampton QLD,Q-S,Home,262098,Roof Tie-Down,1485.42,2024-08-30,2025-08-30
POL-001576,Northbeam General,4870,Cairns QLD,T-W,Home,332598,None,3205.05,2023-01-26,2024-01-26
POL-001577,Northbeam General,4737,Bowen QLD,Q-S,Home,445617,None,2745.73,2025-07-08,2026-07-08
POL-001578,Southern Cross Insurance,6721,Port Hedland WA,T-W,Home,646473,None,6473.62,2024-11-06,2025-11-06
POL-001579,Southern Cross Insurance,6000,Perth WA,B-F,Home,274264,Roof Tie-Down,431.24,2024-08-16,2025-08-16
POL-001580,Northbeam General,0800,Darwin NT,T-W,Home,362278,None,3195.11,2023-09-26,2024-09-25
POL-001581,Southern Cross Insurance,4825,Mount Isa QLD,B-F,Home,468074,None,824.13,2024-05-17,2025-05-17
POL-001582,Outback Assurance Group,4879,Innisfail QLD,T-W,Home,330019,None,2953.53,2024-03-05,2025-03-05
POL-001583,Northbeam General,6714,Karratha WA,T-W,Home,418929,None,3724.96,2023-01-11,2024-01-11
POL-001584,Outback Assurance Group,4802,Townsville QLD,T-W,Home,372900,None,3879.74,2023-12-22,2024-12-21
POL-001585,Southern Cross Insurance,4810,Townsville QLD,T-W,Home,797093,Roof Tie-Down,6747.66,2025-08-06,2026-08-06
POL-001586,Northbeam General,4703,Rockhampton QLD,Q-S,Home,793157,None,5167.63,2023-06-06,2024-06-05
POL-001587,Northbeam General,4680,Gladstone QLD,L-P,Home,593450,Shutters Installed,1965.47,2023-03-27,2024-03-26
POL-001588,Coral Coast Mutual,6000,Perth WA,B-F,Home,346437,Roof Tie-Down,513.99,2024-07-18,2025-07-18
POL-001589,Northbeam General,4737,Bowen QLD,Q-S,SME,2550237,None,18056.31,2025-08-02,2026-08-02
POL-001590,Pacific Rim Insurance,6000,Perth WA,B-F,Home,544736,None,1071.1,2023-04-16,2024-04-15
POL-001591,Outback Assurance Group,4802,Townsville QLD,T-W,Home,761528,None,7138.26,2024-04-01,2025-04-01
POL-001592,Northbeam General,4810,Townsville QLD,T-W,SME,851135,None,8259.3,2024-03-15,2025-03-15
POL-001593,Southern Cross Insurance,4802,Townsville QLD,T-W,Home,317388,None,2984.67,2025-06-29,2026-06-29
POL-001594,Pacific Rim Insurance,4720,Charters Towers QLD,L-P,Home,883216,Elevated Slab,3359.09,2024-10-22,2025-10-22
POL-001595,Coral Coast Mutual,4680,Gladstone QLD,L-P,Home,588355,Roof Tie-Down,2070.76,2023-07-10,2024-07-09
POL-001596,Southern Cross Insurance,4350,Toowoomba QLD,B-F,Home,640032,None,1070.27,2023-11-18,2024-11-17
POL-001597,Coral Coast Mutual,4870,Cairns QLD,T-W,Home,594844,Roof Tie-Down,4528.39,2024-08-04,2025-08-04
POL-001598,Southern Cross Insurance,4350,Toowoomba QLD,B-F,Home,881035,Elevated Slab,1270.39,2023-08-11,2024-08-10
POL-001599,Outback Assurance Group,4825,Cloncurry QLD,B-F,Home,328458,None,599.97,2024-10-23,2025-10-23
POL-001600,Outback Assurance Group,4879,Innisfail QLD,T-W,Home,456698,Shutters Installed,3355.68,2024-05-20,2025-05-20
POL-001601,Coral Coast Mutual,4740,Mackay QLD,Q-S,Strata,4081929,Elevated Slab,22339.69,2024-09-07,2025-09-07
POL-001602,Pacific Rim Insurance,4802,Townsville QLD,T-W,Home,548882,None,4711.54,2025-03-13,2026-03-13
POL-001603,Pacific Rim Insurance,4870,Cairns QLD,T-W,Strata,8758043,Shutters Installed,64172.53,2024-06-30,2025-06-30
POL-001604,Outback Assurance Group,4740,Mackay QLD,Q-S,Home,742718,Roof Tie-Down,3771.23,2025-04-01,2026-04-01
POL-001605,Coral Coast Mutual,6721,Port Hedland WA,T-W,Home,669791,None,5828.23,2025-03-04,2026-03-04
POL-001606,Southern Cross Insurance,0850,Alice Springs NT,B-F,Home,726663,Elevated Slab,1110.31,2024-10-18,2025-10-18
POL-001607,Northbeam General,4680,Gladstone QLD,L-P,Strata,5758337,Roof Tie-Down,18698.2,2023-01-11,2024-01-11
POL-001608,Southern Cross Insurance,0800,Darwin NT,T-W,Strata,14150955,None,132704.78,2023-06-24,2024-06-23
POL-001609,Southern Cross Insurance,4703,Rockhampton QLD,Q-S,SME,2654683,None,18944.97,2025-08-14,2026-08-14
POL-001610,Coral Coast Mutual,6000,Perth WA,B-F,SME,601340,Roof Tie-Down,1002.33,2023-03-18,2024-03-17
POL-001611,Northbeam General,6714,Karratha WA,T-W,SME,1991975,None,18052.94,2023-06-24,2024-06-23
POL-001612,Outback Assurance Group,4802,Townsville QLD,T-W,Home,405190,Roof Tie-Down,3437.49,2025-06-28,2026-06-28
POL-001613,Outback Assurance Group,4737,Bowen QLD,Q-S,SME,1408828,None,9300.03,2024-11-08,2025-11-08
POL-001614,Coral Coast Mutual,6000,Perth WA,B-F,Home,486800,None,804.7,2025-02-23,2026-02-23
POL-001615,Northbeam General,4825,Mount Isa QLD,B-F,Home,504149,None,936.41,2025-01-22,2026-01-22
POL-001616,Outback Assurance Group,4825,Mount Isa QLD,B-F,Home,472796,None,768.16,2023-08-10,2024-08-09
POL-001617,Pacific Rim Insurance,4655,Hervey Bay QLD,L-P,Home,468797,Roof Tie-Down,1778.71,2025-02-18,2026-02-18
POL-001618,Northbeam General,4720,Charters Towers QLD,L-P,SME,1707890,None,7472.28,2024-11-02,2025-11-02
POL-001619,Pacific Rim Insurance,4720,Charters Towers QLD,L-P,Home,631308,Roof Tie-Down,2202.19,2024-04-08,2025-04-08
POL-001620,Coral Coast Mutual,4720,Charters Towers QLD,L-P,Home,321973,Elevated Slab,1098.37,2023-06-18,2024-06-17
POL-001621,Southern Cross Insurance,4802,Townsville QLD,T-W,Home,362379,Roof Tie-Down,3069.61,2023-09-04,2024-09-03
POL-001622,Southern Cross Insurance,4737,Bowen QLD,Q-S,Home,806673,Roof Tie-Down,4414.65,2023-09-29,2024-09-28
POL-001623,Pacific Rim Insurance,4825,Cloncurry QLD,B-F,Home,407936,Elevated Slab,611.28,2024-03-17,2025-03-17
POL-001624,Outback Assurance Group,6714,Karratha WA,T-W,Home,352564,Shutters Installed,2590.24,2024-01-27,2025-01-26
POL-001625,Outback Assurance Group,4703,Rockhampton QLD,Q-S,Home,872905,Elevated Slab,4606.67,2024-09-14,2025-09-14
POL-001626,Southern Cross Insurance,4720,Charters Towers QLD,L-P,Home,511036,None,2343.37,2023-08-13,2024-08-12
POL-001627,Coral Coast Mutual,4740,Mackay QLD,Q-S,SME,1401461,None,8318.51,2023-04-14,2024-04-13
POL-001628,Northbeam General,4350,Toowoomba QLD,B-F,SME,2096845,None,3692.73,2023-04-14,2024-04-13
POL-001629,Pacific Rim Insurance,6000,Perth WA,B-F,Home,463464,Roof Tie-Down,687.49,2023-10-22,2024-10-21
POL-001630,Outback Assurance Group,6721,Port Hedland WA,T-W,SME,2510742,Roof Tie-Down,21927.74,2024-09-29,2025-09-29
POL-001631,Northbeam General,6721,Port Hedland WA,T-W,SME,1114007,None,10191.73,2023-03-13,2024-03-12
POL-001632,Coral Coast Mutual,4700,Rockhampton QLD,Q-S,Home,263353,None,1768.64,2024-03-14,2025-03-14
POL-001633,Southern Cross Insurance,4870,Cairns QLD,T-W,Home,330716,Shutters Installed,2494.66,2025-02-17,2026-02-17
POL-001634,Outback Assurance Group,4810,Townsville QLD,T-W,Home,251055,None,2379.45,2023-09-11,2024-09-10
POL-001635,Pacific Rim Insurance,0800,Darwin NT,T-W,Home,554777,Roof Tie-Down,4780.29,2024-06-21,2025-06-21
POL-001636,Coral Coast Mutual,4700,Rockhampton QLD,Q-S,SME,819398,None,5117.95,2025-01-23,2026-01-23
POL-001637,Coral Coast Mutual,4737,Bowen QLD,Q-S,Home,822223,Elevated Slab,4322.31,2024-05-13,2025-05-13
POL-001638,Pacific Rim Insurance,4680,Gladstone QLD,L-P,Home,565761,None,2476.07,2025-07-01,2026-07-01
POL-001639,Northbeam General,4810,Townsville QLD,T-W,Home,794534,Shutters Installed,6708.7,2023-01-22,2024-01-22
POL-001640,Northbeam General,4879,Innisfail QLD,T-W,SME,994052,None,9173.78,2023-02-01,2024-02-01
POL-001641,Northbeam General,4802,Townsville QLD,T-W,SME,1907516,None,17056.98,2023-04-02,2024-04-01
POL-001642,Pacific Rim Insurance,4655,Hervey Bay QLD,L-P,Home,821386,None,3725.27,2024-04-05,2025-04-05
POL-001643,Coral Coast Mutual,4700,Rockhampton QLD,Q-S,Home,597283,None,3797.72,2024-03-03,2025-03-03
POL-001644,Outback Assurance Group,6721,Port Hedland WA,T-W,Home,609949,None,6181.79,2023-05-06,2024-05-05
POL-001645,Southern Cross Insurance,4737,Bowen QLD,Q-S,Home,613853,None,3821.19,2025-09-19,2026-09-19
POL-001646,Coral Coast Mutual,0850,Alice Springs NT,B-F,Strata,13423993,Roof Tie-Down,19101.94,2025-09-16,2026-09-16
POL-001647,Coral Coast Mutual,4810,Townsville QLD,T-W,Home,760472,Roof Tie-Down,5880.76,2025-03-29,2026-03-29
POL-001648,Coral Coast Mutual,4870,Cairns QLD,T-W,Home,871880,Shutters Installed,6510.2,2024-05-15,2025-05-15
POL-001649,Coral Coast Mutual,4870,Cairns QLD,T-W,Home,250672,None,2167.01,2023-05-22,2024-05-21
POL-001650,Coral Coast Mutual,6721,Port Hedland WA,T-W,SME,2751952,None,24339.83,2023-03-30,2024-03-29
POL-001651,Northbeam General,0810,Darwin NT,T-W,Strata,11818443,Roof Tie-Down,103417.16,2023-10-25,2024-10-24
POL-001652,Southern Cross Insurance,4740,Mackay QLD,Q-S,Home,655002,Elevated Slab,3562.84,2025-09-17,2026-09-17
POL-001653,Coral Coast Mutual,6000,Perth WA,B-F,Strata,4907524,None,8946.45,2024-11-26,2025-11-26
POL-001654,Northbeam General,4802,Townsville QLD,T-W,Home,512165,None,4511.05,2024-07-21,2025-07-21
POL-001655,Outback Assurance Group,6721,Port Hedland WA,T-W,Home,733555,Shutters Installed,5977.75,2024-01-20,2025-01-19
POL-001656,Coral Coast Mutual,0800,Darwin NT,T-W,Home,578477,Elevated Slab,4674.77,2024-12-02,2025-12-02
POL-001657,Pacific Rim Insurance,4737,Bowen QLD,Q-S,Home,680187,None,4386.98,2025-07-23,2026-07-23
POL-001658,Coral Coast Mutual,4870,Cairns QLD,T-W,Strata,14681167,Elevated Slab,110028.68,2025-07-17,2026-07-17
POL-001659,Coral Coast Mutual,4350,Toowoomba QLD,B-F,Home,819659,Elevated Slab,1354.38,2025-06-17,2026-06-17
POL-001660,Pacific Rim Insurance,4740,Mackay QLD,Q-S,SME,2090061,Elevated Slab,11940.39,2024-04-18,2025-04-18
POL-001661,Southern Cross Insurance,4737,Bowen QLD,Q-S,SME,1533195,Roof Tie-Down,9029.8,2024-10-27,2025-10-27
POL-001662,Southern Cross Insurance,6714,Karratha WA,T-W,Home,842910,None,7977.97,2023-12-06,2024-12-05
POL-001663,Northbeam General,0800,Darwin NT,T-W,SME,622383,None,6151.0,2024-06-12,2025-06-12
POL-001664,Northbeam General,4825,Cloncurry QLD,B-F,SME,1337609,None,2597.93,2024-10-17,2025-10-17
POL-001665,Northbeam General,6721,Port Hedland WA,T-W,Home,256764,None,2588.35,2024-09-30,2025-09-30
POL-001666,Northbeam General,0800,Darwin NT,T-W,Home,376913,Roof Tie-Down,3055.64,2023-09-11,2024-09-10
POL-001667,Southern Cross Insurance,0800,Darwin NT,T-W,Home,715374,None,6647.51,2025-08-06,2026-08-06
POL-001668,Coral Coast Mutual,6721,Port Hedland WA,T-W,Home,496339,None,5037.48,2024-07-13,2025-07-13
POL-001669,Southern Cross Insurance,4810,Townsville QLD,T-W,SME,2988550,None,26251.64,2023-05-30,2024-05-29
POL-001670,Pacific Rim Insurance,4700,Rockhampton QLD,Q-S,Home,502373,None,3050.41,2025-01-29,2026-01-29
POL-001671,Coral Coast Mutual,4703,Rockhampton QLD,Q-S,Home,354878,Shutters Installed,2140.73,2024-05-19,2025-05-19
POL-001672,Outback Assurance Group,6000,Perth WA,B-F,Home,362549,None,647.88,2025-04-13,2026-04-13
POL-001673,Coral Coast Mutual,0810,Darwin NT,T-W,Home,841616,None,7818.54,2024-08-17,2025-08-17
POL-001674,Coral Coast Mutual,4740,Mackay QLD,Q-S,Home,899987,None,5784.96,2025-07-18,2026-07-18
POL-001675,Coral Coast Mutual,0810,Darwin NT,T-W,Home,540354,None,4629.39,2023-06-12,2024-06-11
POL-001676,Outback Assurance Group,4720,Charters Towers QLD,L-P,SME,1863116,None,8455.09,2024-06-21,2025-06-21
POL-001677,Coral Coast Mutual,4720,Charters Towers QLD,L-P,Home,618959,None,2680.7,2024-07-30,2025-07-30
POL-001678,Coral Coast Mutual,4737,Bowen QLD,Q-S,SME,1567443,None,10769.04,2024-11-05,2025-11-05
POL-001679,Pacific Rim Insurance,4655,Hervey Bay QLD,L-P,Home,757243,None,3101.88,2024-04-28,2025-04-28
POL-001680,Coral Coast Mutual,4700,Rockhampton QLD,Q-S,Home,800957,None,4955.52,2024-12-15,2025-12-15
POL-001681,Southern Cross Insurance,4802,Townsville QLD,T-W,Strata,12359511,Shutters Installed,106387.78,2023-03-11,2024-03-10
POL-001682,Outback Assurance Group,4870,Cairns QLD,T-W,SME,804919,Roof Tie-Down,6714.55,2024-05-26,2025-05-26
POL-001683,Northbeam General,6714,Karratha WA,T-W,SME,1392444,None,12184.33,2025-06-20,2026-06-20
POL-001684,Southern Cross Insurance,4655,Hervey Bay QLD,L-P,SME,669986,Elevated Slab,2182.29,2023-09-14,2024-09-13
POL-001685,Southern Cross Insurance,4740,Mackay QLD,Q-S,SME,1970020,Roof Tie-Down,11116.27,2025-05-10,2026-05-10
POL-001686,Pacific Rim Insurance,4700,Rockhampton QLD,Q-S,Home,645972,None,3890.81,2024-10-14,2025-10-14
POL-001687,Northbeam General,4825,Cloncurry QLD,B-F,Home,708767,Shutters Installed,1123.2,2023-08-19,2024-08-18
POL-001688,Southern Cross Insurance,4700,Rockhampton QLD,Q-S,Home,451636,None,2692.57,2023-01-25,2024-01-25
POL-001689,Pacific Rim Insurance,4703,Rockhampton QLD,Q-S,Home,255490,Roof Tie-Down,1371.93,2024-02-22,2025-02-21
POL-001690,Northbeam General,4825,Cloncurry QLD,B-F,SME,2615240,Shutters Installed,3998.26,2025-05-02,2026-05-02
POL-001691,Northbeam General,4802,Townsville QLD,T-W,SME,1895207,None,18431.1,2024-07-26,2025-07-26
POL-001692,Pacific Rim Insurance,4825,Mount Isa QLD,B-F,Home,324310,None,591.83,2023-05-11,2024-05-10
POL-001693,Southern Cross Insurance,6721,Port Hedland WA,T-W,Home,303979,None,2946.42,2023-12-05,2024-12-04
POL-001694,Southern Cross Insurance,4350,Toowoomba QLD,B-F,SME,1454371,Shutters Installed,2176.42,2024-01-02,2025-01-01
POL-001695,Pacific Rim Insurance,4700,Rockhampton QLD,Q-S,Strata,11652869,Roof Tie-Down,61052.24,2024-06-14,2025-06-14
POL-001696,Pacific Rim Insurance,4720,Charters Towers QLD,L-P,Home,822461,None,3590.79,2023-04-24,2024-04-23
POL-001697,Outback Assurance Group,0850,Alice Springs NT,B-F,Strata,12959414,None,21134.11,2023-12-13,2024-12-12
POL-001698,Coral Coast Mutual,6000,Perth WA,B-F,Home,312276,None,521.55,2024-07-14,2025-07-14
POL-001699,Southern Cross Insurance,4740,Mackay QLD,Q-S,Home,841246,Roof Tie-Down,5023.73,2024-12-20,2025-12-20
POL-001700,Southern Cross Insurance,4680,Gladstone QLD,L-P,Strata,12035251,None,52967.18,2025-08-09,2026-08-09
POL-001701,Pacific Rim Insurance,4825,Cloncurry QLD,B-F,Home,293768,Roof Tie-Down,413.87,2024-05-23,2025-05-23
POL-001702,Northbeam General,4350,Toowoomba QLD,B-F,SME,1672628,Elevated Slab,2703.22,2025-06-16,2026-06-16
POL-001703,Outback Assurance Group,4870,Cairns QLD,T-W,Strata,5291258,Roof Tie-Down,43019.04,2025-05-30,2026-05-30
POL-001704,Outback Assurance Group,4870,Cairns QLD,T-W,Home,645552,Roof Tie-Down,5416.59,2024-03-16,2025-03-16
POL-001705,Coral Coast Mutual,4825,Cloncurry QLD,B-F,Home,895559,Elevated Slab,1502.44,2024-01-12,2025-01-11
POL-001706,Southern Cross Insurance,4703,Rockhampton QLD,Q-S,Home,499739,None,3074.22,2024-08-25,2025-08-25
POL-001707,Southern Cross Insurance,4350,Toowoomba QLD,B-F,Home,812264,None,1481.97,2025-04-01,2026-04-01
POL-001708,Southern Cross Insurance,4350,Toowoomba QLD,B-F,SME,931484,Roof Tie-Down,1407.66,2023-10-17,2024-10-16
POL-001709,Pacific Rim Insurance,6714,Karratha WA,T-W,Home,506108,None,5286.99,2023-05-13,2024-05-12
POL-001710,Pacific Rim Insurance,4655,Hervey Bay QLD,L-P,Home,330534,Roof Tie-Down,1080.03,2025-08-18,2026-08-18
POL-001711,Northbeam General,4703,Rockhampton QLD,Q-S,Home,624297,None,4380.65,2025-05-29,2026-05-29
POL-001712,Northbeam General,4737,Bowen QLD,Q-S,SME,2712763,None,16901.84,2024-10-31,2025-10-31
POL-001713,Coral Coast Mutual,4720,Charters Towers QLD,L-P,SME,2670876,Shutters Installed,9541.6,2023-02-25,2024-02-25
POL-001714,Northbeam General,4879,Innisfail QLD,T-W,SME,1573498,None,13687.93,2025-07-22,2026-07-22
POL-001715,Northbeam General,4720,Charters Towers QLD,L-P,Home,471007,None,1828.97,2025-01-12,2026-01-12
POL-001716,Southern Cross Insurance,4740,Mackay QLD,Q-S,Strata,12903648,None,88305.46,2025-09-02,2026-09-02
POL-001717,Southern Cross Insurance,4870,Cairns QLD,T-W,Home,541469,Roof Tie-Down,4449.53,2023-11-04,2024-11-03
POL-001718,Outback Assurance Group,4740,Mackay QLD,Q-S,Home,769419,None,4519.95,2024-01-27,2025-01-26
POL-001719,Southern Cross Insurance,4737,Bowen QLD,Q-S,Home,443385,Shutters Installed,2528.06,2024-06-29,2025-06-29
POL-001720,Coral Coast Mutual,6721,Port Hedland WA,T-W,Home,277254,None,2849.92,2025-02-11,2026-02-11
POL-001721,Pacific Rim Insurance,6000,Perth WA,B-F,SME,514693,None,896.98,2025-04-29,2026-04-29
POL-001722,Outback Assurance Group,4879,Innisfail QLD,T-W,SME,639572,None,6449.48,2024-07-20,2025-07-20
POL-001723,Pacific Rim Insurance,6721,Port Hedland WA,T-W,SME,2344070,None,21929.45,2025-01-06,2026-01-06
POL-001724,Northbeam General,4720,Charters Towers QLD,L-P,Home,740033,None,3260.83,2025-08-04,2026-08-04
POL-001725,Northbeam General,0810,Darwin NT,T-W,Strata,13452106,Shutters Installed,118423.09,2023-03-29,2024-03-28
POL-001726,Coral Coast Mutual,4825,Cloncurry QLD,B-F,Home,290481,None,534.95,2024-01-06,2025-01-05
POL-001727,Pacific Rim Insurance,6000,Perth WA,B-F,SME,2950133,None,4792.32,2023-11-11,2024-11-10
POL-001728,Southern Cross Insurance,6714,Karratha WA,T-W,SME,2261468,None,21323.78,2024-03-26,2025-03-26
POL-001729,Pacific Rim Insurance,4737,Bowen QLD,Q-S,Home,833646,Elevated Slab,4345.98,2023-03-01,2024-02-29
POL-001730,Northbeam General,4825,Mount Isa QLD,B-F,Home,579280,None,1137.23,2024-03-27,2025-03-27
POL-001731,Northbeam General,6000,Perth WA,B-F,SME,2475882,Shutters Installed,3505.68,2024-10-07,2025-10-07
POL-001732,Northbeam General,0810,Darwin NT,T-W,SME,1375899,None,12063.12,2023-02-09,2024-02-09
POL-001733,Southern Cross Insurance,4720,Charters Towers QLD,L-P,SME,575974,None,2444.93,2023-08-22,2024-08-21
POL-001734,Pacific Rim Insurance,6000,Perth WA,B-F,Strata,7927978,Roof Tie-Down,12227.92,2023-02-15,2024-02-15
POL-001735,Northbeam General,4350,Toowoomba QLD,B-F,Home,715371,Roof Tie-Down,1009.84,2023-03-21,2024-03-20
POL-001736,Coral Coast Mutual,4703,Rockhampton QLD,Q-S,Home,686175,Elevated Slab,3466.14,2024-03-12,2025-03-12
POL-001737,Coral Coast Mutual,0810,Darwin NT,T-W,Home,627788,None,5767.16,2024-02-22,2025-02-21
POL-001738,Coral Coast Mutual,0850,Alice Springs NT,B-F,Strata,2522734,Shutters Installed,3597.56,2023-02-15,2024-02-15
POL-001739,Pacific Rim Insurance,0810,Darwin NT,T-W,Strata,12217964,Roof Tie-Down,92966.97,2023-11-17,2024-11-16
POL-001740,Southern Cross Insurance,4720,Charters Towers QLD,L-P,SME,1301224,None,5332.71,2024-08-19,2025-08-19
POL-001741,Northbeam General,0810,Darwin NT,T-W,Home,332255,None,3443.77,2025-09-08,2026-09-08
POL-001742,Southern Cross Insurance,4802,Townsville QLD,T-W,Home,824863,None,8202.86,2024-07-05,2025-07-05
POL-001743,Coral Coast Mutual,4720,Charters Towers QLD,L-P,SME,2599694,None,10963.12,2023-11-21,2024-11-20
POL-001744,Coral Coast Mutual,4703,Rockhampton QLD,Q-S,SME,1423531,Shutters Installed,7595.53,2025-03-29,2026-03-29
POL-001745,Outback Assurance Group,4350,Toowoomba QLD,B-F,Home,371023,None,693.63,2024-03-31,2025-03-31
POL-001746,Outback Assurance Group,4680,Gladstone QLD,L-P,Home,330157,None,1501.65,2024-10-31,2025-10-31
POL-001747,Northbeam General,4810,Townsville QLD,T-W,Home,490924,None,4728.46,2025-04-26,2026-04-26
POL-001748,Coral Coast Mutual,4825,Cloncurry QLD,B-F,Home,863160,None,1605.24,2024-09-12,2025-09-12
POL-001749,Pacific Rim Insurance,6721,Port Hedland WA,T-W,Home,678346,Roof Tie-Down,5391.12,2023-06-01,2024-05-31
POL-001750,Northbeam General,0850,Alice Springs NT,B-F,Home,438655,None,849.02,2023-01-16,2024-01-16
POL-001751,Southern Cross Insurance,0800,Darwin NT,T-W,Home,742684,None,7398.19,2023-05-10,2024-05-09
POL-001752,Pacific Rim Insurance,4879,Innisfail QLD,T-W,Home,326561,Roof Tie-Down,2443.1,2025-06-06,2026-06-06
POL-001753,Coral Coast Mutual,4655,Hervey Bay QLD,L-P,Strata,8749767,Elevated Slab,32466.95,2023-09-05,2024-09-04
POL-001754,Southern Cross Insurance,0800,Darwin NT,T-W,Home,602993,None,5833.24,2024-09-23,2025-09-23
POL-001755,Outback Assurance Group,4740,Mackay QLD,Q-S,Home,720700,None,5069.31,2024-10-07,2025-10-07
POL-001756,Pacific Rim Insurance,4879,Innisfail QLD,T-W,Home,391144,None,3889.36,2025-01-11,2026-01-11
POL-001757,Outback Assurance Group,4720,Charters Towers QLD,L-P,Home,872385,None,3732.2,2024-11-21,2025-11-21
POL-001758,Southern Cross Insurance,4655,Hervey Bay QLD,L-P,Home,866647,Roof Tie-Down,2957.36,2025-03-02,2026-03-02
POL-001759,Pacific Rim Insurance,4350,Toowoomba QLD,B-F,Home,841534,Shutters Installed,1292.1,2024-06-21,2025-06-21
POL-001760,Northbeam General,4720,Charters Towers QLD,L-P,SME,1753921,Elevated Slab,6116.32,2025-02-14,2026-02-14
POL-001761,Pacific Rim Insurance,0810,Darwin NT,T-W,Home,470914,None,4411.53,2023-10-12,2024-10-11
POL-001762,Outback Assurance Group,4810,Townsville QLD,T-W,Home,423636,Shutters Installed,3159.88,2023-10-08,2024-10-07
POL-001763,Southern Cross Insurance,4737,Bowen QLD,Q-S,Home,522031,Roof Tie-Down,3166.19,2025-02-10,2026-02-10
POL-001764,Northbeam General,4350,Toowoomba QLD,B-F,SME,1267562,Roof Tie-Down,1959.6,2024-06-04,2025-06-04
POL-001765,Southern Cross Insurance,4870,Cairns QLD,T-W,Home,816052,Roof Tie-Down,6639.59,2023-07-19,2024-07-18
POL-001766,Pacific Rim Insurance,0850,Alice Springs NT,B-F,SME,1252034,Roof Tie-Down,1832.03,2025-08-28,2026-08-28
POL-001767,Southern Cross Insurance,4879,Innisfail QLD,T-W,SME,2303582,None,20986.53,2023-04-23,2024-04-22
POL-001768,Southern Cross Insurance,4737,Bowen QLD,Q-S,SME,764333,None,5330.35,2023-10-13,2024-10-12
POL-001769,Northbeam General,4680,Gladstone QLD,L-P,SME,1332988,None,5853.13,2023-12-01,2024-11-30
POL-001770,Coral Coast Mutual,4720,Charters Towers QLD,L-P,Home,787756,None,3422.44,2023-03-17,2024-03-16
POL-001771,Pacific Rim Insurance,4740,Mackay QLD,Q-S,Home,796619,None,4989.05,2025-05-11,2026-05-11
POL-001772,Northbeam General,4740,Mackay QLD,Q-S,Strata,6125747,None,36925.62,2024-01-21,2025-01-20
POL-001773,Northbeam General,4703,Rockhampton QLD,Q-S,Home,446193,Roof Tie-Down,2580.37,2023-10-17,2024-10-16
POL-001774,Northbeam General,4703,Rockhampton QLD,Q-S,Home,791386,Roof Tie-Down,4684.73,2025-02-06,2026-02-06
POL-001775,Southern Cross Insurance,4870,Cairns QLD,T-W,Home,890907,None,7970.27,2023-07-02,2024-07-01
POL-001776,Outback Assurance Group,4879,Innisfail QLD,T-W,SME,2849049,None,25629.93,2023-12-24,2024-12-23
POL-001777,Coral Coast Mutual,4720,Charters Towers QLD,L-P,SME,1658713,Roof Tie-Down,6325.09,2025-06-15,2026-06-15
POL-001778,Coral Coast Mutual,0850,Alice Springs NT,B-F,Home,876882,None,1533.29,2024-05-07,2025-05-07
POL-001779,Coral Coast Mutual,0800,Darwin NT,T-W,Home,551225,None,5152.43,2024-04-02,2025-04-02
POL-001780,Southern Cross Insurance,4350,Toowoomba QLD,B-F,SME,2349243,Roof Tie-Down,3922.37,2024-11-07,2025-11-07
POL-001781,Outback Assurance Group,4680,Gladstone QLD,L-P,SME,2428947,None,10895.53,2025-06-03,2026-06-03
POL-001782,Outback Assurance Group,4810,Townsville QLD,T-W,Home,555062,Shutters Installed,4274.09,2023-08-09,2024-08-08
POL-001783,Outback Assurance Group,4740,Mackay QLD,Q-S,Home,583046,Shutters Installed,3164.14,2025-04-08,2026-04-08
POL-001784,Coral Coast Mutual,4879,Innisfail QLD,T-W,Home,531351,None,5033.2,2023-08-13,2024-08-12
POL-001785,Northbeam General,4740,Mackay QLD,Q-S,Home,850315,Elevated Slab,5050.92,2024-07-02,2025-07-02
POL-001786,Southern Cross Insurance,0800,Darwin NT,T-W,Strata,7531182,None,66240.58,2024-07-06,2025-07-06
POL-001787,Pacific Rim Insurance,4870,Cairns QLD,T-W,SME,1797911,Roof Tie-Down,15715.09,2025-02-24,2026-02-24
POL-001788,Pacific Rim Insurance,4825,Mount Isa QLD,B-F,SME,1918748,None,3478.25,2023-06-10,2024-06-09
POL-001789,Outback Assurance Group,4655,Hervey Bay QLD,L-P,SME,1076978,Shutters Installed,4160.59,2023-12-06,2024-12-05
POL-001790,Pacific Rim Insurance,4703,Rockhampton QLD,Q-S,Home,264303,Shutters Installed,1324.78,2023-01-21,2024-01-21
POL-001791,Southern Cross Insurance,0800,Darwin NT,T-W,Home,294339,None,2604.37,2023-11-05,2024-11-04
POL-001792,Outback Assurance Group,4350,Toowoomba QLD,B-F,Home,285418,None,490.37,2023-05-07,2024-05-06
POL-001793,Southern Cross Insurance,4655,Hervey Bay QLD,L-P,Home,533114,None,2401.18,2023-03-20,2024-03-19
POL-001794,Pacific Rim Insurance,4720,Charters Towers QLD,L-P,SME,2142230,None,8133.9,2025-01-30,2026-01-30
POL-001795,Pacific Rim Insurance,4810,Townsville QLD,T-W,Strata,11868287,Roof Tie-Down,101445.15,2023-07-18,2024-07-17
POL-001796,Northbeam General,6721,Port Hedland WA,T-W,SME,498280,Elevated Slab,3864.4,2024-04-14,2025-04-14
POL-001797,Southern Cross Insurance,0800,Darwin NT,T-W,Home,744299,None,6896.3,2024-03-15,2025-03-15
POL-001798,Pacific Rim Insurance,4350,Toowoomba QLD,B-F,Strata,10109259,None,17412.11,2024-12-20,2025-12-20
POL-001799,Coral Coast Mutual,4720,Charters Towers QLD,L-P,Home,771178,Roof Tie-Down,2878.4,2025-09-01,2026-09-01
POL-001800,Northbeam General,4825,Cloncurry QLD,B-F,SME,2823802,None,5565.91,2024-02-11,2025-02-10
POL-001801,Southern Cross Insurance,4737,Bowen QLD,Q-S,Home,575698,None,3616.63,2025-04-09,2026-04-09
POL-001802,Northbeam General,0800,Darwin NT,T-W,Home,763604,Shutters Installed,6281.3,2023-03-27,2024-03-26
POL-001803,Outback Assurance Group,4655,Hervey Bay QLD,L-P,Home,844164,None,3730.27,2023-03-02,2024-03-01
POL-001804,Pacific Rim Insurance,6000,Perth WA,B-F,Home,407928,None,666.2,2024-12-06,2025-12-06
POL-001805,Outback Assurance Group,4810,Townsville QLD,T-W,Home,469387,Roof Tie-Down,3983.63,2025-03-24,2026-03-24
POL-001806,Outback Assurance Group,4825,Cloncurry QLD,B-F,Home,497190,None,863.05,2024-12-26,2025-12-26
POL-001807,Southern Cross Insurance,4720,Charters Towers QLD,L-P,Home,335390,None,1527.31,2024-03-11,2025-03-11
POL-001808,Northbeam General,4655,Hervey Bay QLD,L-P,Home,795195,Roof Tie-Down,2979.74,2023-06-20,2024-06-19
POL-001809,Pacific Rim Insurance,4737,Bowen QLD,Q-S,SME,2179149,Roof Tie-Down,12028.2,2024-10-03,2025-10-03
POL-001810,Southern Cross Insurance,0850,Alice Springs NT,B-F,Home,688459,None,1214.29,2023-10-31,2024-10-30
POL-001811,Pacific Rim Insurance,4879,Innisfail QLD,T-W,Strata,13352859,None,121045.06,2023-11-27,2024-11-26
POL-001812,Pacific Rim Insurance,4680,Gladstone QLD,L-P,Home,554293,Roof Tie-Down,1988.03,2023-07-29,2024-07-28
POL-001813,Northbeam General,4680,Gladstone QLD,L-P,Home,735365,Shutters Installed,2473.31,2023-12-05,2024-12-04
POL-001814,Northbeam General,4700,Rockhampton QLD,Q-S,Home,260298,None,1630.24,2023-07-03,2024-07-02
POL-001815,Southern Cross Insurance,0850,Alice Springs NT,B-F,Home,576988,None,1080.43,2023-07-24,2024-07-23
POL-001816,Coral Coast Mutual,4825,Cloncurry QLD,B-F,Home,741461,Roof Tie-Down,1155.87,2023-03-10,2024-03-09
POL-001817,Coral Coast Mutual,4825,Cloncurry QLD,B-F,SME,459263,Shutters Installed,762.8,2023-10-09,2024-10-08
POL-001818,Pacific Rim Insurance,4879,Innisfail QLD,T-W,Home,672857,Shutters Installed,5905.27,2024-07-28,2025-07-28
POL-001819,Pacific Rim Insurance,4703,Rockhampton QLD,Q-S,Home,476955,Roof Tie-Down,2519.22,2023-09-27,2024-09-26
POL-001820,Pacific Rim Insurance,0800,Darwin NT,T-W,Home,651548,None,5979.45,2025-03-01,2026-03-01
POL-001821,Northbeam General,4810,Townsville QLD,T-W,Home,895804,None,8796.92,2024-04-29,2025-04-29
POL-001822,Pacific Rim Insurance,4700,Rockhampton QLD,Q-S,Home,476957,Shutters Installed,2419.81,2025-04-02,2026-04-02
POL-001823,Southern Cross Insurance,0810,Darwin NT,T-W,Home,250258,None,2293.45,2025-07-06,2026-07-06
POL-001824,Southern Cross Insurance,0810,Darwin NT,T-W,Home,744601,Elevated Slab,5804.72,2024-05-27,2025-05-27
POL-001825,Coral Coast Mutual,4350,Toowoomba QLD,B-F,Home,654257,Elevated Slab,1042.3,2023-12-30,2024-12-29
POL-001826,Northbeam General,4720,Charters Towers QLD,L-P,Home,884787,Roof Tie-Down,3374.86,2025-09-05,2026-09-05
POL-001827,Coral Coast Mutual,6000,Perth WA,B-F,SME,2750848,None,4893.74,2024-12-12,2025-12-12
POL-001828,Coral Coast Mutual,0800,Darwin NT,T-W,Home,615093,Elevated Slab,4647.02,2025-06-05,2026-06-05
POL-001829,Northbeam General,4737,Bowen QLD,Q-S,SME,2178711,Shutters Installed,11348.31,2024-07-27,2025-07-27
POL-001830,Pacific Rim Insurance,4655,Hervey Bay QLD,L-P,Home,261190,None,1030.26,2024-01-05,2025-01-04
POL-001831,Coral Coast Mutual,4703,Rockhampton QLD,Q-S,Home,348679,Shutters Installed,2084.82,2025-07-26,2026-07-26
POL-001832,Outback Assurance Group,4720,Charters Towers QLD,L-P,Strata,2562509,None,11079.43,2024-10-19,2025-10-19
POL-001833,Pacific Rim Insurance,4655,Hervey Bay QLD,L-P,Home,515329,None,2066.63,2023-02-28,2024-02-28
POL-001834,Northbeam General,4870,Cairns QLD,T-W,SME,2948233,None,28748.98,2024-05-17,2025-05-17
POL-001835,Coral Coast Mutual,0850,Alice Springs NT,B-F,SME,2688359,None,5136.58,2023-02-09,2024-02-09
POL-001836,Southern Cross Insurance,4870,Cairns QLD,T-W,Home,435501,None,4444.17,2023-05-15,2024-05-14
POL-001837,Coral Coast Mutual,4879,Innisfail QLD,T-W,SME,2259662,Roof Tie-Down,18748.48,2023-03-05,2024-03-04
POL-001838,Southern Cross Insurance,0800,Darwin NT,T-W,SME,1214459,Shutters Installed,10110.97,2025-01-25,2026-01-25
POL-001839,Pacific Rim Insurance,6714,Karratha WA,T-W,SME,1727414,None,17715.84,2023-06-23,2024-06-22
POL-001840,Southern Cross Insurance,4680,Gladstone QLD,L-P,Home,672757,None,2778.32,2024-11-14,2025-11-14
POL-001841,Northbeam General,4825,Mount Isa QLD,B-F,Home,404679,None,761.78,2023-03-27,2024-03-26
POL-001842,Southern Cross Insurance,4737,Bowen QLD,Q-S,Home,780019,None,4978.1,2024-10-12,2025-10-12
POL-001843,Southern Cross Insurance,6721,Port Hedland WA,T-W,Home,608038,Elevated Slab,4876.77,2025-05-06,2026-05-06
POL-001844,Northbeam General,4802,Townsville QLD,T-W,Strata,3519373,Roof Tie-Down,26614.34,2023-03-30,2024-03-29
POL-001845,Coral Coast Mutual,6714,Karratha WA,T-W,Home,427561,None,4296.39,2023-08-11,2024-08-10
POL-001846,Northbeam General,4737,Bowen QLD,Q-S,Home,508717,None,3179.54,2024-11-28,2025-11-28
POL-001847,Pacific Rim Insurance,0810,Darwin NT,T-W,Home,551021,Elevated Slab,4162.95,2023-05-24,2024-05-23
POL-001848,Coral Coast Mutual,6714,Karratha WA,T-W,Home,536050,None,5483.14,2023-07-01,2024-06-30
POL-001849,Coral Coast Mutual,6000,Perth WA,B-F,SME,2454729,Shutters Installed,3646.93,2024-01-08,2025-01-07
POL-001850,Pacific Rim Insurance,4720,Charters Towers QLD,L-P,Home,428755,None,1633.92,2025-05-04,2026-05-04
POL-001851,Coral Coast Mutual,4655,Hervey Bay QLD,L-P,Home,704928,None,2870.05,2025-04-10,2026-04-10
POL-001852,Coral Coast Mutual,4703,Rockhampton QLD,Q-S,Home,828406,None,5739.87,2025-03-24,2026-03-24
POL-001853,Southern Cross Insurance,4825,Mount Isa QLD,B-F,Home,478856,Shutters Installed,727.92,2023-02-02,2024-02-02
POL-001854,Coral Coast Mutual,4720,Charters Towers QLD,L-P,SME,986427,Roof Tie-Down,3498.48,2023-11-27,2024-11-26
POL-001855,Coral Coast Mutual,4802,Townsville QLD,T-W,Home,285494,None,2615.84,2023-04-18,2024-04-17
POL-001856,Northbeam General,4870,Cairns QLD,T-W,Home,603026,None,5898.18,2023-04-13,2024-04-12
POL-001857,Pacific Rim Insurance,4680,Gladstone QLD,L-P,Home,445203,None,1964.11,2024-03-25,2025-03-25
POL-001858,Coral Coast Mutual,4737,Bowen QLD,Q-S,Home,668731,None,4323.78,2023-09-07,2024-09-06
POL-001859,Northbeam General,4680,Gladstone QLD,L-P,Home,670639,None,2704.11,2025-09-21,2026-09-21
POL-001860,Pacific Rim Insurance,4720,Charters Towers QLD,L-P,Home,532445,Elevated Slab,2073.42,2024-02-15,2025-02-14
POL-001861,Pacific Rim Insurance,4870,Cairns QLD,T-W,Home,565183,Roof Tie-Down,4916.73,2025-09-15,2026-09-15
POL-001862,Southern Cross Insurance,4703,Rockhampton QLD,Q-S,Strata,4341247,None,26129.35,2023-12-08,2024-12-07
POL-001863,Outback Assurance Group,4825,Mount Isa QLD,B-F,Home,612914,None,1094.14,2023-06-19,2024-06-18
POL-001864,Northbeam General,4870,Cairns QLD,T-W,SME,1121707,Shutters Installed,8697.8,2023-03-24,2024-03-23
POL-001865,Coral Coast Mutual,4350,Toowoomba QLD,B-F,SME,1426482,Elevated Slab,2031.55,2024-07-22,2025-07-22
POL-001866,Northbeam General,4870,Cairns QLD,T-W,Home,743670,Shutters Installed,6064.98,2024-02-08,2025-02-07
POL-001867,Outback Assurance Group,0850,Alice Springs NT,B-F,SME,1418133,None,2686.94,2023-04-09,2024-04-08
POL-001868,Coral Coast Mutual,0810,Darwin NT,T-W,Home,669308,None,6705.93,2025-07-08,2026-07-08
POL-001869,Pacific Rim Insurance,4879,Innisfail QLD,T-W,Home,613716,None,5816.67,2025-01-28,2026-01-28
POL-001870,Pacific Rim Insurance,4870,Cairns QLD,T-W,Home,496580,None,4594.04,2023-12-15,2024-12-14
POL-001871,Outback Assurance Group,4870,Cairns QLD,T-W,Home,331023,None,3236.28,2023-05-22,2024-05-21
POL-001872,Northbeam General,4703,Rockhampton QLD,Q-S,Home,347360,Shutters Installed,1857.59,2024-10-31,2025-10-31
POL-001873,Outback Assurance Group,4879,Innisfail QLD,T-W,Home,754000,Shutters Installed,5522.1,2025-09-08,2026-09-08
POL-001874,Coral Coast Mutual,4700,Rockhampton QLD,Q-S,Home,361600,None,2333.91,2023-03-26,2024-03-25
POL-001875,Pacific Rim Insurance,0800,Darwin NT,T-W,SME,451273,Elevated Slab,3396.88,2023-05-12,2024-05-11
POL-001876,Outback Assurance Group,4720,Charters Towers QLD,L-P,Home,759754,None,3289.13,2024-11-17,2025-11-17
POL-001877,Pacific Rim Insurance,4879,Innisfail QLD,T-W,SME,1484852,Shutters Installed,12570.66,2023-04-29,2024-04-28
POL-001878,Coral Coast Mutual,4737,Bowen QLD,Q-S,Home,601339,None,4177.75,2025-09-22,2026-09-22
POL-001879,Southern Cross Insurance,0800,Darwin NT,T-W,SME,2630160,None,26283.87,2025-06-10,2026-06-10
POL-001880,Pacific Rim Insurance,0810,Darwin NT,T-W,Home,868820,None,7854.04,2024-06-11,2025-06-11
POL-001881,Outback Assurance Group,4737,Bowen QLD,Q-S,Home,291779,None,1753.01,2024-05-16,2025-05-16
POL-001882,Coral Coast Mutual,4680,Gladstone QLD,L-P,Home,637235,None,2543.81,2023-12-12,2024-12-11
POL-001883,Coral Coast Mutual,4870,Cairns QLD,T-W,Home,624221,Roof Tie-Down,4956.97,2024-04-02,2025-04-02
POL-001884,Outback Assurance Group,6721,Port Hedland WA,T-W,Home,624597,None,6208.88,2024-06-28,2025-06-28
POL-001885,Outback Assurance Group,4350,Toowoomba QLD,B-F,Home,382177,None,719.12,2024-10-10,2025-10-10
POL-001886,Pacific Rim Insurance,4879,Innisfail QLD,T-W,SME,2321120,Shutters Installed,19451.5,2023-09-07,2024-09-06
POL-001887,Southern Cross Insurance,4802,Townsville QLD,T-W,Home,640904,Roof Tie-Down,4697.4,2024-09-15,2025-09-15
POL-001888,Coral Coast Mutual,4655,Hervey Bay QLD,L-P,Home,604180,None,2754.49,2025-02-06,2026-02-06
POL-001889,Southern Cross Insurance,4879,Innisfail QLD,T-W,Home,519335,Roof Tie-Down,4379.49,2025-01-30,2026-01-30
POL-001890,Pacific Rim Insurance,4879,Innisfail QLD,T-W,Strata,11578030,None,104733.17,2023-11-07,2024-11-06
POL-001891,Northbeam General,4720,Charters Towers QLD,L-P,Home,301203,None,1233.23,2024-04-29,2025-04-29
POL-001892,Southern Cross Insurance,4879,Innisfail QLD,T-W,Home,444734,None,4036.42,2024-11-18,2025-11-18
POL-001893,Northbeam General,4810,Townsville QLD,T-W,Home,548752,Roof Tie-Down,4229.71,2024-02-21,2025-02-20
POL-001894,Coral Coast Mutual,4870,Cairns QLD,T-W,SME,1552463,None,14061.28,2024-09-05,2025-09-05
POL-001895,Coral Coast Mutual,0800,Darwin NT,T-W,Home,590377,Roof Tie-Down,4501.33,2024-09-18,2025-09-18
POL-001896,Outback Assurance Group,4810,Townsville QLD,T-W,SME,2896578,None,26575.03,2024-02-03,2025-02-02
POL-001897,Outback Assurance Group,4825,Cloncurry QLD,B-F,Home,613191,Shutters Installed,998.72,2023-06-05,2024-06-04
POL-001898,Pacific Rim Insurance,0850,Alice Springs NT,B-F,Home,659008,None,1128.25,2023-02-03,2024-02-03
POL-001899,Pacific Rim Insurance,4825,Mount Isa QLD,B-F,Home,612072,None,1009.87,2025-02-04,2026-02-04
POL-001900,Northbeam General,4680,Gladstone QLD,L-P,Home,723431,None,3144.45,2023-01-31,2024-01-31
POL-001901,Southern Cross Insurance,4810,Townsville QLD,T-W,Home,842332,None,7892.57,2025-02-22,2026-02-22
POL-001902,Northbeam General,6721,Port Hedland WA,T-W,Home,496120,None,4595.58,2024-07-04,2025-07-04
POL-001903,Southern Cross Insurance,4655,Hervey Bay QLD,L-P,Home,351690,None,1446.3,2023-08-05,2024-08-04
POL-001904,Northbeam General,4802,Townsville QLD,T-W,Home,670601,None,6434.51,2023-12-27,2024-12-26
POL-001905,Coral Coast Mutual,4879,Innisfail QLD,T-W,Strata,14926839,Shutters Installed,117235.8,2023-04-19,2024-04-18
POL-001906,Coral Coast Mutual,4720,Charters Towers QLD,L-P,Home,673589,Elevated Slab,2402.23,2024-04-20,2025-04-20
POL-001907,Coral Coast Mutual,4737,Bowen QLD,Q-S,Home,669487,None,4167.51,2024-06-29,2025-06-29
POL-001908,Outback Assurance Group,4737,Bowen QLD,Q-S,SME,812396,None,5157.38,2024-10-30,2025-10-30
POL-001909,Pacific Rim Insurance,4879,Innisfail QLD,T-W,Home,898938,None,8068.84,2024-09-16,2025-09-16
POL-001910,Coral Coast Mutual,4720,Charters Towers QLD,L-P,Strata,14283405,None,58895.78,2023-01-24,2024-01-24
POL-001911,Coral Coast Mutual,4810,Townsville QLD,T-W,Home,744837,None,7336.86,2025-09-01,2026-09-01
POL-001912,Northbeam General,4870,Cairns QLD,T-W,SME,2033007,None,19514.65,2025-06-03,2026-06-03
POL-001913,Northbeam General,4700,Rockhampton QLD,Q-S,Home,500940,None,3044.6,2025-08-17,2026-08-17
POL-001914,Outback Assurance Group,6714,Karratha WA,T-W,Home,282390,Roof Tie-Down,2146.68,2024-04-17,2025-04-17
POL-001915,Outback Assurance Group,4350,Toowoomba QLD,B-F,SME,1414533,Elevated Slab,2292.68,2025-09-23,2026-09-23
POL-001916,Northbeam General,4720,Charters Towers QLD,L-P,Home,597350,None,2695.57,2025-07-19,2026-07-19
POL-001917,Outback Assurance Group,4350,Toowoomba QLD,B-F,Home,257217,None,486.01,2024-11-29,2025-11-29
POL-001918,Coral Coast Mutual,4720,Charters Towers QLD,L-P,Strata,3180539,None,14114.46,2025-09-07,2026-09-07
POL-001919,Outback Assurance Group,4825,Cloncurry QLD,B-F,Home,810118,None,1520.85,2024-03-25,2025-03-25
POL-001920,Pacific Rim Insurance,4740,Mackay QLD,Q-S,Home,291844,Elevated Slab,1568.38,2025-01-03,2026-01-03
POL-001921,Pacific Rim Insurance,4737,Bowen QLD,Q-S,Home,403075,Roof Tie-Down,2381.57,2025-02-15,2026-02-15
POL-001922,Outback Assurance Group,0800,Darwin NT,T-W,SME,1825369,Elevated Slab,13684.33,2023-09-06,2024-09-05
POL-001923,Outback Assurance Group,4703,Rockhampton QLD,Q-S,Home,327667,Shutters Installed,1795.24,2024-12-27,2025-12-27
POL-001924,Coral Coast Mutual,4350,Toowoomba QLD,B-F,SME,2265089,Shutters Installed,3348.21,2024-04-06,2025-04-06
POL-001925,Southern Cross Insurance,4802,Townsville QLD,T-W,Home,396822,Roof Tie-Down,2978.77,2023-10-23,2024-10-22
POL-001926,Northbeam General,4350,Toowoomba QLD,B-F,SME,1621458,None,2805.77,2025-01-03,2026-01-03
POL-001927,Northbeam General,4802,Townsville QLD,T-W,Home,711229,None,6990.83,2023-06-08,2024-06-07
POL-001928,Northbeam General,0810,Darwin NT,T-W,Home,519804,None,5073.21,2023-01-29,2024-01-29
POL-001929,Pacific Rim Insurance,4802,Townsville QLD,T-W,Home,522022,None,4824.48,2024-06-04,2025-06-04
POL-001930,Pacific Rim Insurance,4655,Hervey Bay QLD,L-P,Home,610934,None,2639.75,2024-08-24,2025-08-24
POL-001931,Pacific Rim Insurance,6714,Karratha WA,T-W,Home,758817,Elevated Slab,6309.28,2025-06-10,2026-06-10
POL-001932,Coral Coast Mutual,0850,Alice Springs NT,B-F,Home,264923,None,492.95,2023-03-08,2024-03-07
POL-001933,Southern Cross Insurance,4350,Toowoomba QLD,B-F,Home,541835,Shutters Installed,847.02,2025-01-16,2026-01-16
POL-001934,Pacific Rim Insurance,4703,Rockhampton QLD,Q-S,Home,262793,None,1824.3,2025-05-16,2026-05-16
POL-001935,Coral Coast Mutual,4350,Toowoomba QLD,B-F,SME,537743,Elevated Slab,806.04,2023-04-12,2024-04-11
POL-001936,Southern Cross Insurance,4720,Charters Towers QLD,L-P,Home,810730,None,3641.11,2024-07-04,2025-07-04
POL-001937,Northbeam General,4740,Mackay QLD,Q-S,Home,506578,None,3132.12,2025-01-27,2026-01-27
POL-001938,Coral Coast Mutual,4350,Toowoomba QLD,B-F,Home,436049,None,712.72,2024-09-15,2025-09-15
POL-001939,Pacific Rim Insurance,4825,Cloncurry QLD,B-F,Home,316761,None,616.48,2023-05-16,2024-05-15
POL-001940,Outback Assurance Group,6721,Port Hedland WA,T-W,Home,864127,Shutters Installed,7343.02,2024-05-03,2025-05-03
POL-001941,Northbeam General,0800,Darwin NT,T-W,Home,584347,None,5873.29,2023-03-16,2024-03-15
POL-001942,Northbeam General,0850,Alice Springs NT,B-F,Home,456984,Roof Tie-Down,643.23,2024-08-26,2025-08-26
POL-001943,Southern Cross Insurance,4810,Townsville QLD,T-W,Home,859970,None,8054.94,2025-07-15,2026-07-15
POL-001944,Coral Coast Mutual,4737,Bowen QLD,Q-S,SME,2977036,Roof Tie-Down,17288.76,2023-01-01,2024-01-01
POL-001945,Pacific Rim Insurance,4879,Innisfail QLD,T-W,Home,435107,None,3991.85,2024-05-09,2025-05-09
POL-001946,Pacific Rim Insurance,6721,Port Hedland WA,T-W,Strata,10928667,Shutters Installed,83819.28,2023-10-09,2024-10-08
POL-001947,Pacific Rim Insurance,4720,Charters Towers QLD,L-P,Home,441029,Elevated Slab,1570.56,2023-11-23,2024-11-22
POL-001948,Outback Assurance Group,0850,Alice Springs NT,B-F,Home,703000,Roof Tie-Down,1112.8,2023-04-07,2024-04-06
POL-001949,Northbeam General,6714,Karratha WA,T-W,Home,441528,None,3937.47,2023-04-22,2024-04-21
POL-001950,Coral Coast Mutual,4703,Rockhampton QLD,Q-S,Home,806164,Shutters Installed,4429.0,2024-12-02,2025-12-02
POL-001951,Outback Assurance Group,4810,Townsville QLD,T-W,Home,589492,None,5215.32,2025-02-23,2026-02-23
POL-001952,Outback Assurance Group,4700,Rockhampton QLD,Q-S,SME,1059062,None,6643.9,2024-06-12,2025-06-12
POL-001953,Outback Assurance Group,4810,Townsville QLD,T-W,SME,1529874,None,13745.27,2023-09-27,2024-09-26
POL-001954,Outback Assurance Group,6721,Port Hedland WA,T-W,Home,621126,Shutters Installed,5345.85,2023-11-19,2024-11-18
POL-001955,Outback Assurance Group,6721,Port Hedland WA,T-W,Home,687385,Elevated Slab,5001.87,2025-08-20,2026-08-20
POL-001956,Coral Coast Mutual,4740,Mackay QLD,Q-S,Strata,4347640,Elevated Slab,26302.61,2025-02-24,2026-02-24
POL-001957,Southern Cross Insurance,4870,Cairns QLD,T-W,SME,1473445,Shutters Installed,11409.76,2024-01-18,2025-01-17
POL-001958,Northbeam General,6714,Karratha WA,T-W,Home,835176,Elevated Slab,6824.94,2023-07-24,2024-07-23
POL-001959,Coral Coast Mutual,4810,Townsville QLD,T-W,Home,362024,None,3146.5,2023-06-14,2024-06-13
POL-001960,Outback Assurance Group,0850,Alice Springs NT,B-F,Strata,2771751,None,5269.77,2024-02-04,2025-02-03
POL-001961,Coral Coast Mutual,4350,Toowoomba QLD,B-F,Home,643235,None,1055.78,2023-02-27,2024-02-27
POL-001962,Southern Cross Insurance,6000,Perth WA,B-F,Home,548042,Elevated Slab,773.27,2023-05-18,2024-05-17
POL-001963,Coral Coast Mutual,6714,Karratha WA,T-W,Strata,4546321,None,46420.24,2024-08-26,2025-08-26
POL-001964,Coral Coast Mutual,4802,Townsville QLD,T-W,Home,507138,Roof Tie-Down,3954.14,2024-07-13,2025-07-13
POL-001965,Southern Cross Insurance,4825,Cloncurry QLD,B-F,Home,272913,Shutters Installed,387.53,2025-02-27,2026-02-27
POL-001966,Northbeam General,6714,Karratha WA,T-W,Strata,14963804,Elevated Slab,119523.87,2025-06-24,2026-06-24
POL-001967,Coral Coast Mutual,4700,Rockhampton QLD,Q-S,Home,629798,Shutters Installed,3363.42,2024-11-24,2025-11-24
POL-001968,Outback Assurance Group,6000,Perth WA,B-F,Home,397083,None,660.31,2024-02-25,2025-02-24
POL-001969,Coral Coast Mutual,4655,Hervey Bay QLD,L-P,SME,2616259,None,10021.95,2024-06-08,2025-06-08
POL-001970,Pacific Rim Insurance,4870,Cairns QLD,T-W,Home,778704,None,7949.68,2023-12-01,2024-11-30
POL-001971,Southern Cross Insurance,0850,Alice Springs NT,B-F,Home,320369,Shutters Installed,513.15,2024-08-01,2025-08-01
POL-001972,Pacific Rim Insurance,4825,Cloncurry QLD,B-F,SME,2553776,None,4915.17,2023-03-31,2024-03-30
POL-001973,Coral Coast Mutual,4737,Bowen QLD,Q-S,Home,326633,None,2236.54,2024-03-17,2025-03-17
POL-001974,Northbeam General,4737,Bowen QLD,Q-S,Home,409598,None,2742.49,2023-03-16,2024-03-15
POL-001975,Pacific Rim Insurance,4802,Townsville QLD,T-W,Home,703401,None,7202.72,2024-02-16,2025-02-15
POL-001976,Outback Assurance Group,6721,Port Hedland WA,T-W,Home,269788,None,2311.06,2023-11-27,2024-11-26
POL-001977,Northbeam General,0810,Darwin NT,T-W,Home,592485,Shutters Installed,4815.28,2024-10-31,2025-10-31
POL-001978,Northbeam General,4802,Townsville QLD,T-W,Strata,13994106,None,142708.56,2023-06-06,2024-06-05
POL-001979,Southern Cross Insurance,0810,Darwin NT,T-W,Home,277498,Roof Tie-Down,2255.77,2025-08-25,2026-08-25
POL-001980,Northbeam General,0810,Darwin NT,T-W,Home,593367,None,6054.75,2025-08-08,2026-08-08
POL-001981,Northbeam General,4703,Rockhampton QLD,Q-S,Home,534245,Roof Tie-Down,2794.07,2025-07-30,2026-07-30
POL-001982,Outback Assurance Group,4680,Gladstone QLD,L-P,Home,710996,None,2761.09,2025-08-28,2026-08-28
POL-001983,Outback Assurance Group,4870,Cairns QLD,T-W,Home,468716,None,4346.31,2024-04-02,2025-04-02
POL-001984,Northbeam General,4655,Hervey Bay QLD,L-P,Home,868887,None,3878.87,2023-04-06,2024-04-05
POL-001985,Southern Cross Insurance,4720,Charters Towers QLD,L-P,Strata,4041850,None,15831.21,2023-08-03,2024-08-02
POL-001986,Southern Cross Insurance,0850,Alice Springs NT,B-F,SME,1729089,Elevated Slab,2600.6,2023-08-04,2024-08-03
POL-001987,Southern Cross Insurance,4720,Charters Towers QLD,L-P,Home,367432,Shutters Installed,1428.45,2023-01-17,2024-01-17
POL-001988,Coral Coast Mutual,4655,Hervey Bay QLD,L-P,SME,819707,Elevated Slab,2841.3,2025-08-26,2026-08-26
POL-001989,Southern Cross Insurance,4825,Mount Isa QLD,B-F,Home,565300,None,962.46,2024-12-19,2025-12-19
POL-001990,Coral Coast Mutual,4655,Hervey Bay QLD,L-P,SME,1552242,Roof Tie-Down,5796.0,2025-07-07,2026-07-07
POL-001991,Northbeam General,4740,Mackay QLD,Q-S,Home,842004,Shutters Installed,4195.49,2024-06-15,2025-06-15
POL-001992,Coral Coast Mutual,0810,Darwin NT,T-W,SME,656613,None,6357.84,2023-08-03,2024-08-02
POL-001993,Pacific Rim Insurance,4680,Gladstone QLD,L-P,Home,689604,None,2706.58,2025-08-16,2026-08-16
POL-001994,Southern Cross Insurance,0810,Darwin NT,T-W,SME,1161747,None,10738.76,2025-08-05,2026-08-05
POL-001995,Coral Coast Mutual,4700,Rockhampton QLD,Q-S,Home,673262,Shutters Installed,3813.0,2025-07-19,2026-07-19
POL-001996,Southern Cross Insurance,4810,Townsville QLD,T-W,Home,597688,None,5142.59,2024-04-26,2025-04-26
POL-001997,Pacific Rim Insurance,0810,Darwin NT,T-W,Strata,8325627,Roof Tie-Down,70759.01,2025-01-09,2026-01-09
POL-001998,Southern Cross Insurance,4700,Rockhampton QLD,Q-S,Home,483517,Roof Tie-Down,2453.51,2023-03-09,2024-03-08
POL-001999,Pacific Rim Insurance,0850,Alice Springs NT,B-F,Home,812799,Elevated Slab,1228.76,2025-05-27,2026-05-27
POL-002000,Pacific Rim Insurance,4870,Cairns QLD,T-W,Home,519338,None,4566.84,2024-11-03,2025-11-03
POL-002001,Pacific Rim Insurance,4680,Gladstone QLD,L-P,Strata,3617294,None,15125.15,2025-02-05,2026-02-05
POL-002002,Southern Cross Insurance,4703,Rockhampton QLD,Q-S,Home,399522,None,2454.35,2023-03-26,2024-03-25
POL-002003,Coral Coast Mutual,4655,Hervey Bay QLD,L-P,Home,511912,None,2032.3,2023-07-09,2024-07-08
POL-002004,Coral Coast Mutual,6714,Karratha WA,T-W,SME,2877930,None,27449.24,2024-08-14,2025-08-14
POL-002005,Southern Cross Insurance,0810,Darwin NT,T-W,Home,402275,Elevated Slab,3299.93,2025-08-15,2026-08-15
POL-002006,Southern Cross Insurance,4655,Hervey Bay QLD,L-P,Home,441021,None,1672.36,2024-10-11,2025-10-11
POL-002007,Coral Coast Mutual,4350,Toowoomba QLD,B-F,Home,849876,Shutters Installed,1295.31,2025-05-28,2026-05-28
POL-002008,Outback Assurance Group,4703,Rockhampton QLD,Q-S,Home,855239,None,5454.16,2023-08-08,2024-08-07
POL-002009,Coral Coast Mutual,4810,Townsville QLD,T-W,Home,542872,Elevated Slab,4519.99,2024-06-10,2025-06-10
POL-002010,Pacific Rim Insurance,6714,Karratha WA,T-W,Strata,7720745,Roof Tie-Down,66172.86,2024-05-14,2025-05-14
POL-002011,Southern Cross Insurance,4737,Bowen QLD,Q-S,SME,1836024,None,12562.54,2023-09-27,2024-09-26
POL-002012,Outback Assurance Group,4680,Gladstone QLD,L-P,Home,819711,Roof Tie-Down,2707.61,2023-08-21,2024-08-20
POL-002013,Outback Assurance Group,0800,Darwin NT,T-W,Home,382434,None,3904.38,2023-11-11,2024-11-10
POL-002014,Pacific Rim Insurance,4879,Innisfail QLD,T-W,Home,779241,None,6932.88,2025-04-19,2026-04-19
POL-002015,Coral Coast Mutual,4703,Rockhampton QLD,Q-S,Home,267531,None,1634.15,2025-02-01,2026-02-01
POL-002016,Pacific Rim Insurance,4720,Charters Towers QLD,L-P,Home,806334,Roof Tie-Down,2893.03,2025-03-30,2026-03-30
POL-002017,Southern Cross Insurance,4680,Gladstone QLD,L-P,Home,806657,None,3162.15,2023-06-12,2024-06-11
POL-002018,Northbeam General,4700,Rockhampton QLD,Q-S,Home,487248,None,3384.53,2025-02-08,2026-02-08
POL-002019,Outback Assurance Group,4825,Cloncurry QLD,B-F,Strata,5392288,None,9275.98,2025-09-09,2026-09-09
POL-002020,Coral Coast Mutual,6721,Port Hedland WA,T-W,Home,691727,None,7088.9,2024-04-24,2025-04-24
POL-002021,Coral Coast Mutual,0810,Darwin NT,T-W,SME,714029,Shutters Installed,5479.03,2024-07-23,2025-07-23
POL-002022,Northbeam General,4703,Rockhampton QLD,Q-S,Strata,3120966,None,18497.93,2024-02-25,2025-02-24
POL-002023,Outback Assurance Group,0810,Darwin NT,T-W,Home,504240,Roof Tie-Down,3983.17,2023-06-13,2024-06-12
POL-002024,Coral Coast Mutual,4655,Hervey Bay QLD,L-P,Home,617428,Shutters Installed,2014.89,2025-09-13,2026-09-13
POL-002025,Northbeam General,0810,Darwin NT,T-W,SME,2857567,Roof Tie-Down,25125.47,2023-06-05,2024-06-04
POL-002026,Pacific Rim Insurance,4737,Bowen QLD,Q-S,Home,593376,Shutters Installed,2957.62,2023-05-01,2024-04-30
POL-002027,Outback Assurance Group,6721,Port Hedland WA,T-W,Home,877516,None,8288.23,2024-11-07,2025-11-07
POL-002028,Coral Coast Mutual,6721,Port Hedland WA,T-W,SME,2958675,None,27850.89,2023-03-14,2024-03-13
POL-002029,Outback Assurance Group,6000,Perth WA,B-F,Strata,6285779,Roof Tie-Down,8872.55,2024-04-22,2025-04-22
POL-002030,Pacific Rim Insurance,4802,Townsville QLD,T-W,Home,760975,None,7602.96,2023-08-19,2024-08-18
POL-002031,Outback Assurance Group,0800,Darwin NT,T-W,Home,878146,None,8951.52,2023-09-05,2024-09-04
POL-002032,Coral Coast Mutual,4879,Innisfail QLD,T-W,Home,543814,None,5519.94,2025-01-20,2026-01-20
POL-002033,Southern Cross Insurance,6000,Perth WA,B-F,Home,513453,Shutters Installed,861.48,2023-03-27,2024-03-26
POL-002034,Outback Assurance Group,0800,Darwin NT,T-W,SME,2856956,None,27113.81,2024-08-28,2025-08-28
POL-002035,Pacific Rim Insurance,6000,Perth WA,B-F,Home,761560,None,1387.44,2025-05-07,2026-05-07
POL-002036,Pacific Rim Insurance,4655,Hervey Bay QLD,L-P,Home,651171,None,2484.46,2023-04-21,2024-04-20
POL-002037,Pacific Rim Insurance,0800,Darwin NT,T-W,Home,500205,Roof Tie-Down,3926.63,2024-11-19,2025-11-19
POL-002038,Outback Assurance Group,4879,Innisfail QLD,T-W,SME,567205,None,5223.89,2025-03-18,2026-03-18
POL-002039,Outback Assurance Group,4737,Bowen QLD,Q-S,Home,668059,None,4614.36,2024-10-05,2025-10-05
POL-002040,Outback Assurance Group,4870,Cairns QLD,T-W,Home,594941,Roof Tie-Down,4418.67,2025-07-31,2026-07-31
POL-002041,Coral Coast Mutual,4870,Cairns QLD,T-W,SME,1463315,None,13508.33,2024-11-30,2025-11-30
POL-002042,Outback Assurance Group,4680,Gladstone QLD,L-P,Strata,9482755,Shutters Installed,35774.35,2023-11-29,2024-11-28
POL-002043,Coral Coast Mutual,6000,Perth WA,B-F,SME,2742425,Roof Tie-Down,4423.17,2024-07-14,2025-07-14
POL-002044,Southern Cross Insurance,4655,Hervey Bay QLD,L-P,SME,1121663,None,5035.78,2025-05-27,2026-05-27
POL-002045,Southern Cross Insurance,6714,Karratha WA,T-W,Home,488625,None,4471.61,2023-11-10,2024-11-09
POL-002046,Outback Assurance Group,4825,Mount Isa QLD,B-F,Home,771344,Shutters Installed,1213.08,2025-02-13,2026-02-13
POL-002047,Coral Coast Mutual,4703,Rockhampton QLD,Q-S,Home,617624,None,3883.68,2024-03-24,2025-03-24
POL-002048,Pacific Rim Insurance,4700,Rockhampton QLD,Q-S,Strata,3870334,Shutters Installed,20056.91,2023-11-14,2024-11-13
POL-002049,Southern Cross Insurance,4825,Cloncurry QLD,B-F,Home,436550,None,769.76,2024-12-13,2025-12-13
POL-002050,Coral Coast Mutual,4703,Rockhampton QLD,Q-S,Home,674292,None,4691.64,2023-05-30,2024-05-29
POL-002051,Coral Coast Mutual,4825,Cloncurry QLD,B-F,Home,653953,Roof Tie-Down,921.23,2025-09-06,2026-09-06
POL-002052,Northbeam General,4810,Townsville QLD,T-W,Home,485745,Roof Tie-Down,3877.31,2023-02-11,2024-02-11
POL-002053,Northbeam General,4825,Cloncurry QLD,B-F,Home,277639,None,499.2,2025-05-03,2026-05-03
POL-002054,Northbeam General,4350,Toowoomba QLD,B-F,SME,1305835,Elevated Slab,1856.23,2023-10-31,2024-10-30
POL-002055,Pacific Rim Insurance,4870,Cairns QLD,T-W,SME,2241089,None,20926.39,2024-07-18,2025-07-18
POL-002056,Outback Assurance Group,4703,Rockhampton QLD,Q-S,Home,859113,None,5472.12,2024-08-12,2025-08-12
POL-002057,Northbeam General,6000,Perth WA,B-F,SME,1505439,None,2672.57,2024-01-09,2025-01-08
POL-002058,Northbeam General,6714,Karratha WA,T-W,Home,391025,Roof Tie-Down,3044.91,2025-04-27,2026-04-27
POL-002059,Coral Coast Mutual,4825,Cloncurry QLD,B-F,Home,782103,Roof Tie-Down,1246.48,2024-07-02,2025-07-02
POL-002060,Pacific Rim Insurance,0800,Darwin NT,T-W,SME,1861055,None,18449.33,2024-10-22,2025-10-22
POL-002061,Outback Assurance Group,4350,Toowoomba QLD,B-F,Home,305785,None,546.04,2024-03-24,2025-03-24
POL-002062,Pacific Rim Insurance,4802,Townsville QLD,T-W,Home,429664,None,3691.68,2024-04-04,2025-04-04
POL-002063,Southern Cross Insurance,4740,Mackay QLD,Q-S,SME,1020254,None,6053.08,2023-12-29,2024-12-28
POL-002064,Outback Assurance Group,6000,Perth WA,B-F,Home,278916,None,523.5,2024-05-17,2025-05-17
POL-002065,Coral Coast Mutual,0810,Darwin NT,T-W,Strata,9585176,Shutters Installed,74456.38,2024-12-14,2025-12-14
POL-002066,Pacific Rim Insurance,6714,Karratha WA,T-W,Home,782629,None,8098.57,2023-05-28,2024-05-27
POL-002067,Coral Coast Mutual,4802,Townsville QLD,T-W,Home,889206,Roof Tie-Down,6538.37,2025-02-11,2026-02-11
POL-002068,Northbeam General,4802,Townsville QLD,T-W,Home,893668,None,7748.9,2024-02-28,2025-02-27
POL-002069,Outback Assurance Group,4703,Rockhampton QLD,Q-S,Home,438052,None,3038.53,2023-01-31,2024-01-31
POL-002070,Outback Assurance Group,0800,Darwin NT,T-W,Home,673158,Roof Tie-Down,5516.2,2025-08-29,2026-08-29
POL-002071,Coral Coast Mutual,4879,Innisfail QLD,T-W,Home,609971,None,5427.33,2023-11-15,2024-11-14
POL-002072,Outback Assurance Group,4700,Rockhampton QLD,Q-S,SME,2495817,None,14894.92,2023-09-24,2024-09-23
POL-002073,Southern Cross Insurance,4703,Rockhampton QLD,Q-S,Home,335530,None,2111.03,2025-02-08,2026-02-08
POL-002074,Coral Coast Mutual,4720,Charters Towers QLD,L-P,Home,313859,None,1445.29,2023-03-02,2024-03-01
POL-002075,Outback Assurance Group,0800,Darwin NT,T-W,Home,804823,None,6900.47,2023-12-01,2024-11-30
POL-002076,Northbeam General,6721,Port Hedland WA,T-W,Home,840730,None,7787.0,2023-03-13,2024-03-12
POL-002077,Southern Cross Insurance,4703,Rockhampton QLD,Q-S,Home,811212,None,4975.88,2023-12-20,2024-12-19
POL-002078,Northbeam General,0810,Darwin NT,T-W,Home,712104,None,7044.2,2025-06-19,2026-06-19
POL-002079,Pacific Rim Insurance,4720,Charters Towers QLD,L-P,Home,281815,None,1212.52,2025-08-15,2026-08-15
POL-002080,Northbeam General,0800,Darwin NT,T-W,SME,1622349,Shutters Installed,12072.8,2024-11-30,2025-11-30
POL-002081,Pacific Rim Insurance,4802,Townsville QLD,T-W,Home,771824,None,6882.36,2023-06-08,2024-06-07
POL-002082,Outback Assurance Group,6714,Karratha WA,T-W,Strata,11193586,None,113395.09,2025-03-13,2026-03-13
POL-002083,Outback Assurance Group,0800,Darwin NT,T-W,SME,1432730,Roof Tie-Down,11258.53,2023-09-03,2024-09-02
POL-002084,Outback Assurance Group,4703,Rockhampton QLD,Q-S,SME,645887,Roof Tie-Down,3865.86,2025-08-01,2026-08-01
POL-002085,Pacific Rim Insurance,4802,Townsville QLD,T-W,Home,586124,None,6026.85,2024-07-30,2025-07-30
POL-002086,Outback Assurance Group,4825,Cloncurry QLD,B-F,Home,460692,None,793.18,2023-05-19,2024-05-18
POL-002087,Outback Assurance Group,4703,Rockhampton QLD,Q-S,Home,673874,None,4323.36,2023-03-26,2024-03-25
POL-002088,Outback Assurance Group,4870,Cairns QLD,T-W,Home,757620,Shutters Installed,6251.96,2023-11-10,2024-11-09
POL-002089,Southern Cross Insurance,6721,Port Hedland WA,T-W,SME,2612705,None,26465.1,2023-07-12,2024-07-11
POL-002090,Coral Coast Mutual,6721,Port Hedland WA,T-W,SME,2796100,None,26790.26,2024-10-18,2025-10-18
POL-002091,Pacific Rim Insurance,4740,Mackay QLD,Q-S,Home,567661,Roof Tie-Down,3064.13,2023-12-27,2024-12-26
POL-002092,Northbeam General,4740,Mackay QLD,Q-S,SME,2219506,None,15115.06,2024-06-20,2025-06-20
POL-002093,Northbeam General,4720,Charters Towers QLD,L-P,Home,474912,None,1834.52,2025-08-30,2026-08-30
POL-002094,Pacific Rim Insurance,4350,Toowoomba QLD,B-F,SME,1253994,Roof Tie-Down,1916.8,2024-08-07,2025-08-07
POL-002095,Northbeam General,4870,Cairns QLD,T-W,Home,371981,Elevated Slab,3258.65,2023-01-05,2024-01-05
POL-002096,Outback Assurance Group,6714,Karratha WA,T-W,Strata,5831443,None,53978.11,2025-05-07,2026-05-07
POL-002097,Pacific Rim Insurance,4740,Mackay QLD,Q-S,Home,520726,None,3643.27,2024-03-08,2025-03-08
POL-002098,Outback Assurance Group,6721,Port Hedland WA,T-W,Home,535857,None,4998.2,2023-01-11,2024-01-11
POL-002099,Coral Coast Mutual,4879,Innisfail QLD,T-W,Home,448701,None,4532.68,2024-05-14,2025-05-14
POL-002100,Northbeam General,4810,Townsville QLD,T-W,Home,293829,None,2900.8,2024-04-04,2025-04-04
POL-002101,Southern Cross Insurance,4350,Toowoomba QLD,B-F,Home,416643,Roof Tie-Down,688.74,2024-05-15,2025-05-15
POL-002102,Outback Assurance Group,4700,Rockhampton QLD,Q-S,Home,518958,Roof Tie-Down,3128.34,2025-01-02,2026-01-02
POL-002103,Southern Cross Insurance,6721,Port Hedland WA,T-W,Home,847801,Shutters Installed,6519.44,2025-02-18,2026-02-18
POL-002104,Northbeam General,4655,Hervey Bay QLD,L-P,SME,762820,None,3238.93,2024-05-24,2025-05-24
POL-002105,Southern Cross Insurance,0810,Darwin NT,T-W,Home,752078,Roof Tie-Down,5598.54,2023-08-23,2024-08-22
POL-002106,Coral Coast Mutual,4655,Hervey Bay QLD,L-P,Home,320674,None,1277.27,2024-09-22,2025-09-22
POL-002107,Northbeam General,4737,Bowen QLD,Q-S,SME,572184,Elevated Slab,3264.3,2024-05-30,2025-05-30
POL-002108,Coral Coast Mutual,4703,Rockhampton QLD,Q-S,SME,459605,Roof Tie-Down,2767.14,2023-12-16,2024-12-15
POL-002109,Coral Coast Mutual,4700,Rockhampton QLD,Q-S,Home,309169,Shutters Installed,1671.03,2023-06-06,2024-06-05
POL-002110,Outback Assurance Group,4720,Charters Towers QLD,L-P,Home,453779,Roof Tie-Down,1566.82,2025-01-08,2026-01-08
POL-002111,Pacific Rim Insurance,4870,Cairns QLD,T-W,SME,1430859,Roof Tie-Down,11789.11,2023-10-22,2024-10-21
POL-002112,Outback Assurance Group,4700,Rockhampton QLD,Q-S,Home,309468,None,1855.19,2023-03-08,2024-03-07
POL-002113,Coral Coast Mutual,4720,Charters Towers QLD,L-P,Home,428169,None,1878.9,2023-11-26,2024-11-25
POL-002114,Pacific Rim Insurance,4740,Mackay QLD,Q-S,Home,495012,Roof Tie-Down,2464.68,2023-01-04,2024-01-04
POL-002115,Southern Cross Insurance,4740,Mackay QLD,Q-S,SME,901815,None,6280.33,2025-02-19,2026-02-19
POL-002116,Outback Assurance Group,4802,Townsville QLD,T-W,Home,749571,Roof Tie-Down,6582.05,2024-10-22,2025-10-22
POL-002117,Coral Coast Mutual,6721,Port Hedland WA,T-W,SME,1396856,Elevated Slab,11692.18,2024-09-19,2025-09-19
POL-002118,Outback Assurance Group,4680,Gladstone QLD,L-P,Strata,10038452,None,45698.23,2023-06-06,2024-06-05
POL-002119,Outback Assurance Group,4825,Cloncurry QLD,B-F,SME,1603192,Shutters Installed,2520.14,2023-06-28,2024-06-27
POL-002120,Northbeam General,6000,Perth WA,B-F,SME,487816,Elevated Slab,736.17,2023-11-04,2024-11-03
POL-002121,Northbeam General,4740,Mackay QLD,Q-S,Home,817802,None,5689.6,2024-02-16,2025-02-15
POL-002122,Outback Assurance Group,4680,Gladstone QLD,L-P,Home,688017,Elevated Slab,2436.86,2024-04-08,2025-04-08
POL-002123,Northbeam General,4655,Hervey Bay QLD,L-P,Home,668259,Shutters Installed,2210.63,2024-06-26,2025-06-26
POL-002124,Pacific Rim Insurance,4350,Toowoomba QLD,B-F,Home,454054,Roof Tie-Down,756.95,2025-01-16,2026-01-16
POL-002125,Coral Coast Mutual,4680,Gladstone QLD,L-P,Strata,14817400,None,65868.47,2024-01-19,2025-01-18
POL-002126,Pacific Rim Insurance,4703,Rockhampton QLD,Q-S,Home,819197,None,5486.91,2023-11-04,2024-11-03
POL-002127,Outback Assurance Group,4879,Innisfail QLD,T-W,Home,828492,Shutters Installed,7211.8,2024-11-06,2025-11-06
POL-002128,Pacific Rim Insurance,4720,Charters Towers QLD,L-P,Home,274993,None,1199.78,2024-01-31,2025-01-30
POL-002129,Outback Assurance Group,4700,Rockhampton QLD,Q-S,Home,840729,None,5759.0,2024-10-18,2025-10-18
POL-002130,Northbeam General,4802,Townsville QLD,T-W,SME,2125074,Roof Tie-Down,16530.17,2023-09-09,2024-09-08
POL-002131,Southern Cross Insurance,0850,Alice Springs NT,B-F,Home,892069,None,1615.55,2024-10-05,2025-10-05
POL-002132,Southern Cross Insurance,0800,Darwin NT,T-W,SME,436359,Roof Tie-Down,3819.7,2025-06-09,2026-06-09
POL-002133,Northbeam General,6714,Karratha WA,T-W,SME,1896092,Shutters Installed,14401.49,2023-06-04,2024-06-03
POL-002134,Outback Assurance Group,6721,Port Hedland WA,T-W,SME,1723303,Elevated Slab,14147.92,2025-04-28,2026-04-28
POL-002135,Northbeam General,0850,Alice Springs NT,B-F,Home,567970,Roof Tie-Down,799.74,2024-07-29,2025-07-29
POL-002136,Pacific Rim Insurance,0810,Darwin NT,T-W,Home,898322,Roof Tie-Down,7122.91,2024-07-29,2025-07-29
POL-002137,Northbeam General,0850,Alice Springs NT,B-F,SME,1446016,Shutters Installed,2423.08,2024-11-10,2025-11-10
POL-002138,Northbeam General,4737,Bowen QLD,Q-S,Home,649454,Roof Tie-Down,3568.72,2024-05-03,2025-05-03
POL-002139,Pacific Rim Insurance,4870,Cairns QLD,T-W,Home,629987,None,6500.7,2024-08-21,2025-08-21
POL-002140,Coral Coast Mutual,4700,Rockhampton QLD,Q-S,Home,765655,Roof Tie-Down,4608.09,2024-08-03,2025-08-03
POL-002141,Coral Coast Mutual,6714,Karratha WA,T-W,Strata,3155782,None,28044.64,2024-10-01,2025-10-01
POL-002142,Coral Coast Mutual,4655,Hervey Bay QLD,L-P,Strata,13222344,Roof Tie-Down,44344.46,2024-10-11,2025-10-11
POL-002143,Outback Assurance Group,6721,Port Hedland WA,T-W,SME,748432,None,6903.5,2025-03-29,2026-03-29
POL-002144,Northbeam General,4870,Cairns QLD,T-W,Home,427272,None,3949.66,2023-09-16,2024-09-15
POL-002145,Northbeam General,4720,Charters Towers QLD,L-P,Home,274583,None,1150.85,2025-07-16,2026-07-16
POL-002146,Coral Coast Mutual,4740,Mackay QLD,Q-S,Home,525894,None,3383.4,2024-03-19,2025-03-19
POL-002147,Pacific Rim Insurance,4740,Mackay QLD,Q-S,Home,730339,None,4898.55,2023-12-07,2024-12-06
POL-002148,Coral Coast Mutual,4740,Mackay QLD,Q-S,Home,261196,None,1777.45,2023-01-20,2024-01-20
POL-002149,Coral Coast Mutual,4655,Hervey Bay QLD,L-P,Home,657263,None,2504.32,2024-11-19,2025-11-19
POL-002150,Northbeam General,4655,Hervey Bay QLD,L-P,Home,695135,None,2865.38,2023-12-17,2024-12-16
POL-002151,Outback Assurance Group,4680,Gladstone QLD,L-P,SME,2450303,None,9841.83,2023-03-27,2024-03-26
POL-002152,Northbeam General,4825,Mount Isa QLD,B-F,SME,2534025,None,4922.33,2023-01-24,2024-01-24
POL-002153,Northbeam General,0800,Darwin NT,T-W,Home,318114,Roof Tie-Down,2391.01,2025-03-31,2026-03-31
POL-002154,Pacific Rim Insurance,4825,Mount Isa QLD,B-F,SME,456401,Roof Tie-Down,731.32,2023-12-16,2024-12-15
POL-002155,Southern Cross Insurance,4825,Mount Isa QLD,B-F,Home,733145,None,1354.24,2023-12-05,2024-12-04
POL-002156,Southern Cross Insurance,4810,Townsville QLD,T-W,Home,459213,None,4727.23,2025-08-06,2026-08-06
POL-002157,Northbeam General,4700,Rockhampton QLD,Q-S,Home,254027,None,1629.04,2024-12-03,2025-12-03
POL-002158,Outback Assurance Group,4703,Rockhampton QLD,Q-S,Home,585968,Roof Tie-Down,3318.7,2023-07-17,2024-07-16
POL-002159,Pacific Rim Insurance,4703,Rockhampton QLD,Q-S,SME,1180412,None,7625.43,2025-01-19,2026-01-19
POL-002160,Coral Coast Mutual,4740,Mackay QLD,Q-S,Home,333422,None,2026.74,2023-07-22,2024-07-21
POL-002161,Southern Cross Insurance,0810,Darwin NT,T-W,SME,1194172,None,11798.34,2024-12-20,2025-12-20
POL-002162,Pacific Rim Insurance,4703,Rockhampton QLD,Q-S,Home,488777,Shutters Installed,2518.17,2024-10-12,2025-10-12
POL-002163,Coral Coast Mutual,6721,Port Hedland WA,T-W,Home,549266,None,4924.0,2023-09-14,2024-09-13
POL-002164,Southern Cross Insurance,4350,Toowoomba QLD,B-F,Home,513893,None,884.58,2023-06-15,2024-06-14
POL-002165,Outback Assurance Group,4740,Mackay QLD,Q-S,Home,313338,Shutters Installed,1772.69,2025-04-17,2026-04-17
POL-002166,Southern Cross Insurance,4825,Mount Isa QLD,B-F,SME,2270374,None,3687.81,2025-02-01,2026-02-01
POL-002167,Southern Cross Insurance,6714,Karratha WA,T-W,Home,629039,None,6212.61,2024-09-12,2025-09-12
POL-002168,Outback Assurance Group,4802,Townsville QLD,T-W,Home,722684,None,6670.67,2025-04-10,2026-04-10
POL-002169,Northbeam General,4680,Gladstone QLD,L-P,Home,578702,None,2452.87,2025-02-01,2026-02-01
POL-002170,Outback Assurance Group,4350,Toowoomba QLD,B-F,Home,620037,Roof Tie-Down,931.53,2025-06-20,2026-06-20
POL-002171,Outback Assurance Group,6714,Karratha WA,T-W,Strata,8765272,None,82664.28,2025-07-09,2026-07-09
POL-002172,Northbeam General,4737,Bowen QLD,Q-S,Home,654293,None,4184.52,2023-01-26,2024-01-26
POL-002173,Outback Assurance Group,6714,Karratha WA,T-W,Home,406640,None,3785.37,2023-01-15,2024-01-15
POL-002174,Outback Assurance Group,4700,Rockhampton QLD,Q-S,Home,477534,None,2852.45,2024-02-05,2025-02-04
POL-002175,Pacific Rim Insurance,0810,Darwin NT,T-W,Home,771480,Roof Tie-Down,6095.43,2023-11-07,2024-11-06
POL-002176,Northbeam General,6000,Perth WA,B-F,Home,773382,None,1373.39,2025-08-28,2026-08-28
POL-002177,Outback Assurance Group,0850,Alice Springs NT,B-F,Strata,3778577,Roof Tie-Down,5280.46,2023-11-28,2024-11-27
POL-002178,Outback Assurance Group,4810,Townsville QLD,T-W,Home,768239,Shutters Installed,6580.24,2024-03-02,2025-03-02
POL-002179,Pacific Rim Insurance,4870,Cairns QLD,T-W,Strata,7680438,None,74867.93,2024-12-01,2025-12-01
POL-002180,Coral Coast Mutual,4879,Innisfail QLD,T-W,Home,805364,None,7317.22,2025-01-12,2026-01-12
POL-002181,Outback Assurance Group,0810,Darwin NT,T-W,Home,316191,None,2714.07,2024-01-14,2025-01-13
POL-002182,Coral Coast Mutual,4350,Toowoomba QLD,B-F,Home,494777,Shutters Installed,819.11,2025-07-13,2026-07-13
POL-002183,Northbeam General,0850,Alice Springs NT,B-F,SME,2821035,None,5376.26,2024-12-16,2025-12-16
POL-002184,Pacific Rim Insurance,0810,Darwin NT,T-W,Strata,11601180,None,120596.1,2023-08-23,2024-08-22
POL-002185,Southern Cross Insurance,4810,Townsville QLD,T-W,Home,762321,None,7333.73,2025-06-30,2026-06-30
POL-002186,Pacific Rim Insurance,6714,Karratha WA,T-W,Home,405561,Roof Tie-Down,3355.87,2023-03-25,2024-03-24
POL-002187,Northbeam General,0850,Alice Springs NT,B-F,Home,528928,None,869.61,2024-02-03,2025-02-02
POL-002188,Southern Cross Insurance,6000,Perth WA,B-F,SME,647553,Elevated Slab,985.55,2023-08-17,2024-08-16
POL-002189,Coral Coast Mutual,6714,Karratha WA,T-W,Home,839171,None,7407.89,2023-10-07,2024-10-06
POL-002190,Northbeam General,0850,Alice Springs NT,B-F,Strata,10997791,None,18608.49,2025-04-10,2026-04-10
POL-002191,Pacific Rim Insurance,4810,Townsville QLD,T-W,Home,313504,Shutters Installed,2650.78,2023-07-19,2024-07-18
POL-002192,Southern Cross Insurance,4720,Charters Towers QLD,L-P,Home,693538,None,3029.75,2025-05-23,2026-05-23
POL-002193,Outback Assurance Group,6721,Port Hedland WA,T-W,Home,276511,Roof Tie-Down,2022.41,2024-10-21,2025-10-21
POL-002194,Pacific Rim Insurance,4825,Mount Isa QLD,B-F,Home,404785,None,720.84,2024-01-27,2025-01-26
POL-002195,Coral Coast Mutual,4700,Rockhampton QLD,Q-S,Home,362978,None,2565.52,2024-04-11,2025-04-11
POL-002196,Southern Cross Insurance,4703,Rockhampton QLD,Q-S,SME,1083256,None,7162.95,2023-11-27,2024-11-26
POL-002197,Outback Assurance Group,0800,Darwin NT,T-W,Home,750277,Shutters Installed,5899.54,2023-11-19,2024-11-18
POL-002198,Pacific Rim Insurance,4825,Cloncurry QLD,B-F,Home,589617,Elevated Slab,883.27,2023-12-01,2024-11-30
POL-002199,Southern Cross Insurance,4740,Mackay QLD,Q-S,Home,846146,Shutters Installed,4244.28,2024-06-07,2025-06-07
POL-002200,Northbeam General,0810,Darwin NT,T-W,Home,396707,None,3506.09,2024-06-19,2025-06-19
POL-002201,Coral Coast Mutual,4350,Toowoomba QLD,B-F,Home,624426,Elevated Slab,924.45,2024-02-27,2025-02-26
POL-002202,Outback Assurance Group,4825,Mount Isa QLD,B-F,Home,800166,None,1416.2,2025-03-19,2026-03-19
POL-002203,Coral Coast Mutual,0810,Darwin NT,T-W,Home,467322,Roof Tie-Down,3734.76,2023-04-29,2024-04-28
POL-002204,Northbeam General,4350,Toowoomba QLD,B-F,Home,834774,None,1359.61,2024-10-20,2025-10-20
POL-002205,Northbeam General,0850,Alice Springs NT,B-F,Home,493967,Shutters Installed,823.78,2025-09-04,2026-09-04
POL-002206,Coral Coast Mutual,4720,Charters Towers QLD,L-P,Home,665035,Elevated Slab,2145.9,2025-02-22,2026-02-22
POL-002207,Northbeam General,0850,Alice Springs NT,B-F,Home,685094,None,1245.51,2023-02-11,2024-02-11
POL-002208,Southern Cross Insurance,4802,Townsville QLD,T-W,Home,765338,Shutters Installed,5570.93,2024-12-19,2025-12-19
POL-002209,Pacific Rim Insurance,4802,Townsville QLD,T-W,SME,1088617,None,10129.19,2023-06-05,2024-06-04
POL-002210,Pacific Rim Insurance,4870,Cairns QLD,T-W,Strata,6721396,None,60860.42,2024-01-19,2025-01-18
POL-002211,Coral Coast Mutual,4655,Hervey Bay QLD,L-P,Home,887134,Shutters Installed,3012.69,2023-07-20,2024-07-19
POL-002212,Pacific Rim Insurance,6000,Perth WA,B-F,Home,723589,None,1179.72,2024-09-09,2025-09-09
POL-002213,Northbeam General,4655,Hervey Bay QLD,L-P,Home,656272,Roof Tie-Down,2485.64,2025-01-30,2026-01-30
POL-002214,Northbeam General,4703,Rockhampton QLD,Q-S,SME,1652460,None,11456.19,2024-11-21,2025-11-21
POL-002215,Pacific Rim Insurance,4802,Townsville QLD,T-W,SME,628034,Elevated Slab,5221.31,2023-08-24,2024-08-23
POL-002216,Coral Coast Mutual,6000,Perth WA,B-F,Home,262960,Roof Tie-Down,379.51,2023-07-05,2024-07-04
POL-002217,Pacific Rim Insurance,4703,Rockhampton QLD,Q-S,Home,593260,None,3823.71,2024-02-05,2025-02-04
POL-002218,Northbeam General,4700,Rockhampton QLD,Q-S,Strata,12011642,None,74723.77,2024-11-14,2025-11-14
POL-002219,Southern Cross Insurance,4825,Mount Isa QLD,B-F,Home,282715,None,521.03,2025-05-27,2026-05-27
POL-002220,Northbeam General,6000,Perth WA,B-F,Strata,8399181,Shutters Installed,13438.66,2025-09-11,2026-09-11
POL-002221,Coral Coast Mutual,0800,Darwin NT,T-W,Home,450053,Shutters Installed,3976.47,2025-01-29,2026-01-29
POL-002222,Southern Cross Insurance,4825,Mount Isa QLD,B-F,Home,561919,None,1066.16,2025-07-09,2026-07-09
POL-002223,Southern Cross Insurance,6721,Port Hedland WA,T-W,Home,464607,None,4078.61,2024-10-13,2025-10-13
POL-002224,Pacific Rim Insurance,0850,Alice Springs NT,B-F,Home,496208,Roof Tie-Down,752.4,2025-06-26,2026-06-26
POL-002225,Northbeam General,4825,Cloncurry QLD,B-F,Home,840590,Roof Tie-Down,1280.89,2025-01-18,2026-01-18
POL-002226,Outback Assurance Group,4703,Rockhampton QLD,Q-S,Home,281350,None,1659.49,2024-03-18,2025-03-18
POL-002227,Coral Coast Mutual,4879,Innisfail QLD,T-W,Home,296172,Roof Tie-Down,2466.5,2025-09-09,2026-09-09
POL-002228,Northbeam General,6721,Port Hedland WA,T-W,SME,1521072,Shutters Installed,11114.36,2023-10-06,2024-10-05
POL-002229,Outback Assurance Group,4350,Toowoomba QLD,B-F,SME,585065,None,1131.79,2025-05-05,2026-05-05
POL-002230,Southern Cross Insurance,4825,Cloncurry QLD,B-F,Strata,5884275,None,11048.34,2025-01-30,2026-01-30
POL-002231,Northbeam General,6721,Port Hedland WA,T-W,Home,728420,None,7363.86,2024-07-11,2025-07-11
POL-002232,Coral Coast Mutual,4680,Gladstone QLD,L-P,SME,2711162,Elevated Slab,9757.76,2023-11-25,2024-11-24
POL-002233,Coral Coast Mutual,4879,Innisfail QLD,T-W,Home,740192,Elevated Slab,6555.05,2025-02-24,2026-02-24
POL-002234,Coral Coast Mutual,0810,Darwin NT,T-W,SME,2474128,None,24330.2,2024-02-22,2025-02-21
POL-002235,Outback Assurance Group,4879,Innisfail QLD,T-W,Home,394327,Shutters Installed,3077.71,2024-01-03,2025-01-02
POL-002236,Pacific Rim Insurance,4737,Bowen QLD,Q-S,SME,1089024,None,7630.42,2023-12-18,2024-12-17
POL-002237,Northbeam General,0810,Darwin NT,T-W,Home,417172,None,4241.42,2024-08-10,2025-08-10
POL-002238,Pacific Rim Insurance,4703,Rockhampton QLD,Q-S,SME,2157312,Elevated Slab,12826.73,2024-05-28,2025-05-28
POL-002239,Northbeam General,4740,Mackay QLD,Q-S,Home,517090,None,3653.17,2024-11-11,2025-11-11
POL-002240,Coral Coast Mutual,4350,Toowoomba QLD,B-F,SME,2451769,None,4075.06,2025-01-19,2026-01-19
POL-002241,Outback Assurance Group,4825,Cloncurry QLD,B-F,Strata,8590085,None,14593.4,2023-12-26,2024-12-25
POL-002242,Northbeam General,0800,Darwin NT,T-W,Home,413264,None,4188.54,2025-07-05,2026-07-05
POL-002243,Southern Cross Insurance,4870,Cairns QLD,T-W,SME,852149,None,8087.65,2025-07-26,2026-07-26
POL-002244,Northbeam General,6721,Port Hedland WA,T-W,Home,469408,Elevated Slab,3822.28,2023-04-09,2024-04-08
POL-002245,Southern Cross Insurance,4870,Cairns QLD,T-W,Home,467146,Shutters Installed,3535.09,2025-03-05,2026-03-05
POL-002246,Outback Assurance Group,4825,Mount Isa QLD,B-F,Home,692412,None,1357.23,2024-11-08,2025-11-08
POL-002247,Outback Assurance Group,4870,Cairns QLD,T-W,SME,2026330,Shutters Installed,15953.27,2023-11-08,2024-11-07
POL-002248,Outback Assurance Group,4810,Townsville QLD,T-W,Home,894667,None,8658.0,2024-11-26,2025-11-26
POL-002249,Outback Assurance Group,4740,Mackay QLD,Q-S,Home,518207,Elevated Slab,2977.98,2025-05-31,2026-05-31
POL-002250,Outback Assurance Group,4825,Cloncurry QLD,B-F,SME,2862579,Elevated Slab,4485.06,2023-12-26,2024-12-25
POL-002251,Southern Cross Insurance,4870,Cairns QLD,T-W,Home,341046,None,3223.65,2024-07-10,2025-07-10
POL-002252,Coral Coast Mutual,4825,Mount Isa QLD,B-F,Home,348572,None,621.74,2025-02-06,2026-02-06
POL-002253,Outback Assurance Group,4350,Toowoomba QLD,B-F,Home,588556,None,1019.1,2025-03-06,2026-03-06
POL-002254,Southern Cross Insurance,4703,Rockhampton QLD,Q-S,Home,384620,Roof Tie-Down,2164.73,2024-11-22,2025-11-22
POL-002255,Outback Assurance Group,4720,Charters Towers QLD,L-P,Home,735679,None,2950.65,2024-08-01,2025-08-01
POL-002256,Outback Assurance Group,4825,Cloncurry QLD,B-F,SME,2856440,Roof Tie-Down,4036.17,2024-06-13,2025-06-13
POL-002257,Coral Coast Mutual,4700,Rockhampton QLD,Q-S,Strata,4730427,Shutters Installed,23730.17,2024-09-07,2025-09-07
POL-002258,Northbeam General,4879,Innisfail QLD,T-W,Home,330552,Roof Tie-Down,2508.59,2024-05-12,2025-05-12
POL-002259,Coral Coast Mutual,4870,Cairns QLD,T-W,Home,435211,None,4359.8,2023-02-14,2024-02-14
POL-002260,Outback Assurance Group,4700,Rockhampton QLD,Q-S,Home,861917,None,5989.63,2023-08-23,2024-08-22
POL-002261,Outback Assurance Group,0800,Darwin NT,T-W,Home,884604,Roof Tie-Down,7232.85,2024-03-24,2025-03-24
POL-002262,Pacific Rim Insurance,4680,Gladstone QLD,L-P,SME,2602744,Elevated Slab,10030.85,2024-01-13,2025-01-12
POL-002263,Southern Cross Insurance,0800,Darwin NT,T-W,Home,707484,Roof Tie-Down,5778.38,2024-03-08,2025-03-08
POL-002264,Northbeam General,4825,Mount Isa QLD,B-F,Home,625015,None,1119.32,2024-06-03,2025-06-03
POL-002265,Outback Assurance Group,0810,Darwin NT,T-W,Home,848129,Roof Tie-Down,6419.63,2023-07-21,2024-07-20
POL-002266,Northbeam General,4825,Cloncurry QLD,B-F,Home,320064,Shutters Installed,535.81,2024-11-03,2025-11-03
POL-002267,Northbeam General,4802,Townsville QLD,T-W,Home,493529,None,4409.51,2023-11-04,2024-11-03
POL-002268,Coral Coast Mutual,4655,Hervey Bay QLD,L-P,Home,262756,Roof Tie-Down,865.39,2024-11-12,2025-11-12
POL-002269,Outback Assurance Group,4802,Townsville QLD,T-W,Home,393719,Shutters Installed,3064.53,2023-09-07,2024-09-06
POL-002270,Outback Assurance Group,4703,Rockhampton QLD,Q-S,Home,751989,None,4608.46,2023-06-26,2024-06-25
POL-002271,Pacific Rim Insurance,4825,Cloncurry QLD,B-F,Home,324363,None,542.53,2023-05-11,2024-05-10
POL-002272,Pacific Rim Insurance,0810,Darwin NT,T-W,SME,2553291,Roof Tie-Down,22637.82,2023-03-16,2024-03-15
POL-002273,Coral Coast Mutual,4700,Rockhampton QLD,Q-S,Home,629293,None,4448.4,2025-04-27,2026-04-27
POL-002274,Northbeam General,4879,Innisfail QLD,T-W,Home,586055,Elevated Slab,4998.01,2023-01-29,2024-01-29
POL-002275,Outback Assurance Group,4680,Gladstone QLD,L-P,Home,485637,None,2141.09,2023-05-11,2024-05-10
POL-002276,Northbeam General,4810,Townsville QLD,T-W,Strata,8820472,None,86241.97,2025-02-12,2026-02-12
POL-002277,Outback Assurance Group,4350,Toowoomba QLD,B-F,Home,328701,Shutters Installed,496.15,2023-02-01,2024-02-01
POL-002278,Coral Coast Mutual,4825,Mount Isa QLD,B-F,Home,402634,None,764.3,2023-02-10,2024-02-10
POL-002279,Pacific Rim Insurance,6000,Perth WA,B-F,Home,608070,None,1051.51,2024-07-02,2025-07-02
POL-002280,Pacific Rim Insurance,6714,Karratha WA,T-W,Strata,9883813,None,94111.06,2024-01-31,2025-01-30
POL-002281,Outback Assurance Group,4825,Cloncurry QLD,B-F,Strata,13089887,None,24908.66,2023-05-21,2024-05-20
POL-002282,Southern Cross Insurance,6714,Karratha WA,T-W,Home,609042,None,5823.78,2024-09-23,2025-09-23
POL-002283,Coral Coast Mutual,6000,Perth WA,B-F,Home,552982,None,1014.17,2023-08-22,2024-08-21
POL-002284,Coral Coast Mutual,6714,Karratha WA,T-W,Strata,7847081,None,81589.61,2023-07-16,2024-07-15
POL-002285,Northbeam General,4720,Charters Towers QLD,L-P,SME,2907189,Shutters Installed,10220.59,2024-11-05,2025-11-05
POL-002286,Coral Coast Mutual,4810,Townsville QLD,T-W,SME,1637383,Roof Tie-Down,12402.02,2024-12-03,2025-12-03
POL-002287,Southern Cross Insurance,4825,Cloncurry QLD,B-F,Home,735166,Shutters Installed,1143.19,2023-06-27,2024-06-26
POL-002288,Outback Assurance Group,6721,Port Hedland WA,T-W,Home,603760,Shutters Installed,4566.34,2024-10-25,2025-10-25
POL-002289,Pacific Rim Insurance,4680,Gladstone QLD,L-P,Home,533891,None,2436.3,2024-04-15,2025-04-15
POL-002290,Pacific Rim Insurance,6714,Karratha WA,T-W,Home,514802,None,4523.26,2024-01-21,2025-01-20
POL-002291,Pacific Rim Insurance,4655,Hervey Bay QLD,L-P,Home,517188,Roof Tie-Down,2004.34,2024-04-10,2025-04-10
POL-002292,Outback Assurance Group,4802,Townsville QLD,T-W,SME,2163676,None,19318.3,2023-02-22,2024-02-22
POL-002293,Northbeam General,0850,Alice Springs NT,B-F,Home,655678,None,1136.11,2023-05-24,2024-05-23
POL-002294,Coral Coast Mutual,0800,Darwin NT,T-W,Home,307149,None,2650.07,2023-03-13,2024-03-12
POL-002295,Outback Assurance Group,0800,Darwin NT,T-W,Home,350548,Shutters Installed,3071.71,2024-12-04,2025-12-04
POL-002296,Pacific Rim Insurance,4703,Rockhampton QLD,Q-S,Home,312788,None,1833.82,2023-12-12,2024-12-11
POL-002297,Coral Coast Mutual,6000,Perth WA,B-F,Home,481145,Shutters Installed,753.57,2024-08-07,2025-08-07
POL-002298,Northbeam General,4825,Cloncurry QLD,B-F,Home,274069,Shutters Installed,423.83,2023-11-21,2024-11-20
POL-002299,Northbeam General,4700,Rockhampton QLD,Q-S,SME,1252035,None,8206.12,2023-01-18,2024-01-18
POL-002300,Southern Cross Insurance,4825,Mount Isa QLD,B-F,Home,532831,None,1018.47,2023-05-08,2024-05-07
POL-002301,Northbeam General,4350,Toowoomba QLD,B-F,SME,2327310,Shutters Installed,3638.84,2025-07-02,2026-07-02
POL-002302,Pacific Rim Insurance,4350,Toowoomba QLD,B-F,Home,573479,Roof Tie-Down,866.05,2025-05-31,2026-05-31
POL-002303,Outback Assurance Group,4655,Hervey Bay QLD,L-P,Home,335980,Shutters Installed,1177.51,2024-03-30,2025-03-30
POL-002304,Pacific Rim Insurance,0810,Darwin NT,T-W,SME,2979718,Elevated Slab,25267.62,2023-01-24,2024-01-24
POL-002305,Coral Coast Mutual,6000,Perth WA,B-F,Home,707861,None,1347.95,2024-06-20,2025-06-20
POL-002306,Northbeam General,6714,Karratha WA,T-W,Home,656743,None,6661.09,2024-09-13,2025-09-13
POL-002307,Northbeam General,4680,Gladstone QLD,L-P,Home,646009,Roof Tie-Down,2153.29,2024-02-18,2025-02-17
POL-002308,Northbeam General,4703,Rockhampton QLD,Q-S,Home,510849,Elevated Slab,2943.77,2025-07-09,2026-07-09
POL-002309,Northbeam General,4655,Hervey Bay QLD,L-P,Home,275455,None,1200.06,2024-07-30,2025-07-30
POL-002310,Outback Assurance Group,4825,Mount Isa QLD,B-F,Home,657759,None,1200.93,2024-01-04,2025-01-03
POL-002311,Coral Coast Mutual,4870,Cairns QLD,T-W,Home,694740,None,6058.12,2023-09-19,2024-09-18
POL-002312,Northbeam General,4350,Toowoomba QLD,B-F,Home,522482,None,936.43,2023-06-22,2024-06-21
POL-002313,Coral Coast Mutual,4802,Townsville QLD,T-W,Home,455219,None,4623.76,2024-01-26,2025-01-25
POL-002314,Pacific Rim Insurance,4740,Mackay QLD,Q-S,SME,1065861,Roof Tie-Down,5408.79,2024-12-13,2025-12-13
POL-002315,Northbeam General,4740,Mackay QLD,Q-S,Home,517539,None,3332.45,2023-10-28,2024-10-27
POL-002316,Pacific Rim Insurance,4879,Innisfail QLD,T-W,Home,490216,None,4572.73,2023-06-20,2024-06-19
POL-002317,Northbeam General,4825,Mount Isa QLD,B-F,Home,304679,Roof Tie-Down,472.93,2025-03-12,2026-03-12
POL-002318,Northbeam General,6721,Port Hedland WA,T-W,Home,426083,None,3834.26,2025-04-07,2026-04-07
POL-002319,Northbeam General,4810,Townsville QLD,T-W,SME,825765,Roof Tie-Down,6360.05,2025-03-12,2026-03-12
POL-002320,Pacific Rim Insurance,4825,Cloncurry QLD,B-F,Home,636851,None,1197.51,2023-06-06,2024-06-05
POL-002321,Southern Cross Insurance,4700,Rockhampton QLD,Q-S,Home,430139,Roof Tie-Down,2503.11,2024-06-09,2025-06-09
POL-002322,Northbeam General,4720,Charters Towers QLD,L-P,Home,391504,Roof Tie-Down,1304.58,2024-04-25,2025-04-25
POL-002323,Outback Assurance Group,0810,Darwin NT,T-W,Home,635027,None,6121.88,2023-10-13,2024-10-12
POL-002324,Southern Cross Insurance,4350,Toowoomba QLD,B-F,Home,510272,None,856.42,2024-09-12,2025-09-12
POL-002325,Outback Assurance Group,4825,Mount Isa QLD,B-F,Strata,6818458,Roof Tie-Down,10350.4,2025-03-29,2026-03-29
POL-002326,Pacific Rim Insurance,4655,Hervey Bay QLD,L-P,Home,800555,None,3339.88,2024-10-24,2025-10-24
POL-002327,Outback Assurance Group,4680,Gladstone QLD,L-P,SME,2099526,None,9261.79,2024-06-20,2025-06-20
POL-002328,Coral Coast Mutual,4700,Rockhampton QLD,Q-S,Home,288185,None,1763.39,2024-09-06,2025-09-06
POL-002329,Southern Cross Insurance,6721,Port Hedland WA,T-W,Home,651156,None,6032.5,2024-01-18,2025-01-17
POL-002330,Northbeam General,6714,Karratha WA,T-W,Home,476041,None,4464.08,2024-10-15,2025-10-15
POL-002331,Outback Assurance Group,4737,Bowen QLD,Q-S,SME,986552,None,6603.77,2023-11-06,2024-11-05
POL-002332,Outback Assurance Group,4350,Toowoomba QLD,B-F,Home,710352,None,1215.45,2024-02-13,2025-02-12
POL-002333,Northbeam General,4737,Bowen QLD,Q-S,Home,386749,Shutters Installed,2100.8,2023-02-22,2024-02-22
POL-002334,Outback Assurance Group,0810,Darwin NT,T-W,SME,1639073,None,15178.91,2023-12-25,2024-12-24
POL-002335,Pacific Rim Insurance,4655,Hervey Bay QLD,L-P,SME,727673,None,3116.27,2023-12-30,2024-12-29
POL-002336,Northbeam General,4825,Cloncurry QLD,B-F,Home,752748,None,1237.81,2023-12-06,2024-12-05
POL-002337,Pacific Rim Insurance,6721,Port Hedland WA,T-W,Strata,3699577,Roof Tie-Down,27758.63,2024-12-29,2025-12-29
POL-002338,Outback Assurance Group,6000,Perth WA,B-F,Home,796403,None,1396.62,2024-04-04,2025-04-04
POL-002339,Pacific Rim Insurance,6714,Karratha WA,T-W,SME,1769627,None,16088.32,2023-02-22,2024-02-22
POL-002340,Southern Cross Insurance,4802,Townsville QLD,T-W,Home,761198,Elevated Slab,6064.81,2024-06-10,2025-06-10
POL-002341,Outback Assurance Group,4825,Cloncurry QLD,B-F,SME,682231,None,1350.48,2023-06-07,2024-06-06
POL-002342,Northbeam General,6714,Karratha WA,T-W,SME,1520323,Elevated Slab,11402.39,2025-02-19,2026-02-19
POL-002343,Southern Cross Insurance,4825,Mount Isa QLD,B-F,Home,480935,Shutters Installed,668.41,2023-11-07,2024-11-06
POL-002344,Northbeam General,0810,Darwin NT,T-W,Home,687873,None,6926.19,2025-06-23,2026-06-23
POL-002345,Northbeam General,4879,Innisfail QLD,T-W,Home,470846,Shutters Installed,3422.3,2023-03-09,2024-03-08
POL-002346,Northbeam General,4740,Mackay QLD,Q-S,Home,319299,None,1958.84,2025-07-26,2026-07-26
POL-002347,Outback Assurance Group,0850,Alice Springs NT,B-F,Home,609385,None,1122.52,2024-01-17,2025-01-16
POL-002348,Pacific Rim Insurance,6000,Perth WA,B-F,Home,596659,None,1102.24,2023-12-01,2024-11-30
POL-002349,Pacific Rim Insurance,0810,Darwin NT,T-W,SME,2873714,None,27409.75,2023-10-13,2024-10-12
POL-002350,Pacific Rim Insurance,4350,Toowoomba QLD,B-F,Home,756877,Roof Tie-Down,1105.26,2025-08-20,2026-08-20
POL-002351,Coral Coast Mutual,6721,Port Hedland WA,T-W,Home,674368,None,5831.56,2024-08-28,2025-08-28
POL-002352,Northbeam General,6000,Perth WA,B-F,Home,484488,Roof Tie-Down,792.34,2023-08-13,2024-08-12
POL-002353,Outback Assurance Group,4737,Bowen QLD,Q-S,Strata,13700123,None,89802.55,2024-01-07,2025-01-06
POL-002354,Outback Assurance Group,4655,Hervey Bay QLD,L-P,Home,335070,Shutters Installed,1134.59,2024-09-30,2025-09-30
POL-002355,Outback Assurance Group,4825,Mount Isa QLD,B-F,SME,638668,None,1134.8,2025-04-14,2026-04-14
POL-002356,Coral Coast Mutual,0810,Darwin NT,T-W,Home,599999,None,6198.85,2023-05-02,2024-05-01
POL-002357,Outback Assurance Group,4350,Toowoomba QLD,B-F,Home,665597,None,1219.26,2024-02-20,2025-02-19
POL-002358,Coral Coast Mutual,4350,Toowoomba QLD,B-F,Home,422904,None,736.28,2024-09-04,2025-09-04
POL-002359,Southern Cross Insurance,4802,Townsville QLD,T-W,Home,336082,Roof Tie-Down,2487.15,2025-01-25,2026-01-25
POL-002360,Northbeam General,0810,Darwin NT,T-W,Home,346799,None,3580.81,2025-03-23,2026-03-23
POL-002361,Coral Coast Mutual,4740,Mackay QLD,Q-S,Home,389967,Roof Tie-Down,2064.69,2025-05-13,2026-05-13
POL-002362,Southern Cross Insurance,4680,Gladstone QLD,L-P,SME,1092989,Roof Tie-Down,4208.57,2023-12-05,2024-12-04
POL-002363,Northbeam General,4740,Mackay QLD,Q-S,Strata,2662930,Roof Tie-Down,15049.21,2025-04-21,2026-04-21
POL-002364,Coral Coast Mutual,4700,Rockhampton QLD,Q-S,SME,2456719,None,14715.26,2024-08-30,2025-08-30
POL-002365,Outback Assurance Group,4810,Townsville QLD,T-W,SME,2970005,Roof Tie-Down,22948.87,2023-03-08,2024-03-07
POL-002366,Northbeam General,4810,Townsville QLD,T-W,SME,2559611,Roof Tie-Down,18999.31,2024-09-13,2025-09-13
POL-002367,Outback Assurance Group,6721,Port Hedland WA,T-W,Home,420715,None,4152.59,2025-04-09,2026-04-09
POL-002368,Outback Assurance Group,4680,Gladstone QLD,L-P,Strata,12963733,Shutters Installed,48184.11,2024-02-15,2025-02-14
POL-002369,Northbeam General,4350,Toowoomba QLD,B-F,SME,1769900,None,3001.39,2024-04-17,2025-04-17
POL-002370,Northbeam General,0810,Darwin NT,T-W,Home,373436,Roof Tie-Down,2803.01,2024-04-04,2025-04-04
POL-002371,Northbeam General,0810,Darwin NT,T-W,SME,1795563,Shutters Installed,15043.54,2024-08-16,2025-08-16
POL-002372,Northbeam General,0850,Alice Springs NT,B-F,Home,828940,Roof Tie-Down,1326.46,2023-11-06,2024-11-05
POL-002373,Southern Cross Insurance,0850,Alice Springs NT,B-F,SME,2039110,Elevated Slab,2927.34,2023-03-09,2024-03-08
POL-002374,Outback Assurance Group,4740,Mackay QLD,Q-S,SME,2033929,None,12391.78,2024-05-24,2025-05-24
POL-002375,Outback Assurance Group,4655,Hervey Bay QLD,L-P,SME,2285810,None,8895.55,2023-12-01,2024-11-30
POL-002376,Northbeam General,6714,Karratha WA,T-W,Strata,13741622,None,122293.94,2025-06-09,2026-06-09
POL-002377,Northbeam General,6000,Perth WA,B-F,Home,600807,None,1005.35,2025-06-24,2026-06-24
POL-002378,Northbeam General,4350,Toowoomba QLD,B-F,Home,541359,None,1053.83,2025-01-08,2026-01-08
POL-002379,Pacific Rim Insurance,4879,Innisfail QLD,T-W,Home,628250,Roof Tie-Down,5287.57,2025-03-30,2026-03-30
POL-002380,Coral Coast Mutual,4680,Gladstone QLD,L-P,Home,775417,Roof Tie-Down,2603.09,2023-06-01,2024-05-31
POL-002381,Pacific Rim Insurance,4720,Charters Towers QLD,L-P,Home,804418,Elevated Slab,3155.29,2024-09-19,2025-09-19
POL-002382,Pacific Rim Insurance,4703,Rockhampton QLD,Q-S,Home,291340,None,1876.65,2025-01-06,2026-01-06
POL-002383,Southern Cross Insurance,4825,Cloncurry QLD,B-F,Home,728608,None,1192.02,2023-12-07,2024-12-06
POL-002384,Outback Assurance Group,4879,Innisfail QLD,T-W,Home,315848,None,2985.26,2025-06-18,2026-06-18
POL-002385,Pacific Rim Insurance,4737,Bowen QLD,Q-S,Strata,5874618,None,41416.15,2025-05-04,2026-05-04
POL-002386,Pacific Rim Insurance,4350,Toowoomba QLD,B-F,Home,290590,Shutters Installed,472.77,2024-11-15,2025-11-15
POL-002387,Outback Assurance Group,6000,Perth WA,B-F,Home,490355,Roof Tie-Down,681.3,2025-09-01,2026-09-01
POL-002388,Pacific Rim Insurance,4350,Toowoomba QLD,B-F,Home,329802,Elevated Slab,535.11,2023-10-08,2024-10-07
POL-002389,Coral Coast Mutual,4825,Cloncurry QLD,B-F,Strata,14293506,Roof Tie-Down,23157.72,2024-10-17,2025-10-17
POL-002390,Pacific Rim Insurance,4810,Townsville QLD,T-W,SME,2833435,None,25374.79,2024-11-08,2025-11-08
POL-002391,Northbeam General,6721,Port Hedland WA,T-W,SME,2031695,None,19535.63,2023-12-03,2024-12-02
POL-002392,Northbeam General,4825,Cloncurry QLD,B-F,SME,2201455,Roof Tie-Down,3085.08,2024-10-24,2025-10-24
POL-002393,Coral Coast Mutual,0850,Alice Springs NT,B-F,Home,520735,Roof Tie-Down,743.98,2023-10-27,2024-10-26
POL-002394,Coral Coast Mutual,4879,Innisfail QLD,T-W,Home,421869,Elevated Slab,3312.18,2025-02-22,2026-02-22
POL-002395,Southern Cross Insurance,6721,Port Hedland WA,T-W,Strata,12721020,None,110422.53,2023-06-09,2024-06-08
POL-002396,Coral Coast Mutual,4870,Cairns QLD,T-W,Strata,14924151,Roof Tie-Down,127608.94,2025-08-25,2026-08-25
POL-002397,Pacific Rim Insurance,4700,Rockhampton QLD,Q-S,Home,377338,None,2452.92,2025-05-05,2026-05-05
POL-002398,Coral Coast Mutual,4737,Bowen QLD,Q-S,Home,894209,None,5554.64,2023-03-27,2024-03-26
POL-002399,Southern Cross Insurance,4825,Mount Isa QLD,B-F,Home,448495,Elevated Slab,692.41,2023-09-14,2024-09-13
POL-002400,Northbeam General,4810,Townsville QLD,T-W,SME,762489,None,7956.6,2023-06-16,2024-06-15
POL-002401,Coral Coast Mutual,6714,Karratha WA,T-W,Home,810788,None,7231.36,2025-08-04,2026-08-04
POL-002402,Outback Assurance Group,4870,Cairns QLD,T-W,Home,703405,Elevated Slab,5229.65,2024-06-08,2025-06-08
POL-002403,Southern Cross Insurance,4703,Rockhampton QLD,Q-S,Home,756905,None,5188.96,2025-02-04,2026-02-04
POL-002404,Outback Assurance Group,4350,Toowoomba QLD,B-F,SME,2473559,None,4503.57,2024-04-13,2025-04-13
POL-002405,Southern Cross Insurance,6714,Karratha WA,T-W,Home,294003,Roof Tie-Down,2153.94,2023-07-12,2024-07-11
POL-002406,Southern Cross Insurance,4802,Townsville QLD,T-W,Home,640633,None,6267.03,2024-03-01,2025-03-01
POL-002407,Southern Cross Insurance,6714,Karratha WA,T-W,SME,802558,Roof Tie-Down,6603.33,2024-07-28,2025-07-28
POL-002408,Southern Cross Insurance,4802,Townsville QLD,T-W,Home,828399,None,8225.35,2023-12-15,2024-12-14
POL-002409,Outback Assurance Group,4810,Townsville QLD,T-W,SME,1729875,None,15599.1,2024-07-03,2025-07-03
POL-002410,Coral Coast Mutual,6721,Port Hedland WA,T-W,Home,564787,Roof Tie-Down,4711.0,2023-05-21,2024-05-20
POL-002411,Pacific Rim Insurance,4655,Hervey Bay QLD,L-P,Strata,8912713,Shutters Installed,34881.29,2025-09-25,2026-09-25
POL-002412,Coral Coast Mutual,4680,Gladstone QLD,L-P,Home,564384,Shutters Installed,1977.32,2023-01-27,2024-01-27
POL-002413,Pacific Rim Insurance,6714,Karratha WA,T-W,Home,394100,Roof Tie-Down,3456.94,2024-09-09,2025-09-09
POL-002414,Southern Cross Insurance,0800,Darwin NT,T-W,Home,527033,Roof Tie-Down,4483.9,2023-11-22,2024-11-21
POL-002415,Coral Coast Mutual,4700,Rockhampton QLD,Q-S,Home,332668,None,2046.23,2023-10-11,2024-10-10
POL-002416,Pacific Rim Insurance,4825,Cloncurry QLD,B-F,SME,734131,None,1403.78,2024-07-16,2025-07-16
POL-002417,Southern Cross Insurance,4825,Cloncurry QLD,B-F,Home,561999,None,930.76,2024-02-18,2025-02-17
POL-002418,Southern Cross Insurance,6721,Port Hedland WA,T-W,Strata,13037688,Elevated Slab,101768.61,2025-01-28,2026-01-28
POL-002419,Outback Assurance Group,0810,Darwin NT,T-W,Home,866881,None,7418.44,2025-07-01,2026-07-01
POL-002420,Pacific Rim Insurance,4740,Mackay QLD,Q-S,Home,818290,Elevated Slab,4165.6,2023-06-12,2024-06-11
POL-002421,Pacific Rim Insurance,4825,Cloncurry QLD,B-F,SME,1801161,Shutters Installed,2573.0,2024-10-26,2025-10-26
POL-002422,Northbeam General,0800,Darwin NT,T-W,Home,479027,Roof Tie-Down,4045.11,2023-05-10,2024-05-09
POL-002423,Northbeam General,4720,Charters Towers QLD,L-P,Home,798379,Elevated Slab,3064.02,2024-08-13,2025-08-13
POL-002424,Northbeam General,0850,Alice Springs NT,B-F,Home,471257,Roof Tie-Down,737.36,2024-02-02,2025-02-01
POL-002425,Coral Coast Mutual,4720,Charters Towers QLD,L-P,Home,869467,Roof Tie-Down,3049.08,2024-08-15,2025-08-15
POL-002426,Pacific Rim Insurance,6000,Perth WA,B-F,Home,380703,None,713.62,2023-09-19,2024-09-18
POL-002427,Northbeam General,0850,Alice Springs NT,B-F,Home,869433,Roof Tie-Down,1248.07,2023-09-17,2024-09-16
POL-002428,Northbeam General,4802,Townsville QLD,T-W,Home,375805,None,3903.72,2023-09-12,2024-09-11
POL-002429,Outback Assurance Group,4740,Mackay QLD,Q-S,Home,298826,Shutters Installed,1727.37,2024-12-01,2025-12-01
POL-002430,Northbeam General,0810,Darwin NT,T-W,Strata,3889341,Shutters Installed,31874.85,2024-10-29,2025-10-29
POL-002431,Northbeam General,0800,Darwin NT,T-W,SME,848596,Roof Tie-Down,6635.0,2024-04-02,2025-04-02
POL-002432,Outback Assurance Group,0810,Darwin NT,T-W,SME,1946678,None,17846.58,2024-02-25,2025-02-24
POL-002433,Northbeam General,4720,Charters Towers QLD,L-P,SME,1245357,Elevated Slab,4764.04,2023-05-30,2024-05-29
POL-002434,Coral Coast Mutual,4655,Hervey Bay QLD,L-P,Home,504561,None,2114.88,2025-08-29,2026-08-29
POL-002435,Southern Cross Insurance,4879,Innisfail QLD,T-W,Home,736101,Roof Tie-Down,5538.16,2025-03-11,2026-03-11
POL-002436,Coral Coast Mutual,4737,Bowen QLD,Q-S,Home,365780,Shutters Installed,2175.05,2023-05-25,2024-05-24
POL-002437,Southern Cross Insurance,6000,Perth WA,B-F,Home,746221,None,1419.95,2024-06-26,2025-06-26
POL-002438,Coral Coast Mutual,4802,Townsville QLD,T-W,Home,485212,Shutters Installed,3878.39,2024-12-05,2025-12-05
POL-002439,Northbeam General,0850,Alice Springs NT,B-F,Strata,10058940,Shutters Installed,14530.07,2025-07-15,2026-07-15
POL-002440,Pacific Rim Insurance,4870,Cairns QLD,T-W,SME,2013052,None,18048.74,2025-08-29,2026-08-29
POL-002441,Coral Coast Mutual,4720,Charters Towers QLD,L-P,Home,530678,Roof Tie-Down,1978.35,2024-06-18,2025-06-18
POL-002442,Southern Cross Insurance,0800,Darwin NT,T-W,Home,575286,None,5734.55,2023-01-21,2024-01-21
POL-002443,Pacific Rim Insurance,4802,Townsville QLD,T-W,Strata,6744820,Roof Tie-Down,51764.06,2023-09-08,2024-09-07
POL-002444,Pacific Rim Insurance,4810,Townsville QLD,T-W,Home,441834,None,4304.47,2025-09-27,2026-09-27
POL-002445,Southern Cross Insurance,4870,Cairns QLD,T-W,Home,830777,Roof Tie-Down,6600.82,2023-12-16,2024-12-15
POL-002446,Coral Coast Mutual,0850,Alice Springs NT,B-F,Home,571218,Roof Tie-Down,912.57,2024-03-11,2025-03-11
POL-002447,Southern Cross Insurance,6000,Perth WA,B-F,Home,880794,None,1606.11,2024-01-01,2024-12-31
POL-002448,Coral Coast Mutual,4655,Hervey Bay QLD,L-P,Home,506779,Roof Tie-Down,1745.78,2025-05-28,2026-05-28
POL-002449,Pacific Rim Insurance,4680,Gladstone QLD,L-P,Home,599625,Shutters Installed,2137.73,2024-03-17,2025-03-17
POL-002450,Southern Cross Insurance,4870,Cairns QLD,T-W,SME,974601,Roof Tie-Down,7446.98,2025-06-06,2026-06-06
POL-002451,Pacific Rim Insurance,4703,Rockhampton QLD,Q-S,Home,326130,None,1951.37,2025-09-26,2026-09-26
POL-002452,Southern Cross Insurance,4737,Bowen QLD,Q-S,SME,1299819,Shutters Installed,6777.14,2023-04-10,2024-04-09
POL-002453,Pacific Rim Insurance,6000,Perth WA,B-F,Home,376120,None,743.54,2024-10-20,2025-10-20
POL-002454,Coral Coast Mutual,4737,Bowen QLD,Q-S,SME,1392831,Roof Tie-Down,7867.42,2023-04-06,2024-04-05
POL-002455,Coral Coast Mutual,4810,Townsville QLD,T-W,Home,502927,None,4342.23,2024-12-06,2025-12-06
POL-002456,Northbeam General,4825,Cloncurry QLD,B-F,Home,256665,None,501.38,2024-05-16,2025-05-16
POL-002457,Pacific Rim Insurance,4879,Innisfail QLD,T-W,SME,2512672,Roof Tie-Down,20626.15,2025-08-05,2026-08-05
POL-002458,Northbeam General,6000,Perth WA,B-F,Home,624236,None,1180.55,2024-07-23,2025-07-23
POL-002459,Northbeam General,4870,Cairns QLD,T-W,SME,2797901,None,24035.61,2023-10-09,2024-10-08
POL-002460,Northbeam General,4700,Rockhampton QLD,Q-S,SME,589600,Shutters Installed,3408.98,2023-07-20,2024-07-19
POL-002461,Southern Cross Insurance,4703,Rockhampton QLD,Q-S,Home,721300,None,4431.17,2023-05-18,2024-05-17
POL-002462,Coral Coast Mutual,0800,Darwin NT,T-W,SME,1937809,None,18877.26,2025-06-20,2026-06-20
POL-002463,Northbeam General,4879,Innisfail QLD,T-W,Home,416795,Roof Tie-Down,3347.94,2023-01-08,2024-01-08
POL-002464,Northbeam General,4680,Gladstone QLD,L-P,Home,690775,Roof Tie-Down,2272.99,2025-02-21,2026-02-21
POL-002465,Northbeam General,4703,Rockhampton QLD,Q-S,Home,705730,Elevated Slab,3688.02,2025-04-12,2026-04-12
POL-002466,Pacific Rim Insurance,6000,Perth WA,B-F,SME,2626612,None,5153.38,2025-08-12,2026-08-12
POL-002467,Pacific Rim Insurance,4802,Townsville QLD,T-W,Strata,4640686,None,46985.43,2024-08-31,2025-08-31
POL-002468,Outback Assurance Group,4802,Townsville QLD,T-W,Home,430496,Elevated Slab,3553.39,2025-03-24,2026-03-24
POL-002469,Outback Assurance Group,6000,Perth WA,B-F,Home,271000,None,458.17,2023-10-30,2024-10-29
POL-002470,Northbeam General,4825,Cloncurry QLD,B-F,Home,859644,Roof Tie-Down,1214.07,2024-12-12,2025-12-12
POL-002471,Pacific Rim Insurance,4740,Mackay QLD,Q-S,Home,368661,None,2425.08,2024-02-09,2025-02-08
POL-002472,Southern Cross Insurance,0810,Darwin NT,T-W,Home,493060,Roof Tie-Down,4219.51,2023-09-04,2024-09-03
POL-002473,Southern Cross Insurance,4720,Charters Towers QLD,L-P,SME,711103,None,2832.22,2024-07-19,2025-07-19
POL-002474,Northbeam General,6714,Karratha WA,T-W,Home,523825,Roof Tie-Down,4087.83,2023-05-20,2024-05-19
POL-002475,Northbeam General,4740,Mackay QLD,Q-S,Home,465273,None,2806.35,2025-03-19,2026-03-19
POL-002476,Pacific Rim Insurance,4825,Mount Isa QLD,B-F,Home,324905,None,575.72,2024-10-11,2025-10-11
POL-002477,Coral Coast Mutual,4825,Mount Isa QLD,B-F,SME,1090527,Shutters Installed,1729.02,2025-05-17,2026-05-17
POL-002478,Southern Cross Insurance,4870,Cairns QLD,T-W,Home,278648,Roof Tie-Down,2373.97,2024-12-08,2025-12-08
POL-002479,Northbeam General,4870,Cairns QLD,T-W,Home,864298,Roof Tie-Down,6394.44,2024-12-05,2025-12-05
POL-002480,Pacific Rim Insurance,0850,Alice Springs NT,B-F,Strata,11043445,Roof Tie-Down,17395.08,2023-02-28,2024-02-28
POL-002481,Pacific Rim Insurance,4870,Cairns QLD,T-W,SME,1712162,None,15872.06,2023-04-28,2024-04-27
POL-002482,Pacific Rim Insurance,6721,Port Hedland WA,T-W,SME,756685,Shutters Installed,6166.17,2023-06-01,2024-05-31
POL-002483,Northbeam General,4802,Townsville QLD,T-W,Home,797589,Shutters Installed,6968.98,2023-03-20,2024-03-19
POL-002484,Southern Cross Insurance,4700,Rockhampton QLD,Q-S,SME,578089,Shutters Installed,3075.2,2024-04-25,2025-04-25
POL-002485,Coral Coast Mutual,4720,Charters Towers QLD,L-P,Home,878318,Roof Tie-Down,2852.67,2024-11-08,2025-11-08
POL-002486,Coral Coast Mutual,4350,Toowoomba QLD,B-F,Home,342996,None,600.29,2024-06-12,2025-06-12
POL-002487,Coral Coast Mutual,4720,Charters Towers QLD,L-P,Home,378914,Elevated Slab,1281.25,2023-06-02,2024-06-01
POL-002488,Northbeam General,4720,Charters Towers QLD,L-P,Home,301378,Shutters Installed,1047.13,2025-04-21,2026-04-21
POL-002489,Outback Assurance Group,4802,Townsville QLD,T-W,Home,291288,Roof Tie-Down,2410.96,2023-02-24,2024-02-24
POL-002490,Coral Coast Mutual,4703,Rockhampton QLD,Q-S,Home,894044,None,5879.0,2024-09-24,2025-09-24
POL-002491,Southern Cross Insurance,4870,Cairns QLD,T-W,SME,2605456,None,23191.31,2023-03-08,2024-03-07
POL-002492,Southern Cross Insurance,6000,Perth WA,B-F,SME,2042810,None,3495.28,2024-06-25,2025-06-25
POL-002493,Northbeam General,4825,Cloncurry QLD,B-F,Strata,6389050,None,11789.13,2023-09-22,2024-09-21
POL-002494,Northbeam General,4825,Cloncurry QLD,B-F,Strata,6177784,None,11154.85,2024-01-23,2025-01-22
POL-002495,Northbeam General,4720,Charters Towers QLD,L-P,Home,503993,Elevated Slab,1675.06,2023-03-09,2024-03-08
POL-002496,Coral Coast Mutual,4655,Hervey Bay QLD,L-P,Home,429171,Shutters Installed,1538.8,2024-10-22,2025-10-22
POL-002497,Coral Coast Mutual,4879,Innisfail QLD,T-W,Home,690191,Roof Tie-Down,5859.18,2023-05-14,2024-05-13
POL-002498,Southern Cross Insurance,4720,Charters Towers QLD,L-P,Home,514083,Roof Tie-Down,1681.91,2025-06-13,2026-06-13
POL-002499,Coral Coast Mutual,4655,Hervey Bay QLD,L-P,Home,658819,None,2577.04,2025-08-26,2026-08-26
POL-002500,Coral Coast Mutual,6721,Port Hedland WA,T-W,SME,2091475,Roof Tie-Down,17863.67,2025-01-08,2026-01-08
POL-002501,Southern Cross Insurance,6714,Karratha WA,T-W,Home,450982,Roof Tie-Down,3976.14,2025-07-22,2026-07-22
POL-002502,Pacific Rim Insurance,4825,Mount Isa QLD,B-F,Home,543378,Shutters Installed,891.74,2024-06-09,2025-06-09
POL-002503,Northbeam General,4720,Charters Towers QLD,L-P,Home,486838,None,2139.1,2024-01-13,2025-01-12
POL-002504,Northbeam General,4825,Cloncurry QLD,B-F,SME,1555250,None,2705.14,2025-09-22,2026-09-22
POL-002505,Southern Cross Insurance,4737,Bowen QLD,Q-S,Home,606441,None,3577.28,2024-12-04,2025-12-04
POL-002506,Coral Coast Mutual,6721,Port Hedland WA,T-W,Home,469086,None,4874.97,2025-04-23,2026-04-23
POL-002507,Outback Assurance Group,4703,Rockhampton QLD,Q-S,SME,1721515,Shutters Installed,10240.85,2023-05-06,2024-05-05
POL-002508,Outback Assurance Group,4350,Toowoomba QLD,B-F,SME,777729,None,1286.4,2024-09-06,2025-09-06
POL-002509,Northbeam General,4720,Charters Towers QLD,L-P,Home,379791,None,1609.28,2024-09-13,2025-09-13
POL-002510,Outback Assurance Group,4350,Toowoomba QLD,B-F,Home,457607,None,822.47,2023-05-18,2024-05-17
POL-002511,Southern Cross Insurance,6714,Karratha WA,T-W,Strata,8822403,Roof Tie-Down,76296.35,2025-01-10,2026-01-10
POL-002512,Coral Coast Mutual,4825,Mount Isa QLD,B-F,Strata,10470588,None,18834.49,2025-09-11,2026-09-11
POL-002513,Pacific Rim Insurance,4655,Hervey Bay QLD,L-P,Home,676977,None,3001.91,2025-01-07,2026-01-07
POL-002514,Pacific Rim Insurance,4870,Cairns QLD,T-W,Home,277859,Roof Tie-Down,2466.85,2023-01-31,2024-01-31
POL-002515,Pacific Rim Insurance,0800,Darwin NT,T-W,Home,826444,Elevated Slab,6176.9,2024-09-03,2025-09-03
POL-002516,Coral Coast Mutual,4870,Cairns QLD,T-W,Home,745214,Elevated Slab,6182.28,2024-05-24,2025-05-24
POL-002517,Pacific Rim Insurance,6721,Port Hedland WA,T-W,SME,2142779,None,22052.79,2025-06-22,2026-06-22
POL-002518,Southern Cross Insurance,4703,Rockhampton QLD,Q-S,Home,612589,None,3690.3,2023-03-01,2024-02-29
POL-002519,Coral Coast Mutual,6721,Port Hedland WA,T-W,Home,801510,None,7826.46,2024-08-11,2025-08-11
POL-002520,Southern Cross Insurance,0800,Darwin NT,T-W,Home,666286,Shutters Installed,5412.42,2023-12-18,2024-12-17
POL-002521,Northbeam General,4802,Townsville QLD,T-W,Home,454163,None,4030.31,2025-01-10,2026-01-10
POL-002522,Coral Coast Mutual,4703,Rockhampton QLD,Q-S,Home,327071,None,2015.47,2023-10-09,2024-10-08
POL-002523,Coral Coast Mutual,6714,Karratha WA,T-W,Home,288255,Roof Tie-Down,2418.63,2025-05-27,2026-05-27
POL-002524,Southern Cross Insurance,0810,Darwin NT,T-W,Home,294935,Elevated Slab,2538.59,2024-10-07,2025-10-07
POL-002525,Southern Cross Insurance,6714,Karratha WA,T-W,Home,699492,None,6559.28,2025-03-20,2026-03-20
POL-002526,Southern Cross Insurance,4720,Charters Towers QLD,L-P,SME,940169,Roof Tie-Down,3307.07,2025-05-16,2026-05-16
POL-002527,Coral Coast Mutual,4740,Mackay QLD,Q-S,Strata,2929247,None,19117.24,2023-07-28,2024-07-27
POL-002528,Outback Assurance Group,4655,Hervey Bay QLD,L-P,Home,278594,None,1143.48,2024-12-02,2025-12-02
POL-002529,Northbeam General,4825,Mount Isa QLD,B-F,Home,354800,None,696.47,2025-02-25,2026-02-25
POL-002530,Outback Assurance Group,6000,Perth WA,B-F,SME,2202684,Elevated Slab,3376.22,2023-07-07,2024-07-06
POL-002531,Northbeam General,4802,Townsville QLD,T-W,Home,758842,None,7100.1,2024-07-28,2025-07-28
POL-002532,Southern Cross Insurance,4810,Townsville QLD,T-W,Home,526596,None,4792.95,2025-09-13,2026-09-13
POL-002533,Northbeam General,0800,Darwin NT,T-W,Home,255199,None,2566.85,2024-04-03,2025-04-03
POL-002534,Northbeam General,6714,Karratha WA,T-W,Home,827019,None,8228.55,2024-06-25,2025-06-25
POL-002535,Southern Cross Insurance,4879,Innisfail QLD,T-W,Home,642484,Shutters Installed,5306.87,2023-05-08,2024-05-07
POL-002536,Pacific Rim Insurance,0800,Darwin NT,T-W,SME,475724,None,4614.9,2023-02-18,2024-02-18
POL-002537,Pacific Rim Insurance,4680,Gladstone QLD,L-P,Strata,3087833,None,13755.56,2023-10-20,2024-10-19
POL-002538,Northbeam General,4700,Rockhampton QLD,Q-S,Strata,9601889,None,68552.32,2024-08-19,2025-08-19
POL-002539,Outback Assurance Group,4655,Hervey Bay QLD,L-P,SME,2164702,None,9576.57,2024-08-09,2025-08-09
POL-002540,Outback Assurance Group,6721,Port Hedland WA,T-W,SME,2917885,None,29083.83,2024-11-23,2025-11-23
POL-002541,Outback Assurance Group,4825,Mount Isa QLD,B-F,SME,2645062,Shutters Installed,4276.43,2024-08-16,2025-08-16
POL-002542,Pacific Rim Insurance,4802,Townsville QLD,T-W,Home,357944,Shutters Installed,2771.55,2025-03-01,2026-03-01
POL-002543,Northbeam General,6721,Port Hedland WA,T-W,Home,453896,None,4702.93,2025-06-30,2026-06-30
POL-002544,Outback Assurance Group,0800,Darwin NT,T-W,Home,483861,None,4407.69,2023-05-25,2024-05-24
POL-002545,Southern Cross Insurance,4655,Hervey Bay QLD,L-P,Home,307433,None,1267.41,2024-12-17,2025-12-17
POL-002546,Southern Cross Insurance,4825,Cloncurry QLD,B-F,Home,373434,Elevated Slab,566.46,2024-03-03,2025-03-03
POL-002547,Northbeam General,4737,Bowen QLD,Q-S,Home,838942,Shutters Installed,5045.86,2025-01-11,2026-01-11
POL-002548,Northbeam General,4720,Charters Towers QLD,L-P,Home,881662,Shutters Installed,3404.28,2024-10-27,2025-10-27
POL-002549,Southern Cross Insurance,4720,Charters Towers QLD,L-P,Home,268349,None,1202.8,2023-10-19,2024-10-18
POL-002550,Pacific Rim Insurance,4680,Gladstone QLD,L-P,Strata,3976444,None,18309.7,2025-07-12,2026-07-12
POL-002551,Coral Coast Mutual,4810,Townsville QLD,T-W,Home,404394,Roof Tie-Down,3204.24,2025-02-20,2026-02-20
POL-002552,Outback Assurance Group,4825,Cloncurry QLD,B-F,SME,1515846,Elevated Slab,2130.69,2024-07-17,2025-07-17
POL-002553,Southern Cross Insurance,4802,Townsville QLD,T-W,Home,326340,Elevated Slab,2858.38,2023-08-10,2024-08-09
POL-002554,Pacific Rim Insurance,4825,Cloncurry QLD,B-F,Home,402795,Elevated Slab,649.12,2025-04-06,2026-04-06
POL-002555,Coral Coast Mutual,6714,Karratha WA,T-W,Home,376024,None,3395.0,2023-07-16,2024-07-15
POL-002556,Southern Cross Insurance,4655,Hervey Bay QLD,L-P,Home,575837,Shutters Installed,2199.54,2023-10-06,2024-10-05
POL-002557,Pacific Rim Insurance,4870,Cairns QLD,T-W,SME,1338411,Roof Tie-Down,9729.02,2024-11-14,2025-11-14
POL-002558,Southern Cross Insurance,4879,Innisfail QLD,T-W,Home,658196,None,5705.87,2023-02-26,2024-02-26
POL-002559,Southern Cross Insurance,4655,Hervey Bay QLD,L-P,Home,452724,Roof Tie-Down,1717.83,2023-12-09,2024-12-08
POL-002560,Southern Cross Insurance,4740,Mackay QLD,Q-S,Strata,2939293,Elevated Slab,16603.58,2023-10-13,2024-10-12
POL-002561,Northbeam General,6721,Port Hedland WA,T-W,Home,587004,Roof Tie-Down,4317.55,2024-02-22,2025-02-21
POL-002562,Northbeam General,4720,Charters Towers QLD,L-P,Home,714848,None,3087.67,2024-10-04,2025-10-04
POL-002563,Outback Assurance Group,4740,Mackay QLD,Q-S,SME,1573567,Shutters Installed,8294.25,2025-07-06,2026-07-06
POL-002564,Outback Assurance Group,4737,Bowen QLD,Q-S,Home,420196,Shutters Installed,2116.44,2025-08-23,2026-08-23
POL-002565,Northbeam General,0810,Darwin NT,T-W,SME,2126568,None,20894.91,2024-09-02,2025-09-02
POL-002566,Outback Assurance Group,4680,Gladstone QLD,L-P,Home,765998,None,3361.96,2025-04-25,2026-04-25
POL-002567,Southern Cross Insurance,4655,Hervey Bay QLD,L-P,Strata,11486196,None,50164.76,2024-09-08,2025-09-08
POL-002568,Northbeam General,6000,Perth WA,B-F,Home,809453,None,1387.89,2025-09-20,2026-09-20
POL-002569,Coral Coast Mutual,4703,Rockhampton QLD,Q-S,Home,389110,Shutters Installed,2345.12,2023-11-18,2024-11-17
POL-002570,Southern Cross Insurance,4700,Rockhampton QLD,Q-S,Home,670806,None,4019.02,2024-07-11,2025-07-11
POL-002571,Pacific Rim Insurance,4737,Bowen QLD,Q-S,Home,422252,None,2842.37,2023-03-22,2024-03-21
POL-002572,Coral Coast Mutual,4700,Rockhampton QLD,Q-S,Home,692393,Roof Tie-Down,3625.0,2024-06-09,2025-06-09
POL-002573,Northbeam General,0810,Darwin NT,T-W,Home,611722,None,5667.22,2023-07-14,2024-07-13
POL-002574,Southern Cross Insurance,4737,Bowen QLD,Q-S,Home,561142,None,3506.7,2024-08-29,2025-08-29
POL-002575,Pacific Rim Insurance,4700,Rockhampton QLD,Q-S,SME,990772,Shutters Installed,5872.66,2023-10-29,2024-10-28
POL-002576,Northbeam General,4740,Mackay QLD,Q-S,Strata,6620307,Roof Tie-Down,35002.63,2023-02-24,2024-02-24
POL-002577,Southern Cross Insurance,4737,Bowen QLD,Q-S,Home,356551,Shutters Installed,1929.9,2024-07-01,2025-07-01
POL-002578,Northbeam General,0810,Darwin NT,T-W,Strata,10382875,None,101937.25,2023-06-24,2024-06-23
POL-002579,Pacific Rim Insurance,4825,Mount Isa QLD,B-F,Home,346750,Roof Tie-Down,570.65,2025-07-04,2026-07-04
POL-002580,Outback Assurance Group,4825,Cloncurry QLD,B-F,SME,1211117,Roof Tie-Down,1764.47,2025-08-10,2026-08-10
POL-002581,Pacific Rim Insurance,4700,Rockhampton QLD,Q-S,Home,765171,Shutters Installed,4468.03,2024-12-04,2025-12-04
POL-002582,Northbeam General,4737,Bowen QLD,Q-S,Home,492880,Elevated Slab,2927.25,2024-07-06,2025-07-06
POL-002583,Northbeam General,0800,Darwin NT,T-W,SME,1735641,Roof Tie-Down,13758.61,2023-12-13,2024-12-12
POL-002584,Pacific Rim Insurance,4802,Townsville QLD,T-W,SME,496127,None,4706.44,2024-12-20,2025-12-20
POL-002585,Southern Cross Insurance,4825,Cloncurry QLD,B-F,SME,899101,Elevated Slab,1362.85,2024-12-17,2025-12-17
POL-002586,Northbeam General,4655,Hervey Bay QLD,L-P,SME,2099048,None,8848.23,2025-04-06,2026-04-06
POL-002587,Northbeam General,4870,Cairns QLD,T-W,Home,816881,Roof Tie-Down,6126.17,2024-11-05,2025-11-05
POL-002588,Coral Coast Mutual,4700,Rockhampton QLD,Q-S,Home,416951,Shutters Installed,2113.0,2024-02-07,2025-02-06
POL-002589,Coral Coast Mutual,4870,Cairns QLD,T-W,SME,2276038,None,23512.41,2024-12-04,2025-12-04
POL-002590,Northbeam General,4655,Hervey Bay QLD,L-P,Home,798234,None,3454.03,2025-08-17,2026-08-17
POL-002591,Pacific Rim Insurance,4825,Mount Isa QLD,B-F,Strata,11527227,Roof Tie-Down,17276.62,2024-04-12,2025-04-12
POL-002592,Pacific Rim Insurance,4740,Mackay QLD,Q-S,Home,531560,None,3272.17,2024-09-30,2025-09-30
POL-002593,Southern Cross Insurance,4825,Cloncurry QLD,B-F,Home,266951,None,524.05,2023-05-10,2024-05-09
POL-002594,Outback Assurance Group,6714,Karratha WA,T-W,SME,1363847,None,13377.15,2024-07-09,2025-07-09
POL-002595,Pacific Rim Insurance,4810,Townsville QLD,T-W,SME,1624181,Shutters Installed,13504.45,2023-11-02,2024-11-01
POL-002596,Southern Cross Insurance,6714,Karratha WA,T-W,SME,2721718,None,26526.08,2024-10-24,2025-10-24
POL-002597,Southern Cross Insurance,6721,Port Hedland WA,T-W,Home,782188,None,7368.2,2025-04-09,2026-04-09
POL-002598,Outback Assurance Group,4737,Bowen QLD,Q-S,Home,496709,None,3483.8,2024-02-16,2025-02-15
POL-002599,Outback Assurance Group,4655,Hervey Bay QLD,L-P,Home,445833,None,1695.07,2024-09-22,2025-09-22
POL-002600,Outback Assurance Group,6000,Perth WA,B-F,Home,893851,Roof Tie-Down,1248.2,2024-10-04,2025-10-04
POL-002601,Pacific Rim Insurance,0850,Alice Springs NT,B-F,Home,818303,None,1369.81,2024-09-30,2025-09-30
POL-002602,Coral Coast Mutual,4879,Innisfail QLD,T-W,Home,411391,None,4171.66,2023-05-13,2024-05-12
POL-002603,Coral Coast Mutual,4720,Charters Towers QLD,L-P,Home,290034,None,1288.92,2024-06-28,2025-06-28
POL-002604,Coral Coast Mutual,4720,Charters Towers QLD,L-P,Home,499017,None,2040.83,2024-12-13,2025-12-13
POL-002605,Coral Coast Mutual,4870,Cairns QLD,T-W,SME,2036426,None,18885.38,2024-09-26,2025-09-26
POL-002606,Pacific Rim Insurance,4737,Bowen QLD,Q-S,Home,380889,Roof Tie-Down,1964.64,2025-07-10,2026-07-10
POL-002607,Pacific Rim Insurance,4700,Rockhampton QLD,Q-S,SME,1970889,Shutters Installed,10384.61,2023-07-06,2024-07-05
POL-002608,Pacific Rim Insurance,4655,Hervey Bay QLD,L-P,Home,397172,Elevated Slab,1376.22,2025-04-14,2026-04-14
POL-002609,Pacific Rim Insurance,6721,Port Hedland WA,T-W,Home,389563,Shutters Installed,3261.19,2025-01-27,2026-01-27
POL-002610,Pacific Rim Insurance,6000,Perth WA,B-F,SME,1331962,None,2573.17,2023-07-19,2024-07-18
POL-002611,Coral Coast Mutual,4802,Townsville QLD,T-W,Strata,4758535,Shutters Installed,36586.36,2024-12-01,2025-12-01
POL-002612,Coral Coast Mutual,4700,Rockhampton QLD,Q-S,Home,756779,Shutters Installed,3911.85,2025-08-25,2026-08-25
POL-002613,Northbeam General,4655,Hervey Bay QLD,L-P,Home,673259,None,3079.95,2023-08-15,2024-08-14
POL-002614,Pacific Rim Insurance,6714,Karratha WA,T-W,Home,638027,None,5579.05,2025-05-31,2026-05-31
POL-002615,Outback Assurance Group,0800,Darwin NT,T-W,Home,633573,Elevated Slab,4630.75,2024-10-23,2025-10-23
POL-002616,Coral Coast Mutual,4720,Charters Towers QLD,L-P,Home,835823,Elevated Slab,2879.08,2024-09-16,2025-09-16
POL-002617,Coral Coast Mutual,0850,Alice Springs NT,B-F,SME,1497678,Shutters Installed,2165.05,2023-07-18,2024-07-17
POL-002618,Southern Cross Insurance,4810,Townsville QLD,T-W,Home,787196,None,7963.45,2023-03-18,2024-03-17
POL-002619,Coral Coast Mutual,0850,Alice Springs NT,B-F,Home,458821,Roof Tie-Down,705.02,2024-12-22,2025-12-22
POL-002620,Outback Assurance Group,4802,Townsville QLD,T-W,Home,340188,None,3450.62,2023-08-04,2024-08-03
POL-002621,Northbeam General,6721,Port Hedland WA,T-W,Home,362745,Shutters Installed,2827.68,2023-12-02,2024-12-01
POL-002622,Outback Assurance Group,0800,Darwin NT,T-W,Home,899466,Roof Tie-Down,7824.05,2025-04-17,2026-04-17
POL-002623,Outback Assurance Group,0850,Alice Springs NT,B-F,SME,808432,None,1378.97,2024-03-12,2025-03-12
POL-002624,Southern Cross Insurance,6714,Karratha WA,T-W,Home,528663,None,5477.05,2023-06-03,2024-06-02
POL-002625,Outback Assurance Group,6721,Port Hedland WA,T-W,Strata,2590426,None,25969.11,2023-07-01,2024-06-30
POL-002626,Outback Assurance Group,4655,Hervey Bay QLD,L-P,Home,377940,None,1649.6,2024-06-20,2025-06-20
POL-002627,Coral Coast Mutual,4825,Cloncurry QLD,B-F,Home,388028,None,734.46,2023-01-07,2024-01-07
POL-002628,Coral Coast Mutual,4680,Gladstone QLD,L-P,Home,802372,None,3408.92,2025-02-24,2026-02-24
POL-002629,Outback Assurance Group,4655,Hervey Bay QLD,L-P,Home,596966,Roof Tie-Down,2155.64,2025-07-23,2026-07-23
POL-002630,Outback Assurance Group,4879,Innisfail QLD,T-W,Home,861914,Shutters Installed,6968.92,2025-03-22,2026-03-22
POL-002631,Coral Coast Mutual,4825,Cloncurry QLD,B-F,Home,425730,Shutters Installed,604.24,2024-12-24,2025-12-24
POL-002632,Pacific Rim Insurance,4720,Charters Towers QLD,L-P,Home,543196,None,2300.29,2023-12-14,2024-12-13
POL-002633,Pacific Rim Insurance,4879,Innisfail QLD,T-W,Strata,7323868,None,73578.91,2025-05-11,2026-05-11
POL-002634,Southern Cross Insurance,6721,Port Hedland WA,T-W,Home,894226,Roof Tie-Down,7813.69,2025-09-17,2026-09-17
POL-002635,Northbeam General,4879,Innisfail QLD,T-W,Strata,2104984,Roof Tie-Down,18298.04,2023-02-13,2024-02-13
POL-002636,Northbeam General,6721,Port Hedland WA,T-W,Home,493363,Shutters Installed,3643.48,2023-08-31,2024-08-30
POL-002637,Coral Coast Mutual,0800,Darwin NT,T-W,SME,690424,None,6176.43,2023-11-28,2024-11-27
POL-002638,Southern Cross Insurance,0850,Alice Springs NT,B-F,Home,696360,Shutters Installed,1077.27,2023-07-06,2024-07-05
POL-002639,Pacific Rim Insurance,6721,Port Hedland WA,T-W,Home,800284,None,7780.46,2024-01-31,2025-01-30
POL-002640,Northbeam General,4810,Townsville QLD,T-W,Strata,10381636,None,107760.15,2024-12-07,2025-12-07
POL-002641,Outback Assurance Group,4879,Innisfail QLD,T-W,Home,712488,None,7065.59,2023-10-27,2024-10-26
POL-002642,Northbeam General,0810,Darwin NT,T-W,SME,2561383,Roof Tie-Down,22688.57,2024-12-21,2025-12-21
POL-002643,Northbeam General,4680,Gladstone QLD,L-P,Home,322973,None,1363.49,2025-04-04,2026-04-04
POL-002644,Northbeam General,4825,Cloncurry QLD,B-F,SME,960886,Roof Tie-Down,1379.13,2023-03-06,2024-03-05
POL-002645,Southern Cross Insurance,4703,Rockhampton QLD,Q-S,Home,257428,None,1715.75,2024-10-01,2025-10-01
POL-002646,Coral Coast Mutual,4740,Mackay QLD,Q-S,Home,344215,Roof Tie-Down,1909.24,2024-03-01,2025-03-01
POL-002647,Northbeam General,0850,Alice Springs NT,B-F,Home,735685,None,1283.18,2024-06-29,2025-06-29
POL-002648,Coral Coast Mutual,0850,Alice Springs NT,B-F,Home,728179,None,1226.03,2023-07-05,2024-07-04
POL-002649,Outback Assurance Group,0850,Alice Springs NT,B-F,Home,630829,Shutters Installed,977.14,2023-09-30,2024-09-29
POL-002650,Southern Cross Insurance,0810,Darwin NT,T-W,Home,284281,None,2606.38,2024-09-25,2025-09-25
POL-002651,Pacific Rim Insurance,4720,Charters Towers QLD,L-P,SME,2302424,None,9442.76,2024-11-04,2025-11-04
POL-002652,Outback Assurance Group,4350,Toowoomba QLD,B-F,SME,2704241,Elevated Slab,4442.86,2025-01-05,2026-01-05
POL-002653,Outback Assurance Group,0800,Darwin NT,T-W,Home,729374,Roof Tie-Down,6110.54,2023-07-23,2024-07-22
POL-002654,Southern Cross Insurance,4703,Rockhampton QLD,Q-S,Strata,5123052,None,36341.39,2025-08-06,2026-08-06
POL-002655,Outback Assurance Group,6714,Karratha WA,T-W,Home,844411,Roof Tie-Down,7377.26,2023-08-08,2024-08-07
POL-002656,Southern Cross Insurance,4700,Rockhampton QLD,Q-S,Strata,7485389,None,50185.2,2024-08-22,2025-08-22
POL-002657,Coral Coast Mutual,6721,Port Hedland WA,T-W,Home,497940,None,5105.75,2023-11-29,2024-11-28
POL-002658,Coral Coast Mutual,4350,Toowoomba QLD,B-F,SME,2665610,None,4513.27,2024-07-23,2025-07-23
POL-002659,Outback Assurance Group,6000,Perth WA,B-F,Home,735519,None,1386.72,2025-06-22,2026-06-22
POL-002660,Coral Coast Mutual,4350,Toowoomba QLD,B-F,Home,509140,Elevated Slab,847.83,2024-08-07,2025-08-07
POL-002661,Southern Cross Insurance,6000,Perth WA,B-F,SME,2489255,None,4580.32,2025-01-12,2026-01-12
POL-002662,Pacific Rim Insurance,4700,Rockhampton QLD,Q-S,SME,2842199,None,18248.15,2023-07-11,2024-07-10
POL-002663,Pacific Rim Insurance,4700,Rockhampton QLD,Q-S,Home,597193,Roof Tie-Down,3132.2,2025-07-11,2026-07-11
POL-002664,Coral Coast Mutual,4737,Bowen QLD,Q-S,SME,871914,None,5343.53,2024-12-25,2025-12-25
POL-002665,Southern Cross Insurance,0810,Darwin NT,T-W,Home,794153,None,7156.71,2023-06-02,2024-06-01
POL-002666,Southern Cross Insurance,0800,Darwin NT,T-W,Home,306927,Elevated Slab,2502.22,2023-06-27,2024-06-26
POL-002667,Outback Assurance Group,4740,Mackay QLD,Q-S,Home,886045,None,6117.33,2024-12-03,2025-12-03
POL-002668,Coral Coast Mutual,4720,Charters Towers QLD,L-P,Home,709664,None,2890.76,2023-08-04,2024-08-03
POL-002669,Southern Cross Insurance,4720,Charters Towers QLD,L-P,Home,810977,Shutters Installed,2834.01,2023-03-04,2024-03-03
POL-002670,Southern Cross Insurance,4703,Rockhampton QLD,Q-S,Home,497765,None,3508.9,2024-10-22,2025-10-22
POL-002671,Northbeam General,4802,Townsville QLD,T-W,SME,859195,None,8097.4,2023-12-22,2024-12-21
POL-002672,Pacific Rim Insurance,4703,Rockhampton QLD,Q-S,SME,792457,None,4659.4,2023-06-02,2024-06-01
POL-002673,Southern Cross Insurance,4700,Rockhampton QLD,Q-S,SME,2861551,None,19527.4,2024-11-10,2025-11-10
POL-002674,Northbeam General,4825,Mount Isa QLD,B-F,Home,786221,None,1328.26,2024-09-18,2025-09-18
POL-002675,Outback Assurance Group,4870,Cairns QLD,T-W,Home,336662,None,3013.06,2024-08-30,2025-08-30
POL-002676,Northbeam General,4825,Mount Isa QLD,B-F,Home,667143,Roof Tie-Down,928.54,2023-06-04,2024-06-03
POL-002677,Northbeam General,0800,Darwin NT,T-W,Home,732706,Roof Tie-Down,5810.23,2025-02-09,2026-02-09
POL-002678,Outback Assurance Group,4740,Mackay QLD,Q-S,Home,343571,None,2061.67,2024-01-27,2025-01-26
POL-002679,Outback Assurance Group,0800,Darwin NT,T-W,Home,376832,Roof Tie-Down,3114.43,2023-02-02,2024-02-02
POL-002680,Northbeam General,0810,Darwin NT,T-W,SME,2619437,None,26178.41,2025-08-12,2026-08-12
POL-002681,Northbeam General,4703,Rockhampton QLD,Q-S,Strata,5591821,None,32981.29,2024-08-08,2025-08-08
POL-002682,Coral Coast Mutual,4879,Innisfail QLD,T-W,Home,264060,Shutters Installed,2200.66,2024-04-11,2025-04-11
POL-002683,Coral Coast Mutual,4720,Charters Towers QLD,L-P,Home,545745,None,2143.66,2023-04-03,2024-04-02
POL-002684,Southern Cross Insurance,4870,Cairns QLD,T-W,SME,2601239,None,22935.54,2023-12-12,2024-12-11
POL-002685,Northbeam General,4802,Townsville QLD,T-W,SME,1029682,None,9970.43,2024-01-20,2025-01-19
POL-002686,Outback Assurance Group,4870,Cairns QLD,T-W,SME,1938165,None,20233.82,2023-12-25,2024-12-24
POL-002687,Pacific Rim Insurance,4825,Mount Isa QLD,B-F,SME,405184,None,773.87,2023-08-08,2024-08-07
POL-002688,Southern Cross Insurance,4810,Townsville QLD,T-W,Home,861800,None,8181.46,2023-01-18,2024-01-18
POL-002689,Coral Coast Mutual,4350,Toowoomba QLD,B-F,Strata,6621484,Roof Tie-Down,9504.29,2025-08-15,2026-08-15
POL-002690,Northbeam General,4825,Cloncurry QLD,B-F,Home,571855,Elevated Slab,920.89,2023-05-14,2024-05-13
POL-002691,Southern Cross Insurance,4870,Cairns QLD,T-W,Home,413756,Roof Tie-Down,3024.11,2024-05-08,2025-05-08
POL-002692,Coral Coast Mutual,4879,Innisfail QLD,T-W,Home,752593,None,6764.71,2024-05-21,2025-05-21
POL-002693,Southern Cross Insurance,4740,Mackay QLD,Q-S,Home,714639,None,4848.46,2025-09-14,2026-09-14
POL-002694,Coral Coast Mutual,4879,Innisfail QLD,T-W,Home,682371,None,6130.14,2023-05-10,2024-05-09
POL-002695,Northbeam General,4720,Charters Towers QLD,L-P,SME,1836089,None,7433.09,2025-09-02,2026-09-02
POL-002696,Southern Cross Insurance,4870,Cairns QLD,T-W,Home,549322,None,4730.5,2023-03-02,2024-03-01
POL-002697,Outback Assurance Group,4870,Cairns QLD,T-W,Home,675239,None,7000.55,2024-07-31,2025-07-31
POL-002698,Coral Coast Mutual,4680,Gladstone QLD,L-P,Home,318034,None,1301.25,2024-08-27,2025-08-27
POL-002699,Southern Cross Insurance,4680,Gladstone QLD,L-P,Home,508051,None,2027.67,2025-05-11,2026-05-11
POL-002700,Pacific Rim Insurance,0810,Darwin NT,T-W,SME,2221103,Shutters Installed,16151.67,2023-02-15,2024-02-15
POL-002701,Southern Cross Insurance,4740,Mackay QLD,Q-S,SME,2556639,None,15363.94,2023-08-01,2024-07-31
POL-002702,Southern Cross Insurance,4879,Innisfail QLD,T-W,Home,668002,Roof Tie-Down,5152.64,2025-08-23,2026-08-23
POL-002703,Coral Coast Mutual,0850,Alice Springs NT,B-F,Home,820816,None,1333.6,2023-04-10,2024-04-09
POL-002704,Southern Cross Insurance,4737,Bowen QLD,Q-S,Home,363436,None,2586.38,2024-12-22,2025-12-22
POL-002705,Southern Cross Insurance,4737,Bowen QLD,Q-S,Home,678434,None,4368.34,2023-09-10,2024-09-09
POL-002706,Coral Coast Mutual,4737,Bowen QLD,Q-S,SME,600480,Shutters Installed,3525.34,2023-10-22,2024-10-21
POL-002707,Southern Cross Insurance,4720,Charters Towers QLD,L-P,Strata,5346962,None,23809.29,2023-06-29,2024-06-28
POL-002708,Pacific Rim Insurance,4703,Rockhampton QLD,Q-S,Home,440553,None,2777.08,2025-05-30,2026-05-30
POL-002709,Northbeam General,4680,Gladstone QLD,L-P,Home,875119,None,3494.49,2023-01-31,2024-01-31
POL-002710,Outback Assurance Group,0800,Darwin NT,T-W,Home,460098,Shutters Installed,3794.77,2023-06-10,2024-06-09
POL-002711,Coral Coast Mutual,6000,Perth WA,B-F,SME,2232109,None,4277.5,2023-03-22,2024-03-21
POL-002712,Southern Cross Insurance,4802,Townsville QLD,T-W,Home,394936,Shutters Installed,3316.34,2024-05-01,2025-05-01
POL-002713,Coral Coast Mutual,4740,Mackay QLD,Q-S,Home,684953,Shutters Installed,3728.03,2023-11-15,2024-11-14
POL-002714,Outback Assurance Group,4802,Townsville QLD,T-W,Home,372137,Roof Tie-Down,2734.9,2024-08-25,2025-08-25
POL-002715,Pacific Rim Insurance,4737,Bowen QLD,Q-S,Home,270602,Shutters Installed,1569.54,2023-09-26,2024-09-25
POL-002716,Coral Coast Mutual,4350,Toowoomba QLD,B-F,Home,321245,None,615.31,2024-07-30,2025-07-30
POL-002717,Southern Cross Insurance,4802,Townsville QLD,T-W,Home,318974,Shutters Installed,2481.27,2023-06-26,2024-06-25
POL-002718,Pacific Rim Insurance,6000,Perth WA,B-F,Home,868288,None,1499.66,2025-04-30,2026-04-30
POL-002719,Northbeam General,0850,Alice Springs NT,B-F,Strata,12168823,Elevated Slab,18726.99,2024-05-19,2025-05-19
POL-002720,Pacific Rim Insurance,4825,Mount Isa QLD,B-F,Home,376120,None,719.49,2024-01-27,2025-01-26
POL-002721,Northbeam General,4825,Cloncurry QLD,B-F,SME,2002240,Roof Tie-Down,3342.48,2023-06-02,2024-06-01
POL-002722,Northbeam General,0850,Alice Springs NT,B-F,Home,753203,Roof Tie-Down,1168.77,2023-09-12,2024-09-11
POL-002723,Pacific Rim Insurance,4700,Rockhampton QLD,Q-S,SME,1284727,Elevated Slab,7434.52,2025-09-17,2026-09-17
POL-002724,Southern Cross Insurance,4802,Townsville QLD,T-W,Home,369473,None,3857.95,2024-04-01,2025-04-01
POL-002725,Northbeam General,4825,Mount Isa QLD,B-F,SME,1092658,None,2117.61,2025-05-18,2026-05-18
POL-002726,Northbeam General,4870,Cairns QLD,T-W,Home,733122,Roof Tie-Down,6298.62,2024-07-07,2025-07-07
POL-002727,Southern Cross Insurance,0800,Darwin NT,T-W,Home,416050,Roof Tie-Down,3467.62,2024-11-06,2025-11-06
POL-002728,Southern Cross Insurance,6000,Perth WA,B-F,Home,822257,None,1611.41,2025-03-29,2026-03-29
POL-002729,Pacific Rim Insurance,4350,Toowoomba QLD,B-F,Home,895093,None,1634.23,2024-09-01,2025-09-01
POL-002730,Southern Cross Insurance,4802,Townsville QLD,T-W,Home,367395,Roof Tie-Down,2719.59,2024-03-31,2025-03-31
POL-002731,Southern Cross Insurance,4825,Cloncurry QLD,B-F,Home,553842,None,1082.21,2024-06-04,2025-06-04
POL-002732,Northbeam General,4825,Mount Isa QLD,B-F,Strata,6362675,None,11004.13,2023-05-22,2024-05-21
POL-002733,Northbeam General,0800,Darwin NT,T-W,Home,623346,None,5947.78,2025-01-25,2026-01-25
POL-002734,Pacific Rim Insurance,4802,Townsville QLD,T-W,Strata,8271311,None,77597.87,2023-01-12,2024-01-12
POL-002735,Coral Coast Mutual,4700,Rockhampton QLD,Q-S,Home,816330,Roof Tie-Down,4101.44,2024-04-30,2025-04-30
POL-002736,Pacific Rim Insurance,0850,Alice Springs NT,B-F,SME,1154261,None,2219.83,2024-01-25,2025-01-24
POL-002737,Outback Assurance Group,4825,Mount Isa QLD,B-F,Home,338114,Elevated Slab,562.23,2024-06-07,2025-06-07
POL-002738,Northbeam General,4802,Townsville QLD,T-W,Home,694045,Roof Tie-Down,5671.32,2024-05-31,2025-05-31
POL-002739,Coral Coast Mutual,4737,Bowen QLD,Q-S,SME,2401252,Elevated Slab,13703.62,2023-02-21,2024-02-21
POL-002740,Southern Cross Insurance,4740,Mackay QLD,Q-S,Home,373641,Shutters Installed,1964.72,2025-03-20,2026-03-20
POL-002741,Northbeam General,4802,Townsville QLD,T-W,Home,296159,Elevated Slab,2388.78,2024-07-19,2025-07-19
POL-002742,Outback Assurance Group,4700,Rockhampton QLD,Q-S,Home,830084,None,5458.34,2023-12-08,2024-12-07
POL-002743,Outback Assurance Group,4680,Gladstone QLD,L-P,Home,859258,None,3823.88,2025-04-04,2026-04-04
POL-002744,Coral Coast Mutual,4700,Rockhampton QLD,Q-S,Home,884122,Roof Tie-Down,5301.18,2024-12-19,2025-12-19
POL-002745,Southern Cross Insurance,4810,Townsville QLD,T-W,Home,527695,None,5449.8,2024-03-15,2025-03-15
POL-002746,Pacific Rim Insurance,6000,Perth WA,B-F,Home,317905,Shutters Installed,480.94,2023-06-06,2024-06-05
POL-002747,Outback Assurance Group,6714,Karratha WA,T-W,Home,622843,Roof Tie-Down,5109.93,2023-09-06,2024-09-05
POL-002748,Northbeam General,6000,Perth WA,B-F,Home,776943,Roof Tie-Down,1299.91,2025-09-10,2026-09-10
POL-002749,Outback Assurance Group,6000,Perth WA,B-F,Home,776184,None,1321.11,2023-02-12,2024-02-12
POL-002750,Pacific Rim Insurance,0810,Darwin NT,T-W,Strata,4539041,Elevated Slab,40249.09,2025-02-09,2026-02-09
POL-002751,Southern Cross Insurance,4737,Bowen QLD,Q-S,Home,273126,Roof Tie-Down,1546.22,2023-03-06,2024-03-05
POL-002752,Northbeam General,6721,Port Hedland WA,T-W,Home,368432,None,3560.65,2025-02-13,2026-02-13
POL-002753,Northbeam General,4680,Gladstone QLD,L-P,SME,1084699,None,5010.01,2025-06-13,2026-06-13
POL-002754,Northbeam General,4879,Innisfail QLD,T-W,Home,677433,Shutters Installed,5901.81,2023-12-16,2024-12-15
POL-002755,Coral Coast Mutual,4350,Toowoomba QLD,B-F,Home,833316,Shutters Installed,1277.79,2024-02-15,2025-02-14
POL-002756,Northbeam General,4870,Cairns QLD,T-W,Strata,6671056,Elevated Slab,56567.35,2024-05-22,2025-05-22
POL-002757,Northbeam General,6000,Perth WA,B-F,Home,583325,Roof Tie-Down,919.31,2025-06-12,2026-06-12
POL-002758,Outback Assurance Group,6721,Port Hedland WA,T-W,Home,686617,None,6395.1,2023-03-06,2024-03-05
POL-002759,Coral Coast Mutual,0850,Alice Springs NT,B-F,SME,674028,None,1279.35,2023-05-10,2024-05-09
POL-002760,Southern Cross Insurance,4810,Townsville QLD,T-W,Home,293862,None,2817.77,2025-09-06,2026-09-06
POL-002761,Coral Coast Mutual,4655,Hervey Bay QLD,L-P,Home,351605,None,1409.25,2024-03-29,2025-03-29
POL-002762,Northbeam General,4879,Innisfail QLD,T-W,Home,487475,None,4945.68,2024-09-29,2025-09-29
POL-002763,Pacific Rim Insurance,4655,Hervey Bay QLD,L-P,Home,822433,None,3400.46,2024-11-10,2025-11-10
POL-002764,Pacific Rim Insurance,4810,Townsville QLD,T-W,SME,2840118,Shutters Installed,22456.14,2024-09-25,2025-09-25
POL-002765,Southern Cross Insurance,4737,Bowen QLD,Q-S,Home,844774,None,5284.95,2025-07-02,2026-07-02
POL-002766,Southern Cross Insurance,6714,Karratha WA,T-W,Home,578786,Shutters Installed,4957.46,2023-02-20,2024-02-20
POL-002767,Outback Assurance Group,0800,Darwin NT,T-W,Home,439353,None,3805.38,2024-12-04,2025-12-04
POL-002768,Outback Assurance Group,4680,Gladstone QLD,L-P,Home,296649,None,1208.86,2023-03-14,2024-03-13
POL-002769,Pacific Rim Insurance,4825,Mount Isa QLD,B-F,Home,488099,None,937.01,2024-07-04,2025-07-04
POL-002770,Northbeam General,4655,Hervey Bay QLD,L-P,Home,680744,Shutters Installed,2661.55,2024-10-25,2025-10-25
POL-002771,Outback Assurance Group,0800,Darwin NT,T-W,Home,640477,Shutters Installed,5274.77,2024-01-24,2025-01-23
POL-002772,Coral Coast Mutual,4870,Cairns QLD,T-W,Home,850204,None,7755.69,2023-05-20,2024-05-19
POL-002773,Outback Assurance Group,4720,Charters Towers QLD,L-P,Strata,2787829,Shutters Installed,9541.15,2024-01-21,2025-01-20
POL-002774,Outback Assurance Group,6000,Perth WA,B-F,SME,2735188,None,5034.99,2024-03-17,2025-03-17
POL-002775,Coral Coast Mutual,4879,Innisfail QLD,T-W,Home,524864,None,4648.97,2025-04-19,2026-04-19
POL-002776,Southern Cross Insurance,6714,Karratha WA,T-W,Home,714619,Elevated Slab,5585.79,2025-07-02,2026-07-02
POL-002777,Pacific Rim Insurance,4802,Townsville QLD,T-W,Home,584424,None,6068.1,2023-07-16,2024-07-15
POL-002778,Outback Assurance Group,4810,Townsville QLD,T-W,Home,637479,Roof Tie-Down,4898.59,2024-02-19,2025-02-18
POL-002779,Southern Cross Insurance,0810,Darwin NT,T-W,SME,2156297,Roof Tie-Down,16842.75,2023-10-24,2024-10-23
POL-002780,Southern Cross Insurance,0800,Darwin NT,T-W,Home,887786,Shutters Installed,6949.54,2025-08-05,2026-08-05
POL-002781,Northbeam General,4870,Cairns QLD,T-W,SME,1072196,None,10910.23,2023-05-02,2024-05-01
POL-002782,Outback Assurance Group,0810,Darwin NT,T-W,Home,723879,None,6778.07,2025-06-21,2026-06-21
POL-002783,Southern Cross Insurance,0850,Alice Springs NT,B-F,Home,581355,Roof Tie-Down,909.62,2024-02-04,2025-02-03
POL-002784,Pacific Rim Insurance,0800,Darwin NT,T-W,Home,354768,Shutters Installed,2631.16,2025-07-21,2026-07-21
POL-002785,Pacific Rim Insurance,6000,Perth WA,B-F,Home,657104,None,1299.5,2023-01-07,2024-01-07
POL-002786,Pacific Rim Insurance,4870,Cairns QLD,T-W,Home,665320,None,6296.78,2024-05-21,2025-05-21
POL-002787,Coral Coast Mutual,0810,Darwin NT,T-W,Home,855908,Roof Tie-Down,7043.5,2025-08-22,2026-08-22
POL-002788,Outback Assurance Group,4737,Bowen QLD,Q-S,Strata,6583487,None,42331.49,2025-01-05,2026-01-05
POL-002789,Southern Cross Insurance,6000,Perth WA,B-F,SME,2182529,None,3595.52,2025-01-17,2026-01-17
POL-002790,Outback Assurance Group,4700,Rockhampton QLD,Q-S,Home,489922,None,3334.43,2025-06-24,2026-06-24
POL-002791,Pacific Rim Insurance,6714,Karratha WA,T-W,Home,867340,Shutters Installed,7325.24,2025-06-06,2026-06-06
POL-002792,Pacific Rim Insurance,4740,Mackay QLD,Q-S,Home,427003,Elevated Slab,2297.14,2023-09-29,2024-09-28
POL-002793,Pacific Rim Insurance,4700,Rockhampton QLD,Q-S,Home,834572,Roof Tie-Down,4790.58,2023-08-27,2024-08-26
POL-002794,Outback Assurance Group,6714,Karratha WA,T-W,SME,1525561,Elevated Slab,11203.18,2024-11-23,2025-11-23
POL-002795,Northbeam General,6000,Perth WA,B-F,Home,739919,Elevated Slab,1095.52,2023-05-30,2024-05-29
POL-002796,Coral Coast Mutual,4825,Mount Isa QLD,B-F,Home,411652,None,805.39,2024-04-03,2025-04-03
POL-002797,Southern Cross Insurance,4825,Cloncurry QLD,B-F,Home,765116,None,1427.39,2024-09-27,2025-09-27
POL-002798,Northbeam General,4737,Bowen QLD,Q-S,Home,466300,None,2875.1,2023-10-28,2024-10-27
POL-002799,Northbeam General,0850,Alice Springs NT,B-F,Home,832052,Roof Tie-Down,1282.94,2024-12-02,2025-12-02
POL-002800,Southern Cross Insurance,4825,Mount Isa QLD,B-F,SME,452913,Elevated Slab,714.45,2023-03-04,2024-03-03
POL-002801,Northbeam General,4810,Townsville QLD,T-W,SME,574913,None,5193.97,2025-01-01,2026-01-01
POL-002802,Pacific Rim Insurance,4740,Mackay QLD,Q-S,Home,490694,None,3077.88,2024-07-12,2025-07-12
POL-002803,Coral Coast Mutual,0810,Darwin NT,T-W,Home,597103,None,6067.02,2025-06-21,2026-06-21
POL-002804,Outback Assurance Group,4870,Cairns QLD,T-W,Home,358880,None,3419.39,2025-01-02,2026-01-02
POL-002805,Northbeam General,4737,Bowen QLD,Q-S,Home,320213,Shutters Installed,1890.39,2023-12-20,2024-12-19
POL-002806,Southern Cross Insurance,6000,Perth WA,B-F,Home,626925,None,1074.67,2024-03-13,2025-03-13
POL-002807,Pacific Rim Insurance,4825,Cloncurry QLD,B-F,Home,629198,None,1175.24,2024-05-01,2025-05-01
POL-002808,Coral Coast Mutual,4810,Townsville QLD,T-W,Home,829307,None,7259.41,2024-10-19,2025-10-19
POL-002809,Pacific Rim Insurance,4350,Toowoomba QLD,B-F,Home,812698,Roof Tie-Down,1232.61,2024-05-29,2025-05-29
POL-002810,Pacific Rim Insurance,6000,Perth WA,B-F,SME,2781939,None,5086.89,2024-08-23,2025-08-23
POL-002811,Outback Assurance Group,4720,Charters Towers QLD,L-P,SME,2911760,None,11155.46,2023-11-19,2024-11-18
POL-002812,Northbeam General,4802,Townsville QLD,T-W,SME,838951,None,7610.17,2024-04-05,2025-04-05
POL-002813,Pacific Rim Insurance,6000,Perth WA,B-F,Home,343891,Roof Tie-Down,564.23,2024-09-04,2025-09-04
POL-002814,Pacific Rim Insurance,4655,Hervey Bay QLD,L-P,SME,954491,Roof Tie-Down,3683.24,2025-05-01,2026-05-01
POL-002815,Southern Cross Insurance,4350,Toowoomba QLD,B-F,Home,496903,Roof Tie-Down,720.46,2025-03-22,2026-03-22
POL-002816,Outback Assurance Group,0810,Darwin NT,T-W,Strata,13065093,None,125352.26,2023-01-31,2024-01-31
POL-002817,Southern Cross Insurance,4700,Rockhampton QLD,Q-S,Strata,4892433,None,31909.45,2024-06-11,2025-06-11
POL-002818,Southern Cross Insurance,4802,Townsville QLD,T-W,Home,402783,Shutters Installed,3006.02,2025-04-15,2026-04-15
POL-002819,Pacific Rim Insurance,4870,Cairns QLD,T-W,Home,252215,Roof Tie-Down,1839.6,2024-12-09,2025-12-09
POL-002820,Pacific Rim Insurance,4655,Hervey Bay QLD,L-P,Home,297510,Elevated Slab,1149.21,2024-06-04,2025-06-04
POL-002821,Pacific Rim Insurance,4825,Cloncurry QLD,B-F,Strata,13993460,None,24615.11,2023-01-12,2024-01-12
POL-002822,Southern Cross Insurance,4825,Mount Isa QLD,B-F,SME,2009421,Roof Tie-Down,3256.95,2023-10-23,2024-10-22
POL-002823,Southern Cross Insurance,4350,Toowoomba QLD,B-F,SME,1739344,Shutters Installed,2740.97,2024-10-18,2025-10-18
POL-002824,Pacific Rim Insurance,4802,Townsville QLD,T-W,Home,756030,Roof Tie-Down,5831.88,2025-03-12,2026-03-12
POL-002825,Southern Cross Insurance,0810,Darwin NT,T-W,Home,867298,Shutters Installed,6746.25,2024-11-23,2025-11-23
POL-002826,Outback Assurance Group,4740,Mackay QLD,Q-S,Home,267722,None,1725.24,2025-02-08,2026-02-08
POL-002827,Pacific Rim Insurance,4700,Rockhampton QLD,Q-S,Home,542497,None,3838.98,2025-09-02,2026-09-02
POL-002828,Outback Assurance Group,4655,Hervey Bay QLD,L-P,Home,270494,Roof Tie-Down,1043.48,2023-02-17,2024-02-17
POL-002829,Southern Cross Insurance,4879,Innisfail QLD,T-W,Strata,9081357,None,82281.43,2023-03-17,2024-03-16
POL-002830,Northbeam General,4655,Hervey Bay QLD,L-P,Strata,3451929,Shutters Installed,12838.4,2024-12-21,2025-12-21
POL-002831,Pacific Rim Insurance,6721,Port Hedland WA,T-W,Home,589666,Elevated Slab,4381.17,2024-09-20,2025-09-20
POL-002832,Pacific Rim Insurance,6000,Perth WA,B-F,SME,2592751,None,4774.46,2024-01-12,2025-01-11
POL-002833,Pacific Rim Insurance,4703,Rockhampton QLD,Q-S,Home,558492,None,3669.38,2024-01-22,2025-01-21
POL-002834,Southern Cross Insurance,4802,Townsville QLD,T-W,Home,657281,Elevated Slab,5421.05,2025-03-14,2026-03-14
POL-002835,Pacific Rim Insurance,4720,Charters Towers QLD,L-P,Home,832400,Elevated Slab,2983.58,2024-10-12,2025-10-12
POL-002836,Coral Coast Mutual,0800,Darwin NT,T-W,Home,758868,None,7615.26,2023-03-16,2024-03-15
POL-002837,Southern Cross Insurance,4870,Cairns QLD,T-W,Home,439383,None,4059.78,2025-05-14,2026-05-14
POL-002838,Southern Cross Insurance,4802,Townsville QLD,T-W,Home,873589,Elevated Slab,6682.82,2023-01-23,2024-01-23
POL-002839,Pacific Rim Insurance,0810,Darwin NT,T-W,Home,625921,None,5892.2,2025-09-13,2026-09-13
POL-002840,Pacific Rim Insurance,4802,Townsville QLD,T-W,Home,648606,None,5563.69,2023-03-22,2024-03-21
POL-002841,Southern Cross Insurance,4870,Cairns QLD,T-W,SME,2797630,None,25878.73,2023-05-23,2024-05-22
POL-002842,Coral Coast Mutual,4737,Bowen QLD,Q-S,Home,373499,None,2408.6,2024-04-12,2025-04-12
POL-002843,Southern Cross Insurance,4825,Mount Isa QLD,B-F,SME,1644860,Roof Tie-Down,2458.8,2023-07-09,2024-07-08
POL-002844,Pacific Rim Insurance,0800,Darwin NT,T-W,Home,828211,None,7308.83,2023-04-05,2024-04-04
POL-002845,Pacific Rim Insurance,4802,Townsville QLD,T-W,Home,529205,Roof Tie-Down,3997.3,2023-05-25,2024-05-24
POL-002846,Coral Coast Mutual,0850,Alice Springs NT,B-F,Home,721103,None,1182.05,2024-12-25,2025-12-25
POL-002847,Coral Coast Mutual,4680,Gladstone QLD,L-P,Home,830441,Roof Tie-Down,2873.72,2023-10-28,2024-10-27
POL-002848,Southern Cross Insurance,0850,Alice Springs NT,B-F,SME,2225015,Roof Tie-Down,3594.57,2023-05-10,2024-05-09
POL-002849,Pacific Rim Insurance,4802,Townsville QLD,T-W,Home,635004,None,6028.85,2023-01-01,2024-01-01
POL-002850,Coral Coast Mutual,4870,Cairns QLD,T-W,Strata,12605184,Roof Tie-Down,99736.84,2025-08-05,2026-08-05
POL-002851,Coral Coast Mutual,4879,Innisfail QLD,T-W,Home,430016,Roof Tie-Down,3271.86,2023-05-20,2024-05-19
POL-002852,Coral Coast Mutual,0850,Alice Springs NT,B-F,Strata,11395073,None,20966.59,2025-06-27,2026-06-27
POL-002853,Coral Coast Mutual,4870,Cairns QLD,T-W,Home,791809,None,7044.93,2024-12-06,2025-12-06
POL-002854,Pacific Rim Insurance,4737,Bowen QLD,Q-S,Home,690071,Roof Tie-Down,3486.65,2025-08-22,2026-08-22
POL-002855,Southern Cross Insurance,4680,Gladstone QLD,L-P,Home,618503,Roof Tie-Down,2403.68,2024-10-18,2025-10-18
POL-002856,Outback Assurance Group,4825,Mount Isa QLD,B-F,Home,251075,Elevated Slab,392.63,2025-05-14,2026-05-14
POL-002857,Southern Cross Insurance,0800,Darwin NT,T-W,Strata,7284544,None,64856.24,2023-03-24,2024-03-23
POL-002858,Northbeam General,4680,Gladstone QLD,L-P,Home,711990,None,2723.16,2024-08-06,2025-08-06
POL-002859,Southern Cross Insurance,4703,Rockhampton QLD,Q-S,Home,701084,None,4642.4,2024-11-27,2025-11-27
POL-002860,Southern Cross Insurance,4870,Cairns QLD,T-W,Strata,13755141,Shutters Installed,118403.06,2024-10-31,2025-10-31
POL-002861,Northbeam General,4720,Charters Towers QLD,L-P,Home,593124,Shutters Installed,2201.78,2023-08-21,2024-08-20
POL-002862,Outback Assurance Group,4802,Townsville QLD,T-W,Home,832308,Elevated Slab,6819.13,2025-06-04,2026-06-04
POL-002863,Southern Cross Insurance,4680,Gladstone QLD,L-P,Home,745155,Shutters Installed,2801.72,2024-02-28,2025-02-27
POL-002864,Coral Coast Mutual,4810,Townsville QLD,T-W,SME,992448,None,10328.47,2023-07-27,2024-07-26
POL-002865,Southern Cross Insurance,4825,Cloncurry QLD,B-F,Home,324158,None,529.28,2023-12-07,2024-12-06
POL-002866,Northbeam General,0810,Darwin NT,T-W,Home,890442,None,8295.57,2024-12-02,2025-12-02
POL-002867,Northbeam General,4825,Mount Isa QLD,B-F,Home,627427,Shutters Installed,948.03,2024-06-20,2025-06-20
POL-002868,Coral Coast Mutual,6714,Karratha WA,T-W,SME,2622728,Roof Tie-Down,19316.83,2025-06-01,2026-06-01
POL-002869,Northbeam General,4825,Cloncurry QLD,B-F,Home,719557,None,1215.87,2024-07-15,2025-07-15
POL-002870,Northbeam General,6000,Perth WA,B-F,SME,2511328,None,4244.86,2023-11-07,2024-11-06
POL-002871,Pacific Rim Insurance,6714,Karratha WA,T-W,SME,1649547,Elevated Slab,13069.39,2023-05-22,2024-05-21
POL-002872,Southern Cross Insurance,4740,Mackay QLD,Q-S,Home,715917,Roof Tie-Down,4293.25,2024-12-22,2025-12-22
POL-002873,Outback Assurance Group,4655,Hervey Bay QLD,L-P,Home,619559,None,2383.6,2025-09-10,2026-09-10
POL-002874,Coral Coast Mutual,4700,Rockhampton QLD,Q-S,Home,260205,Roof Tie-Down,1464.68,2024-07-07,2025-07-07
POL-002875,Pacific Rim Insurance,6714,Karratha WA,T-W,Home,574506,None,5709.54,2024-11-13,2025-11-13
POL-002876,Pacific Rim Insurance,0800,Darwin NT,T-W,SME,749530,Roof Tie-Down,6653.8,2024-04-18,2025-04-18
POL-002877,Coral Coast Mutual,4655,Hervey Bay QLD,L-P,Home,270024,None,1052.97,2025-04-04,2026-04-04
POL-002878,Outback Assurance Group,4737,Bowen QLD,Q-S,SME,1143010,Roof Tie-Down,5896.05,2023-01-25,2024-01-25
POL-002879,Northbeam General,4810,Townsville QLD,T-W,Home,531070,Shutters Installed,4458.75,2023-03-27,2024-03-26
POL-002880,Pacific Rim Insurance,4870,Cairns QLD,T-W,SME,1164373,None,10923.8,2023-11-18,2024-11-17
POL-002881,Southern Cross Insurance,4680,Gladstone QLD,L-P,SME,1062316,Roof Tie-Down,4065.47,2025-02-16,2026-02-16
POL-002882,Pacific Rim Insurance,4825,Mount Isa QLD,B-F,Home,441986,Shutters Installed,731.22,2023-12-22,2024-12-21
POL-002883,Southern Cross Insurance,6000,Perth WA,B-F,Home,606289,None,989.17,2023-10-17,2024-10-16
POL-002884,Pacific Rim Insurance,0850,Alice Springs NT,B-F,Home,450553,Elevated Slab,736.85,2024-04-19,2025-04-19
POL-002885,Southern Cross Insurance,4825,Cloncurry QLD,B-F,Home,868541,Elevated Slab,1375.13,2024-10-21,2025-10-21
POL-002886,Coral Coast Mutual,4350,Toowoomba QLD,B-F,SME,601932,None,977.24,2024-02-07,2025-02-06
POL-002887,Pacific Rim Insurance,4810,Townsville QLD,T-W,Home,262797,Shutters Installed,1996.15,2025-07-07,2026-07-07
POL-002888,Southern Cross Insurance,0800,Darwin NT,T-W,Home,282959,Shutters Installed,2457.76,2024-03-14,2025-03-14
POL-002889,Coral Coast Mutual,4720,Charters Towers QLD,L-P,Home,548017,None,2101.15,2024-07-09,2025-07-09
POL-002890,Pacific Rim Insurance,4810,Townsville QLD,T-W,Strata,12971313,None,119205.59,2024-09-22,2025-09-22
POL-002891,Coral Coast Mutual,4700,Rockhampton QLD,Q-S,Strata,14750100,Elevated Slab,85569.71,2025-07-20,2026-07-20
POL-002892,Outback Assurance Group,4802,Townsville QLD,T-W,Home,656766,Roof Tie-Down,4848.0,2023-03-02,2024-03-01
POL-002893,Pacific Rim Insurance,0850,Alice Springs NT,B-F,Home,270155,None,476.34,2024-03-14,2025-03-14
POL-002894,Northbeam General,4740,Mackay QLD,Q-S,Home,710568,Elevated Slab,3908.22,2023-02-15,2024-02-15
POL-002895,Northbeam General,0850,Alice Springs NT,B-F,Home,381393,None,716.25,2025-09-06,2026-09-06
POL-002896,Northbeam General,4703,Rockhampton QLD,Q-S,Home,859278,Shutters Installed,4936.36,2024-01-19,2025-01-18
POL-002897,Northbeam General,4870,Cairns QLD,T-W,Home,645288,None,6447.49,2025-05-16,2026-05-16
POL-002898,Outback Assurance Group,6714,Karratha WA,T-W,Home,614840,Shutters Installed,5290.97,2023-03-16,2024-03-15
POL-002899,Coral Coast Mutual,4703,Rockhampton QLD,Q-S,Strata,4181170,Shutters Installed,24943.7,2023-07-08,2024-07-07
POL-002900,Pacific Rim Insurance,0800,Darwin NT,T-W,Home,860389,Shutters Installed,6337.84,2023-07-11,2024-07-10
POL-002901,Southern Cross Insurance,0810,Darwin NT,T-W,Home,597110,Shutters Installed,5164.98,2023-03-13,2024-03-12
POL-002902,Coral Coast Mutual,4740,Mackay QLD,Q-S,Home,692242,None,4804.58,2023-02-17,2024-02-17
POL-002903,Pacific Rim Insurance,4350,Toowoomba QLD,B-F,Home,817294,None,1487.54,2024-02-28,2025-02-27
POL-002904,Outback Assurance Group,6000,Perth WA,B-F,Home,372314,Roof Tie-Down,522.75,2024-02-07,2025-02-06
POL-002905,Coral Coast Mutual,4350,Toowoomba QLD,B-F,SME,427242,None,735.44,2024-11-25,2025-11-25
POL-002906,Outback Assurance Group,4737,Bowen QLD,Q-S,Home,839900,None,5521.02,2024-07-10,2025-07-10
POL-002907,Pacific Rim Insurance,6714,Karratha WA,T-W,SME,767953,None,6815.49,2025-01-24,2026-01-24
POL-002908,Outback Assurance Group,4879,Innisfail QLD,T-W,Home,492163,Elevated Slab,4334.48,2023-09-04,2024-09-03
POL-002909,Pacific Rim Insurance,4700,Rockhampton QLD,Q-S,SME,993348,None,6401.97,2023-12-29,2024-12-28
POL-002910,Pacific Rim Insurance,4700,Rockhampton QLD,Q-S,Home,735875,None,5156.21,2024-12-12,2025-12-12
POL-002911,Northbeam General,0810,Darwin NT,T-W,Home,345246,Elevated Slab,2955.78,2025-05-12,2026-05-12
POL-002912,Northbeam General,4350,Toowoomba QLD,B-F,SME,1158886,None,1956.26,2024-12-18,2025-12-18
POL-002913,Pacific Rim Insurance,0800,Darwin NT,T-W,Home,429219,None,3724.89,2025-07-17,2026-07-17
POL-002914,Southern Cross Insurance,0800,Darwin NT,T-W,Home,254483,None,2507.71,2024-08-02,2025-08-02
POL-002915,Coral Coast Mutual,4879,Innisfail QLD,T-W,Home,707735,Roof Tie-Down,5385.13,2024-01-16,2025-01-15
POL-002916,Outback Assurance Group,4825,Cloncurry QLD,B-F,Home,578149,None,1055.02,2024-04-19,2025-04-19
POL-002917,Southern Cross Insurance,4700,Rockhampton QLD,Q-S,SME,2732087,Roof Tie-Down,15145.39,2024-12-26,2025-12-26
POL-002918,Northbeam General,6714,Karratha WA,T-W,Strata,14844433,None,149717.42,2024-09-10,2025-09-10
POL-002919,Outback Assurance Group,4825,Mount Isa QLD,B-F,Home,412081,Elevated Slab,631.56,2024-08-18,2025-08-18
POL-002920,Southern Cross Insurance,4700,Rockhampton QLD,Q-S,SME,1704393,Shutters Installed,10106.52,2024-11-04,2025-11-04
POL-002921,Northbeam General,4720,Charters Towers QLD,L-P,Home,749931,None,2937.11,2023-02-25,2024-02-25
POL-002922,Northbeam General,4825,Cloncurry QLD,B-F,Home,383652,Shutters Installed,601.69,2025-05-08,2026-05-08
POL-002923,Outback Assurance Group,0810,Darwin NT,T-W,SME,1456805,Roof Tie-Down,10795.97,2023-10-13,2024-10-12
POL-002924,Outback Assurance Group,6000,Perth WA,B-F,SME,2601592,None,4914.92,2023-03-09,2024-03-08
POL-002925,Southern Cross Insurance,4680,Gladstone QLD,L-P,Home,260703,None,1132.87,2025-01-23,2026-01-23
POL-002926,Northbeam General,0810,Darwin NT,T-W,Home,303170,Shutters Installed,2338.91,2025-01-01,2026-01-01
POL-002927,Northbeam General,4350,Toowoomba QLD,B-F,SME,2240908,Roof Tie-Down,3427.24,2025-05-20,2026-05-20
POL-002928,Northbeam General,0800,Darwin NT,T-W,Home,293441,None,3009.87,2025-02-16,2026-02-16
POL-002929,Northbeam General,4720,Charters Towers QLD,L-P,Home,299319,Shutters Installed,1048.73,2024-02-10,2025-02-09
POL-002930,Northbeam General,4870,Cairns QLD,T-W,SME,1844662,None,18278.7,2024-09-01,2025-09-01
POL-002931,Northbeam General,4737,Bowen QLD,Q-S,Home,862957,Elevated Slab,4382.55,2024-07-04,2025-07-04
POL-002932,Outback Assurance Group,0810,Darwin NT,T-W,SME,1079054,None,11256.98,2023-04-02,2024-04-01
POL-002933,Northbeam General,4825,Mount Isa QLD,B-F,Home,887658,Elevated Slab,1233.41,2025-08-25,2026-08-25
POL-002934,Coral Coast Mutual,4802,Townsville QLD,T-W,SME,900513,None,9314.74,2023-01-30,2024-01-30
POL-002935,Outback Assurance Group,4350,Toowoomba QLD,B-F,SME,1557232,None,2560.21,2024-02-01,2025-01-31
POL-002936,Outback Assurance Group,4700,Rockhampton QLD,Q-S,Home,462886,Roof Tie-Down,2781.93,2024-03-05,2025-03-05
POL-002937,Outback Assurance Group,4870,Cairns QLD,T-W,Home,834245,Elevated Slab,7254.97,2025-09-19,2026-09-19
POL-002938,Outback Assurance Group,4655,Hervey Bay QLD,L-P,Home,292550,None,1200.0,2024-12-18,2025-12-18
POL-002939,Coral Coast Mutual,0810,Darwin NT,T-W,Home,662841,None,6123.26,2023-03-03,2024-03-02
POL-002940,Outback Assurance Group,4802,Townsville QLD,T-W,Home,517109,None,4716.53,2023-02-07,2024-02-07
POL-002941,Northbeam General,4879,Innisfail QLD,T-W,Home,571042,Roof Tie-Down,4707.68,2023-07-13,2024-07-12
POL-002942,Northbeam General,4802,Townsville QLD,T-W,Home,883883,Roof Tie-Down,6961.67,2024-04-09,2025-04-09
POL-002943,Southern Cross Insurance,0810,Darwin NT,T-W,SME,2219656,Elevated Slab,19293.32,2023-05-01,2024-04-30
POL-002944,Coral Coast Mutual,6721,Port Hedland WA,T-W,Strata,8894356,Shutters Installed,74198.72,2025-07-30,2026-07-30
POL-002945,Pacific Rim Insurance,4825,Cloncurry QLD,B-F,SME,1034621,Shutters Installed,1456.78,2024-06-11,2025-06-11
POL-002946,Southern Cross Insurance,4740,Mackay QLD,Q-S,Home,872978,None,6185.47,2024-09-24,2025-09-24
POL-002947,Southern Cross Insurance,4810,Townsville QLD,T-W,Strata,6028244,Roof Tie-Down,50862.3,2025-07-18,2026-07-18
POL-002948,Northbeam General,4810,Townsville QLD,T-W,Home,481319,Elevated Slab,3654.24,2023-12-13,2024-12-12
POL-002949,Northbeam General,0810,Darwin NT,T-W,SME,1581675,None,16369.93,2025-09-24,2026-09-24
POL-002950,Northbeam General,4680,Gladstone QLD,L-P,SME,1389227,Elevated Slab,4686.68,2023-09-24,2024-09-23
POL-002951,Pacific Rim Insurance,4740,Mackay QLD,Q-S,SME,730031,Shutters Installed,4199.93,2024-01-10,2025-01-09
POL-002952,Outback Assurance Group,0850,Alice Springs NT,B-F,Home,530049,Elevated Slab,789.86,2024-04-23,2025-04-23
POL-002953,Coral Coast Mutual,4802,Townsville QLD,T-W,SME,2302248,None,21439.95,2024-12-30,2025-12-30
POL-002954,Outback Assurance Group,6714,Karratha WA,T-W,Strata,6025343,Elevated Slab,48037.57,2024-07-31,2025-07-31
POL-002955,Southern Cross Insurance,6000,Perth WA,B-F,Home,873532,None,1659.44,2024-01-27,2025-01-26
POL-002956,Coral Coast Mutual,4879,Innisfail QLD,T-W,Home,332919,Shutters Installed,2514.7,2023-10-20,2024-10-19
POL-002957,Pacific Rim Insurance,4870,Cairns QLD,T-W,Home,850505,None,7808.38,2025-05-08,2026-05-08
POL-002958,Northbeam General,6721,Port Hedland WA,T-W,Home,444369,None,4441.38,2024-09-02,2025-09-02
POL-002959,Outback Assurance Group,6714,Karratha WA,T-W,SME,1999232,Elevated Slab,15811.48,2025-05-14,2026-05-14
POL-002960,Northbeam General,4700,Rockhampton QLD,Q-S,Home,264204,None,1701.25,2023-10-10,2024-10-09
POL-002961,Southern Cross Insurance,4350,Toowoomba QLD,B-F,Home,374427,None,642.39,2024-01-30,2025-01-29
POL-002962,Northbeam General,6721,Port Hedland WA,T-W,Home,527633,None,5163.56,2024-08-20,2025-08-20
POL-002963,Coral Coast Mutual,4350,Toowoomba QLD,B-F,SME,2142549,Roof Tie-Down,3485.65,2023-11-05,2024-11-04
POL-002964,Outback Assurance Group,6721,Port Hedland WA,T-W,Home,724800,None,6977.28,2023-08-14,2024-08-13
POL-002965,Southern Cross Insurance,4350,Toowoomba QLD,B-F,Home,268949,None,438.6,2024-10-23,2025-10-23
POL-002966,Southern Cross Insurance,0850,Alice Springs NT,B-F,Strata,4801999,None,8024.87,2023-05-04,2024-05-03
POL-002967,Northbeam General,4680,Gladstone QLD,L-P,SME,2736149,Elevated Slab,9339.92,2023-06-10,2024-06-09
POL-002968,Pacific Rim Insurance,4680,Gladstone QLD,L-P,SME,1139112,None,4720.11,2025-07-16,2026-07-16
POL-002969,Northbeam General,4737,Bowen QLD,Q-S,Home,772248,None,4566.45,2024-05-24,2025-05-24
POL-002970,Coral Coast Mutual,4700,Rockhampton QLD,Q-S,SME,506179,None,3416.18,2024-02-25,2025-02-24
POL-002971,Outback Assurance Group,0810,Darwin NT,T-W,Home,724969,Elevated Slab,5423.33,2024-03-16,2025-03-16
POL-002972,Southern Cross Insurance,6714,Karratha WA,T-W,Home,253570,Roof Tie-Down,1888.47,2025-07-21,2026-07-21
POL-002973,Outback Assurance Group,4740,Mackay QLD,Q-S,Strata,7991310,None,55218.98,2025-04-13,2026-04-13
POL-002974,Southern Cross Insurance,4825,Cloncurry QLD,B-F,Home,635338,None,1103.69,2024-06-15,2025-06-15
POL-002975,Coral Coast Mutual,4740,Mackay QLD,Q-S,Home,436836,Roof Tie-Down,2524.29,2023-03-09,2024-03-08
POL-002976,Pacific Rim Insurance,4700,Rockhampton QLD,Q-S,Home,454333,None,2728.67,2023-01-28,2024-01-28
POL-002977,Outback Assurance Group,6721,Port Hedland WA,T-W,Home,379413,None,3798.51,2023-08-11,2024-08-10
POL-002978,Southern Cross Insurance,4720,Charters Towers QLD,L-P,SME,2473567,None,11414.28,2025-07-19,2026-07-19
POL-002979,Pacific Rim Insurance,4703,Rockhampton QLD,Q-S,Home,612663,Elevated Slab,3284.13,2023-06-07,2024-06-06
POL-002980,Outback Assurance Group,4655,Hervey Bay QLD,L-P,Home,880123,None,3803.62,2024-08-12,2025-08-12
POL-002981,Northbeam General,4350,Toowoomba QLD,B-F,Home,895262,None,1563.85,2025-07-03,2026-07-03
POL-002982,Northbeam General,4350,Toowoomba QLD,B-F,Home,714198,Roof Tie-Down,1033.03,2024-09-22,2025-09-22
POL-002983,Northbeam General,4720,Charters Towers QLD,L-P,Home,551286,Roof Tie-Down,1914.4,2024-04-30,2025-04-30
POL-002984,Southern Cross Insurance,4680,Gladstone QLD,L-P,Home,697554,Shutters Installed,2284.63,2023-12-25,2024-12-24
POL-002985,Pacific Rim Insurance,0850,Alice Springs NT,B-F,Home,828003,None,1632.33,2023-02-16,2024-02-16
POL-002986,Northbeam General,4700,Rockhampton QLD,Q-S,Home,376660,None,2577.8,2025-04-06,2026-04-06
POL-002987,Southern Cross Insurance,4703,Rockhampton QLD,Q-S,Home,765262,Roof Tie-Down,3910.7,2024-02-10,2025-02-09
POL-002988,Pacific Rim Insurance,4680,Gladstone QLD,L-P,Home,830514,None,3294.4,2025-09-12,2026-09-12
POL-002989,Outback Assurance Group,4825,Cloncurry QLD,B-F,Home,343994,Roof Tie-Down,575.12,2024-05-19,2025-05-19
POL-002990,Outback Assurance Group,6000,Perth WA,B-F,Home,672090,Shutters Installed,1023.87,2023-11-29,2024-11-28
POL-002991,Northbeam General,6000,Perth WA,B-F,Home,477216,Shutters Installed,800.55,2023-06-06,2024-06-05
POL-002992,Coral Coast Mutual,4700,Rockhampton QLD,Q-S,Strata,12649177,None,75742.89,2024-09-14,2025-09-14
POL-002993,Northbeam General,6000,Perth WA,B-F,Strata,13246656,Shutters Installed,21718.79,2024-08-02,2025-08-02
POL-002994,Pacific Rim Insurance,4700,Rockhampton QLD,Q-S,Home,674701,None,3997.14,2023-07-07,2024-07-06
POL-002995,Outback Assurance Group,6714,Karratha WA,T-W,Home,658537,None,5933.59,2025-07-07,2026-07-07
POL-002996,Outback Assurance Group,4350,Toowoomba QLD,B-F,Home,807394,None,1324.09,2024-02-11,2025-02-10
POL-002997,Pacific Rim Insurance,6000,Perth WA,B-F,Home,759153,Shutters Installed,1200.76,2023-08-23,2024-08-22
POL-002998,Southern Cross Insurance,6721,Port Hedland WA,T-W,SME,1758781,None,15533.81,2025-06-28,2026-06-28
POL-002999,Outback Assurance Group,4350,Toowoomba QLD,B-F,SME,640467,Roof Tie-Down,981.62,2023-10-21,2024-10-20
POL-003000,Coral Coast Mutual,4350,Toowoomba QLD,B-F,Home,633123,None,1113.66,2023-11-18,2024-11-17
POL-003001,Southern Cross Insurance,0850,Alice Springs NT,B-F,Home,846301,Shutters Installed,1184.19,2023-06-28,2024-06-27
POL-003002,Coral Coast Mutual,4680,Gladstone QLD,L-P,Home,530670,None,2038.04,2024-08-02,2025-08-02
POL-003003,Pacific Rim Insurance,6714,Karratha WA,T-W,Home,345760,Roof Tie-Down,2834.58,2024-01-20,2025-01-19
POL-003004,Southern Cross Insurance,4703,Rockhampton QLD,Q-S,Home,770776,None,4867.51,2023-07-09,2024-07-08
POL-003005,Northbeam General,0850,Alice Springs NT,B-F,SME,476169,None,814.87,2024-03-21,2025-03-21
POL-003006,Southern Cross Insurance,4870,Cairns QLD,T-W,Home,770230,None,6726.09,2025-01-16,2026-01-16
POL-003007,Outback Assurance Group,0810,Darwin NT,T-W,Home,849338,None,7655.03,2025-01-03,2026-01-03
POL-003008,Pacific Rim Insurance,4810,Townsville QLD,T-W,Home,725952,None,6766.87,2024-08-02,2025-08-02
POL-003009,Southern Cross Insurance,0850,Alice Springs NT,B-F,Home,764378,Roof Tie-Down,1261.47,2023-08-25,2024-08-24
POL-003010,Southern Cross Insurance,4810,Townsville QLD,T-W,Strata,9345889,Roof Tie-Down,77762.8,2024-11-22,2025-11-22
POL-003011,Pacific Rim Insurance,4737,Bowen QLD,Q-S,Strata,10898935,None,71335.65,2024-05-01,2025-05-01
POL-003012,Pacific Rim Insurance,4879,Innisfail QLD,T-W,Home,468108,None,4838.99,2024-12-02,2025-12-02
POL-003013,Southern Cross Insurance,6721,Port Hedland WA,T-W,Home,650798,None,5970.91,2023-07-12,2024-07-11
POL-003014,Northbeam General,4720,Charters Towers QLD,L-P,SME,1804551,None,7096.61,2023-05-08,2024-05-07
POL-003015,Coral Coast Mutual,4740,Mackay QLD,Q-S,Home,619070,None,4299.33,2025-03-04,2026-03-04
POL-003016,Coral Coast Mutual,0850,Alice Springs NT,B-F,SME,1586100,Shutters Installed,2457.33,2024-04-12,2025-04-12
POL-003017,Outback Assurance Group,0850,Alice Springs NT,B-F,Home,397094,Roof Tie-Down,597.94,2024-07-28,2025-07-28
POL-003018,Pacific Rim Insurance,4655,Hervey Bay QLD,L-P,Home,706401,None,2964.76,2023-11-01,2024-10-31
POL-003019,Outback Assurance Group,4737,Bowen QLD,Q-S,Home,343351,None,2195.98,2023-07-26,2024-07-25
POL-003020,Southern Cross Insurance,4680,Gladstone QLD,L-P,Home,519412,None,2337.68,2023-02-03,2024-02-03
POL-003021,Pacific Rim Insurance,4879,Innisfail QLD,T-W,Home,481306,Shutters Installed,3863.43,2023-02-08,2024-02-08
POL-003022,Outback Assurance Group,4655,Hervey Bay QLD,L-P,Strata,12342460,None,48587.77,2024-04-20,2025-04-20
POL-003023,Outback Assurance Group,4825,Mount Isa QLD,B-F,Home,625488,None,1044.22,2024-12-13,2025-12-13
POL-003024,Southern Cross Insurance,4350,Toowoomba QLD,B-F,Home,638981,Roof Tie-Down,995.94,2025-01-06,2026-01-06
POL-003025,Northbeam General,4700,Rockhampton QLD,Q-S,Home,804713,Roof Tie-Down,4144.69,2024-02-28,2025-02-27
POL-003026,Pacific Rim Insurance,4879,Innisfail QLD,T-W,Home,579267,None,5628.6,2025-07-27,2026-07-27
POL-003027,Coral Coast Mutual,4810,Townsville QLD,T-W,SME,1806766,None,17547.81,2023-12-24,2024-12-23
POL-003028,Coral Coast Mutual,4879,Innisfail QLD,T-W,SME,1785829,Shutters Installed,15152.32,2025-06-14,2026-06-14
POL-003029,Pacific Rim Insurance,4350,Toowoomba QLD,B-F,Home,326539,Shutters Installed,528.75,2023-11-09,2024-11-08
POL-003030,Northbeam General,0800,Darwin NT,T-W,Home,867703,None,7822.1,2024-09-14,2025-09-14
POL-003031,Outback Assurance Group,6000,Perth WA,B-F,Home,487413,None,890.49,2023-10-04,2024-10-03
POL-003032,Southern Cross Insurance,6000,Perth WA,B-F,Home,838625,None,1410.3,2023-08-18,2024-08-17
POL-003033,Northbeam General,4802,Townsville QLD,T-W,Home,884848,Elevated Slab,7463.75,2025-01-10,2026-01-10
POL-003034,Coral Coast Mutual,4802,Townsville QLD,T-W,SME,2591041,None,25021.71,2025-08-14,2026-08-14
POL-003035,Pacific Rim Insurance,0800,Darwin NT,T-W,Home,258363,Roof Tie-Down,2293.95,2025-02-17,2026-02-17
POL-003036,Southern Cross Insurance,4737,Bowen QLD,Q-S,Home,370736,None,2583.49,2025-02-18,2026-02-18
POL-003037,Outback Assurance Group,0850,Alice Springs NT,B-F,Home,793762,None,1385.26,2023-10-21,2024-10-20
POL-003038,Southern Cross Insurance,4680,Gladstone QLD,L-P,Home,388319,None,1748.09,2023-05-09,2024-05-08
POL-003039,Outback Assurance Group,4350,Toowoomba QLD,B-F,Home,844212,Shutters Installed,1274.29,2023-11-08,2024-11-07
POL-003040,Northbeam General,4825,Mount Isa QLD,B-F,Home,844095,None,1384.03,2023-01-29,2024-01-29
POL-003041,Coral Coast Mutual,4680,Gladstone QLD,L-P,Home,463951,None,2039.73,2024-04-17,2025-04-17
POL-003042,Pacific Rim Insurance,4655,Hervey Bay QLD,L-P,SME,2895214,None,11896.29,2023-12-05,2024-12-04
POL-003043,Southern Cross Insurance,6714,Karratha WA,T-W,Home,252429,None,2424.64,2024-03-16,2025-03-16
POL-003044,Coral Coast Mutual,4802,Townsville QLD,T-W,Home,523774,None,5180.68,2024-07-19,2025-07-19
POL-003045,Northbeam General,4703,Rockhampton QLD,Q-S,Home,656728,Shutters Installed,3426.16,2023-03-16,2024-03-15
POL-003046,Northbeam General,4825,Cloncurry QLD,B-F,Home,464647,Roof Tie-Down,681.99,2023-07-07,2024-07-06
POL-003047,Northbeam General,4879,Innisfail QLD,T-W,Home,392325,None,3379.34,2023-09-12,2024-09-11
POL-003048,Southern Cross Insurance,6721,Port Hedland WA,T-W,Home,676327,Roof Tie-Down,5142.3,2023-04-21,2024-04-20
POL-003049,Outback Assurance Group,6721,Port Hedland WA,T-W,Home,857592,None,8009.74,2025-01-29,2026-01-29
POL-003050,Northbeam General,4825,Cloncurry QLD,B-F,SME,1716141,Roof Tie-Down,2736.37,2025-07-07,2026-07-07
POL-003051,Southern Cross Insurance,4802,Townsville QLD,T-W,SME,2843461,Elevated Slab,25069.97,2023-06-06,2024-06-05
POL-003052,Coral Coast Mutual,0850,Alice Springs NT,B-F,Home,738443,Shutters Installed,1076.38,2023-02-08,2024-02-08
POL-003053,Coral Coast Mutual,4703,Rockhampton QLD,Q-S,SME,1357898,Roof Tie-Down,7557.25,2025-03-21,2026-03-21
POL-003054,Outback Assurance Group,4740,Mackay QLD,Q-S,Home,889109,None,6292.77,2024-03-08,2025-03-08
POL-003055,Pacific Rim Insurance,6714,Karratha WA,T-W,Home,417230,None,3725.05,2023-05-17,2024-05-16
POL-003056,Outback Assurance Group,0810,Darwin NT,T-W,Home,392912,Shutters Installed,2865.79,2023-12-05,2024-12-04
POL-003057,Northbeam General,4802,Townsville QLD,T-W,Strata,2167114,Shutters Installed,16553.5,2023-08-13,2024-08-12
POL-003058,Outback Assurance Group,6000,Perth WA,B-F,Home,378823,Elevated Slab,599.34,2024-03-14,2025-03-14
POL-003059,Pacific Rim Insurance,4680,Gladstone QLD,L-P,Strata,9161659,Roof Tie-Down,30365.26,2024-05-04,2025-05-04
POL-003060,Northbeam General,4810,Townsville QLD,T-W,Home,511224,None,5243.84,2023-02-28,2024-02-28
POL-003061,Northbeam General,6000,Perth WA,B-F,Home,332042,Shutters Installed,552.89,2023-06-27,2024-06-26
POL-003062,Northbeam General,4802,Townsville QLD,T-W,Home,761323,Shutters Installed,5742.71,2023-01-30,2024-01-30
POL-003063,Coral Coast Mutual,6000,Perth WA,B-F,SME,952851,None,1559.63,2024-07-07,2025-07-07
POL-003064,Southern Cross Insurance,4737,Bowen QLD,Q-S,Home,859775,None,5934.47,2025-03-27,2026-03-27
POL-003065,Coral Coast Mutual,4825,Mount Isa QLD,B-F,Home,421344,Roof Tie-Down,665.53,2023-05-16,2024-05-15
POL-003066,Pacific Rim Insurance,4740,Mackay QLD,Q-S,SME,2134710,Roof Tie-Down,12776.24,2023-09-23,2024-09-22
POL-003067,Outback Assurance Group,4737,Bowen QLD,Q-S,SME,2397692,None,16028.21,2024-12-08,2025-12-08
POL-003068,Coral Coast Mutual,6714,Karratha WA,T-W,SME,2919603,Elevated Slab,25630.26,2023-07-07,2024-07-06
POL-003069,Outback Assurance Group,4740,Mackay QLD,Q-S,Home,488435,None,3198.21,2025-07-31,2026-07-31
POL-003070,Southern Cross Insurance,0810,Darwin NT,T-W,SME,1022174,None,9398.9,2025-06-12,2026-06-12
POL-003071,Outback Assurance Group,4700,Rockhampton QLD,Q-S,Home,863346,None,5928.19,2023-12-18,2024-12-17
POL-003072,Northbeam General,4655,Hervey Bay QLD,L-P,SME,1468383,Shutters Installed,5677.08,2025-01-12,2026-01-12
POL-003073,Southern Cross Insurance,4350,Toowoomba QLD,B-F,Home,723295,None,1321.04,2025-08-21,2026-08-21
POL-003074,Pacific Rim Insurance,4700,Rockhampton QLD,Q-S,Home,299436,Roof Tie-Down,1528.39,2024-04-13,2025-04-13
POL-003075,Pacific Rim Insurance,4740,Mackay QLD,Q-S,Home,829651,Shutters Installed,4506.75,2025-07-29,2026-07-29
POL-003076,Outback Assurance Group,4740,Mackay QLD,Q-S,SME,710101,None,4573.58,2023-02-20,2024-02-20
POL-003077,Southern Cross Insurance,6721,Port Hedland WA,T-W,SME,1345963,None,13037.94,2023-12-27,2024-12-26
POL-003078,Coral Coast Mutual,4802,Townsville QLD,T-W,Strata,13650852,None,125921.24,2024-09-04,2025-09-04
POL-003079,Outback Assurance Group,0800,Darwin NT,T-W,Home,399007,Roof Tie-Down,3483.17,2025-08-26,2026-08-26
POL-003080,Coral Coast Mutual,6000,Perth WA,B-F,Home,440618,None,739.74,2024-01-05,2025-01-04
POL-003081,Coral Coast Mutual,0810,Darwin NT,T-W,Home,645191,Elevated Slab,5396.56,2024-12-02,2025-12-02
POL-003082,Southern Cross Insurance,4802,Townsville QLD,T-W,SME,1206806,Elevated Slab,10541.65,2025-01-27,2026-01-27
POL-003083,Southern Cross Insurance,4825,Cloncurry QLD,B-F,SME,1615915,Shutters Installed,2370.7,2024-03-29,2025-03-29
POL-003084,Coral Coast Mutual,6721,Port Hedland WA,T-W,Home,783279,None,7588.81,2025-08-02,2026-08-02
POL-003085,Pacific Rim Insurance,4870,Cairns QLD,T-W,Home,424283,Roof Tie-Down,3090.55,2024-01-19,2025-01-18
POL-003086,Coral Coast Mutual,4655,Hervey Bay QLD,L-P,SME,699353,None,3003.12,2025-06-14,2026-06-14
POL-003087,Northbeam General,4703,Rockhampton QLD,Q-S,SME,1479524,Elevated Slab,8376.95,2025-07-14,2026-07-14
POL-003088,Coral Coast Mutual,4655,Hervey Bay QLD,L-P,Home,417728,None,1911.53,2024-09-04,2025-09-04
POL-003089,Northbeam General,4879,Innisfail QLD,T-W,Home,772199,Roof Tie-Down,6203.29,2025-03-24,2026-03-24
POL-003090,Outback Assurance Group,4700,Rockhampton QLD,Q-S,Strata,2294219,None,14668.94,2025-06-26,2026-06-26
POL-003091,Coral Coast Mutual,4680,Gladstone QLD,L-P,Home,883954,Roof Tie-Down,2924.6,2024-10-31,2025-10-31
POL-003092,Coral Coast Mutual,4802,Townsville QLD,T-W,SME,2885247,Roof Tie-Down,22300.44,2023-03-15,2024-03-14
POL-003093,Pacific Rim Insurance,4879,Innisfail QLD,T-W,Home,583180,Roof Tie-Down,4535.7,2024-11-11,2025-11-11
POL-003094,Pacific Rim Insurance,4655,Hervey Bay QLD,L-P,Home,411658,Shutters Installed,1512.46,2023-06-26,2024-06-25
POL-003095,Coral Coast Mutual,6721,Port Hedland WA,T-W,SME,579287,None,5427.79,2023-03-19,2024-03-18
POL-003096,Northbeam General,6000,Perth WA,B-F,Home,828001,Roof Tie-Down,1226.21,2023-07-19,2024-07-18
POL-003097,Pacific Rim Insurance,0800,Darwin NT,T-W,Home,292412,None,2524.35,2024-08-10,2025-08-10
POL-003098,Southern Cross Insurance,4350,Toowoomba QLD,B-F,SME,751096,Roof Tie-Down,1074.89,2023-06-05,2024-06-04
POL-003099,Southern Cross Insurance,4700,Rockhampton QLD,Q-S,SME,1641818,Elevated Slab,9091.66,2025-07-22,2026-07-22
POL-003100,Outback Assurance Group,4680,Gladstone QLD,L-P,Home,819838,None,3386.27,2024-05-26,2025-05-26
POL-003101,Coral Coast Mutual,6721,Port Hedland WA,T-W,SME,2844646,Roof Tie-Down,21177.6,2023-12-01,2024-11-30
POL-003102,Southern Cross Insurance,4825,Cloncurry QLD,B-F,Home,570439,Elevated Slab,916.42,2025-05-07,2026-05-07
POL-003103,Outback Assurance Group,4740,Mackay QLD,Q-S,SME,2507537,Roof Tie-Down,15005.6,2024-05-24,2025-05-24
POL-003104,Outback Assurance Group,4720,Charters Towers QLD,L-P,Home,796078,None,3228.04,2025-01-24,2026-01-24
POL-003105,Pacific Rim Insurance,4655,Hervey Bay QLD,L-P,Home,575889,None,2551.8,2023-05-02,2024-05-01
POL-003106,Outback Assurance Group,4879,Innisfail QLD,T-W,SME,1156201,Shutters Installed,8611.44,2023-05-25,2024-05-24
POL-003107,Southern Cross Insurance,0810,Darwin NT,T-W,Home,267938,Roof Tie-Down,2079.5,2023-03-07,2024-03-06
POL-003108,Coral Coast Mutual,6721,Port Hedland WA,T-W,Home,477497,Shutters Installed,4083.93,2023-04-26,2024-04-25
POL-003109,Southern Cross Insurance,0850,Alice Springs NT,B-F,Strata,11535363,None,21895.21,2024-12-17,2025-12-17
POL-003110,Pacific Rim Insurance,4825,Mount Isa QLD,B-F,Home,410876,None,787.71,2024-02-21,2025-02-20
POL-003111,Northbeam General,4810,Townsville QLD,T-W,Home,853316,None,8415.61,2023-04-09,2024-04-08
POL-003112,Outback Assurance Group,4720,Charters Towers QLD,L-P,SME,2704991,Roof Tie-Down,8729.57,2023-08-13,2024-08-12
POL-003113,Southern Cross Insurance,4879,Innisfail QLD,T-W,Home,426256,None,4216.46,2023-03-05,2024-03-04
POL-003114,Outback Assurance Group,4680,Gladstone QLD,L-P,Strata,11046968,None,44881.56,2024-07-11,2025-07-11
POL-003115,Coral Coast Mutual,4703,Rockhampton QLD,Q-S,SME,594671,Roof Tie-Down,3171.64,2023-07-03,2024-07-02
POL-003116,Coral Coast Mutual,4350,Toowoomba QLD,B-F,SME,2706168,None,5075.48,2025-08-15,2026-08-15
POL-003117,Pacific Rim Insurance,4825,Cloncurry QLD,B-F,SME,2983458,None,5016.77,2025-03-08,2026-03-08
POL-003118,Outback Assurance Group,4810,Townsville QLD,T-W,Home,809920,None,7998.17,2023-06-17,2024-06-16
POL-003119,Northbeam General,4879,Innisfail QLD,T-W,Strata,4974774,None,50510.32,2025-06-29,2026-06-29
POL-003120,Outback Assurance Group,4720,Charters Towers QLD,L-P,Home,463748,Elevated Slab,1561.04,2024-05-10,2025-05-10
POL-003121,Outback Assurance Group,4825,Mount Isa QLD,B-F,Home,818675,None,1595.35,2025-02-07,2026-02-07
POL-003122,Southern Cross Insurance,4700,Rockhampton QLD,Q-S,Home,705138,Roof Tie-Down,3936.52,2025-09-15,2026-09-15
POL-003123,Northbeam General,4870,Cairns QLD,T-W,Strata,13137118,Roof Tie-Down,106206.16,2023-06-10,2024-06-09
POL-003124,Northbeam General,4350,Toowoomba QLD,B-F,SME,2667290,Roof Tie-Down,4365.93,2025-01-18,2026-01-18
POL-003125,Pacific Rim Insurance,4680,Gladstone QLD,L-P,SME,2916945,None,12810.61,2023-03-06,2024-03-05
POL-003126,Outback Assurance Group,0850,Alice Springs NT,B-F,Home,270745,None,478.18,2025-07-06,2026-07-06
POL-003127,Coral Coast Mutual,0850,Alice Springs NT,B-F,Home,693014,None,1311.17,2025-01-10,2026-01-10
POL-003128,Coral Coast Mutual,4802,Townsville QLD,T-W,Home,814371,None,7771.57,2025-05-26,2026-05-26
POL-003129,Outback Assurance Group,4350,Toowoomba QLD,B-F,SME,2359112,None,4337.02,2025-09-06,2026-09-06
POL-003130,Outback Assurance Group,0800,Darwin NT,T-W,Home,366044,None,3374.73,2024-08-30,2025-08-30
POL-003131,Outback Assurance Group,4802,Townsville QLD,T-W,SME,2669193,None,26335.01,2023-12-25,2024-12-24
POL-003132,Coral Coast Mutual,4700,Rockhampton QLD,Q-S,SME,1031977,Roof Tie-Down,5931.44,2024-01-21,2025-01-20
POL-003133,Southern Cross Insurance,4655,Hervey Bay QLD,L-P,Home,891346,None,4020.59,2024-08-11,2025-08-11
POL-003134,Northbeam General,0810,Darwin NT,T-W,Home,896701,Shutters Installed,7251.33,2024-08-02,2025-08-02
POL-003135,Outback Assurance Group,6714,Karratha WA,T-W,Home,706293,None,6881.92,2023-01-10,2024-01-10
POL-003136,Outback Assurance Group,6721,Port Hedland WA,T-W,SME,2949422,None,25343.5,2023-10-02,2024-10-01
POL-003137,Southern Cross Insurance,0810,Darwin NT,T-W,SME,2875753,Elevated Slab,25490.29,2023-11-08,2024-11-07
POL-003138,Pacific Rim Insurance,4737,Bowen QLD,Q-S,Home,272642,Elevated Slab,1525.16,2024-07-20,2025-07-20
POL-003139,Pacific Rim Insurance,4737,Bowen QLD,Q-S,Home,517292,None,3402.18,2024-12-03,2025-12-03
POL-003140,Pacific Rim Insurance,4802,Townsville QLD,T-W,Home,783786,Shutters Installed,5941.15,2024-09-14,2025-09-14
POL-003141,Coral Coast Mutual,6721,Port Hedland WA,T-W,Home,553012,None,5609.7,2024-06-15,2025-06-15
POL-003142,Coral Coast Mutual,4703,Rockhampton QLD,Q-S,Home,809119,None,4845.7,2024-01-25,2025-01-24
POL-003143,Northbeam General,4802,Townsville QLD,T-W,Home,581388,Shutters Installed,4234.51,2024-09-11,2025-09-11
POL-003144,Southern Cross Insurance,4720,Charters Towers QLD,L-P,SME,1770140,None,8125.79,2023-05-02,2024-05-01
POL-003145,Pacific Rim Insurance,4700,Rockhampton QLD,Q-S,Home,290983,None,1852.32,2023-10-24,2024-10-23
POL-003146,Coral Coast Mutual,4810,Townsville QLD,T-W,Strata,11132915,Roof Tie-Down,84129.36,2024-07-01,2025-07-01
POL-003147,Pacific Rim Insurance,4680,Gladstone QLD,L-P,Home,250571,None,1064.24,2024-07-06,2025-07-06
POL-003148,Pacific Rim Insurance,4825,Cloncurry QLD,B-F,Home,293147,None,509.71,2023-11-09,2024-11-08
POL-003149,Southern Cross Insurance,4825,Cloncurry QLD,B-F,Home,746738,None,1280.12,2025-05-25,2026-05-25
POL-003150,Outback Assurance Group,4825,Cloncurry QLD,B-F,Home,498053,None,809.46,2025-08-05,2026-08-05
POL-003151,Outback Assurance Group,4680,Gladstone QLD,L-P,Strata,5571098,Roof Tie-Down,18082.61,2023-12-20,2024-12-19
POL-003152,Southern Cross Insurance,4655,Hervey Bay QLD,L-P,Home,875412,None,3570.76,2023-07-28,2024-07-27
POL-003153,Outback Assurance Group,4680,Gladstone QLD,L-P,Home,523740,Roof Tie-Down,1969.69,2023-07-16,2024-07-15
POL-003154,Southern Cross Insurance,4825,Cloncurry QLD,B-F,SME,1633921,None,2901.06,2024-08-06,2025-08-06
POL-003155,Outback Assurance Group,4720,Charters Towers QLD,L-P,SME,481812,None,2085.79,2024-06-27,2025-06-27
POL-003156,Northbeam General,4700,Rockhampton QLD,Q-S,Home,286615,None,1688.33,2024-10-08,2025-10-08
POL-003157,Coral Coast Mutual,4879,Innisfail QLD,T-W,Home,299917,None,2695.88,2025-07-29,2026-07-29
POL-003158,Outback Assurance Group,6721,Port Hedland WA,T-W,Strata,12090706,Shutters Installed,99493.44,2023-02-14,2024-02-14
POL-003159,Outback Assurance Group,0850,Alice Springs NT,B-F,Home,692435,Shutters Installed,1071.85,2025-08-09,2026-08-09
POL-003160,Northbeam General,4680,Gladstone QLD,L-P,Home,646183,None,2519.52,2025-03-07,2026-03-07
POL-003161,Northbeam General,0800,Darwin NT,T-W,Home,876373,Shutters Installed,6986.4,2024-05-04,2025-05-04
POL-003162,Southern Cross Insurance,6714,Karratha WA,T-W,Strata,5090980,None,52610.12,2023-07-05,2024-07-04
POL-003163,Coral Coast Mutual,4810,Townsville QLD,T-W,Home,559220,Shutters Installed,4461.13,2023-01-31,2024-01-31
POL-003164,Coral Coast Mutual,0850,Alice Springs NT,B-F,Home,568320,None,1031.4,2024-12-02,2025-12-02
POL-003165,Northbeam General,4680,Gladstone QLD,L-P,Home,592105,None,2323.07,2025-05-18,2026-05-18
POL-003166,Coral Coast Mutual,4825,Cloncurry QLD,B-F,Home,335810,Roof Tie-Down,562.03,2023-10-22,2024-10-21
POL-003167,Northbeam General,4680,Gladstone QLD,L-P,Home,874880,Roof Tie-Down,2846.19,2025-01-28,2026-01-28
POL-003168,Outback Assurance Group,4655,Hervey Bay QLD,L-P,Home,345844,Roof Tie-Down,1340.97,2023-03-11,2024-03-10
POL-003169,Northbeam General,4350,Toowoomba QLD,B-F,Strata,12625133,None,24861.01,2024-05-21,2025-05-21
POL-003170,Coral Coast Mutual,4879,Innisfail QLD,T-W,SME,2688319,None,26721.52,2024-09-24,2025-09-24
POL-003171,Pacific Rim Insurance,4825,Cloncurry QLD,B-F,Home,831061,None,1443.47,2023-07-05,2024-07-04
POL-003172,Southern Cross Insurance,6721,Port Hedland WA,T-W,Home,396740,None,3929.44,2023-11-17,2024-11-16
POL-003173,Outback Assurance Group,4655,Hervey Bay QLD,L-P,Home,763019,None,3120.23,2023-03-28,2024-03-27
POL-003174,Coral Coast Mutual,4825,Mount Isa QLD,B-F,Home,804794,None,1550.52,2023-02-18,2024-02-18
POL-003175,Northbeam General,6721,Port Hedland WA,T-W,Home,726166,Shutters Installed,5637.75,2024-04-27,2025-04-27
POL-003176,Pacific Rim Insurance,4680,Gladstone QLD,L-P,Home,398002,Elevated Slab,1363.34,2025-06-13,2026-06-13
POL-003177,Coral Coast Mutual,6721,Port Hedland WA,T-W,Home,733649,None,6438.69,2024-08-17,2025-08-17
POL-003178,Northbeam General,4802,Townsville QLD,T-W,Home,882327,Shutters Installed,6701.83,2023-12-08,2024-12-07
POL-003179,Outback Assurance Group,0850,Alice Springs NT,B-F,Home,454719,Roof Tie-Down,643.51,2023-08-11,2024-08-10
POL-003180,Pacific Rim Insurance,4825,Mount Isa QLD,B-F,SME,1243219,Roof Tie-Down,1803.08,2024-10-21,2025-10-21
POL-003181,Pacific Rim Insurance,4810,Townsville QLD,T-W,Strata,2628047,Elevated Slab,21276.57,2024-06-02,2025-06-02
POL-003182,Pacific Rim Insurance,4700,Rockhampton QLD,Q-S,SME,1879022,None,12932.79,2024-05-06,2025-05-06
POL-003183,Southern Cross Insurance,0850,Alice Springs NT,B-F,Home,831804,Shutters Installed,1256.06,2023-11-20,2024-11-19
POL-003184,Northbeam General,6714,Karratha WA,T-W,Home,570580,Elevated Slab,4523.2,2025-05-01,2026-05-01
POL-003185,Pacific Rim Insurance,6714,Karratha WA,T-W,SME,2546887,None,22017.85,2024-06-08,2025-06-08
POL-003186,Outback Assurance Group,0800,Darwin NT,T-W,Home,447123,None,4071.42,2025-06-09,2026-06-09
POL-003187,Outback Assurance Group,0850,Alice Springs NT,B-F,Home,647305,None,1266.17,2024-08-29,2025-08-29
POL-003188,Northbeam General,4802,Townsville QLD,T-W,Strata,5766214,None,51600.76,2024-02-10,2025-02-09
POL-003189,Coral Coast Mutual,4802,Townsville QLD,T-W,Home,644338,Shutters Installed,5337.38,2024-03-16,2025-03-16
POL-003190,Southern Cross Insurance,6714,Karratha WA,T-W,Home,864294,None,8687.51,2024-12-07,2025-12-07
POL-003191,Southern Cross Insurance,0800,Darwin NT,T-W,Home,606813,None,5741.31,2024-08-14,2025-08-14
POL-003192,Southern Cross Insurance,4825,Cloncurry QLD,B-F,Strata,13471557,None,25261.77,2023-06-17,2024-06-16
POL-003193,Northbeam General,4825,Mount Isa QLD,B-F,Home,797427,Elevated Slab,1168.94,2023-10-22,2024-10-21
POL-003194,Pacific Rim Insurance,6721,Port Hedland WA,T-W,Home,789596,None,7915.94,2023-11-01,2024-10-31
POL-003195,Coral Coast Mutual,4810,Townsville QLD,T-W,SME,2237274,None,19854.29,2025-07-21,2026-07-21
POL-003196,Pacific Rim Insurance,0850,Alice Springs NT,B-F,Home,615459,None,1164.16,2023-05-10,2024-05-09
POL-003197,Pacific Rim Insurance,0800,Darwin NT,T-W,SME,1001711,Roof Tie-Down,7395.54,2025-02-02,2026-02-02
POL-003198,Pacific Rim Insurance,4737,Bowen QLD,Q-S,SME,710289,None,4912.36,2023-11-03,2024-11-02
POL-003199,Southern Cross Insurance,4825,Cloncurry QLD,B-F,Home,723802,None,1406.74,2024-04-18,2025-04-18
POL-003200,Southern Cross Insurance,6714,Karratha WA,T-W,SME,1501810,None,15481.16,2025-04-10,2026-04-10
POL-003201,Pacific Rim Insurance,6000,Perth WA,B-F,SME,2481799,Shutters Installed,3995.02,2023-06-13,2024-06-12
POL-003202,Southern Cross Insurance,4655,Hervey Bay QLD,L-P,Strata,5057231,Roof Tie-Down,18870.8,2024-10-15,2025-10-15
POL-003203,Southern Cross Insurance,4703,Rockhampton QLD,Q-S,Home,705519,Shutters Installed,4170.01,2023-04-27,2024-04-26
POL-003204,Coral Coast Mutual,4802,Townsville QLD,T-W,Home,765568,None,7759.15,2023-03-23,2024-03-22
POL-003205,Pacific Rim Insurance,6714,Karratha WA,T-W,Home,273764,None,2724.5,2024-09-24,2025-09-24
POL-003206,Northbeam General,4700,Rockhampton QLD,Q-S,SME,2820500,Elevated Slab,14171.4,2023-11-20,2024-11-19
POL-003207,Coral Coast Mutual,4825,Cloncurry QLD,B-F,SME,2854511,None,4837.77,2025-04-22,2026-04-22
POL-003208,Outback Assurance Group,4825,Mount Isa QLD,B-F,Home,779103,None,1413.17,2023-01-22,2024-01-22
POL-003209,Southern Cross Insurance,4870,Cairns QLD,T-W,SME,1218555,None,10711.61,2024-02-09,2025-02-08
POL-003210,Pacific Rim Insurance,0800,Darwin NT,T-W,Home,862885,Shutters Installed,6382.25,2023-09-12,2024-09-11
POL-003211,Coral Coast Mutual,0810,Darwin NT,T-W,SME,1689219,None,14874.18,2025-06-05,2026-06-05
POL-003212,Pacific Rim Insurance,4680,Gladstone QLD,L-P,Home,294315,None,1254.41,2024-12-07,2025-12-07
POL-003213,Coral Coast Mutual,6714,Karratha WA,T-W,SME,2506750,None,24848.51,2023-02-13,2024-02-13
POL-003214,Outback Assurance Group,6714,Karratha WA,T-W,Home,472484,Roof Tie-Down,3979.09,2023-07-31,2024-07-30
POL-003215,Outback Assurance Group,4825,Mount Isa QLD,B-F,Strata,10907521,None,19618.57,2024-01-24,2025-01-23
POL-003216,Pacific Rim Insurance,0810,Darwin NT,T-W,Strata,13579753,Roof Tie-Down,106337.84,2025-01-07,2026-01-07
POL-003217,Southern Cross Insurance,4655,Hervey Bay QLD,L-P,Home,503749,Shutters Installed,1905.74,2023-03-03,2024-03-02
POL-003218,Coral Coast Mutual,6714,Karratha WA,T-W,Home,701099,None,6114.75,2024-10-10,2025-10-10
POL-003219,Outback Assurance Group,4737,Bowen QLD,Q-S,SME,1802207,Roof Tie-Down,10675.65,2025-04-20,2026-04-20
POL-003220,Southern Cross Insurance,4350,Toowoomba QLD,B-F,Home,624413,None,1089.49,2025-06-17,2026-06-17
POL-003221,Pacific Rim Insurance,0800,Darwin NT,T-W,Home,893242,Shutters Installed,6553.07,2023-05-18,2024-05-17
POL-003222,Pacific Rim Insurance,4350,Toowoomba QLD,B-F,Home,279541,Roof Tie-Down,458.09,2024-07-11,2025-07-11
POL-003223,Northbeam General,4879,Innisfail QLD,T-W,Strata,8876296,None,75971.36,2025-07-25,2026-07-25
POL-003224,Outback Assurance Group,6721,Port Hedland WA,T-W,Home,517268,Roof Tie-Down,3973.46,2025-04-16,2026-04-16
POL-003225,Northbeam General,4825,Mount Isa QLD,B-F,Home,734260,Roof Tie-Down,1226.53,2023-11-28,2024-11-27
POL-003226,Southern Cross Insurance,6714,Karratha WA,T-W,Home,564167,None,5262.68,2023-09-29,2024-09-28
POL-003227,Northbeam General,4680,Gladstone QLD,L-P,Strata,13228635,Roof Tie-Down,47794.99,2023-01-02,2024-01-02
POL-003228,Outback Assurance Group,0850,Alice Springs NT,B-F,Strata,4394275,Roof Tie-Down,6705.23,2023-08-02,2024-08-01
POL-003229,Coral Coast Mutual,0810,Darwin NT,T-W,Strata,3718802,None,33656.14,2023-09-23,2024-09-22
POL-003230,Northbeam General,4737,Bowen QLD,Q-S,Home,491085,None,3250.77,2025-03-24,2026-03-24
POL-003231,Coral Coast Mutual,4870,Cairns QLD,T-W,Home,297084,None,2776.23,2024-02-16,2025-02-15
POL-003232,Pacific Rim Insurance,4810,Townsville QLD,T-W,Home,253768,None,2444.39,2023-06-27,2024-06-26
POL-003233,Coral Coast Mutual,4825,Cloncurry QLD,B-F,SME,2973902,Shutters Installed,4558.39,2025-02-22,2026-02-22
POL-003234,Coral Coast Mutual,6714,Karratha WA,T-W,SME,1394593,Elevated Slab,12007.2,2025-02-24,2026-02-24
POL-003235,Northbeam General,4825,Cloncurry QLD,B-F,SME,2459235,None,4093.11,2023-09-30,2024-09-29
POL-003236,Southern Cross Insurance,4870,Cairns QLD,T-W,Home,829648,Elevated Slab,7315.56,2023-05-03,2024-05-02
POL-003237,Northbeam General,4655,Hervey Bay QLD,L-P,SME,547282,None,2162.09,2025-08-27,2026-08-27
POL-003238,Pacific Rim Insurance,4802,Townsville QLD,T-W,Home,318163,None,3026.94,2023-07-30,2024-07-29
POL-003239,Northbeam General,0850,Alice Springs NT,B-F,Home,786838,None,1337.69,2023-08-28,2024-08-27
POL-003240,Northbeam General,4655,Hervey Bay QLD,L-P,Home,264600,None,1184.53,2023-04-07,2024-04-06
POL-003241,Northbeam General,4870,Cairns QLD,T-W,Home,368192,None,3807.09,2023-12-24,2024-12-23
POL-003242,Outback Assurance Group,4720,Charters Towers QLD,L-P,SME,497274,None,1957.51,2023-05-11,2024-05-10
POL-003243,Northbeam General,0810,Darwin NT,T-W,Home,291438,None,3003.35,2023-03-11,2024-03-10
POL-003244,Southern Cross Insurance,4350,Toowoomba QLD,B-F,SME,1893589,None,3374.52,2023-05-18,2024-05-17
POL-003245,Pacific Rim Insurance,6000,Perth WA,B-F,SME,637385,Roof Tie-Down,1015.63,2024-05-21,2025-05-21
POL-003246,Northbeam General,6000,Perth WA,B-F,Home,533873,Shutters Installed,795.79,2025-03-10,2026-03-10
POL-003247,Southern Cross Insurance,4825,Cloncurry QLD,B-F,Home,756169,Roof Tie-Down,1206.59,2023-11-13,2024-11-12
POL-003248,Pacific Rim Insurance,0810,Darwin NT,T-W,Home,738233,Shutters Installed,5398.68,2025-01-17,2026-01-17
POL-003249,Outback Assurance Group,0850,Alice Springs NT,B-F,Home,518183,Elevated Slab,850.78,2024-08-11,2025-08-11
POL-003250,Northbeam General,4703,Rockhampton QLD,Q-S,Home,770103,Elevated Slab,4545.83,2025-03-23,2026-03-23
POL-003251,Southern Cross Insurance,4700,Rockhampton QLD,Q-S,Home,474379,Shutters Installed,2449.22,2023-04-13,2024-04-12
POL-003252,Outback Assurance Group,4825,Cloncurry QLD,B-F,SME,1207063,Roof Tie-Down,1774.96,2024-06-22,2025-06-22
POL-003253,Outback Assurance Group,0800,Darwin NT,T-W,SME,2391837,Shutters Installed,17429.03,2024-07-13,2025-07-13
POL-003254,Pacific Rim Insurance,4737,Bowen QLD,Q-S,SME,1035212,Roof Tie-Down,6038.74,2023-02-02,2024-02-02
POL-003255,Pacific Rim Insurance,6714,Karratha WA,T-W,SME,2136880,Shutters Installed,18019.51,2023-03-13,2024-03-12
POL-003256,Outback Assurance Group,4680,Gladstone QLD,L-P,Home,861731,None,3279.91,2023-12-14,2024-12-13
POL-003257,Coral Coast Mutual,0850,Alice Springs NT,B-F,Home,350432,Roof Tie-Down,535.62,2023-05-20,2024-05-19
POL-003258,Southern Cross Insurance,4802,Townsville QLD,T-W,Strata,9740921,Roof Tie-Down,74193.12,2024-04-17,2025-04-17
POL-003259,Southern Cross Insurance,4703,Rockhampton QLD,Q-S,SME,2293606,Roof Tie-Down,11840.03,2023-04-06,2024-04-05
POL-003260,Southern Cross Insurance,4703,Rockhampton QLD,Q-S,Home,293260,Elevated Slab,1699.09,2024-04-28,2025-04-28
POL-003261,Coral Coast Mutual,4655,Hervey Bay QLD,L-P,Home,276163,Roof Tie-Down,1045.9,2023-09-17,2024-09-16
POL-003262,Pacific Rim Insurance,6000,Perth WA,B-F,SME,2480282,None,4117.13,2023-06-21,2024-06-20
POL-003263,Southern Cross Insurance,4825,Mount Isa QLD,B-F,Home,519311,Roof Tie-Down,763.78,2024-02-21,2025-02-20
POL-003264,Northbeam General,0810,Darwin NT,T-W,SME,1629500,None,16585.01,2025-08-11,2026-08-11
POL-003265,Northbeam General,4700,Rockhampton QLD,Q-S,Home,666611,Roof Tie-Down,3326.06,2023-12-17,2024-12-16
POL-003266,Southern Cross Insurance,4703,Rockhampton QLD,Q-S,Strata,3380465,Shutters Installed,17339.48,2025-01-20,2026-01-20
POL-003267,Northbeam General,4802,Townsville QLD,T-W,Home,717746,None,7224.75,2024-04-30,2025-04-30
POL-003268,Coral Coast Mutual,4655,Hervey Bay QLD,L-P,Home,441503,Shutters Installed,1551.16,2024-10-02,2025-10-02
POL-003269,Outback Assurance Group,6714,Karratha WA,T-W,Home,743171,None,6931.6,2024-10-29,2025-10-29
POL-003270,Northbeam General,4810,Townsville QLD,T-W,SME,501109,None,5208.51,2024-11-24,2025-11-24
POL-003271,Southern Cross Insurance,6000,Perth WA,B-F,Strata,8024535,None,14687.82,2023-12-26,2024-12-25
POL-003272,Pacific Rim Insurance,4655,Hervey Bay QLD,L-P,Home,852902,Roof Tie-Down,3146.81,2023-11-24,2024-11-23
POL-003273,Coral Coast Mutual,4802,Townsville QLD,T-W,Strata,9211972,Roof Tie-Down,74989.1,2024-02-19,2025-02-18
POL-003274,Pacific Rim Insurance,4810,Townsville QLD,T-W,SME,1470802,None,13913.85,2024-03-14,2025-03-14
POL-003275,Pacific Rim Insurance,4879,Innisfail QLD,T-W,Home,311643,None,3202.11,2024-05-27,2025-05-27
POL-003276,Pacific Rim Insurance,6000,Perth WA,B-F,Home,786002,Shutters Installed,1262.52,2024-03-24,2025-03-24
POL-003277,Pacific Rim Insurance,4825,Mount Isa QLD,B-F,Strata,2545746,Roof Tie-Down,3887.74,2024-09-26,2025-09-26
POL-003278,Pacific Rim Insurance,0810,Darwin NT,T-W,Home,302797,Shutters Installed,2397.98,2025-01-24,2026-01-24
POL-003279,Coral Coast Mutual,4703,Rockhampton QLD,Q-S,Home,384068,None,2663.01,2025-03-15,2026-03-15
POL-003280,Southern Cross Insurance,4350,Toowoomba QLD,B-F,Home,708276,Shutters Installed,1033.9,2025-08-25,2026-08-25
POL-003281,Outback Assurance Group,4720,Charters Towers QLD,L-P,Home,803421,Shutters Installed,2816.71,2023-10-08,2024-10-07
POL-003282,Northbeam General,4700,Rockhampton QLD,Q-S,Home,426341,None,2530.63,2023-06-20,2024-06-19
POL-003283,Southern Cross Insurance,0850,Alice Springs NT,B-F,SME,461005,None,806.45,2023-12-03,2024-12-02
POL-003284,Outback Assurance Group,4703,Rockhampton QLD,Q-S,SME,486491,Roof Tie-Down,2428.85,2024-06-15,2025-06-15
POL-003285,Southern Cross Insurance,4350,Toowoomba QLD,B-F,SME,2091588,None,3729.8,2024-08-30,2025-08-30
POL-003286,Southern Cross Insurance,4810,Townsville QLD,T-W,Home,849509,None,8503.1,2024-08-04,2025-08-04
POL-003287,Southern Cross Insurance,0800,Darwin NT,T-W,Home,252778,Elevated Slab,1846.51,2025-09-04,2026-09-04
POL-003288,Outback Assurance Group,4655,Hervey Bay QLD,L-P,Home,409664,None,1830.84,2023-05-23,2024-05-22
POL-003289,Pacific Rim Insurance,4703,Rockhampton QLD,Q-S,Strata,11763874,None,79114.76,2025-08-25,2026-08-25
POL-003290,Coral Coast Mutual,4737,Bowen QLD,Q-S,SME,2028248,None,11888.73,2025-03-25,2026-03-25
POL-003291,Pacific Rim Insurance,6721,Port Hedland WA,T-W,Home,336193,None,3476.68,2025-06-06,2026-06-06
POL-003292,Pacific Rim Insurance,4879,Innisfail QLD,T-W,Home,506842,Shutters Installed,3716.73,2023-01-24,2024-01-24
POL-003293,Southern Cross Insurance,4802,Townsville QLD,T-W,Home,511138,None,4792.26,2025-06-30,2026-06-30
POL-003294,Coral Coast Mutual,4350,Toowoomba QLD,B-F,Strata,3612647,Roof Tie-Down,5553.21,2023-03-29,2024-03-28
POL-003295,Pacific Rim Insurance,4825,Mount Isa QLD,B-F,SME,1949292,None,3645.08,2023-12-04,2024-12-03
POL-003296,Northbeam General,0810,Darwin NT,T-W,SME,1696232,None,14986.47,2023-01-19,2024-01-19
POL-003297,Northbeam General,6000,Perth WA,B-F,SME,686947,None,1202.63,2023-11-28,2024-11-27
POL-003298,Pacific Rim Insurance,6000,Perth WA,B-F,Home,587276,Roof Tie-Down,876.08,2024-08-11,2025-08-11
POL-003299,Outback Assurance Group,4810,Townsville QLD,T-W,Home,536615,None,5468.18,2024-03-18,2025-03-18
POL-003300,Southern Cross Insurance,0810,Darwin NT,T-W,SME,2709117,Roof Tie-Down,20292.06,2025-06-21,2026-06-21
POL-003301,Northbeam General,0810,Darwin NT,T-W,SME,784207,None,7731.16,2023-06-05,2024-06-04
POL-003302,Outback Assurance Group,4350,Toowoomba QLD,B-F,Home,553023,None,1088.64,2023-06-02,2024-06-01
POL-003303,Coral Coast Mutual,0810,Darwin NT,T-W,Home,323429,Shutters Installed,2610.06,2024-12-06,2025-12-06
POL-003304,Outback Assurance Group,0810,Darwin NT,T-W,Home,625926,None,6109.43,2023-07-17,2024-07-16
POL-003305,Southern Cross Insurance,6721,Port Hedland WA,T-W,Home,611172,None,6381.81,2023-01-18,2024-01-18
POL-003306,Coral Coast Mutual,6721,Port Hedland WA,T-W,Home,837216,None,8670.04,2024-07-18,2025-07-18
POL-003307,Coral Coast Mutual,0800,Darwin NT,T-W,Home,322816,None,3145.47,2025-03-16,2026-03-16
POL-003308,Southern Cross Insurance,4680,Gladstone QLD,L-P,Home,666895,Shutters Installed,2197.22,2023-02-02,2024-02-02
POL-003309,Southern Cross Insurance,4737,Bowen QLD,Q-S,Home,527350,Shutters Installed,2870.76,2023-01-25,2024-01-25
POL-003310,Southern Cross Insurance,4825,Mount Isa QLD,B-F,Home,400286,Shutters Installed,607.33,2023-01-31,2024-01-31
POL-003311,Outback Assurance Group,4700,Rockhampton QLD,Q-S,Home,845379,None,5753.24,2025-08-05,2026-08-05
POL-003312,Coral Coast Mutual,4825,Mount Isa QLD,B-F,Home,527339,Roof Tie-Down,878.88,2025-01-02,2026-01-02
POL-003313,Coral Coast Mutual,4870,Cairns QLD,T-W,Home,590894,Elevated Slab,4508.45,2025-04-14,2026-04-14
POL-003314,Northbeam General,6721,Port Hedland WA,T-W,Home,570299,Roof Tie-Down,4748.01,2025-07-04,2026-07-04
POL-003315,Southern Cross Insurance,4737,Bowen QLD,Q-S,Home,564411,Shutters Installed,3045.29,2025-09-16,2026-09-16
POL-003316,Northbeam General,0800,Darwin NT,T-W,Home,257176,Shutters Installed,2021.02,2025-01-06,2026-01-06
POL-003317,Outback Assurance Group,6721,Port Hedland WA,T-W,Home,496287,Roof Tie-Down,3887.07,2025-09-11,2026-09-11
POL-003318,Southern Cross Insurance,4825,Mount Isa QLD,B-F,Home,427290,Elevated Slab,609.71,2023-11-22,2024-11-21
POL-003319,Pacific Rim Insurance,0810,Darwin NT,T-W,SME,1168702,None,10867.83,2023-01-04,2024-01-04
POL-003320,Outback Assurance Group,4655,Hervey Bay QLD,L-P,SME,2024985,None,9244.78,2025-08-12,2026-08-12
POL-003321,Outback Assurance Group,0810,Darwin NT,T-W,SME,721235,Shutters Installed,6355.58,2024-09-28,2025-09-28
POL-003322,Outback Assurance Group,4879,Innisfail QLD,T-W,SME,1530627,Elevated Slab,13076.95,2023-10-28,2024-10-27
POL-003323,Coral Coast Mutual,4737,Bowen QLD,Q-S,SME,2825067,None,16747.33,2023-08-01,2024-07-31
POL-003324,Pacific Rim Insurance,4870,Cairns QLD,T-W,Home,364140,None,3671.23,2023-11-07,2024-11-06
POL-003325,Coral Coast Mutual,4802,Townsville QLD,T-W,Home,402645,Shutters Installed,3007.87,2023-11-17,2024-11-16
POL-003326,Outback Assurance Group,4703,Rockhampton QLD,Q-S,Home,689642,Shutters Installed,4098.87,2025-02-10,2026-02-10
POL-003327,Outback Assurance Group,4825,Cloncurry QLD,B-F,Home,341100,Roof Tie-Down,504.79,2024-10-14,2025-10-14
POL-003328,Northbeam General,6000,Perth WA,B-F,Home,421575,None,737.12,2024-08-11,2025-08-11
POL-003329,Southern Cross Insurance,4870,Cairns QLD,T-W,Strata,6637428,None,66851.89,2024-10-20,2025-10-20
POL-003330,Pacific Rim Insurance,0800,Darwin NT,T-W,Home,767008,None,7686.04,2024-07-13,2025-07-13
POL-003331,Northbeam General,4825,Mount Isa QLD,B-F,Home,252643,None,487.24,2024-03-15,2025-03-15
POL-003332,Pacific Rim Insurance,6721,Port Hedland WA,T-W,Home,551465,None,5239.38,2025-06-03,2026-06-03
POL-003333,Pacific Rim Insurance,4700,Rockhampton QLD,Q-S,SME,1562776,None,10334.16,2024-03-05,2025-03-05
POL-003334,Southern Cross Insurance,4870,Cairns QLD,T-W,Strata,14987771,Elevated Slab,109366.26,2025-05-17,2026-05-17
POL-003335,Coral Coast Mutual,0800,Darwin NT,T-W,Strata,4701095,Roof Tie-Down,40354.25,2024-01-15,2025-01-14
POL-003336,Southern Cross Insurance,4703,Rockhampton QLD,Q-S,SME,1182187,Shutters Installed,6201.26,2023-01-31,2024-01-31
POL-003337,Northbeam General,4655,Hervey Bay QLD,L-P,Home,803535,None,3323.47,2025-04-23,2026-04-23
POL-003338,Northbeam General,0850,Alice Springs NT,B-F,Home,779778,None,1371.33,2023-03-01,2024-02-29
POL-003339,Pacific Rim Insurance,4700,Rockhampton QLD,Q-S,Home,360136,None,2385.21,2024-07-17,2025-07-17
POL-003340,Southern Cross Insurance,4810,Townsville QLD,T-W,Home,334076,None,2913.14,2023-10-10,2024-10-09
POL-003341,Southern Cross Insurance,4870,Cairns QLD,T-W,Home,747909,None,7550.33,2023-09-04,2024-09-03
POL-003342,Outback Assurance Group,0850,Alice Springs NT,B-F,SME,2357208,None,4465.24,2024-07-22,2025-07-22
POL-003343,Coral Coast Mutual,4740,Mackay QLD,Q-S,SME,2027195,Roof Tie-Down,12060.67,2023-06-09,2024-06-08
POL-003344,Pacific Rim Insurance,4810,Townsville QLD,T-W,Strata,14109098,None,134232.84,2023-04-11,2024-04-10
POL-003345,Southern Cross Insurance,6721,Port Hedland WA,T-W,SME,2597326,None,23829.03,2024-01-09,2025-01-08
POL-003346,Northbeam General,0800,Darwin NT,T-W,Home,607277,None,5450.05,2024-06-26,2025-06-26
POL-003347,Outback Assurance Group,0800,Darwin NT,T-W,Home,835222,None,7979.81,2025-06-07,2026-06-07
POL-003348,Northbeam General,4720,Charters Towers QLD,L-P,SME,2362858,None,10119.99,2023-02-27,2024-02-27
POL-003349,Pacific Rim Insurance,4737,Bowen QLD,Q-S,Home,697481,Elevated Slab,3489.41,2024-12-07,2025-12-07
POL-003350,Pacific Rim Insurance,0800,Darwin NT,T-W,SME,1048559,None,9223.73,2023-07-27,2024-07-26
POL-003351,Pacific Rim Insurance,4802,Townsville QLD,T-W,Home,754492,Elevated Slab,6080.84,2023-05-04,2024-05-03
POL-003352,Pacific Rim Insurance,4703,Rockhampton QLD,Q-S,Home,292276,None,1879.81,2024-03-05,2025-03-05
POL-003353,Pacific Rim Insurance,0800,Darwin NT,T-W,SME,1602909,Roof Tie-Down,13065.24,2024-11-20,2025-11-20
POL-003354,Coral Coast Mutual,4680,Gladstone QLD,L-P,SME,2499254,None,9513.26,2023-06-23,2024-06-22
POL-003355,Northbeam General,6721,Port Hedland WA,T-W,Home,473647,None,4838.32,2025-09-14,2026-09-14
POL-003356,Pacific Rim Insurance,4700,Rockhampton QLD,Q-S,Strata,11816016,Roof Tie-Down,59251.97,2024-01-29,2025-01-28
POL-003357,Southern Cross Insurance,4655,Hervey Bay QLD,L-P,Home,522191,None,2148.64,2024-04-28,2025-04-28
POL-003358,Southern Cross Insurance,4655,Hervey Bay QLD,L-P,SME,1895300,None,7269.78,2024-09-26,2025-09-26
POL-003359,Northbeam General,4350,Toowoomba QLD,B-F,Home,632391,None,1183.15,2025-08-20,2026-08-20
POL-003360,Northbeam General,4825,Mount Isa QLD,B-F,Home,676321,None,1313.47,2025-04-23,2026-04-23
POL-003361,Southern Cross Insurance,4655,Hervey Bay QLD,L-P,Home,260114,None,1030.77,2024-01-08,2025-01-07
POL-003362,Southern Cross Insurance,4720,Charters Towers QLD,L-P,SME,1056579,None,4244.21,2023-08-05,2024-08-04
POL-003363,Coral Coast Mutual,4810,Townsville QLD,T-W,Home,393606,Shutters Installed,3043.96,2025-05-25,2026-05-25
POL-003364,Outback Assurance Group,4720,Charters Towers QLD,L-P,Home,566069,Roof Tie-Down,2187.74,2025-01-26,2026-01-26
POL-003365,Southern Cross Insurance,4810,Townsville QLD,T-W,SME,464887,Roof Tie-Down,3616.11,2023-08-23,2024-08-22
POL-003366,Pacific Rim Insurance,0810,Darwin NT,T-W,Home,645372,None,6101.94,2024-01-09,2025-01-08
POL-003367,Pacific Rim Insurance,4655,Hervey Bay QLD,L-P,SME,1427889,Elevated Slab,4823.4,2025-06-07,2026-06-07
POL-003368,Southern Cross Insurance,6714,Karratha WA,T-W,Home,348012,None,2977.58,2023-01-18,2024-01-18
POL-003369,Pacific Rim Insurance,6000,Perth WA,B-F,Strata,14896770,Elevated Slab,25042.2,2024-05-17,2025-05-17
POL-003370,Pacific Rim Insurance,4802,Townsville QLD,T-W,SME,912877,None,8360.23,2023-09-10,2024-09-09
POL-003371,Southern Cross Insurance,6714,Karratha WA,T-W,Home,366567,None,3229.44,2025-02-27,2026-02-27
POL-003372,Coral Coast Mutual,4737,Bowen QLD,Q-S,Strata,3652229,Shutters Installed,18701.44,2024-08-29,2025-08-29
POL-003373,Southern Cross Insurance,4802,Townsville QLD,T-W,Home,629878,Roof Tie-Down,4841.71,2024-01-21,2025-01-20
POL-003374,Coral Coast Mutual,4810,Townsville QLD,T-W,Home,651974,Shutters Installed,4758.08,2023-10-30,2024-10-29
POL-003375,Outback Assurance Group,4879,Innisfail QLD,T-W,SME,1951102,None,19542.69,2024-03-08,2025-03-08
POL-003376,Northbeam General,4737,Bowen QLD,Q-S,Home,712991,Elevated Slab,3625.51,2024-04-16,2025-04-16
POL-003377,Outback Assurance Group,4740,Mackay QLD,Q-S,SME,1916885,None,12171.37,2023-09-27,2024-09-26
POL-003378,Northbeam General,4825,Cloncurry QLD,B-F,Strata,10072431,None,18727.15,2023-03-04,2024-03-03
POL-003379,Northbeam General,0800,Darwin NT,T-W,Home,489359,Shutters Installed,3975.34,2025-03-05,2026-03-05
POL-003380,Outback Assurance Group,4737,Bowen QLD,Q-S,Home,566370,Roof Tie-Down,3131.23,2023-11-29,2024-11-28
POL-003381,Outback Assurance Group,4700,Rockhampton QLD,Q-S,Home,431150,Roof Tie-Down,2302.22,2025-02-28,2026-02-28
POL-003382,Coral Coast Mutual,4720,Charters Towers QLD,L-P,Home,722769,Roof Tie-Down,2418.21,2024-06-12,2025-06-12
POL-003383,Outback Assurance Group,4740,Mackay QLD,Q-S,Home,392718,Elevated Slab,1957.25,2024-10-30,2025-10-30
POL-003384,Pacific Rim Insurance,4703,Rockhampton QLD,Q-S,Home,466559,None,3301.37,2023-08-02,2024-08-01
POL-003385,Pacific Rim Insurance,4655,Hervey Bay QLD,L-P,Home,625531,None,2681.74,2023-08-12,2024-08-11
POL-003386,Southern Cross Insurance,4879,Innisfail QLD,T-W,SME,2947542,None,25493.36,2025-07-06,2026-07-06
POL-003387,Northbeam General,6000,Perth WA,B-F,Home,662493,None,1214.27,2023-08-28,2024-08-27
POL-003388,Southern Cross Insurance,4740,Mackay QLD,Q-S,SME,1386991,None,8582.17,2023-12-22,2024-12-21
POL-003389,Outback Assurance Group,4720,Charters Towers QLD,L-P,Strata,4429177,None,18506.8,2024-08-14,2025-08-14
POL-003390,Southern Cross Insurance,4825,Mount Isa QLD,B-F,Strata,9539211,Shutters Installed,14387.93,2023-09-21,2024-09-20
POL-003391,Outback Assurance Group,6714,Karratha WA,T-W,Home,587294,None,5480.53,2023-03-01,2024-02-29
POL-003392,Outback Assurance Group,4720,Charters Towers QLD,L-P,Home,605468,None,2463.76,2023-06-12,2024-06-11
POL-003393,Coral Coast Mutual,4825,Mount Isa QLD,B-F,Home,502958,None,965.29,2024-06-23,2025-06-23
POL-003394,Outback Assurance Group,0810,Darwin NT,T-W,SME,2087960,None,20825.73,2023-05-14,2024-05-13
POL-003395,Outback Assurance Group,4703,Rockhampton QLD,Q-S,Home,433963,None,3071.07,2023-05-31,2024-05-30
POL-003396,Outback Assurance Group,0800,Darwin NT,T-W,Home,737366,Roof Tie-Down,6347.37,2024-10-28,2025-10-28
POL-003397,Coral Coast Mutual,4879,Innisfail QLD,T-W,Home,361786,None,3383.99,2023-02-28,2024-02-28
POL-003398,Pacific Rim Insurance,4700,Rockhampton QLD,Q-S,Home,369558,None,2300.73,2025-05-07,2026-05-07
POL-003399,Outback Assurance Group,4655,Hervey Bay QLD,L-P,Home,643003,Shutters Installed,2146.64,2023-04-17,2024-04-16
POL-003400,Northbeam General,4802,Townsville QLD,T-W,Home,437874,None,3899.55,2025-07-09,2026-07-09
POL-003401,Coral Coast Mutual,4879,Innisfail QLD,T-W,Strata,11220641,None,96233.12,2025-06-30,2026-06-30
POL-003402,Southern Cross Insurance,4700,Rockhampton QLD,Q-S,SME,724774,Shutters Installed,3652.43,2024-07-13,2025-07-13
POL-003403,Southern Cross Insurance,4825,Mount Isa QLD,B-F,Home,270265,None,527.5,2025-04-05,2026-04-05
POL-003404,Southern Cross Insurance,4655,Hervey Bay QLD,L-P,Strata,2659976,Elevated Slab,10233.34,2024-12-02,2025-12-02
POL-003405,Northbeam General,4740,Mackay QLD,Q-S,Home,443724,Roof Tie-Down,2409.05,2024-04-14,2025-04-14
POL-003406,Outback Assurance Group,6000,Perth WA,B-F,Strata,5756028,Elevated Slab,9428.15,2025-06-02,2026-06-02
POL-003407,Pacific Rim Insurance,4700,Rockhampton QLD,Q-S,Home,704275,None,5016.24,2025-07-26,2026-07-26
POL-003408,Coral Coast Mutual,4870,Cairns QLD,T-W,Home,284090,None,2829.17,2025-02-13,2026-02-13
POL-003409,Pacific Rim Insurance,6000,Perth WA,B-F,Home,895694,None,1685.94,2025-04-17,2026-04-17
POL-003410,Northbeam General,6714,Karratha WA,T-W,Home,884085,None,7936.65,2024-04-18,2025-04-18
POL-003411,Outback Assurance Group,0850,Alice Springs NT,B-F,Home,417840,None,811.5,2023-05-01,2024-04-30
POL-003412,Northbeam General,4350,Toowoomba QLD,B-F,Home,840570,Roof Tie-Down,1367.64,2023-03-02,2024-03-01
POL-003413,Northbeam General,4879,Innisfail QLD,T-W,SME,1788850,None,18095.5,2024-04-09,2025-04-09
POL-003414,Pacific Rim Insurance,4825,Cloncurry QLD,B-F,Home,465386,Elevated Slab,724.59,2023-09-29,2024-09-28
POL-003415,Outback Assurance Group,4802,Townsville QLD,T-W,Home,250598,None,2383.38,2024-07-13,2025-07-13
POL-003416,Outback Assurance Group,6721,Port Hedland WA,T-W,SME,2476858,Elevated Slab,21975.56,2025-02-10,2026-02-10
POL-003417,Northbeam General,4870,Cairns QLD,T-W,Home,358299,None,3448.12,2025-05-12,2026-05-12
POL-003418,Coral Coast Mutual,4810,Townsville QLD,T-W,Home,331531,Roof Tie-Down,2893.49,2025-03-06,2026-03-06
POL-003419,Pacific Rim Insurance,4350,Toowoomba QLD,B-F,Home,818552,Shutters Installed,1270.52,2023-02-05,2024-02-05
POL-003420,Southern Cross Insurance,4350,Toowoomba QLD,B-F,Home,451775,Roof Tie-Down,656.28,2023-06-27,2024-06-26
POL-003421,Coral Coast Mutual,4700,Rockhampton QLD,Q-S,Home,411443,Roof Tie-Down,2413.97,2025-07-16,2026-07-16
POL-003422,Coral Coast Mutual,4680,Gladstone QLD,L-P,SME,2992884,Roof Tie-Down,11506.75,2023-08-20,2024-08-19
POL-003423,Pacific Rim Insurance,6721,Port Hedland WA,T-W,Home,285012,None,2559.26,2024-02-19,2025-02-18
POL-003424,Pacific Rim Insurance,4720,Charters Towers QLD,L-P,SME,1594693,None,6959.11,2023-08-02,2024-08-01
POL-003425,Outback Assurance Group,4703,Rockhampton QLD,Q-S,SME,1080321,Shutters Installed,5723.51,2023-09-10,2024-09-09
POL-003426,Pacific Rim Insurance,4700,Rockhampton QLD,Q-S,Home,813508,Roof Tie-Down,4069.13,2024-07-31,2025-07-31
POL-003427,Northbeam General,4350,Toowoomba QLD,B-F,Home,532555,None,1007.04,2023-04-03,2024-04-02
POL-003428,Pacific Rim Insurance,4802,Townsville QLD,T-W,Home,877514,None,8157.69,2025-07-18,2026-07-18
POL-003429,Outback Assurance Group,4810,Townsville QLD,T-W,Home,373631,None,3295.81,2025-09-17,2026-09-17
POL-003430,Northbeam General,4655,Hervey Bay QLD,L-P,Home,573999,None,2453.22,2023-10-12,2024-10-11
POL-003431,Southern Cross Insurance,4825,Mount Isa QLD,B-F,Strata,11987435,Elevated Slab,19349.06,2023-10-02,2024-10-01
POL-003432,Outback Assurance Group,4802,Townsville QLD,T-W,Home,352539,Elevated Slab,2895.69,2023-07-05,2024-07-04
POL-003433,Outback Assurance Group,4737,Bowen QLD,Q-S,Home,755012,Shutters Installed,4064.97,2025-01-09,2026-01-09
POL-003434,Pacific Rim Insurance,0810,Darwin NT,T-W,Strata,6598122,None,62349.35,2023-06-04,2024-06-03
POL-003435,Pacific Rim Insurance,4655,Hervey Bay QLD,L-P,Home,398758,Roof Tie-Down,1480.86,2025-06-30,2026-06-30
POL-003436,Pacific Rim Insurance,4879,Innisfail QLD,T-W,Home,489671,None,4211.3,2024-08-07,2025-08-07
POL-003437,Coral Coast Mutual,4700,Rockhampton QLD,Q-S,SME,1526504,None,9555.96,2023-05-21,2024-05-20
POL-003438,Coral Coast Mutual,4740,Mackay QLD,Q-S,Home,315844,None,1992.97,2023-08-24,2024-08-23
POL-003439,Southern Cross Insurance,4680,Gladstone QLD,L-P,Home,470079,Roof Tie-Down,1751.95,2023-05-23,2024-05-22
POL-003440,Outback Assurance Group,4802,Townsville QLD,T-W,Home,301767,Shutters Installed,2445.26,2024-03-28,2025-03-28
POL-003441,Coral Coast Mutual,4802,Townsville QLD,T-W,Home,738780,Roof Tie-Down,6091.48,2023-05-10,2024-05-09
POL-003442,Coral Coast Mutual,6000,Perth WA,B-F,SME,791849,Roof Tie-Down,1211.95,2023-08-30,2024-08-29
POL-003443,Southern Cross Insurance,6714,Karratha WA,T-W,SME,859114,None,8309.64,2025-01-23,2026-01-23
POL-003444,Outback Assurance Group,6721,Port Hedland WA,T-W,SME,573842,None,5376.73,2024-10-11,2025-10-11
POL-003445,Pacific Rim Insurance,4802,Townsville QLD,T-W,Home,495868,Shutters Installed,4210.39,2024-08-26,2025-08-26
POL-003446,Coral Coast Mutual,4825,Cloncurry QLD,B-F,Home,897507,Roof Tie-Down,1494.78,2023-06-19,2024-06-18
POL-003447,Pacific Rim Insurance,4737,Bowen QLD,Q-S,SME,2217354,None,13764.04,2025-06-23,2026-06-23
POL-003448,Northbeam General,6714,Karratha WA,T-W,Home,626729,None,6234.05,2024-06-27,2025-06-27
POL-003449,Northbeam General,4825,Cloncurry QLD,B-F,Home,708482,None,1328.98,2024-05-04,2025-05-04
POL-003450,Northbeam General,4655,Hervey Bay QLD,L-P,SME,2530351,Roof Tie-Down,8610.82,2024-05-08,2025-05-08
POL-003451,Coral Coast Mutual,4802,Townsville QLD,T-W,SME,1308932,Elevated Slab,11335.42,2024-10-14,2025-10-14
POL-003452,Northbeam General,4680,Gladstone QLD,L-P,Home,426971,None,1813.17,2023-06-26,2024-06-25
POL-003453,Outback Assurance Group,4680,Gladstone QLD,L-P,Home,442257,Roof Tie-Down,1532.33,2025-03-25,2026-03-25
POL-003454,Northbeam General,4700,Rockhampton QLD,Q-S,SME,2275785,None,13822.51,2024-02-26,2025-02-25
POL-003455,Northbeam General,4802,Townsville QLD,T-W,SME,453319,None,3953.95,2025-08-26,2026-08-26
POL-003456,Pacific Rim Insurance,4700,Rockhampton QLD,Q-S,Home,551437,Shutters Installed,3089.18,2023-06-29,2024-06-28
POL-003457,Outback Assurance Group,4870,Cairns QLD,T-W,SME,2151144,None,20004.34,2025-05-01,2026-05-01
POL-003458,Coral Coast Mutual,4740,Mackay QLD,Q-S,Home,525016,Elevated Slab,3143.54,2025-07-02,2026-07-02
POL-003459,Coral Coast Mutual,4740,Mackay QLD,Q-S,Strata,5258224,Elevated Slab,27222.08,2024-05-03,2025-05-03
POL-003460,Southern Cross Insurance,4740,Mackay QLD,Q-S,Home,328508,Shutters Installed,1651.62,2025-02-17,2026-02-17
POL-003461,Northbeam General,4802,Townsville QLD,T-W,Home,460545,Elevated Slab,3747.72,2023-07-01,2024-06-30
POL-003462,Outback Assurance Group,4700,Rockhampton QLD,Q-S,Home,341062,None,2416.26,2023-08-16,2024-08-15
POL-003463,Outback Assurance Group,4870,Cairns QLD,T-W,SME,489203,Elevated Slab,4291.44,2023-05-28,2024-05-27
POL-003464,Outback Assurance Group,0850,Alice Springs NT,B-F,SME,1578543,Shutters Installed,2366.98,2025-08-03,2026-08-03
POL-003465,Pacific Rim Insurance,4740,Mackay QLD,Q-S,Home,386104,Elevated Slab,2086.69,2023-08-12,2024-08-11
POL-003466,Coral Coast Mutual,4680,Gladstone QLD,L-P,Home,489357,None,2040.1,2023-07-24,2024-07-23
POL-003467,Southern Cross Insurance,4879,Innisfail QLD,T-W,Home,403735,None,4109.63,2024-11-20,2025-11-20
POL-003468,Pacific Rim Insurance,4703,Rockhampton QLD,Q-S,Strata,8884809,None,53300.56,2024-10-20,2025-10-20
POL-003469,Northbeam General,6000,Perth WA,B-F,Home,706416,Roof Tie-Down,1037.51,2025-08-19,2026-08-19
POL-003470,Northbeam General,0800,Darwin NT,T-W,Home,551681,Shutters Installed,4112.96,2025-02-05,2026-02-05
POL-003471,Outback Assurance Group,4737,Bowen QLD,Q-S,Home,657226,None,4291.93,2024-05-03,2025-05-03
POL-003472,Pacific Rim Insurance,4740,Mackay QLD,Q-S,Home,513200,None,3405.45,2023-07-04,2024-07-03
POL-003473,Coral Coast Mutual,4740,Mackay QLD,Q-S,SME,691342,None,4469.8,2025-05-28,2026-05-28
POL-003474,Pacific Rim Insurance,0800,Darwin NT,T-W,Home,340746,Elevated Slab,2936.37,2024-05-21,2025-05-21
POL-003475,Coral Coast Mutual,4810,Townsville QLD,T-W,Home,441629,Roof Tie-Down,3238.91,2023-06-22,2024-06-21
POL-003476,Northbeam General,4825,Cloncurry QLD,B-F,Home,530304,Shutters Installed,742.85,2024-05-23,2025-05-23
POL-003477,Outback Assurance Group,4350,Toowoomba QLD,B-F,Home,601525,Elevated Slab,974.84,2024-05-28,2025-05-28
POL-003478,Coral Coast Mutual,4802,Townsville QLD,T-W,Home,261303,None,2316.31,2025-06-14,2026-06-14
POL-003479,Southern Cross Insurance,4825,Cloncurry QLD,B-F,Home,393461,Shutters Installed,592.13,2024-08-04,2025-08-04
POL-003480,Coral Coast Mutual,6000,Perth WA,B-F,SME,2563076,Roof Tie-Down,3869.64,2024-12-24,2025-12-24
POL-003481,Pacific Rim Insurance,4825,Mount Isa QLD,B-F,SME,413475,None,758.49,2023-08-21,2024-08-20
POL-003482,Coral Coast Mutual,6714,Karratha WA,T-W,Home,530931,Shutters Installed,4008.06,2024-02-05,2025-02-04
POL-003483,Pacific Rim Insurance,4350,Toowoomba QLD,B-F,Home,266780,None,512.4,2023-02-03,2024-02-03
POL-003484,Outback Assurance Group,4350,Toowoomba QLD,B-F,Home,698099,Roof Tie-Down,971.94,2024-05-15,2025-05-15
POL-003485,Outback Assurance Group,0800,Darwin NT,T-W,Home,797933,None,7219.42,2023-08-06,2024-08-05
POL-003486,Coral Coast Mutual,4740,Mackay QLD,Q-S,Home,818571,Elevated Slab,4750.94,2025-05-13,2026-05-13
POL-003487,Outback Assurance Group,4879,Innisfail QLD,T-W,Home,740056,Elevated Slab,5535.37,2025-06-16,2026-06-16
POL-003488,Southern Cross Insurance,4350,Toowoomba QLD,B-F,Home,320405,None,561.47,2023-11-01,2024-10-31
POL-003489,Southern Cross Insurance,4720,Charters Towers QLD,L-P,Home,888508,None,3784.91,2025-08-18,2026-08-18
POL-003490,Southern Cross Insurance,0810,Darwin NT,T-W,Home,425046,None,4100.01,2023-04-23,2024-04-22
POL-003491,Pacific Rim Insurance,4720,Charters Towers QLD,L-P,Home,726496,Roof Tie-Down,2671.3,2025-05-07,2026-05-07
POL-003492,Outback Assurance Group,4655,Hervey Bay QLD,L-P,Home,630990,None,2603.46,2025-06-22,2026-06-22
POL-003493,Outback Assurance Group,4740,Mackay QLD,Q-S,Home,510024,Roof Tie-Down,2786.44,2025-07-25,2026-07-25
POL-003494,Northbeam General,4802,Townsville QLD,T-W,Home,665611,Shutters Installed,5356.58,2024-03-26,2025-03-26
POL-003495,Northbeam General,4870,Cairns QLD,T-W,SME,904334,None,8673.64,2023-05-19,2024-05-18
POL-003496,Coral Coast Mutual,4700,Rockhampton QLD,Q-S,Home,748466,None,5265.15,2024-10-19,2025-10-19
POL-003497,Outback Assurance Group,4825,Mount Isa QLD,B-F,Home,724084,None,1305.46,2024-06-03,2025-06-03
POL-003498,Outback Assurance Group,6714,Karratha WA,T-W,Home,876833,None,8843.6,2023-02-17,2024-02-17
POL-003499,Northbeam General,0850,Alice Springs NT,B-F,SME,1257107,None,2174.4,2025-04-12,2026-04-12
POL-003500,Southern Cross Insurance,4720,Charters Towers QLD,L-P,SME,2512733,None,11093.69,2024-02-14,2025-02-13
POL-003501,Coral Coast Mutual,6714,Karratha WA,T-W,SME,491885,None,4994.26,2024-10-14,2025-10-14
POL-003502,Pacific Rim Insurance,4802,Townsville QLD,T-W,Home,727533,None,6301.52,2024-10-25,2025-10-25
POL-003503,Outback Assurance Group,4879,Innisfail QLD,T-W,SME,2686168,None,27377.98,2024-11-30,2025-11-30
POL-003504,Northbeam General,4870,Cairns QLD,T-W,Home,314164,Shutters Installed,2670.08,2024-02-16,2025-02-15
POL-003505,Pacific Rim Insurance,4802,Townsville QLD,T-W,Strata,2248806,None,21254.99,2025-08-24,2026-08-24
POL-003506,Pacific Rim Insurance,4802,Townsville QLD,T-W,Home,895618,None,7793.82,2024-08-03,2025-08-03
POL-003507,Northbeam General,4700,Rockhampton QLD,Q-S,Home,689017,None,4659.93,2025-09-15,2026-09-15
POL-003508,Coral Coast Mutual,4350,Toowoomba QLD,B-F,Home,256370,None,464.59,2025-04-22,2026-04-22
POL-003509,Pacific Rim Insurance,4810,Townsville QLD,T-W,Home,556117,Elevated Slab,4183.25,2023-07-31,2024-07-30
POL-003510,Coral Coast Mutual,4825,Cloncurry QLD,B-F,SME,765315,None,1425.66,2023-09-01,2024-08-31
POL-003511,Pacific Rim Insurance,6721,Port Hedland WA,T-W,SME,480856,None,4214.52,2024-01-03,2025-01-02
POL-003512,Pacific Rim Insurance,4810,Townsville QLD,T-W,Strata,8381740,Elevated Slab,69020.15,2023-03-07,2024-03-06
POL-003513,Pacific Rim Insurance,6714,Karratha WA,T-W,SME,408354,Elevated Slab,3210.32,2024-09-13,2025-09-13
POL-003514,Coral Coast Mutual,4700,Rockhampton QLD,Q-S,Strata,11418916,Shutters Installed,68293.93,2025-01-30,2026-01-30
POL-003515,Southern Cross Insurance,4350,Toowoomba QLD,B-F,SME,716018,None,1280.04,2024-07-05,2025-07-05
POL-003516,Coral Coast Mutual,4879,Innisfail QLD,T-W,Home,255851,None,2375.34,2024-01-21,2025-01-20
POL-003517,Southern Cross Insurance,4350,Toowoomba QLD,B-F,SME,2613350,Shutters Installed,4062.32,2025-02-12,2026-02-12
POL-003518,Northbeam General,0800,Darwin NT,T-W,Home,859137,None,8849.04,2024-11-04,2025-11-04
POL-003519,Outback Assurance Group,4720,Charters Towers QLD,L-P,Home,720567,Roof Tie-Down,2713.76,2023-04-28,2024-04-27
POL-003520,Outback Assurance Group,4740,Mackay QLD,Q-S,Strata,8916680,None,59474.74,2023-02-13,2024-02-13
POL-003521,Southern Cross Insurance,4740,Mackay QLD,Q-S,Home,815624,None,4804.74,2024-10-17,2025-10-17
POL-003522,Pacific Rim Insurance,4737,Bowen QLD,Q-S,Home,423648,Roof Tie-Down,2387.77,2024-02-29,2025-02-28
POL-003523,Southern Cross Insurance,4700,Rockhampton QLD,Q-S,SME,1654715,None,11492.3,2023-12-01,2024-11-30
POL-003524,Pacific Rim Insurance,4870,Cairns QLD,T-W,Home,857601,None,8906.43,2025-09-01,2026-09-01
POL-003525,Pacific Rim Insurance,4700,Rockhampton QLD,Q-S,Home,538998,None,3215.37,2024-03-05,2025-03-05
POL-003526,Outback Assurance Group,4870,Cairns QLD,T-W,Home,367789,None,3647.19,2025-06-24,2026-06-24
POL-003527,Southern Cross Insurance,0800,Darwin NT,T-W,Home,660950,None,5817.43,2024-07-24,2025-07-24
POL-003528,Northbeam General,4720,Charters Towers QLD,L-P,Home,375878,Roof Tie-Down,1330.15,2024-10-12,2025-10-12
POL-003529,Coral Coast Mutual,4879,Innisfail QLD,T-W,Home,527413,None,4790.58,2023-08-12,2024-08-11
POL-003530,Outback Assurance Group,4810,Townsville QLD,T-W,Home,515375,None,4733.52,2024-06-18,2025-06-18
POL-003531,Northbeam General,4870,Cairns QLD,T-W,Home,559576,Roof Tie-Down,4799.19,2025-08-10,2026-08-10
POL-003532,Pacific Rim Insurance,6721,Port Hedland WA,T-W,Home,475391,None,4432.96,2023-01-20,2024-01-20
POL-003533,Southern Cross Insurance,4825,Mount Isa QLD,B-F,Strata,5738448,Roof Tie-Down,8707.0,2023-09-12,2024-09-11
POL-003534,Southern Cross Insurance,4700,Rockhampton QLD,Q-S,Home,723273,Shutters Installed,3920.21,2025-04-15,2026-04-15
POL-003535,Coral Coast Mutual,4350,Toowoomba QLD,B-F,Home,720663,None,1167.67,2025-07-29,2026-07-29
POL-003536,Northbeam General,4350,Toowoomba QLD,B-F,Home,573316,Roof Tie-Down,796.83,2023-12-30,2024-12-29
POL-003537,Coral Coast Mutual,4879,Innisfail QLD,T-W,Home,808669,None,8166.58,2025-03-19,2026-03-19
POL-003538,Pacific Rim Insurance,6000,Perth WA,B-F,SME,2078173,None,3985.41,2023-10-06,2024-10-05
POL-003539,Northbeam General,4825,Cloncurry QLD,B-F,Home,847641,Elevated Slab,1284.38,2024-05-25,2025-05-25
POL-003540,Northbeam General,4720,Charters Towers QLD,L-P,Home,669499,None,2761.91,2023-07-22,2024-07-21
POL-003541,Pacific Rim Insurance,4350,Toowoomba QLD,B-F,Home,736112,Elevated Slab,1149.75,2024-10-01,2025-10-01
POL-003542,Outback Assurance Group,4879,Innisfail QLD,T-W,Home,640943,Roof Tie-Down,5259.95,2024-08-03,2025-08-03
POL-003543,Outback Assurance Group,4700,Rockhampton QLD,Q-S,Home,519035,Roof Tie-Down,2687.58,2024-06-21,2025-06-21
POL-003544,Outback Assurance Group,4700,Rockhampton QLD,Q-S,Home,899994,Elevated Slab,4603.32,2024-01-29,2025-01-28
POL-003545,Northbeam General,4655,Hervey Bay QLD,L-P,Home,846845,None,3616.08,2023-07-01,2024-06-30
POL-003546,Pacific Rim Insurance,4680,Gladstone QLD,L-P,Home,880003,None,3812.29,2023-06-08,2024-06-07
POL-003547,Pacific Rim Insurance,4810,Townsville QLD,T-W,SME,1439970,None,12900.89,2025-02-08,2026-02-08
POL-003548,Outback Assurance Group,0850,Alice Springs NT,B-F,SME,2559092,Elevated Slab,3887.21,2024-05-22,2025-05-22
POL-003549,Northbeam General,4810,Townsville QLD,T-W,Home,704901,None,6043.45,2023-05-05,2024-05-04
POL-003550,Northbeam General,6000,Perth WA,B-F,Home,513684,Roof Tie-Down,848.06,2025-04-12,2026-04-12
POL-003551,Southern Cross Insurance,0800,Darwin NT,T-W,Home,448809,None,4669.63,2024-09-05,2025-09-05
POL-003552,Coral Coast Mutual,0810,Darwin NT,T-W,Strata,2492091,Elevated Slab,18129.06,2023-03-10,2024-03-09
POL-003553,Pacific Rim Insurance,6721,Port Hedland WA,T-W,Home,739066,None,7624.87,2023-05-31,2024-05-30
POL-003554,Southern Cross Insurance,4825,Mount Isa QLD,B-F,Strata,12939806,Shutters Installed,20436.72,2025-05-23,2026-05-23
POL-003555,Northbeam General,6721,Port Hedland WA,T-W,SME,1313213,None,11977.8,2023-01-18,2024-01-18
POL-003556,Pacific Rim Insurance,4720,Charters Towers QLD,L-P,SME,1038816,None,4713.06,2025-05-13,2026-05-13
POL-003557,Outback Assurance Group,0850,Alice Springs NT,B-F,Home,816384,None,1450.32,2023-12-02,2024-12-01
POL-003558,Coral Coast Mutual,6721,Port Hedland WA,T-W,Home,392011,None,3572.8,2023-01-12,2024-01-12
POL-003559,Coral Coast Mutual,4810,Townsville QLD,T-W,Strata,2933001,None,27967.11,2023-08-28,2024-08-27
POL-003560,Southern Cross Insurance,4350,Toowoomba QLD,B-F,Home,697349,None,1237.18,2025-08-23,2026-08-23
POL-003561,Pacific Rim Insurance,4810,Townsville QLD,T-W,Strata,12409275,None,115546.35,2025-07-26,2026-07-26
POL-003562,Coral Coast Mutual,4825,Cloncurry QLD,B-F,Strata,2569674,None,4763.28,2025-05-27,2026-05-27
POL-003563,Northbeam General,4655,Hervey Bay QLD,L-P,Home,339312,None,1417.66,2024-01-09,2025-01-08
POL-003564,Pacific Rim Insurance,4870,Cairns QLD,T-W,Home,355386,Elevated Slab,3120.24,2024-03-16,2025-03-16
POL-003565,Coral Coast Mutual,6714,Karratha WA,T-W,Strata,14825867,Roof Tie-Down,123349.65,2025-01-20,2026-01-20
POL-003566,Northbeam General,4870,Cairns QLD,T-W,Home,572283,None,5426.63,2023-05-04,2024-05-03
POL-003567,Coral Coast Mutual,6714,Karratha WA,T-W,Home,453603,Roof Tie-Down,3649.78,2024-09-25,2025-09-25
POL-003568,Northbeam General,4655,Hervey Bay QLD,L-P,Home,764003,Roof Tie-Down,2725.24,2024-10-19,2025-10-19
POL-003569,Pacific Rim Insurance,4825,Mount Isa QLD,B-F,Home,315126,None,536.12,2023-03-30,2024-03-29
POL-003570,Pacific Rim Insurance,4700,Rockhampton QLD,Q-S,Strata,7595636,Roof Tie-Down,44763.55,2025-02-01,2026-02-01
POL-003571,Outback Assurance Group,4810,Townsville QLD,T-W,SME,2562735,None,24269.44,2023-08-04,2024-08-03
POL-003572,Coral Coast Mutual,4740,Mackay QLD,Q-S,Home,558200,None,3883.58,2023-11-14,2024-11-13
POL-003573,Outback Assurance Group,4737,Bowen QLD,Q-S,Home,534094,None,3467.02,2023-01-27,2024-01-27
POL-003574,Southern Cross Insurance,4825,Cloncurry QLD,B-F,Home,486446,Roof Tie-Down,716.76,2023-03-09,2024-03-08
POL-003575,Southern Cross Insurance,0850,Alice Springs NT,B-F,Home,887849,Roof Tie-Down,1241.94,2024-04-27,2025-04-27
POL-003576,Northbeam General,4825,Cloncurry QLD,B-F,SME,776767,None,1393.52,2023-09-02,2024-09-01
POL-003577,Coral Coast Mutual,4825,Cloncurry QLD,B-F,Home,618758,Roof Tie-Down,924.65,2025-09-21,2026-09-21
POL-003578,Coral Coast Mutual,4740,Mackay QLD,Q-S,Home,621214,Roof Tie-Down,3438.31,2023-12-19,2024-12-18
POL-003579,Outback Assurance Group,4825,Cloncurry QLD,B-F,SME,800288,None,1388.94,2025-05-05,2026-05-05
POL-003580,Pacific Rim Insurance,6000,Perth WA,B-F,Home,661461,None,1230.89,2023-09-12,2024-09-11
POL-003581,Southern Cross Insurance,0800,Darwin NT,T-W,Strata,10252661,Roof Tie-Down,88109.65,2023-01-03,2024-01-03
POL-003582,Coral Coast Mutual,6721,Port Hedland WA,T-W,Home,263213,Shutters Installed,2217.61,2023-11-23,2024-11-22
POL-003583,Pacific Rim Insurance,0800,Darwin NT,T-W,Home,510722,None,4952.98,2025-03-18,2026-03-18
POL-003584,Outback Assurance Group,0810,Darwin NT,T-W,Home,275305,None,2710.06,2024-08-25,2025-08-25
POL-003585,Pacific Rim Insurance,4655,Hervey Bay QLD,L-P,SME,567376,None,2258.37,2024-01-16,2025-01-15
POL-003586,Pacific Rim Insurance,4825,Cloncurry QLD,B-F,Home,272063,None,505.39,2024-06-30,2025-06-30
POL-003587,Outback Assurance Group,4870,Cairns QLD,T-W,Home,887618,Shutters Installed,7451.08,2023-04-03,2024-04-02
POL-003588,Northbeam General,6721,Port Hedland WA,T-W,SME,1266738,None,12917.19,2025-01-09,2026-01-09
POL-003589,Outback Assurance Group,6714,Karratha WA,T-W,SME,632757,Roof Tie-Down,5551.53,2024-09-11,2025-09-11
POL-003590,Outback Assurance Group,6721,Port Hedland WA,T-W,Home,781867,Roof Tie-Down,6818.67,2025-02-19,2026-02-19
POL-003591,Southern Cross Insurance,0850,Alice Springs NT,B-F,Home,884513,None,1610.72,2025-09-19,2026-09-19
POL-003592,Southern Cross Insurance,4810,Townsville QLD,T-W,Home,373191,None,3615.86,2024-09-21,2025-09-21
POL-003593,Southern Cross Insurance,4825,Cloncurry QLD,B-F,SME,1583412,None,3058.57,2023-03-22,2024-03-21
POL-003594,Coral Coast Mutual,4703,Rockhampton QLD,Q-S,SME,2034929,None,12905.81,2023-04-09,2024-04-08
POL-003595,Outback Assurance Group,4825,Cloncurry QLD,B-F,Home,299330,Shutters Installed,443.59,2025-03-30,2026-03-30
POL-003596,Coral Coast Mutual,4350,Toowoomba QLD,B-F,Home,872853,Roof Tie-Down,1377.18,2023-02-03,2024-02-03
POL-003597,Northbeam General,4737,Bowen QLD,Q-S,SME,1066610,None,6443.14,2023-11-18,2024-11-17
POL-003598,Coral Coast Mutual,4810,Townsville QLD,T-W,Strata,9986773,None,94445.65,2023-10-07,2024-10-06
POL-003599,Northbeam General,6000,Perth WA,B-F,Home,309459,None,597.53,2024-11-26,2025-11-26
POL-003600,Pacific Rim Insurance,4703,Rockhampton QLD,Q-S,Home,553327,None,3517.79,2023-03-17,2024-03-16
POL-003601,Outback Assurance Group,4802,Townsville QLD,T-W,Home,535526,Shutters Installed,4256.24,2025-03-22,2026-03-22
POL-003602,Pacific Rim Insurance,4655,Hervey Bay QLD,L-P,Strata,8835795,Roof Tie-Down,29523.74,2023-12-01,2024-11-30
POL-003603,Southern Cross Insurance,4655,Hervey Bay QLD,L-P,Strata,2228328,Elevated Slab,7378.97,2024-01-29,2025-01-28
POL-003604,Outback Assurance Group,4825,Cloncurry QLD,B-F,Home,759777,Roof Tie-Down,1235.22,2025-07-17,2026-07-17
POL-003605,Southern Cross Insurance,4870,Cairns QLD,T-W,Home,670777,Elevated Slab,4927.32,2025-08-08,2026-08-08
POL-003606,Coral Coast Mutual,4655,Hervey Bay QLD,L-P,Home,500301,Elevated Slab,1762.49,2023-01-09,2024-01-09
POL-003607,Coral Coast Mutual,4740,Mackay QLD,Q-S,Home,341991,None,2288.29,2024-03-15,2025-03-15
POL-003608,Southern Cross Insurance,4870,Cairns QLD,T-W,Home,261480,None,2662.7,2024-08-23,2025-08-23
POL-003609,Coral Coast Mutual,4802,Townsville QLD,T-W,Home,498782,Roof Tie-Down,4139.71,2023-05-27,2024-05-26
POL-003610,Outback Assurance Group,0810,Darwin NT,T-W,Home,415758,Shutters Installed,3483.85,2025-02-24,2026-02-24
POL-003611,Pacific Rim Insurance,4680,Gladstone QLD,L-P,Home,634479,None,2521.59,2023-04-25,2024-04-24
POL-003612,Southern Cross Insurance,4700,Rockhampton QLD,Q-S,Strata,12456919,Roof Tie-Down,71806.06,2024-03-16,2025-03-16
POL-003613,Coral Coast Mutual,0810,Darwin NT,T-W,SME,2467777,None,25480.9,2024-11-08,2025-11-08
POL-003614,Coral Coast Mutual,6000,Perth WA,B-F,SME,2876886,None,5646.33,2023-02-14,2024-02-14
POL-003615,Coral Coast Mutual,6721,Port Hedland WA,T-W,SME,1580763,None,15598.37,2025-08-05,2026-08-05
POL-003616,Pacific Rim Insurance,4350,Toowoomba QLD,B-F,Home,267081,Roof Tie-Down,419.31,2023-05-04,2024-05-03
POL-003617,Coral Coast Mutual,4810,Townsville QLD,T-W,Home,805108,None,7206.99,2025-06-26,2026-06-26
POL-003618,Coral Coast Mutual,6714,Karratha WA,T-W,Home,426028,Elevated Slab,3507.0,2024-12-03,2025-12-03
POL-003619,Outback Assurance Group,0810,Darwin NT,T-W,Home,304875,None,2789.09,2024-02-22,2025-02-21
POL-003620,Northbeam General,4870,Cairns QLD,T-W,Home,357530,None,3607.7,2025-05-10,2026-05-10
POL-003621,Northbeam General,6721,Port Hedland WA,T-W,Home,260994,Roof Tie-Down,2021.68,2025-06-03,2026-06-03
POL-003622,Southern Cross Insurance,4879,Innisfail QLD,T-W,Strata,4199188,Elevated Slab,31851.83,2025-03-29,2026-03-29
POL-003623,Southern Cross Insurance,4680,Gladstone QLD,L-P,Home,642648,Roof Tie-Down,2502.98,2024-11-28,2025-11-28
POL-003624,Southern Cross Insurance,4825,Mount Isa QLD,B-F,Home,344546,None,610.65,2025-04-08,2026-04-08
POL-003625,Northbeam General,6714,Karratha WA,T-W,Home,711412,Shutters Installed,5827.47,2024-01-18,2025-01-17
POL-003626,Outback Assurance Group,4700,Rockhampton QLD,Q-S,Home,507210,Roof Tie-Down,2853.19,2023-11-11,2024-11-10
POL-003627,Northbeam General,4802,Townsville QLD,T-W,Home,527048,None,5239.2,2024-01-10,2025-01-09
POL-003628,Outback Assurance Group,0800,Darwin NT,T-W,SME,2360997,Shutters Installed,19383.53,2023-11-23,2024-11-22
POL-003629,Outback Assurance Group,0800,Darwin NT,T-W,Home,800201,None,7810.54,2024-06-28,2025-06-28
POL-003630,Outback Assurance Group,4879,Innisfail QLD,T-W,Strata,14054511,None,130970.75,2023-08-08,2024-08-07
POL-003631,Pacific Rim Insurance,6714,Karratha WA,T-W,Home,496469,Roof Tie-Down,3764.29,2023-11-27,2024-11-26
POL-003632,Southern Cross Insurance,0850,Alice Springs NT,B-F,Home,732351,None,1290.81,2025-09-04,2026-09-04
POL-003633,Outback Assurance Group,4680,Gladstone QLD,L-P,SME,1179030,Roof Tie-Down,4605.28,2025-02-02,2026-02-02
POL-003634,Southern Cross Insurance,0850,Alice Springs NT,B-F,SME,1512997,Roof Tie-Down,2196.53,2023-01-07,2024-01-07
POL-003635,Northbeam General,4802,Townsville QLD,T-W,Home,627362,Roof Tie-Down,4997.54,2023-09-05,2024-09-04
POL-003636,Northbeam General,4703,Rockhampton QLD,Q-S,SME,2932119,Roof Tie-Down,16843.43,2023-08-06,2024-08-05
POL-003637,Pacific Rim Insurance,4703,Rockhampton QLD,Q-S,Home,553138,None,3422.15,2023-07-10,2024-07-09
POL-003638,Outback Assurance Group,0810,Darwin NT,T-W,Home,663960,None,6856.09,2025-07-06,2026-07-06
POL-003639,Outback Assurance Group,4655,Hervey Bay QLD,L-P,Home,445907,None,1782.27,2024-03-25,2025-03-25
POL-003640,Coral Coast Mutual,4350,Toowoomba QLD,B-F,Home,484707,None,911.02,2025-06-07,2026-06-07
POL-003641,Coral Coast Mutual,0810,Darwin NT,T-W,Home,441219,Shutters Installed,3222.02,2023-04-07,2024-04-06
POL-003642,Pacific Rim Insurance,4870,Cairns QLD,T-W,Home,489026,None,4888.39,2023-06-29,2024-06-28
POL-003643,Pacific Rim Insurance,6000,Perth WA,B-F,Home,561345,Shutters Installed,857.94,2023-03-14,2024-03-13
POL-003644,Coral Coast Mutual,4802,Townsville QLD,T-W,Home,259534,None,2613.36,2024-05-09,2025-05-09
POL-003645,Outback Assurance Group,6714,Karratha WA,T-W,SME,1527131,Shutters Installed,12800.29,2023-05-10,2024-05-09
POL-003646,Pacific Rim Insurance,4740,Mackay QLD,Q-S,Strata,9321870,Elevated Slab,52207.84,2024-09-15,2025-09-15
POL-003647,Outback Assurance Group,4825,Mount Isa QLD,B-F,Home,380355,None,620.21,2025-01-03,2026-01-03
POL-003648,Outback Assurance Group,6721,Port Hedland WA,T-W,Strata,4595862,Shutters Installed,34768.4,2025-02-15,2026-02-15
POL-003649,Southern Cross Insurance,0810,Darwin NT,T-W,Strata,9842332,None,92882.46,2023-07-28,2024-07-27
POL-003650,Coral Coast Mutual,4879,Innisfail QLD,T-W,SME,541641,None,5613.78,2024-02-16,2025-02-15
POL-003651,Southern Cross Insurance,0850,Alice Springs NT,B-F,Home,253616,None,429.79,2024-01-06,2025-01-05
POL-003652,Pacific Rim Insurance,4350,Toowoomba QLD,B-F,Home,894205,Roof Tie-Down,1317.02,2024-09-30,2025-09-30
POL-003653,Coral Coast Mutual,6721,Port Hedland WA,T-W,Home,289419,Shutters Installed,2402.64,2025-03-21,2026-03-21
POL-003654,Outback Assurance Group,4740,Mackay QLD,Q-S,Home,269401,None,1812.53,2025-06-08,2026-06-08
POL-003655,Northbeam General,0850,Alice Springs NT,B-F,SME,1100467,Elevated Slab,1659.48,2024-03-06,2025-03-06
POL-003656,Southern Cross Insurance,4680,Gladstone QLD,L-P,Home,700573,Roof Tie-Down,2666.32,2023-01-15,2024-01-15
POL-003657,Outback Assurance Group,4350,Toowoomba QLD,B-F,SME,2532202,Roof Tie-Down,4000.07,2024-01-01,2024-12-31
POL-003658,Coral Coast Mutual,6000,Perth WA,B-F,Strata,6743330,None,12316.85,2023-10-01,2024-09-30
POL-003659,Pacific Rim Insurance,4810,Townsville QLD,T-W,Home,359562,None,3431.36,2023-08-11,2024-08-10
POL-003660,Pacific Rim Insurance,4802,Townsville QLD,T-W,SME,2671985,None,26440.17,2025-05-12,2026-05-12
POL-003661,Pacific Rim Insurance,4825,Mount Isa QLD,B-F,Home,780669,None,1384.76,2024-08-26,2025-08-26
POL-003662,Northbeam General,6714,Karratha WA,T-W,SME,1583194,Roof Tie-Down,13032.86,2025-03-30,2026-03-30
POL-003663,Northbeam General,0810,Darwin NT,T-W,SME,2230891,None,20331.31,2023-05-11,2024-05-10
POL-003664,Northbeam General,4350,Toowoomba QLD,B-F,Strata,8392220,Shutters Installed,11816.56,2023-04-14,2024-04-13
POL-003665,Southern Cross Insurance,4825,Cloncurry QLD,B-F,Home,809590,None,1546.32,2023-03-18,2024-03-17
POL-003666,Southern Cross Insurance,6714,Karratha WA,T-W,Home,605922,None,5443.09,2023-01-17,2024-01-17
POL-003667,Pacific Rim Insurance,4825,Mount Isa QLD,B-F,Home,421283,None,703.33,2023-07-17,2024-07-16
POL-003668,Northbeam General,4720,Charters Towers QLD,L-P,SME,2487537,Shutters Installed,8525.59,2025-04-26,2026-04-26
POL-003669,Pacific Rim Insurance,6714,Karratha WA,T-W,Home,778498,None,7685.77,2023-03-07,2024-03-06
POL-003670,Pacific Rim Insurance,4720,Charters Towers QLD,L-P,Home,385022,None,1521.69,2024-06-22,2025-06-22
POL-003671,Southern Cross Insurance,0850,Alice Springs NT,B-F,Home,554216,None,911.28,2024-06-18,2025-06-18
POL-003672,Pacific Rim Insurance,4655,Hervey Bay QLD,L-P,SME,1238560,None,5407.85,2023-09-19,2024-09-18
POL-003673,Coral Coast Mutual,4680,Gladstone QLD,L-P,Home,852883,None,3653.36,2025-09-22,2026-09-22
POL-003674,Pacific Rim Insurance,4655,Hervey Bay QLD,L-P,Home,790345,None,3271.9,2024-03-30,2025-03-30
POL-003675,Northbeam General,6000,Perth WA,B-F,Home,452163,None,876.33,2024-07-08,2025-07-08
POL-003676,Southern Cross Insurance,4870,Cairns QLD,T-W,SME,2265517,None,20033.77,2024-02-09,2025-02-08
POL-003677,Outback Assurance Group,4740,Mackay QLD,Q-S,SME,990175,Roof Tie-Down,5380.1,2024-01-29,2025-01-28
POL-003678,Outback Assurance Group,0810,Darwin NT,T-W,Home,623637,Elevated Slab,5439.61,2025-01-20,2026-01-20
POL-003679,Outback Assurance Group,4720,Charters Towers QLD,L-P,Home,773514,Shutters Installed,2852.85,2024-06-19,2025-06-19
POL-003680,Northbeam General,6714,Karratha WA,T-W,Home,767506,None,7075.58,2025-09-16,2026-09-16
POL-003681,Outback Assurance Group,6000,Perth WA,B-F,Home,257181,Shutters Installed,358.25,2024-06-20,2025-06-20
POL-003682,Southern Cross Insurance,6714,Karratha WA,T-W,Home,806746,None,8209.52,2023-10-26,2024-10-25
POL-003683,Northbeam General,4680,Gladstone QLD,L-P,Home,517758,Elevated Slab,1783.74,2023-06-07,2024-06-06
POL-003684,Coral Coast Mutual,6000,Perth WA,B-F,SME,2548709,Shutters Installed,3968.72,2024-04-28,2025-04-28
POL-003685,Pacific Rim Insurance,4870,Cairns QLD,T-W,Home,461515,None,4122.72,2024-02-21,2025-02-20
POL-003686,Southern Cross Insurance,4879,Innisfail QLD,T-W,Home,583738,None,5901.07,2025-06-07,2026-06-07
POL-003687,Pacific Rim Insurance,4825,Mount Isa QLD,B-F,Home,678038,None,1145.77,2025-06-22,2026-06-22
POL-003688,Southern Cross Insurance,6721,Port Hedland WA,T-W,SME,1289866,Shutters Installed,10442.11,2024-02-26,2025-02-25
POL-003689,Pacific Rim Insurance,4700,Rockhampton QLD,Q-S,Home,300867,None,1971.5,2025-01-23,2026-01-23
POL-003690,Coral Coast Mutual,4350,Toowoomba QLD,B-F,Home,541480,None,1022.76,2023-08-06,2024-08-05
POL-003691,Pacific Rim Insurance,4802,Townsville QLD,T-W,Home,319429,None,3231.02,2024-05-02,2025-05-02
POL-003692,Coral Coast Mutual,0850,Alice Springs NT,B-F,SME,2815316,None,5450.31,2023-05-19,2024-05-18
POL-003693,Pacific Rim Insurance,6714,Karratha WA,T-W,Strata,3837371,None,34338.77,2024-02-03,2025-02-02
POL-003694,Outback Assurance Group,6000,Perth WA,B-F,Home,294289,Shutters Installed,447.02,2023-12-29,2024-12-28
POL-003695,Northbeam General,0850,Alice Springs NT,B-F,Home,264848,None,483.69,2024-05-25,2025-05-25
POL-003696,Pacific Rim Insurance,4802,Townsville QLD,T-W,Home,603141,Roof Tie-Down,4952.65,2024-10-05,2025-10-05
POL-003697,Coral Coast Mutual,4740,Mackay QLD,Q-S,Home,251142,None,1524.22,2024-09-23,2025-09-23
POL-003698,Southern Cross Insurance,6000,Perth WA,B-F,Home,296446,None,565.77,2025-09-19,2026-09-19
POL-003699,Coral Coast Mutual,4680,Gladstone QLD,L-P,Strata,14796088,None,57668.14,2024-06-17,2025-06-17
POL-003700,Southern Cross Insurance,4810,Townsville QLD,T-W,SME,1201992,Roof Tie-Down,10374.61,2023-06-07,2024-06-06
POL-003701,Outback Assurance Group,4350,Toowoomba QLD,B-F,Home,732173,None,1310.31,2024-06-29,2025-06-29
POL-003702,Pacific Rim Insurance,4737,Bowen QLD,Q-S,Home,369200,Elevated Slab,2103.6,2023-03-10,2024-03-09
POL-003703,Southern Cross Insurance,4879,Innisfail QLD,T-W,SME,2592282,None,25718.3,2023-07-26,2024-07-25
POL-003704,Pacific Rim Insurance,4720,Charters Towers QLD,L-P,Home,885829,None,3586.54,2024-10-18,2025-10-18
POL-003705,Northbeam General,4655,Hervey Bay QLD,L-P,SME,1559530,None,6033.91,2024-03-06,2025-03-06
POL-003706,Coral Coast Mutual,4350,Toowoomba QLD,B-F,Home,700219,Shutters Installed,970.87,2024-10-20,2025-10-20
POL-003707,Outback Assurance Group,4825,Cloncurry QLD,B-F,Home,543549,None,912.98,2024-03-06,2025-03-06
POL-003708,Outback Assurance Group,6721,Port Hedland WA,T-W,Strata,9439899,Shutters Installed,71538.75,2023-01-03,2024-01-03
POL-003709,Pacific Rim Insurance,4655,Hervey Bay QLD,L-P,Home,340651,None,1393.97,2025-04-11,2026-04-11
POL-003710,Outback Assurance Group,4825,Mount Isa QLD,B-F,Home,559226,None,1062.76,2025-06-26,2026-06-26
POL-003711,Southern Cross Insurance,4680,Gladstone QLD,L-P,SME,2137781,None,9199.3,2024-08-30,2025-08-30
POL-003712,Outback Assurance Group,4879,Innisfail QLD,T-W,Strata,9720341,Shutters Installed,82022.83,2023-08-14,2024-08-13
POL-003713,Northbeam General,0800,Darwin NT,T-W,Home,857410,None,7374.8,2023-06-05,2024-06-04
POL-003714,Outback Assurance Group,4350,Toowoomba QLD,B-F,Home,309364,None,505.17,2025-04-12,2026-04-12
POL-003715,Southern Cross Insurance,6714,Karratha WA,T-W,SME,2673953,None,26051.27,2024-04-03,2025-04-03
POL-003716,Coral Coast Mutual,4825,Cloncurry QLD,B-F,Home,718323,None,1313.91,2024-12-21,2025-12-21
POL-003717,Pacific Rim Insurance,4825,Mount Isa QLD,B-F,Home,770512,Elevated Slab,1135.02,2023-07-27,2024-07-26
POL-003718,Southern Cross Insurance,4720,Charters Towers QLD,L-P,Home,821102,None,3476.76,2024-12-02,2025-12-02
POL-003719,Coral Coast Mutual,4737,Bowen QLD,Q-S,SME,678119,None,4277.96,2023-03-08,2024-03-07
POL-003720,Outback Assurance Group,0850,Alice Springs NT,B-F,Home,567194,None,994.32,2024-09-15,2025-09-15
POL-003721,Outback Assurance Group,4700,Rockhampton QLD,Q-S,Home,780084,None,4830.78,2024-06-08,2025-06-08
POL-003722,Outback Assurance Group,4879,Innisfail QLD,T-W,Home,413110,Roof Tie-Down,3642.42,2024-12-02,2025-12-02
POL-003723,Southern Cross Insurance,4655,Hervey Bay QLD,L-P,Home,668537,Shutters Installed,2473.2,2023-07-04,2024-07-03
POL-003724,Pacific Rim Insurance,4810,Townsville QLD,T-W,Home,342500,None,3284.45,2025-04-06,2026-04-06
POL-003725,Southern Cross Insurance,0800,Darwin NT,T-W,Home,816252,None,7790.06,2024-02-01,2025-01-31
POL-003726,Southern Cross Insurance,4720,Charters Towers QLD,L-P,SME,511370,None,2211.7,2024-05-15,2025-05-15
POL-003727,Southern Cross Insurance,4655,Hervey Bay QLD,L-P,Home,874941,None,3334.21,2023-05-02,2024-05-01
POL-003728,Outback Assurance Group,4737,Bowen QLD,Q-S,Home,403862,Shutters Installed,2271.27,2023-05-28,2024-05-27
POL-003729,Outback Assurance Group,4825,Cloncurry QLD,B-F,Home,538254,Shutters Installed,890.28,2024-06-07,2025-06-07
POL-003730,Southern Cross Insurance,6721,Port Hedland WA,T-W,Home,298465,None,2689.46,2023-11-20,2024-11-19
POL-003731,Northbeam General,4879,Innisfail QLD,T-W,Home,894018,None,8346.69,2024-06-15,2025-06-15
POL-003732,Northbeam General,4703,Rockhampton QLD,Q-S,Home,263914,None,1818.49,2024-03-28,2025-03-28
POL-003733,Coral Coast Mutual,0800,Darwin NT,T-W,SME,1314443,None,11488.61,2023-12-04,2024-12-03
POL-003734,Coral Coast Mutual,4740,Mackay QLD,Q-S,SME,2245402,None,15109.21,2023-02-03,2024-02-03
POL-003735,Northbeam General,0810,Darwin NT,T-W,Home,897880,None,8706.44,2025-06-17,2026-06-17
POL-003736,Pacific Rim Insurance,4720,Charters Towers QLD,L-P,Home,526202,None,2008.81,2024-01-12,2025-01-11
POL-003737,Outback Assurance Group,4825,Cloncurry QLD,B-F,Home,576488,None,947.17,2025-06-28,2026-06-28
POL-003738,Coral Coast Mutual,4740,Mackay QLD,Q-S,SME,1039146,None,7343.72,2024-10-25,2025-10-25
POL-003739,Outback Assurance Group,4740,Mackay QLD,Q-S,Home,715535,None,4291.76,2024-10-04,2025-10-04
POL-003740,Outback Assurance Group,4825,Cloncurry QLD,B-F,Home,861088,None,1593.01,2025-06-18,2026-06-18
POL-003741,Coral Coast Mutual,4810,Townsville QLD,T-W,Home,399027,Roof Tie-Down,3049.51,2025-09-23,2026-09-23
POL-003742,Pacific Rim Insurance,6000,Perth WA,B-F,Home,526199,None,930.49,2024-04-29,2025-04-29
POL-003743,Outback Assurance Group,6721,Port Hedland WA,T-W,Home,493167,None,4984.37,2024-03-09,2025-03-09
POL-003744,Coral Coast Mutual,6721,Port Hedland WA,T-W,SME,1314061,Roof Tie-Down,11539.79,2024-09-19,2025-09-19
POL-003745,Pacific Rim Insurance,0850,Alice Springs NT,B-F,Home,468431,None,905.34,2023-12-30,2024-12-29
POL-003746,Northbeam General,0850,Alice Springs NT,B-F,Home,417947,None,767.56,2024-12-21,2025-12-21
POL-003747,Southern Cross Insurance,4737,Bowen QLD,Q-S,Home,836741,None,5736.89,2023-08-02,2024-08-01
POL-003748,Coral Coast Mutual,0810,Darwin NT,T-W,Home,836374,Roof Tie-Down,6575.81,2024-12-23,2025-12-23
POL-003749,Coral Coast Mutual,4700,Rockhampton QLD,Q-S,Strata,4936857,Shutters Installed,26185.56,2024-01-20,2025-01-19
POL-003750,Outback Assurance Group,4825,Mount Isa QLD,B-F,Home,516641,None,936.94,2024-08-20,2025-08-20
POL-003751,Outback Assurance Group,4655,Hervey Bay QLD,L-P,Home,467373,None,1884.41,2025-03-24,2026-03-24
POL-003752,Pacific Rim Insurance,0850,Alice Springs NT,B-F,SME,913096,Elevated Slab,1353.83,2024-10-09,2025-10-09
POL-003753,Pacific Rim Insurance,4680,Gladstone QLD,L-P,Home,760715,None,3046.59,2025-08-12,2026-08-12
POL-003754,Northbeam General,0800,Darwin NT,T-W,Home,603024,Elevated Slab,4395.26,2023-06-15,2024-06-14
POL-003755,Coral Coast Mutual,4825,Mount Isa QLD,B-F,Home,841967,Roof Tie-Down,1301.56,2024-10-23,2025-10-23
POL-003756,Southern Cross Insurance,0800,Darwin NT,T-W,Home,536740,None,5270.0,2024-01-31,2025-01-30
POL-003757,Southern Cross Insurance,4802,Townsville QLD,T-W,Home,760502,None,7673.95,2023-10-22,2024-10-21
POL-003758,Northbeam General,0810,Darwin NT,T-W,Home,381465,None,3650.02,2023-10-23,2024-10-22
POL-003759,Coral Coast Mutual,4703,Rockhampton QLD,Q-S,SME,1035699,Roof Tie-Down,5636.12,2025-05-23,2026-05-23
POL-003760,Southern Cross Insurance,4870,Cairns QLD,T-W,Home,653146,None,6461.87,2023-07-11,2024-07-10
POL-003761,Outback Assurance Group,4825,Cloncurry QLD,B-F,SME,2297586,Elevated Slab,3486.96,2024-09-06,2025-09-06
POL-003762,Outback Assurance Group,4879,Innisfail QLD,T-W,Home,251568,None,2217.61,2023-11-17,2024-11-16
POL-003763,Northbeam General,4350,Toowoomba QLD,B-F,Home,283629,None,473.2,2025-05-19,2026-05-19
POL-003764,Southern Cross Insurance,0810,Darwin NT,T-W,SME,1526862,None,14835.09,2024-07-11,2025-07-11
POL-003765,Northbeam General,4825,Mount Isa QLD,B-F,SME,2235922,Shutters Installed,3743.86,2024-07-21,2025-07-21
POL-003766,Outback Assurance Group,4879,Innisfail QLD,T-W,Home,266929,None,2329.81,2025-06-03,2026-06-03
POL-003767,Southern Cross Insurance,4810,Townsville QLD,T-W,Home,569217,Roof Tie-Down,4390.58,2024-02-18,2025-02-17
POL-003768,Coral Coast Mutual,6000,Perth WA,B-F,Home,471552,None,805.56,2025-05-28,2026-05-28
POL-003769,Northbeam General,4825,Mount Isa QLD,B-F,Home,628007,None,1115.55,2023-11-11,2024-11-10
POL-003770,Northbeam General,4655,Hervey Bay QLD,L-P,SME,2009480,Roof Tie-Down,6809.89,2025-02-08,2026-02-08
POL-003771,Outback Assurance Group,4655,Hervey Bay QLD,L-P,Home,624031,None,2744.15,2024-10-20,2025-10-20
POL-003772,Outback Assurance Group,4810,Townsville QLD,T-W,Home,415623,Elevated Slab,3449.7,2024-05-12,2025-05-12
POL-003773,Southern Cross Insurance,4655,Hervey Bay QLD,L-P,SME,788734,Shutters Installed,2702.38,2023-02-16,2024-02-16
POL-003774,Northbeam General,4703,Rockhampton QLD,Q-S,Strata,11186752,None,70145.29,2025-09-23,2026-09-23
POL-003775,Coral Coast Mutual,6714,Karratha WA,T-W,Home,468403,None,4745.07,2025-03-11,2026-03-11
POL-003776,Northbeam General,6721,Port Hedland WA,T-W,Strata,11216169,Shutters Installed,88747.02,2023-05-25,2024-05-24
POL-003777,Northbeam General,4825,Cloncurry QLD,B-F,Strata,2013314,Shutters Installed,2957.58,2025-02-12,2026-02-12
POL-003778,Southern Cross Insurance,4350,Toowoomba QLD,B-F,Home,539399,None,947.22,2025-01-26,2026-01-26
POL-003779,Southern Cross Insurance,4680,Gladstone QLD,L-P,SME,1230359,Shutters Installed,4083.88,2023-04-06,2024-04-05
POL-003780,Coral Coast Mutual,6000,Perth WA,B-F,SME,2606133,None,4707.04,2024-08-26,2025-08-26
POL-003781,Coral Coast Mutual,4703,Rockhampton QLD,Q-S,Home,258469,None,1609.32,2024-08-20,2025-08-20
POL-003782,Northbeam General,6721,Port Hedland WA,T-W,Home,706598,None,6611.89,2024-06-10,2025-06-10
POL-003783,Pacific Rim Insurance,4740,Mackay QLD,Q-S,SME,2505743,None,14826.68,2023-04-13,2024-04-12
POL-003784,Southern Cross Insurance,0850,Alice Springs NT,B-F,Strata,5458294,Roof Tie-Down,8488.65,2023-11-29,2024-11-28
POL-003785,Southern Cross Insurance,4825,Mount Isa QLD,B-F,Home,810842,Elevated Slab,1218.89,2024-10-08,2025-10-08
POL-003786,Pacific Rim Insurance,4870,Cairns QLD,T-W,Home,825450,None,7772.94,2023-02-16,2024-02-16
POL-003787,Outback Assurance Group,4655,Hervey Bay QLD,L-P,Home,565823,Shutters Installed,1870.05,2025-02-18,2026-02-18
POL-003788,Pacific Rim Insurance,4740,Mackay QLD,Q-S,Home,252411,None,1523.46,2024-03-14,2025-03-14
POL-003789,Northbeam General,4703,Rockhampton QLD,Q-S,Home,325604,None,2062.37,2023-09-27,2024-09-26
POL-003790,Pacific Rim Insurance,4703,Rockhampton QLD,Q-S,Home,443657,Roof Tie-Down,2301.8,2023-07-09,2024-07-08
POL-003791,Coral Coast Mutual,4879,Innisfail QLD,T-W,SME,1805667,None,18560.29,2023-01-20,2024-01-20
POL-003792,Southern Cross Insurance,0810,Darwin NT,T-W,Home,350493,None,3189.35,2023-06-07,2024-06-06
POL-003793,Pacific Rim Insurance,4655,Hervey Bay QLD,L-P,Home,580340,Roof Tie-Down,1895.87,2023-11-24,2024-11-23
POL-003794,Northbeam General,4802,Townsville QLD,T-W,Home,671312,Roof Tie-Down,5338.9,2023-09-13,2024-09-12
POL-003795,Coral Coast Mutual,4720,Charters Towers QLD,L-P,Home,393267,Roof Tie-Down,1341.59,2023-02-02,2024-02-02
POL-003796,Coral Coast Mutual,4350,Toowoomba QLD,B-F,SME,1172545,None,2180.16,2023-02-18,2024-02-18
POL-003797,Southern Cross Insurance,4655,Hervey Bay QLD,L-P,Home,893772,Roof Tie-Down,3355.1,2025-05-20,2026-05-20
POL-003798,Southern Cross Insurance,0800,Darwin NT,T-W,SME,1686591,Shutters Installed,12826.79,2024-08-12,2025-08-12
POL-003799,Southern Cross Insurance,4703,Rockhampton QLD,Q-S,Home,440353,Roof Tie-Down,2441.23,2025-09-05,2026-09-05
POL-003800,Outback Assurance Group,4703,Rockhampton QLD,Q-S,Home,516509,None,3246.88,2025-05-30,2026-05-30
POL-003801,Coral Coast Mutual,6721,Port Hedland WA,T-W,Home,444689,Shutters Installed,3591.29,2023-11-02,2024-11-01
POL-003802,Outback Assurance Group,4810,Townsville QLD,T-W,Home,431679,None,3907.15,2024-06-08,2025-06-08
POL-003803,Coral Coast Mutual,4879,Innisfail QLD,T-W,Home,307156,Roof Tie-Down,2594.22,2024-08-20,2025-08-20
POL-003804,Northbeam General,4350,Toowoomba QLD,B-F,Home,746556,None,1377.42,2025-06-06,2026-06-06
POL-003805,Northbeam General,6000,Perth WA,B-F,SME,1912143,None,3219.75,2024-04-28,2025-04-28
POL-003806,Outback Assurance Group,4680,Gladstone QLD,L-P,Home,600862,None,2618.69,2024-01-28,2025-01-27
POL-003807,Outback Assurance Group,4680,Gladstone QLD,L-P,SME,678232,None,2716.12,2025-02-21,2026-02-21
POL-003808,Outback Assurance Group,4700,Rockhampton QLD,Q-S,Home,785714,Shutters Installed,3959.56,2025-07-27,2026-07-27
POL-003809,Pacific Rim Insurance,4879,Innisfail QLD,T-W,Home,637421,Shutters Installed,4858.08,2024-02-19,2025-02-18
POL-003810,Outback Assurance Group,4680,Gladstone QLD,L-P,Home,533949,None,2432.67,2024-02-08,2025-02-07
POL-003811,Outback Assurance Group,6714,Karratha WA,T-W,SME,2753814,Shutters Installed,22595.33,2024-12-06,2025-12-06
POL-003812,Northbeam General,0810,Darwin NT,T-W,SME,2818380,None,27050.09,2023-12-14,2024-12-13
POL-003813,Northbeam General,0810,Darwin NT,T-W,Home,657117,None,6234.94,2024-08-29,2025-08-29
POL-003814,Outback Assurance Group,6721,Port Hedland WA,T-W,Home,414263,None,4046.44,2025-06-03,2026-06-03
POL-003815,Coral Coast Mutual,4703,Rockhampton QLD,Q-S,SME,1342063,None,8416.31,2023-08-06,2024-08-05
POL-003816,Southern Cross Insurance,4879,Innisfail QLD,T-W,Home,700013,None,6312.76,2024-08-14,2025-08-14
POL-003817,Outback Assurance Group,4879,Innisfail QLD,T-W,SME,2658212,Elevated Slab,19950.12,2024-08-02,2025-08-02
POL-003818,Outback Assurance Group,4802,Townsville QLD,T-W,Home,822919,None,8266.98,2023-03-21,2024-03-20
POL-003819,Pacific Rim Insurance,0800,Darwin NT,T-W,Home,774385,Shutters Installed,5732.02,2024-02-08,2025-02-07
POL-003820,Northbeam General,4703,Rockhampton QLD,Q-S,SME,1426946,Roof Tie-Down,7131.95,2025-04-05,2026-04-05
POL-003821,Southern Cross Insurance,0850,Alice Springs NT,B-F,Home,424112,Roof Tie-Down,684.58,2025-03-02,2026-03-02
POL-003822,Southern Cross Insurance,0800,Darwin NT,T-W,Home,755385,None,7834.82,2025-07-14,2026-07-14
POL-003823,Northbeam General,4825,Cloncurry QLD,B-F,SME,1553846,Elevated Slab,2412.49,2023-05-01,2024-04-30
POL-003824,Outback Assurance Group,0800,Darwin NT,T-W,Strata,5296040,Elevated Slab,43553.72,2023-11-01,2024-10-31
POL-003825,Northbeam General,4655,Hervey Bay QLD,L-P,Home,401152,None,1768.63,2025-05-01,2026-05-01
POL-003826,Northbeam General,4655,Hervey Bay QLD,L-P,SME,2100620,Shutters Installed,7056.93,2025-04-15,2026-04-15
POL-003827,Coral Coast Mutual,4810,Townsville QLD,T-W,Home,863500,Roof Tie-Down,7475.6,2024-08-25,2025-08-25
POL-003828,Southern Cross Insurance,4870,Cairns QLD,T-W,Home,525004,None,4993.15,2024-11-11,2025-11-11
POL-003829,Outback Assurance Group,0800,Darwin NT,T-W,Home,651885,Elevated Slab,5494.12,2024-08-03,2025-08-03
POL-003830,Pacific Rim Insurance,4825,Mount Isa QLD,B-F,Home,276817,None,489.47,2025-06-29,2026-06-29
POL-003831,Outback Assurance Group,4350,Toowoomba QLD,B-F,Home,366326,Shutters Installed,508.11,2025-09-05,2026-09-05
POL-003832,Northbeam General,0800,Darwin NT,T-W,Home,848966,None,7303.08,2024-02-15,2025-02-14
POL-003833,Northbeam General,4802,Townsville QLD,T-W,Home,285533,None,2854.39,2023-03-25,2024-03-24
POL-003834,Outback Assurance Group,4350,Toowoomba QLD,B-F,Home,475909,None,852.57,2024-11-12,2025-11-12
POL-003835,Coral Coast Mutual,0850,Alice Springs NT,B-F,SME,1547695,Shutters Installed,2383.83,2023-04-13,2024-04-12
POL-003836,Southern Cross Insurance,4740,Mackay QLD,Q-S,SME,1512758,None,9023.9,2023-03-05,2024-03-04
POL-003837,Pacific Rim Insurance,4879,Innisfail QLD,T-W,Home,327503,Shutters Installed,2905.86,2025-07-19,2026-07-19
POL-003838,Pacific Rim Insurance,4825,Mount Isa QLD,B-F,Home,546669,Roof Tie-Down,849.51,2024-12-28,2025-12-28
POL-003839,Northbeam General,4825,Mount Isa QLD,B-F,SME,1706737,Roof Tie-Down,2692.86,2025-08-02,2026-08-02
POL-003840,Southern Cross Insurance,4740,Mackay QLD,Q-S,Home,687496,None,4784.41,2025-08-06,2026-08-06
POL-003841,Pacific Rim Insurance,4655,Hervey Bay QLD,L-P,Strata,14549185,None,66787.24,2025-06-16,2026-06-16
POL-003842,Northbeam General,4810,Townsville QLD,T-W,Home,377919,Shutters Installed,3329.26,2025-02-27,2026-02-27
POL-003843,Northbeam General,6000,Perth WA,B-F,Home,595114,None,1028.86,2023-09-25,2024-09-24
POL-003844,Pacific Rim Insurance,4740,Mackay QLD,Q-S,Home,696134,Roof Tie-Down,3508.74,2024-05-04,2025-05-04
POL-003845,Pacific Rim Insurance,0800,Darwin NT,T-W,Home,870419,None,7606.95,2025-07-31,2026-07-31
POL-003846,Southern Cross Insurance,4655,Hervey Bay QLD,L-P,Home,753895,Shutters Installed,2475.49,2024-12-19,2025-12-19
POL-003847,Southern Cross Insurance,0850,Alice Springs NT,B-F,Home,352509,None,645.04,2023-11-13,2024-11-12
POL-003848,Pacific Rim Insurance,0810,Darwin NT,T-W,Home,254517,None,2254.25,2025-08-13,2026-08-13
POL-003849,Pacific Rim Insurance,4825,Cloncurry QLD,B-F,SME,785941,Roof Tie-Down,1110.92,2025-05-10,2026-05-10
POL-003850,Southern Cross Insurance,4737,Bowen QLD,Q-S,SME,973434,Shutters Installed,5817.77,2025-08-14,2026-08-14
POL-003851,Coral Coast Mutual,4810,Townsville QLD,T-W,Home,784853,Elevated Slab,6171.01,2024-01-25,2025-01-24
POL-003852,Southern Cross Insurance,4879,Innisfail QLD,T-W,Home,831024,Roof Tie-Down,7097.87,2023-03-23,2024-03-22
POL-003853,Coral Coast Mutual,0850,Alice Springs NT,B-F,Home,647358,None,1077.18,2024-08-14,2025-08-14
POL-003854,Southern Cross Insurance,4700,Rockhampton QLD,Q-S,Home,615272,Roof Tie-Down,3252.5,2023-02-19,2024-02-19
POL-003855,Outback Assurance Group,4350,Toowoomba QLD,B-F,Home,597599,Shutters Installed,832.29,2024-09-03,2025-09-03
POL-003856,Northbeam General,4700,Rockhampton QLD,Q-S,Home,515573,Elevated Slab,3027.51,2023-12-12,2024-12-11
POL-003857,Northbeam General,6714,Karratha WA,T-W,Home,577038,None,5913.2,2023-01-03,2024-01-03
POL-003858,Pacific Rim Insurance,4680,Gladstone QLD,L-P,Home,318162,None,1452.33,2024-04-22,2025-04-22
POL-003859,Coral Coast Mutual,4825,Cloncurry QLD,B-F,Home,795884,None,1439.96,2025-07-20,2026-07-20
POL-003860,Northbeam General,4879,Innisfail QLD,T-W,Home,847911,Shutters Installed,7506.89,2024-09-04,2025-09-04
POL-003861,Outback Assurance Group,4740,Mackay QLD,Q-S,Home,607284,Roof Tie-Down,3310.07,2023-12-23,2024-12-22
POL-003862,Northbeam General,4703,Rockhampton QLD,Q-S,Home,560634,None,3925.82,2025-05-22,2026-05-22
POL-003863,Coral Coast Mutual,4737,Bowen QLD,Q-S,Home,413643,Roof Tie-Down,2234.97,2023-05-17,2024-05-16
POL-003864,Southern Cross Insurance,4655,Hervey Bay QLD,L-P,Home,258383,Shutters Installed,918.08,2024-11-10,2025-11-10
POL-003865,Southern Cross Insurance,4825,Mount Isa QLD,B-F,Home,537786,None,892.75,2023-08-16,2024-08-15
POL-003866,Southern Cross Insurance,4655,Hervey Bay QLD,L-P,Home,691428,None,3113.75,2023-09-24,2024-09-23
POL-003867,Outback Assurance Group,4720,Charters Towers QLD,L-P,Home,255398,None,966.14,2024-10-15,2025-10-15
POL-003868,Southern Cross Insurance,4879,Innisfail QLD,T-W,Home,535153,Roof Tie-Down,4743.36,2025-04-03,2026-04-03
POL-003869,Pacific Rim Insurance,0850,Alice Springs NT,B-F,Home,744626,Roof Tie-Down,1118.23,2023-07-16,2024-07-15
POL-003870,Pacific Rim Insurance,0800,Darwin NT,T-W,Home,419174,None,3695.44,2023-05-27,2024-05-26
POL-003871,Outback Assurance Group,0810,Darwin NT,T-W,Home,547699,None,4696.53,2023-10-12,2024-10-11
POL-003872,Pacific Rim Insurance,6714,Karratha WA,T-W,SME,1901207,None,19867.34,2024-08-28,2025-08-28
POL-003873,Coral Coast Mutual,6721,Port Hedland WA,T-W,Home,290908,Shutters Installed,2455.4,2024-07-21,2025-07-21
POL-003874,Southern Cross Insurance,4737,Bowen QLD,Q-S,Home,641145,Roof Tie-Down,3818.56,2023-04-15,2024-04-14
POL-003875,Outback Assurance Group,4350,Toowoomba QLD,B-F,Home,579691,Roof Tie-Down,832.69,2025-09-17,2026-09-17
POL-003876,Southern Cross Insurance,0810,Darwin NT,T-W,Home,870808,None,7662.57,2025-04-25,2026-04-25
POL-003877,Southern Cross Insurance,4879,Innisfail QLD,T-W,Home,626841,None,6498.68,2024-07-23,2025-07-23
POL-003878,Southern Cross Insurance,4810,Townsville QLD,T-W,SME,522518,None,4594.23,2024-07-07,2025-07-07
POL-003879,Coral Coast Mutual,4825,Mount Isa QLD,B-F,Home,551673,Shutters Installed,913.28,2024-12-30,2025-12-30
POL-003880,Southern Cross Insurance,4350,Toowoomba QLD,B-F,Home,382380,None,727.74,2024-06-06,2025-06-06
POL-003881,Northbeam General,6000,Perth WA,B-F,Home,726192,None,1251.68,2025-06-23,2026-06-23
POL-003882,Pacific Rim Insurance,4825,Cloncurry QLD,B-F,Home,784710,Roof Tie-Down,1242.42,2025-08-06,2026-08-06
POL-003883,Pacific Rim Insurance,4350,Toowoomba QLD,B-F,Home,611080,Shutters Installed,934.53,2025-07-23,2026-07-23
POL-003884,Northbeam General,4870,Cairns QLD,T-W,SME,2741726,Shutters Installed,22516.62,2023-04-29,2024-04-28
POL-003885,Northbeam General,0800,Darwin NT,T-W,Home,716231,None,6464.78,2025-07-28,2026-07-28
POL-003886,Coral Coast Mutual,4655,Hervey Bay QLD,L-P,Home,598057,Roof Tie-Down,2157.5,2025-09-07,2026-09-07
POL-003887,Pacific Rim Insurance,0850,Alice Springs NT,B-F,SME,1683713,None,3150.62,2023-01-22,2024-01-22
POL-003888,Outback Assurance Group,6000,Perth WA,B-F,Home,250694,None,481.4,2024-09-09,2025-09-09
POL-003889,Pacific Rim Insurance,4802,Townsville QLD,T-W,Home,626738,None,6423.02,2024-06-16,2025-06-16
POL-003890,Outback Assurance Group,4825,Cloncurry QLD,B-F,Home,300825,Elevated Slab,450.0,2024-03-06,2025-03-06
POL-003891,Southern Cross Insurance,4350,Toowoomba QLD,B-F,Home,639288,None,1137.84,2023-02-14,2024-02-14
POL-003892,Pacific Rim Insurance,4655,Hervey Bay QLD,L-P,Home,347762,Elevated Slab,1347.4,2024-03-04,2025-03-04
POL-003893,Southern Cross Insurance,4825,Mount Isa QLD,B-F,Home,311432,None,520.22,2023-08-14,2024-08-13
POL-003894,Pacific Rim Insurance,4720,Charters Towers QLD,L-P,Home,667824,None,2869.91,2023-06-14,2024-06-13
POL-003895,Coral Coast Mutual,4655,Hervey Bay QLD,L-P,Home,773131,Shutters Installed,2958.63,2023-07-04,2024-07-03
POL-003896,Coral Coast Mutual,4870,Cairns QLD,T-W,Home,502065,None,5002.32,2025-07-11,2026-07-11
POL-003897,Northbeam General,4700,Rockhampton QLD,Q-S,Home,283459,None,1759.17,2024-04-10,2025-04-10
POL-003898,Pacific Rim Insurance,6721,Port Hedland WA,T-W,Home,508579,Shutters Installed,4470.06,2024-02-12,2025-02-11
POL-003899,Pacific Rim Insurance,0800,Darwin NT,T-W,Home,730809,Shutters Installed,5643.74,2025-09-06,2026-09-06
POL-003900,Northbeam General,4870,Cairns QLD,T-W,Home,840452,None,8477.71,2023-01-16,2024-01-16
POL-003901,Northbeam General,6000,Perth WA,B-F,Home,500779,None,990.96,2023-08-07,2024-08-06
POL-003902,Northbeam General,0810,Darwin NT,T-W,Home,878918,Shutters Installed,6800.76,2023-07-05,2024-07-04
POL-003903,Southern Cross Insurance,4825,Mount Isa QLD,B-F,Home,396066,None,716.53,2023-08-20,2024-08-19
POL-003904,Pacific Rim Insurance,6000,Perth WA,B-F,Home,884494,None,1571.42,2023-07-08,2024-07-07
POL-003905,Pacific Rim Insurance,4810,Townsville QLD,T-W,Home,758950,Roof Tie-Down,5877.85,2023-06-10,2024-06-09
POL-003906,Northbeam General,0810,Darwin NT,T-W,SME,764958,Roof Tie-Down,6062.48,2024-07-08,2025-07-08
POL-003907,Pacific Rim Insurance,0800,Darwin NT,T-W,Home,434646,Shutters Installed,3790.44,2024-01-27,2025-01-26
POL-003908,Coral Coast Mutual,4703,Rockhampton QLD,Q-S,Home,255194,None,1624.33,2023-05-10,2024-05-09
POL-003909,Southern Cross Insurance,4740,Mackay QLD,Q-S,Strata,5869297,Roof Tie-Down,32988.02,2024-05-27,2025-05-27
POL-003910,Southern Cross Insurance,6721,Port Hedland WA,T-W,Home,625696,None,5358.72,2023-06-04,2024-06-03
POL-003911,Northbeam General,4879,Innisfail QLD,T-W,Home,361403,None,3485.83,2024-10-20,2025-10-20
POL-003912,Southern Cross Insurance,4703,Rockhampton QLD,Q-S,Home,883544,Shutters Installed,4869.1,2024-09-10,2025-09-10
POL-003913,Southern Cross Insurance,4870,Cairns QLD,T-W,Home,860027,Roof Tie-Down,7150.32,2024-03-16,2025-03-16
POL-003914,Coral Coast Mutual,4655,Hervey Bay QLD,L-P,Home,644865,None,2825.19,2024-11-24,2025-11-24
POL-003915,Southern Cross Insurance,0850,Alice Springs NT,B-F,Home,621088,None,1223.01,2023-11-13,2024-11-12
POL-003916,Coral Coast Mutual,4737,Bowen QLD,Q-S,Home,399554,None,2455.25,2023-10-20,2024-10-19
POL-003917,Outback Assurance Group,4703,Rockhampton QLD,Q-S,Home,653775,Shutters Installed,3721.11,2024-04-24,2025-04-24
POL-003918,Coral Coast Mutual,4825,Cloncurry QLD,B-F,SME,1980600,Shutters Installed,2902.82,2025-01-21,2026-01-21
POL-003919,Coral Coast Mutual,4350,Toowoomba QLD,B-F,Home,374014,None,688.7,2025-08-25,2026-08-25
POL-003920,Outback Assurance Group,4703,Rockhampton QLD,Q-S,SME,837927,None,5904.03,2024-11-17,2025-11-17
POL-003921,Northbeam General,0850,Alice Springs NT,B-F,Home,698802,Elevated Slab,1034.95,2023-12-19,2024-12-18
POL-003922,Pacific Rim Insurance,0850,Alice Springs NT,B-F,Home,320146,None,533.05,2025-03-13,2026-03-13
POL-003923,Outback Assurance Group,4700,Rockhampton QLD,Q-S,Home,586752,None,3796.18,2023-02-26,2024-02-26
POL-003924,Southern Cross Insurance,4825,Mount Isa QLD,B-F,SME,1053806,None,1757.26,2023-03-12,2024-03-11
POL-003925,Outback Assurance Group,4655,Hervey Bay QLD,L-P,Home,713259,None,2710.52,2024-10-06,2025-10-06
POL-003926,Southern Cross Insurance,4879,Innisfail QLD,T-W,Home,408511,Shutters Installed,3099.76,2024-05-12,2025-05-12
POL-003927,Pacific Rim Insurance,4825,Cloncurry QLD,B-F,Home,394765,Roof Tie-Down,589.32,2024-10-13,2025-10-13
POL-003928,Southern Cross Insurance,6721,Port Hedland WA,T-W,Home,481389,Elevated Slab,4207.22,2023-03-27,2024-03-26
POL-003929,Northbeam General,6721,Port Hedland WA,T-W,SME,1207676,None,10375.13,2023-01-30,2024-01-30
POL-003930,Pacific Rim Insurance,4737,Bowen QLD,Q-S,SME,1430364,None,9427.15,2024-07-04,2025-07-04
POL-003931,Outback Assurance Group,0810,Darwin NT,T-W,SME,706811,None,6321.46,2023-09-23,2024-09-22
POL-003932,Northbeam General,4680,Gladstone QLD,L-P,Home,648562,None,2658.58,2023-08-02,2024-08-01
POL-003933,Pacific Rim Insurance,0850,Alice Springs NT,B-F,SME,1481521,None,2455.15,2024-11-05,2025-11-05
POL-003934,Coral Coast Mutual,4703,Rockhampton QLD,Q-S,SME,1836542,None,12104.95,2025-06-22,2026-06-22
POL-003935,Southern Cross Insurance,4703,Rockhampton QLD,Q-S,Strata,3581212,Roof Tie-Down,18196.82,2023-10-09,2024-10-08
POL-003936,Outback Assurance Group,4655,Hervey Bay QLD,L-P,SME,2195037,Roof Tie-Down,7668.46,2023-07-08,2024-07-07
POL-003937,Outback Assurance Group,4737,Bowen QLD,Q-S,SME,1946860,None,11550.13,2023-05-28,2024-05-27
POL-003938,Northbeam General,4700,Rockhampton QLD,Q-S,Strata,7795290,Shutters Installed,40662.35,2025-04-07,2026-04-07
POL-003939,Outback Assurance Group,0850,Alice Springs NT,B-F,Strata,8580894,Elevated Slab,12640.42,2025-02-08,2026-02-08
POL-003940,Pacific Rim Insurance,4810,Townsville QLD,T-W,Home,804628,Elevated Slab,6421.07,2023-10-28,2024-10-27
POL-003941,Southern Cross Insurance,4879,Innisfail QLD,T-W,Home,855821,Shutters Installed,6617.71,2024-01-12,2025-01-11
POL-003942,Pacific Rim Insurance,4870,Cairns QLD,T-W,Home,580198,None,4967.1,2024-02-28,2025-02-27
POL-003943,Southern Cross Insurance,0810,Darwin NT,T-W,Strata,8426974,Elevated Slab,68508.25,2023-12-08,2024-12-07
POL-003944,Outback Assurance Group,0810,Darwin NT,T-W,SME,2168743,Roof Tie-Down,18443.97,2025-02-07,2026-02-07
POL-003945,Southern Cross Insurance,4879,Innisfail QLD,T-W,SME,1370625,Roof Tie-Down,11598.38,2024-12-20,2025-12-20
POL-003946,Northbeam General,4810,Townsville QLD,T-W,Home,519904,None,5121.65,2023-10-03,2024-10-02
POL-003947,Coral Coast Mutual,4825,Mount Isa QLD,B-F,Home,708318,Roof Tie-Down,1163.64,2024-11-03,2025-11-03
POL-003948,Pacific Rim Insurance,4870,Cairns QLD,T-W,Home,556925,None,5706.62,2024-04-17,2025-04-17
POL-003949,Northbeam General,4870,Cairns QLD,T-W,Home,766682,Shutters Installed,6467.12,2024-04-19,2025-04-19
POL-003950,Northbeam General,4680,Gladstone QLD,L-P,Home,304462,None,1268.24,2023-07-28,2024-07-27
POL-003951,Northbeam General,4810,Townsville QLD,T-W,Home,724777,Roof Tie-Down,5917.54,2025-05-11,2026-05-11
POL-003952,Pacific Rim Insurance,4350,Toowoomba QLD,B-F,Home,413640,None,773.35,2025-08-06,2026-08-06
POL-003953,Outback Assurance Group,6000,Perth WA,B-F,Home,663880,None,1192.17,2025-02-23,2026-02-23
POL-003954,Pacific Rim Insurance,4870,Cairns QLD,T-W,Home,480382,Elevated Slab,4011.67,2025-05-19,2026-05-19
POL-003955,Northbeam General,4879,Innisfail QLD,T-W,Home,395037,Roof Tie-Down,3434.45,2025-04-25,2026-04-25
POL-003956,Coral Coast Mutual,4870,Cairns QLD,T-W,SME,2572617,None,23424.03,2025-07-29,2026-07-29
POL-003957,Northbeam General,0810,Darwin NT,T-W,Home,819520,Shutters Installed,6225.25,2025-02-09,2026-02-09
POL-003958,Pacific Rim Insurance,4879,Innisfail QLD,T-W,SME,1998137,None,17171.17,2025-03-19,2026-03-19
POL-003959,Southern Cross Insurance,4700,Rockhampton QLD,Q-S,Strata,12154443,None,77510.26,2025-01-11,2026-01-11
POL-003960,Outback Assurance Group,4703,Rockhampton QLD,Q-S,Home,515493,None,3422.13,2023-10-20,2024-10-19
POL-003961,Pacific Rim Insurance,4810,Townsville QLD,T-W,Home,638467,None,6571.57,2023-10-14,2024-10-13
POL-003962,Southern Cross Insurance,4740,Mackay QLD,Q-S,Home,524256,Roof Tie-Down,2966.98,2025-02-20,2026-02-20
POL-003963,Southern Cross Insurance,4802,Townsville QLD,T-W,Strata,12956929,Elevated Slab,114443.82,2025-06-14,2026-06-14
POL-003964,Pacific Rim Insurance,4825,Mount Isa QLD,B-F,Home,660522,Shutters Installed,931.72,2023-12-20,2024-12-19
POL-003965,Southern Cross Insurance,4740,Mackay QLD,Q-S,Home,799372,Roof Tie-Down,4623.0,2024-08-13,2025-08-13
POL-003966,Southern Cross Insurance,6721,Port Hedland WA,T-W,Home,545536,Roof Tie-Down,4018.81,2023-09-05,2024-09-04
POL-003967,Coral Coast Mutual,4680,Gladstone QLD,L-P,Home,606442,None,2330.99,2023-08-07,2024-08-06
POL-003968,Outback Assurance Group,4703,Rockhampton QLD,Q-S,Home,537771,None,3506.03,2023-08-11,2024-08-10
POL-003969,Southern Cross Insurance,6721,Port Hedland WA,T-W,Home,302364,Elevated Slab,2293.67,2024-10-01,2025-10-01
POL-003970,Southern Cross Insurance,0800,Darwin NT,T-W,Strata,7331147,None,67994.36,2024-04-03,2025-04-03
POL-003971,Pacific Rim Insurance,0850,Alice Springs NT,B-F,SME,1500015,None,2449.51,2025-09-12,2026-09-12
POL-003972,Pacific Rim Insurance,4740,Mackay QLD,Q-S,Home,357696,None,2280.75,2024-09-12,2025-09-12
POL-003973,Coral Coast Mutual,4825,Cloncurry QLD,B-F,Home,357825,Shutters Installed,540.46,2023-04-20,2024-04-19
POL-003974,Southern Cross Insurance,4720,Charters Towers QLD,L-P,Strata,10679845,Elevated Slab,41770.21,2023-04-26,2024-04-25
POL-003975,Pacific Rim Insurance,4802,Townsville QLD,T-W,Home,654100,None,6137.57,2024-08-16,2025-08-16
POL-003976,Coral Coast Mutual,4703,Rockhampton QLD,Q-S,SME,675452,Roof Tie-Down,3714.33,2023-02-12,2024-02-12
POL-003977,Coral Coast Mutual,4870,Cairns QLD,T-W,Home,467453,None,4329.72,2023-09-19,2024-09-18
POL-003978,Pacific Rim Insurance,4825,Cloncurry QLD,B-F,Home,593040,Shutters Installed,896.41,2023-06-03,2024-06-02
POL-003979,Pacific Rim Insurance,4680,Gladstone QLD,L-P,Home,509485,None,2173.43,2024-08-30,2025-08-30
POL-003980,Outback Assurance Group,4700,Rockhampton QLD,Q-S,Home,398925,Elevated Slab,2025.21,2025-07-16,2026-07-16
POL-003981,Outback Assurance Group,6714,Karratha WA,T-W,Home,596293,Roof Tie-Down,4853.03,2023-10-02,2024-10-01
POL-003982,Northbeam General,4879,Innisfail QLD,T-W,Home,468122,None,4006.27,2025-06-14,2026-06-14
POL-003983,Outback Assurance Group,4870,Cairns QLD,T-W,Home,464442,None,4110.04,2025-04-25,2026-04-25
POL-003984,Northbeam General,4700,Rockhampton QLD,Q-S,Home,871309,Elevated Slab,4871.92,2024-10-24,2025-10-24
POL-003985,Pacific Rim Insurance,6000,Perth WA,B-F,Home,314204,None,527.63,2023-05-09,2024-05-08
POL-003986,Outback Assurance Group,4680,Gladstone QLD,L-P,Strata,6002258,Elevated Slab,19304.19,2024-07-11,2025-07-11
POL-003987,Southern Cross Insurance,4703,Rockhampton QLD,Q-S,Strata,11467431,Roof Tie-Down,68728.47,2023-05-09,2024-05-08
POL-003988,Outback Assurance Group,4737,Bowen QLD,Q-S,SME,1100101,Shutters Installed,6625.24,2025-03-23,2026-03-23
POL-003989,Pacific Rim Insurance,0850,Alice Springs NT,B-F,Home,371586,None,618.14,2025-02-17,2026-02-17
POL-003990,Outback Assurance Group,6721,Port Hedland WA,T-W,Home,754083,Roof Tie-Down,6274.91,2025-08-01,2026-08-01
POL-003991,Northbeam General,4703,Rockhampton QLD,Q-S,Home,259038,None,1664.41,2023-03-26,2024-03-25
POL-003992,Coral Coast Mutual,4825,Mount Isa QLD,B-F,Home,542194,Roof Tie-Down,769.96,2023-10-30,2024-10-29
POL-003993,Outback Assurance Group,0850,Alice Springs NT,B-F,Home,304346,None,531.26,2024-11-05,2025-11-05
POL-003994,Outback Assurance Group,4737,Bowen QLD,Q-S,Strata,12385827,Roof Tie-Down,73005.92,2025-03-13,2026-03-13
POL-003995,Pacific Rim Insurance,0800,Darwin NT,T-W,SME,2391190,None,20936.88,2024-01-09,2025-01-08
POL-003996,Pacific Rim Insurance,4879,Innisfail QLD,T-W,Home,727373,Elevated Slab,5763.96,2023-02-11,2024-02-11
POL-003997,Coral Coast Mutual,4810,Townsville QLD,T-W,SME,1383684,Elevated Slab,10491.17,2025-03-08,2026-03-08
POL-003998,Coral Coast Mutual,4870,Cairns QLD,T-W,Home,409739,None,3628.98,2025-04-23,2026-04-23
POL-003999,Outback Assurance Group,0810,Darwin NT,T-W,Strata,13956223,Elevated Slab,109643.09,2025-03-10,2026-03-10
POL-004000,Southern Cross Insurance,4810,Townsville QLD,T-W,Home,383362,None,3887.98,2024-08-16,2025-08-16
POL-004001,Coral Coast Mutual,6000,Perth WA,B-F,Home,263930,None,471.15,2024-01-06,2025-01-05
POL-004002,Pacific Rim Insurance,0850,Alice Springs NT,B-F,SME,878224,Elevated Slab,1299.23,2025-03-18,2026-03-18
POL-004003,Southern Cross Insurance,0800,Darwin NT,T-W,Home,288946,None,2879.61,2023-04-09,2024-04-08
POL-004004,Pacific Rim Insurance,4825,Mount Isa QLD,B-F,Home,408746,None,723.83,2023-02-01,2024-02-01
POL-004005,Coral Coast Mutual,4740,Mackay QLD,Q-S,Home,849597,Shutters Installed,4898.46,2024-11-16,2025-11-16
POL-004006,Northbeam General,4737,Bowen QLD,Q-S,Strata,11333259,None,79832.25,2023-07-28,2024-07-27
POL-004007,Southern Cross Insurance,6714,Karratha WA,T-W,Home,467072,None,4311.31,2025-07-04,2026-07-04
POL-004008,Coral Coast Mutual,4810,Townsville QLD,T-W,Home,672491,Shutters Installed,5399.95,2023-04-04,2024-04-03
POL-004009,Outback Assurance Group,4655,Hervey Bay QLD,L-P,Home,779905,None,3553.46,2024-10-10,2025-10-10
POL-004010,Southern Cross Insurance,6721,Port Hedland WA,T-W,SME,1053331,Shutters Installed,7694.12,2023-08-01,2024-07-31
POL-004011,Pacific Rim Insurance,0850,Alice Springs NT,B-F,SME,2109884,None,3739.52,2023-05-30,2024-05-29
POL-004012,Northbeam General,0810,Darwin NT,T-W,Home,526687,None,5362.09,2024-08-29,2025-08-29
POL-004013,Northbeam General,0850,Alice Springs NT,B-F,SME,565245,Shutters Installed,918.59,2024-12-06,2025-12-06
POL-004014,Outback Assurance Group,4870,Cairns QLD,T-W,Home,340555,None,3108.58,2025-02-03,2026-02-03
POL-004015,Northbeam General,4870,Cairns QLD,T-W,Home,836655,None,8370.58,2023-10-14,2024-10-13
POL-004016,Northbeam General,0810,Darwin NT,T-W,Home,462775,Roof Tie-Down,3908.53,2025-06-19,2026-06-19
POL-004017,Northbeam General,4350,Toowoomba QLD,B-F,Home,477614,Elevated Slab,713.41,2024-12-30,2025-12-30
POL-004018,Pacific Rim Insurance,4870,Cairns QLD,T-W,Home,289548,Roof Tie-Down,2379.87,2024-06-22,2025-06-22
POL-004019,Coral Coast Mutual,4802,Townsville QLD,T-W,Home,796351,None,6981.23,2023-01-04,2024-01-04
POL-004020,Coral Coast Mutual,4825,Cloncurry QLD,B-F,Strata,12799446,Roof Tie-Down,21472.52,2023-08-25,2024-08-24
POL-004021,Southern Cross Insurance,6000,Perth WA,B-F,Home,879288,None,1663.75,2024-10-01,2025-10-01
POL-004022,Outback Assurance Group,4810,Townsville QLD,T-W,SME,1501055,Roof Tie-Down,12621.08,2024-10-10,2025-10-10
POL-004023,Southern Cross Insurance,4879,Innisfail QLD,T-W,Home,687763,Shutters Installed,5435.85,2024-06-30,2025-06-30
POL-004024,Pacific Rim Insurance,4720,Charters Towers QLD,L-P,SME,975061,Roof Tie-Down,3602.37,2024-03-15,2025-03-15
POL-004025,Coral Coast Mutual,4825,Mount Isa QLD,B-F,Home,849867,None,1469.52,2024-04-14,2025-04-14
POL-004026,Southern Cross Insurance,4737,Bowen QLD,Q-S,SME,1323954,None,7871.89,2025-04-28,2026-04-28
POL-004027,Northbeam General,4740,Mackay QLD,Q-S,Strata,5558295,None,37388.68,2025-01-29,2026-01-29
POL-004028,Pacific Rim Insurance,4870,Cairns QLD,T-W,SME,1250617,Elevated Slab,10310.12,2024-09-25,2025-09-25
POL-004029,Coral Coast Mutual,6721,Port Hedland WA,T-W,Strata,11806778,Roof Tie-Down,104634.13,2025-02-03,2026-02-03
POL-004030,Coral Coast Mutual,0810,Darwin NT,T-W,SME,2389655,None,24965.98,2025-01-21,2026-01-21
POL-004031,Southern Cross Insurance,4870,Cairns QLD,T-W,SME,2437684,Roof Tie-Down,19397.46,2024-12-07,2025-12-07
POL-004032,Northbeam General,4720,Charters Towers QLD,L-P,Home,381350,Elevated Slab,1404.5,2024-07-09,2025-07-09
POL-004033,Coral Coast Mutual,4879,Innisfail QLD,T-W,Strata,10824221,Elevated Slab,94503.83,2024-11-13,2025-11-13
POL-004034,Northbeam General,4870,Cairns QLD,T-W,Home,419308,None,3951.47,2024-02-16,2025-02-15
POL-004035,Pacific Rim Insurance,4802,Townsville QLD,T-W,Home,706110,Elevated Slab,5637.81,2025-04-30,2026-04-30
POL-004036,Outback Assurance Group,4870,Cairns QLD,T-W,Home,719286,None,7029.44,2023-03-29,2024-03-28
POL-004037,Pacific Rim Insurance,6714,Karratha WA,T-W,Home,881480,None,8668.79,2025-01-01,2026-01-01
POL-004038,Pacific Rim Insurance,4810,Townsville QLD,T-W,Home,862087,Shutters Installed,6601.92,2023-11-22,2024-11-21
POL-004039,Outback Assurance Group,4825,Cloncurry QLD,B-F,Home,749773,Shutters Installed,1142.63,2023-06-05,2024-06-04
POL-004040,Northbeam General,6714,Karratha WA,T-W,Strata,8378394,None,76353.42,2024-07-16,2025-07-16
POL-004041,Southern Cross Insurance,4825,Cloncurry QLD,B-F,Home,275833,None,478.34,2025-08-04,2026-08-04
POL-004042,Pacific Rim Insurance,6721,Port Hedland WA,T-W,Home,656356,Elevated Slab,5119.51,2024-07-18,2025-07-18
POL-004043,Coral Coast Mutual,4703,Rockhampton QLD,Q-S,Home,395830,None,2619.33,2025-08-29,2026-08-29
POL-004044,Southern Cross Insurance,4655,Hervey Bay QLD,L-P,Home,808761,Roof Tie-Down,2853.44,2024-10-25,2025-10-25
POL-004045,Pacific Rim Insurance,6721,Port Hedland WA,T-W,Home,628599,Roof Tie-Down,5353.96,2023-01-05,2024-01-05
POL-004046,Pacific Rim Insurance,4700,Rockhampton QLD,Q-S,Home,439736,None,2871.35,2024-04-02,2025-04-02
POL-004047,Southern Cross Insurance,0850,Alice Springs NT,B-F,Home,302208,None,557.73,2024-10-19,2025-10-19
POL-004048,Coral Coast Mutual,0810,Darwin NT,T-W,Home,356614,Roof Tie-Down,3012.75,2023-06-03,2024-06-02
POL-004049,Pacific Rim Insurance,4870,Cairns QLD,T-W,Home,287883,None,2731.28,2023-06-25,2024-06-24
POL-004050,Northbeam General,4870,Cairns QLD,T-W,Home,611370,None,5400.57,2023-07-05,2024-07-04
POL-004051,Pacific Rim Insurance,4350,Toowoomba QLD,B-F,SME,1284245,Elevated Slab,2090.98,2024-10-11,2025-10-11
POL-004052,Northbeam General,4870,Cairns QLD,T-W,Home,264302,None,2652.71,2024-05-25,2025-05-25
POL-004053,Outback Assurance Group,4870,Cairns QLD,T-W,Strata,4898449,None,50301.82,2024-10-28,2025-10-28
POL-004054,Coral Coast Mutual,0810,Darwin NT,T-W,Home,723151,None,6682.36,2024-04-25,2025-04-25
POL-004055,Coral Coast Mutual,4870,Cairns QLD,T-W,SME,785966,Shutters Installed,6736.06,2025-02-19,2026-02-19
POL-004056,Outback Assurance Group,6721,Port Hedland WA,T-W,Home,876588,None,8106.87,2024-02-22,2025-02-21
POL-004057,Coral Coast Mutual,6000,Perth WA,B-F,Home,766892,Elevated Slab,1241.16,2024-01-06,2025-01-05
POL-004058,Outback Assurance Group,6000,Perth WA,B-F,Strata,7541621,Shutters Installed,12056.89,2023-10-15,2024-10-14
POL-004059,Pacific Rim Insurance,4879,Innisfail QLD,T-W,SME,2156713,None,19890.24,2025-06-13,2026-06-13
POL-004060,Pacific Rim Insurance,4703,Rockhampton QLD,Q-S,SME,2525155,None,15423.11,2023-10-31,2024-10-30
POL-004061,Northbeam General,4350,Toowoomba QLD,B-F,SME,2694421,None,5281.31,2024-10-07,2025-10-07
POL-004062,Coral Coast Mutual,4879,Innisfail QLD,T-W,SME,2042644,Shutters Installed,17582.55,2024-06-14,2025-06-14
POL-004063,Outback Assurance Group,4350,Toowoomba QLD,B-F,Home,733103,None,1312.4,2024-06-21,2025-06-21
POL-004064,Outback Assurance Group,4870,Cairns QLD,T-W,Strata,6877601,None,61988.07,2025-03-02,2026-03-02
POL-004065,Outback Assurance Group,4810,Townsville QLD,T-W,Home,514054,None,4688.92,2025-06-11,2026-06-11
POL-004066,Coral Coast Mutual,4810,Townsville QLD,T-W,SME,532849,None,4916.31,2025-02-20,2026-02-20
POL-004067,Coral Coast Mutual,6714,Karratha WA,T-W,SME,533718,Elevated Slab,4392.42,2024-06-28,2025-06-28
POL-004068,Coral Coast Mutual,4655,Hervey Bay QLD,L-P,Home,258588,None,988.57,2023-07-21,2024-07-20
POL-004069,Outback Assurance Group,4700,Rockhampton QLD,Q-S,Strata,14725304,None,89897.93,2023-02-16,2024-02-16
POL-004070,Coral Coast Mutual,4737,Bowen QLD,Q-S,Home,398770,None,2770.61,2024-08-27,2025-08-27
POL-004071,Southern Cross Insurance,6000,Perth WA,B-F,Home,255019,None,435.32,2025-08-05,2026-08-05
POL-004072,Northbeam General,4825,Mount Isa QLD,B-F,Home,618222,Shutters Installed,872.09,2023-02-09,2024-02-09
POL-004073,Coral Coast Mutual,4870,Cairns QLD,T-W,Home,443977,Shutters Installed,3914.53,2023-04-07,2024-04-06
POL-004074,Coral Coast Mutual,4703,Rockhampton QLD,Q-S,Home,396034,None,2784.72,2024-09-02,2025-09-02
POL-004075,Southern Cross Insurance,4350,Toowoomba QLD,B-F,SME,1786686,None,3015.41,2025-03-27,2026-03-27
POL-004076,Northbeam General,0800,Darwin NT,T-W,Home,854089,None,7349.83,2025-06-08,2026-06-08
POL-004077,Outback Assurance Group,4655,Hervey Bay QLD,L-P,Home,527025,None,2058.11,2024-03-20,2025-03-20
POL-004078,Northbeam General,4700,Rockhampton QLD,Q-S,SME,614381,Shutters Installed,3410.46,2024-05-22,2025-05-22
POL-004079,Southern Cross Insurance,4720,Charters Towers QLD,L-P,Home,617103,None,2513.33,2023-12-17,2024-12-16
POL-004080,Southern Cross Insurance,6000,Perth WA,B-F,Home,292968,Elevated Slab,474.97,2025-04-23,2026-04-23
POL-004081,Coral Coast Mutual,4802,Townsville QLD,T-W,Home,749789,Roof Tie-Down,6255.03,2025-08-03,2026-08-03
POL-004082,Southern Cross Insurance,4680,Gladstone QLD,L-P,SME,1322409,Shutters Installed,4899.11,2024-12-16,2025-12-16
POL-004083,Northbeam General,4879,Innisfail QLD,T-W,Home,362882,Roof Tie-Down,2880.89,2023-07-24,2024-07-23
POL-004084,Coral Coast Mutual,4737,Bowen QLD,Q-S,Home,397217,Roof Tie-Down,2346.43,2024-11-14,2025-11-14
POL-004085,Southern Cross Insurance,0850,Alice Springs NT,B-F,Home,424887,Elevated Slab,684.02,2023-09-21,2024-09-20
POL-004086,Outback Assurance Group,4700,Rockhampton QLD,Q-S,SME,1480195,Roof Tie-Down,8220.14,2024-06-07,2025-06-07
POL-004087,Southern Cross Insurance,4655,Hervey Bay QLD,L-P,Home,312086,None,1290.81,2023-08-28,2024-08-27
POL-004088,Coral Coast Mutual,4810,Townsville QLD,T-W,SME,1385121,Shutters Installed,12130.97,2024-09-04,2025-09-04
POL-004089,Coral Coast Mutual,4825,Mount Isa QLD,B-F,Home,312197,None,540.69,2023-02-03,2024-02-03
POL-004090,Outback Assurance Group,4810,Townsville QLD,T-W,SME,924467,None,9510.29,2024-12-21,2025-12-21
POL-004091,Coral Coast Mutual,4737,Bowen QLD,Q-S,Home,431658,None,3059.57,2023-08-09,2024-08-08
POL-004092,Coral Coast Mutual,4350,Toowoomba QLD,B-F,SME,2732257,None,4948.15,2023-02-09,2024-02-09
POL-004093,Northbeam General,4720,Charters Towers QLD,L-P,Home,555924,None,2405.03,2023-02-28,2024-02-28
POL-004094,Northbeam General,4680,Gladstone QLD,L-P,Home,562244,Shutters Installed,1953.53,2025-05-29,2026-05-29
POL-004095,Outback Assurance Group,4825,Cloncurry QLD,B-F,Home,362267,None,619.0,2023-05-16,2024-05-15
POL-004096,Southern Cross Insurance,4680,Gladstone QLD,L-P,SME,2356887,Elevated Slab,7883.67,2024-09-16,2025-09-16
POL-004097,Coral Coast Mutual,0800,Darwin NT,T-W,SME,501849,Shutters Installed,4253.83,2024-10-05,2025-10-05
POL-004098,Outback Assurance Group,4703,Rockhampton QLD,Q-S,SME,1251960,None,8376.82,2023-09-12,2024-09-11
POL-004099,Northbeam General,4810,Townsville QLD,T-W,Home,338663,None,3466.06,2024-12-03,2025-12-03
POL-004100,Northbeam General,4802,Townsville QLD,T-W,Home,362410,Roof Tie-Down,2821.51,2024-02-22,2025-02-21
POL-004101,Coral Coast Mutual,4802,Townsville QLD,T-W,Home,740418,None,7181.62,2024-02-04,2025-02-03
POL-004102,Outback Assurance Group,4825,Mount Isa QLD,B-F,Strata,4713273,Shutters Installed,7224.63,2025-05-12,2026-05-12
POL-004103,Northbeam General,0810,Darwin NT,T-W,SME,624710,Roof Tie-Down,5277.75,2024-05-15,2025-05-15
POL-004104,Southern Cross Insurance,4810,Townsville QLD,T-W,Home,826659,Roof Tie-Down,6336.42,2024-08-03,2025-08-03
POL-004105,Southern Cross Insurance,6714,Karratha WA,T-W,Home,706287,None,7082.81,2023-04-27,2024-04-26
POL-004106,Coral Coast Mutual,4680,Gladstone QLD,L-P,Home,723139,None,3029.48,2024-03-28,2025-03-28
POL-004107,Southern Cross Insurance,4680,Gladstone QLD,L-P,SME,739634,None,3027.66,2023-07-21,2024-07-20
POL-004108,Outback Assurance Group,6000,Perth WA,B-F,Home,436207,Roof Tie-Down,601.44,2025-03-05,2026-03-05
POL-004109,Coral Coast Mutual,4720,Charters Towers QLD,L-P,Home,892690,None,3400.02,2023-08-07,2024-08-06
POL-004110,Outback Assurance Group,4680,Gladstone QLD,L-P,SME,1726274,Roof Tie-Down,6166.49,2024-04-08,2025-04-08
POL-004111,Northbeam General,4740,Mackay QLD,Q-S,Home,535423,None,3138.15,2025-03-10,2026-03-10
POL-004112,Pacific Rim Insurance,6000,Perth WA,B-F,Home,614889,None,1062.0,2023-03-12,2024-03-11
POL-004113,Northbeam General,0810,Darwin NT,T-W,Home,779518,Elevated Slab,5786.33,2023-03-19,2024-03-18
POL-004114,Coral Coast Mutual,4825,Cloncurry QLD,B-F,SME,700609,Elevated Slab,975.13,2025-02-07,2026-02-07
POL-004115,Northbeam General,0800,Darwin NT,T-W,Home,313026,Shutters Installed,2325.75,2023-11-14,2024-11-13
POL-004116,Northbeam General,0810,Darwin NT,T-W,Home,823471,Shutters Installed,6209.41,2025-03-26,2026-03-26
POL-004117,Outback Assurance Group,4700,Rockhampton QLD,Q-S,Home,456555,None,3077.49,2023-03-20,2024-03-19
POL-004118,Southern Cross Insurance,4720,Charters Towers QLD,L-P,Home,681043,None,2701.49,2025-05-11,2026-05-11
POL-004119,Outback Assurance Group,4350,Toowoomba QLD,B-F,Home,340128,None,630.42,2024-12-19,2025-12-19
POL-004120,Coral Coast Mutual,4350,Toowoomba QLD,B-F,SME,2353944,None,4448.18,2024-08-29,2025-08-29
POL-004121,Southern Cross Insurance,0850,Alice Springs NT,B-F,Home,294817,Roof Tie-Down,408.05,2023-05-13,2024-05-12
POL-004122,Southern Cross Insurance,6000,Perth WA,B-F,SME,611200,Roof Tie-Down,1022.39,2025-07-24,2026-07-24
POL-004123,Southern Cross Insurance,4737,Bowen QLD,Q-S,Home,837861,Shutters Installed,4504.36,2025-03-24,2026-03-24
POL-004124,Pacific Rim Insurance,4825,Cloncurry QLD,B-F,SME,1156247,Shutters Installed,1668.82,2023-01-07,2024-01-07
POL-004125,Coral Coast Mutual,4680,Gladstone QLD,L-P,Home,862516,Roof Tie-Down,3235.28,2024-09-29,2025-09-29
POL-004126,Pacific Rim Insurance,6721,Port Hedland WA,T-W,Home,690732,None,6700.42,2023-05-26,2024-05-25
POL-004127,Outback Assurance Group,4655,Hervey Bay QLD,L-P,Home,370464,Elevated Slab,1349.02,2024-04-09,2025-04-09
POL-004128,Pacific Rim Insurance,0850,Alice Springs NT,B-F,Home,371979,Elevated Slab,590.54,2024-11-22,2025-11-22
POL-004129,Outback Assurance Group,4720,Charters Towers QLD,L-P,Home,696333,Roof Tie-Down,2356.9,2023-12-29,2024-12-28
POL-004130,Pacific Rim Insurance,0800,Darwin NT,T-W,Home,650223,Elevated Slab,5695.45,2024-03-27,2025-03-27
POL-004131,Northbeam General,4350,Toowoomba QLD,B-F,Strata,10294972,Elevated Slab,14829.77,2023-04-11,2024-04-10
POL-004132,Northbeam General,4825,Cloncurry QLD,B-F,SME,1601649,None,3069.3,2023-02-17,2024-02-17
POL-004133,Southern Cross Insurance,0810,Darwin NT,T-W,Home,552713,None,5426.38,2025-09-11,2026-09-11
POL-004134,Northbeam General,6721,Port Hedland WA,T-W,Home,649783,Elevated Slab,4906.9,2024-03-10,2025-03-10
POL-004135,Outback Assurance Group,4703,Rockhampton QLD,Q-S,Home,365815,None,2174.08,2024-04-13,2025-04-13
POL-004136,Pacific Rim Insurance,0800,Darwin NT,T-W,SME,828935,Roof Tie-Down,6525.76,2023-10-30,2024-10-29
POL-004137,Outback Assurance Group,4350,Toowoomba QLD,B-F,Home,807700,Elevated Slab,1294.39,2023-08-01,2024-07-31
POL-004138,Pacific Rim Insurance,6000,Perth WA,B-F,Home,657160,None,1138.69,2024-07-05,2025-07-05
POL-004139,Pacific Rim Insurance,4655,Hervey Bay QLD,L-P,Home,272908,None,1081.21,2024-07-18,2025-07-18
POL-004140,Northbeam General,4350,Toowoomba QLD,B-F,Home,480570,Shutters Installed,733.28,2024-09-09,2025-09-09
POL-004141,Northbeam General,4655,Hervey Bay QLD,L-P,SME,730334,None,3230.29,2024-08-13,2025-08-13
POL-004142,Northbeam General,0810,Darwin NT,T-W,SME,2890825,None,25340.59,2024-10-21,2025-10-21
POL-004143,Southern Cross Insurance,0850,Alice Springs NT,B-F,Strata,12037978,Elevated Slab,17397.94,2023-03-07,2024-03-06
POL-004144,Pacific Rim Insurance,6000,Perth WA,B-F,Home,402204,None,735.41,2023-03-25,2024-03-24
POL-004145,Northbeam General,4737,Bowen QLD,Q-S,Home,544404,None,3524.34,2024-06-15,2025-06-15
POL-004146,Outback Assurance Group,4870,Cairns QLD,T-W,Home,861727,Roof Tie-Down,7337.93,2025-08-26,2026-08-26
POL-004147,Pacific Rim Insurance,4740,Mackay QLD,Q-S,SME,2279885,None,14895.78,2025-01-16,2026-01-16
POL-004148,Pacific Rim Insurance,6000,Perth WA,B-F,SME,1594787,None,2917.49,2024-04-04,2025-04-04
POL-004149,Southern Cross Insurance,4810,Townsville QLD,T-W,Home,391370,Roof Tie-Down,2911.57,2023-05-08,2024-05-07
POL-004150,Pacific Rim Insurance,6000,Perth WA,B-F,Home,602061,Elevated Slab,1011.03,2023-12-31,2024-12-30
POL-004151,Southern Cross Insurance,0800,Darwin NT,T-W,Home,356960,None,3726.77,2025-07-01,2026-07-01
POL-004152,Southern Cross Insurance,4879,Innisfail QLD,T-W,Home,578605,Shutters Installed,4584.75,2023-09-07,2024-09-06
POL-004153,Coral Coast Mutual,4879,Innisfail QLD,T-W,Home,875347,Roof Tie-Down,7013.29,2025-09-05,2026-09-05
POL-004154,Coral Coast Mutual,4680,Gladstone QLD,L-P,Home,684548,Roof Tie-Down,2249.97,2024-09-03,2025-09-03
POL-004155,Pacific Rim Insurance,4810,Townsville QLD,T-W,Home,837783,None,7970.27,2023-04-01,2024-03-31
POL-004156,Pacific Rim Insurance,4703,Rockhampton QLD,Q-S,Home,868636,None,5813.56,2025-06-27,2026-06-27
POL-004157,Northbeam General,4740,Mackay QLD,Q-S,Home,424786,None,2870.28,2023-04-27,2024-04-26
POL-004158,Northbeam General,4870,Cairns QLD,T-W,Home,767736,Elevated Slab,6011.08,2025-03-25,2026-03-25
POL-004159,Northbeam General,0800,Darwin NT,T-W,Home,453916,None,4244.58,2023-05-04,2024-05-03
POL-004160,Southern Cross Insurance,4825,Mount Isa QLD,B-F,Home,595424,None,1021.98,2023-02-07,2024-02-07
POL-004161,Pacific Rim Insurance,6721,Port Hedland WA,T-W,SME,1417842,None,13405.44,2023-06-17,2024-06-16
POL-004162,Outback Assurance Group,4680,Gladstone QLD,L-P,SME,1796318,Elevated Slab,6417.37,2023-12-16,2024-12-15
POL-004163,Northbeam General,4350,Toowoomba QLD,B-F,SME,2699144,None,5109.65,2023-05-07,2024-05-06
POL-004164,Northbeam General,0850,Alice Springs NT,B-F,SME,1313633,None,2413.61,2023-06-07,2024-06-06
POL-004165,Southern Cross Insurance,6714,Karratha WA,T-W,SME,843930,None,7917.83,2023-10-06,2024-10-05
POL-004166,Coral Coast Mutual,4810,Townsville QLD,T-W,SME,2738959,Roof Tie-Down,23800.58,2023-03-10,2024-03-09
POL-004167,Northbeam General,0850,Alice Springs NT,B-F,SME,845828,None,1619.59,2023-07-06,2024-07-05
POL-004168,Pacific Rim Insurance,4655,Hervey Bay QLD,L-P,SME,2673312,Roof Tie-Down,9343.62,2024-08-08,2025-08-08
POL-004169,Coral Coast Mutual,6000,Perth WA,B-F,Home,468008,Roof Tie-Down,748.04,2024-07-22,2025-07-22
POL-004170,Northbeam General,6714,Karratha WA,T-W,Home,478199,Shutters Installed,4074.59,2024-09-09,2025-09-09
POL-004171,Coral Coast Mutual,4870,Cairns QLD,T-W,SME,2907421,None,27067.77,2024-11-08,2025-11-08
POL-004172,Pacific Rim Insurance,4810,Townsville QLD,T-W,Home,570711,None,5272.51,2025-03-18,2026-03-18
POL-004173,Pacific Rim Insurance,4825,Cloncurry QLD,B-F,Home,283670,None,516.98,2025-02-06,2026-02-06
POL-004174,Northbeam General,4810,Townsville QLD,T-W,SME,2333164,None,22091.71,2025-03-06,2026-03-06
POL-004175,Southern Cross Insurance,6714,Karratha WA,T-W,SME,789850,None,7381.32,2024-06-04,2025-06-04
POL-004176,Outback Assurance Group,4825,Mount Isa QLD,B-F,SME,2373288,Shutters Installed,3407.53,2024-03-15,2025-03-15
POL-004177,Coral Coast Mutual,4870,Cairns QLD,T-W,Home,752081,Roof Tie-Down,6263.58,2024-12-24,2025-12-24
POL-004178,Northbeam General,4870,Cairns QLD,T-W,SME,956181,Roof Tie-Down,7953.5,2024-10-23,2025-10-23
POL-004179,Outback Assurance Group,6000,Perth WA,B-F,Home,490683,None,938.12,2023-03-04,2024-03-03
POL-004180,Southern Cross Insurance,4350,Toowoomba QLD,B-F,Home,577859,Shutters Installed,850.27,2023-01-15,2024-01-15
POL-004181,Pacific Rim Insurance,4825,Cloncurry QLD,B-F,Home,554285,None,951.51,2023-10-31,2024-10-30
POL-004182,Northbeam General,6000,Perth WA,B-F,Home,282314,None,473.34,2023-10-14,2024-10-13
POL-004183,Southern Cross Insurance,4680,Gladstone QLD,L-P,Home,710553,None,2931.41,2024-12-19,2025-12-19
POL-004184,Coral Coast Mutual,0800,Darwin NT,T-W,SME,673156,None,7008.74,2024-03-02,2025-03-02
POL-004185,Northbeam General,4870,Cairns QLD,T-W,Home,358055,None,3271.54,2023-12-26,2024-12-25
POL-004186,Coral Coast Mutual,4810,Townsville QLD,T-W,Home,451872,None,4264.84,2023-11-24,2024-11-23
POL-004187,Southern Cross Insurance,0810,Darwin NT,T-W,Home,347872,Shutters Installed,2912.65,2024-09-30,2025-09-30
POL-004188,Southern Cross Insurance,4720,Charters Towers QLD,L-P,Strata,3276633,Roof Tie-Down,12089.21,2025-04-21,2026-04-21
POL-004189,Pacific Rim Insurance,4870,Cairns QLD,T-W,Home,585046,Shutters Installed,4834.32,2023-07-05,2024-07-04
POL-004190,Outback Assurance Group,4802,Townsville QLD,T-W,Strata,4927616,Roof Tie-Down,37736.21,2024-01-27,2025-01-26
POL-004191,Northbeam General,4879,Innisfail QLD,T-W,Home,693994,None,6724.73,2025-03-04,2026-03-04
POL-004192,Southern Cross Insurance,4802,Townsville QLD,T-W,Home,652363,Shutters Installed,4839.31,2023-09-14,2024-09-13
POL-004193,Pacific Rim Insurance,4825,Mount Isa QLD,B-F,Home,451195,None,829.83,2023-01-17,2024-01-17
POL-004194,Northbeam General,4350,Toowoomba QLD,B-F,SME,1576261,Shutters Installed,2485.82,2025-05-29,2026-05-29
POL-004195,Coral Coast Mutual,6721,Port Hedland WA,T-W,Home,436305,Elevated Slab,3531.89,2023-07-12,2024-07-11
POL-004196,Northbeam General,4879,Innisfail QLD,T-W,Home,792525,None,7587.41,2023-08-24,2024-08-23
POL-004197,Pacific Rim Insurance,6000,Perth WA,B-F,Home,802400,Elevated Slab,1198.51,2025-07-13,2026-07-13
POL-004198,Coral Coast Mutual,6000,Perth WA,B-F,SME,1918217,None,3668.2,2023-06-29,2024-06-28
POL-004199,Southern Cross Insurance,4350,Toowoomba QLD,B-F,SME,960152,Roof Tie-Down,1485.04,2023-12-18,2024-12-17
POL-004200,Northbeam General,4737,Bowen QLD,Q-S,Home,272763,Shutters Installed,1530.41,2023-12-22,2024-12-21
POL-004201,Outback Assurance Group,4825,Cloncurry QLD,B-F,Home,641347,None,1179.54,2025-06-19,2026-06-19
POL-004202,Coral Coast Mutual,4870,Cairns QLD,T-W,Home,884440,Elevated Slab,7675.53,2024-03-08,2025-03-08
POL-004203,Coral Coast Mutual,6714,Karratha WA,T-W,Home,743170,None,6925.77,2023-02-15,2024-02-15
POL-004204,Pacific Rim Insurance,4737,Bowen QLD,Q-S,Home,461192,None,2700.69,2025-02-19,2026-02-19
POL-004205,Coral Coast Mutual,4802,Townsville QLD,T-W,Home,783367,Roof Tie-Down,6894.42,2023-08-06,2024-08-05
POL-004206,Outback Assurance Group,6721,Port Hedland WA,T-W,SME,2085964,None,20478.38,2024-06-12,2025-06-12
POL-004207,Outback Assurance Group,4879,Innisfail QLD,T-W,Home,857535,None,7752.64,2023-01-17,2024-01-17
POL-004208,Outback Assurance Group,0800,Darwin NT,T-W,Home,273329,None,2789.91,2025-06-06,2026-06-06
POL-004209,Southern Cross Insurance,4802,Townsville QLD,T-W,Home,711703,None,7313.14,2023-03-24,2024-03-23
POL-004210,Outback Assurance Group,4703,Rockhampton QLD,Q-S,SME,2279177,Shutters Installed,11591.68,2024-02-06,2025-02-05
POL-004211,Pacific Rim Insurance,4680,Gladstone QLD,L-P,Home,250054,None,1082.28,2023-03-20,2024-03-19
POL-004212,Coral Coast Mutual,4720,Charters Towers QLD,L-P,Home,350581,Roof Tie-Down,1222.63,2024-11-09,2025-11-09
POL-004213,Northbeam General,6000,Perth WA,B-F,Home,439479,None,744.3,2024-12-11,2025-12-11
POL-004214,Southern Cross Insurance,4680,Gladstone QLD,L-P,Home,706064,None,3010.24,2023-12-02,2024-12-01
POL-004215,Pacific Rim Insurance,6000,Perth WA,B-F,Home,601402,None,1143.48,2024-02-23,2025-02-22
POL-004216,Coral Coast Mutual,4350,Toowoomba QLD,B-F,Home,392306,Shutters Installed,639.22,2025-02-06,2026-02-06
POL-004217,Pacific Rim Insurance,4700,Rockhampton QLD,Q-S,SME,2378154,Elevated Slab,14010.28,2024-07-03,2025-07-03
POL-004218,Northbeam General,4700,Rockhampton QLD,Q-S,SME,921652,None,5751.9,2023-02-04,2024-02-04
POL-004219,Outback Assurance Group,6714,Karratha WA,T-W,Home,502410,None,4810.04,2025-06-11,2026-06-11
POL-004220,Southern Cross Insurance,4879,Innisfail QLD,T-W,SME,1661875,None,15832.53,2025-03-19,2026-03-19
POL-004221,Outback Assurance Group,4879,Innisfail QLD,T-W,SME,1605955,Shutters Installed,13157.34,2025-02-15,2026-02-15
POL-004222,Northbeam General,4825,Cloncurry QLD,B-F,SME,1221506,None,2120.91,2023-12-26,2024-12-25
POL-004223,Outback Assurance Group,4870,Cairns QLD,T-W,SME,733306,Roof Tie-Down,6336.13,2023-05-25,2024-05-24
POL-004224,Northbeam General,4825,Cloncurry QLD,B-F,Home,338142,None,665.48,2024-09-17,2025-09-17
POL-004225,Outback Assurance Group,4870,Cairns QLD,T-W,SME,2512734,None,25588.03,2023-05-31,2024-05-30
POL-004226,Outback Assurance Group,4737,Bowen QLD,Q-S,Home,747914,Elevated Slab,3759.31,2023-08-10,2024-08-09
POL-004227,Coral Coast Mutual,6714,Karratha WA,T-W,Home,453741,Roof Tie-Down,3845.22,2023-08-09,2024-08-08
POL-004228,Pacific Rim Insurance,6721,Port Hedland WA,T-W,SME,2896170,Shutters Installed,22255.43,2024-06-04,2025-06-04
POL-004229,Northbeam General,4655,Hervey Bay QLD,L-P,SME,1375717,None,5321.49,2023-03-15,2024-03-14
POL-004230,Southern Cross Insurance,4703,Rockhampton QLD,Q-S,Home,692162,Elevated Slab,3509.68,2025-01-01,2026-01-01
POL-004231,Coral Coast Mutual,4737,Bowen QLD,Q-S,SME,2272759,None,14186.31,2025-06-06,2026-06-06
POL-004232,Northbeam General,4737,Bowen QLD,Q-S,Home,683561,Elevated Slab,4071.4,2024-02-02,2025-02-01
POL-004233,Pacific Rim Insurance,4655,Hervey Bay QLD,L-P,Home,293138,Shutters Installed,1048.48,2025-07-12,2026-07-12
POL-004234,Coral Coast Mutual,4810,Townsville QLD,T-W,Home,769879,None,7995.78,2025-05-29,2026-05-29
POL-004235,Pacific Rim Insurance,4810,Townsville QLD,T-W,Home,501057,Shutters Installed,4402.85,2025-05-09,2026-05-09
POL-004236,Coral Coast Mutual,6714,Karratha WA,T-W,Home,449500,Elevated Slab,3590.6,2024-04-15,2025-04-15
POL-004237,Pacific Rim Insurance,4870,Cairns QLD,T-W,Strata,9989280,None,92796.99,2024-03-05,2025-03-05
POL-004238,Outback Assurance Group,0850,Alice Springs NT,B-F,Home,407598,Shutters Installed,564.07,2025-06-06,2026-06-06
POL-004239,Coral Coast Mutual,4879,Innisfail QLD,T-W,Home,875761,Roof Tie-Down,6994.2,2023-07-24,2024-07-23
POL-004240,Southern Cross Insurance,4825,Mount Isa QLD,B-F,Home,467786,None,867.57,2023-08-01,2024-07-31
POL-004241,Southern Cross Insurance,4810,Townsville QLD,T-W,Home,298770,None,2878.61,2023-10-12,2024-10-11
POL-004242,Coral Coast Mutual,4879,Innisfail QLD,T-W,Home,780831,Elevated Slab,5863.86,2025-02-01,2026-02-01
POL-004243,Coral Coast Mutual,6000,Perth WA,B-F,Home,599733,None,1112.92,2024-03-08,2025-03-08
POL-004244,Outback Assurance Group,4350,Toowoomba QLD,B-F,Home,460013,Roof Tie-Down,755.19,2023-05-14,2024-05-13
POL-004245,Southern Cross Insurance,4879,Innisfail QLD,T-W,Strata,13259305,None,132581.3,2025-06-01,2026-06-01
POL-004246,Southern Cross Insurance,6000,Perth WA,B-F,Home,848338,None,1599.35,2023-03-13,2024-03-12
POL-004247,Southern Cross Insurance,4350,Toowoomba QLD,B-F,SME,1916966,None,3674.46,2023-03-21,2024-03-20
POL-004248,Coral Coast Mutual,4810,Townsville QLD,T-W,SME,2781092,None,26904.23,2024-02-13,2025-02-12
POL-004249,Outback Assurance Group,4825,Mount Isa QLD,B-F,Home,583742,Roof Tie-Down,893.55,2025-02-05,2026-02-05
POL-004250,Southern Cross Insurance,6000,Perth WA,B-F,Home,571296,Roof Tie-Down,868.91,2024-03-11,2025-03-11
POL-004251,Coral Coast Mutual,4720,Charters Towers QLD,L-P,Home,785949,None,3292.31,2023-01-01,2024-01-01
POL-004252,Pacific Rim Insurance,4737,Bowen QLD,Q-S,SME,2008095,Elevated Slab,11200.26,2023-05-31,2024-05-30
POL-004253,Pacific Rim Insurance,4870,Cairns QLD,T-W,SME,1947111,None,18142.83,2024-09-06,2025-09-06
POL-004254,Northbeam General,4680,Gladstone QLD,L-P,Home,321092,None,1288.23,2023-06-18,2024-06-17
POL-004255,Coral Coast Mutual,4350,Toowoomba QLD,B-F,Home,444967,Roof Tie-Down,680.31,2025-07-19,2026-07-19
POL-004256,Northbeam General,4870,Cairns QLD,T-W,Home,503723,None,4903.22,2024-03-08,2025-03-08
POL-004257,Pacific Rim Insurance,0810,Darwin NT,T-W,Home,320498,Roof Tie-Down,2441.17,2023-04-01,2024-03-31
POL-004258,Northbeam General,4655,Hervey Bay QLD,L-P,Home,572466,Shutters Installed,2023.7,2023-09-07,2024-09-06
POL-004259,Coral Coast Mutual,4825,Cloncurry QLD,B-F,Home,725825,Roof Tie-Down,1162.31,2024-05-27,2025-05-27
POL-004260,Northbeam General,4700,Rockhampton QLD,Q-S,Home,567137,Shutters Installed,3338.74,2023-01-03,2024-01-03
POL-004261,Northbeam General,6714,Karratha WA,T-W,Home,267497,Shutters Installed,2345.81,2025-02-03,2026-02-03
POL-004262,Pacific Rim Insurance,4350,Toowoomba QLD,B-F,SME,1346487,None,2587.66,2023-03-26,2024-03-25
POL-004263,Northbeam General,4879,Innisfail QLD,T-W,Home,771038,None,7294.19,2023-04-08,2024-04-07
POL-004264,Southern Cross Insurance,4825,Mount Isa QLD,B-F,Strata,3281022,None,5912.32,2023-07-12,2024-07-11
POL-004265,Outback Assurance Group,0810,Darwin NT,T-W,Home,530531,Elevated Slab,4627.36,2025-09-20,2026-09-20
POL-004266,Pacific Rim Insurance,6714,Karratha WA,T-W,Home,470240,Roof Tie-Down,4139.59,2025-08-16,2026-08-16
POL-004267,Coral Coast Mutual,4825,Cloncurry QLD,B-F,Home,374704,Roof Tie-Down,572.03,2024-09-08,2025-09-08
POL-004268,Coral Coast Mutual,6714,Karratha WA,T-W,SME,642790,None,6483.7,2024-06-19,2025-06-19
POL-004269,Coral Coast Mutual,4825,Mount Isa QLD,B-F,Strata,11294587,None,22278.73,2023-12-05,2024-12-04
POL-004270,Pacific Rim Insurance,4720,Charters Towers QLD,L-P,SME,863898,None,3538.96,2023-12-20,2024-12-19
POL-004271,Pacific Rim Insurance,4700,Rockhampton QLD,Q-S,Home,351817,Shutters Installed,1977.84,2023-11-15,2024-11-14
POL-004272,Pacific Rim Insurance,4802,Townsville QLD,T-W,Home,293046,None,2913.3,2023-07-20,2024-07-19
POL-004273,Pacific Rim Insurance,4825,Mount Isa QLD,B-F,SME,1193053,None,2044.04,2024-12-21,2025-12-21
POL-004274,Outback Assurance Group,4700,Rockhampton QLD,Q-S,Home,887813,Roof Tie-Down,5274.33,2024-08-11,2025-08-11
POL-004275,Northbeam General,4350,Toowoomba QLD,B-F,Strata,11858780,None,22351.21,2023-04-15,2024-04-14
POL-004276,Coral Coast Mutual,4825,Mount Isa QLD,B-F,Home,452576,Roof Tie-Down,664.08,2023-03-31,2024-03-30
POL-004277,Coral Coast Mutual,4655,Hervey Bay QLD,L-P,Home,598483,Shutters Installed,2300.1,2023-12-31,2024-12-30
POL-004278,Southern Cross Insurance,4703,Rockhampton QLD,Q-S,SME,1745229,None,10716.57,2023-07-14,2024-07-13
POL-004279,Southern Cross Insurance,6721,Port Hedland WA,T-W,Home,808706,Elevated Slab,5992.14,2024-12-30,2025-12-30
POL-004280,Coral Coast Mutual,4740,Mackay QLD,Q-S,Home,677050,None,4278.1,2024-07-16,2025-07-16
POL-004281,Coral Coast Mutual,6714,Karratha WA,T-W,Home,703151,Elevated Slab,5379.72,2025-03-30,2026-03-30
POL-004282,Pacific Rim Insurance,6714,Karratha WA,T-W,Strata,11367755,Shutters Installed,96237.16,2023-07-08,2024-07-07
POL-004283,Coral Coast Mutual,4802,Townsville QLD,T-W,Home,893694,Elevated Slab,7732.83,2024-09-04,2025-09-04
POL-004284,Southern Cross Insurance,6714,Karratha WA,T-W,Home,336018,Elevated Slab,2949.37,2025-07-28,2026-07-28
POL-004285,Pacific Rim Insurance,4870,Cairns QLD,T-W,Home,651022,Roof Tie-Down,5763.99,2024-01-25,2025-01-24
POL-004286,Coral Coast Mutual,4825,Mount Isa QLD,B-F,Home,802008,None,1483.01,2023-06-13,2024-06-12
POL-004287,Pacific Rim Insurance,0810,Darwin NT,T-W,SME,2646247,Roof Tie-Down,19835.88,2025-04-24,2026-04-24
POL-004288,Outback Assurance Group,0810,Darwin NT,T-W,Home,773471,Roof Tie-Down,6065.7,2024-10-15,2025-10-15
POL-004289,Northbeam General,4700,Rockhampton QLD,Q-S,SME,2993267,Elevated Slab,16764.3,2024-01-26,2025-01-25
POL-004290,Southern Cross Insurance,4870,Cairns QLD,T-W,Home,770690,None,7428.35,2025-08-12,2026-08-12
POL-004291,Coral Coast Mutual,4870,Cairns QLD,T-W,Home,395911,None,3883.05,2024-10-11,2025-10-11
POL-004292,Northbeam General,0850,Alice Springs NT,B-F,Home,728009,Roof Tie-Down,1013.42,2023-07-26,2024-07-25
POL-004293,Pacific Rim Insurance,0810,Darwin NT,T-W,Home,735807,None,7567.37,2023-10-01,2024-09-30
POL-004294,Outback Assurance Group,6714,Karratha WA,T-W,Home,516431,None,5205.43,2024-07-23,2025-07-23
POL-004295,Southern Cross Insurance,0800,Darwin NT,T-W,Home,559583,Shutters Installed,4369.23,2025-07-11,2026-07-11
POL-004296,Pacific Rim Insurance,6714,Karratha WA,T-W,SME,496754,None,4914.06,2023-05-31,2024-05-30
POL-004297,Northbeam General,4655,Hervey Bay QLD,L-P,Home,552027,Elevated Slab,1991.4,2023-06-27,2024-06-26
POL-004298,Outback Assurance Group,6000,Perth WA,B-F,Home,565029,None,1095.65,2023-09-27,2024-09-26
POL-004299,Southern Cross Insurance,4655,Hervey Bay QLD,L-P,SME,1830531,None,6983.46,2024-08-16,2025-08-16
POL-004300,Outback Assurance Group,6000,Perth WA,B-F,SME,2851250,None,5137.44,2024-03-22,2025-03-22
POL-004301,Coral Coast Mutual,6000,Perth WA,B-F,Home,657821,Roof Tie-Down,972.09,2025-05-11,2026-05-11
POL-004302,Pacific Rim Insurance,4879,Innisfail QLD,T-W,SME,2744045,Shutters Installed,22123.32,2024-06-04,2025-06-04
POL-004303,Pacific Rim Insurance,4737,Bowen QLD,Q-S,SME,2184961,Elevated Slab,12548.16,2025-07-22,2026-07-22
POL-004304,Outback Assurance Group,4810,Townsville QLD,T-W,SME,2033064,Roof Tie-Down,16939.06,2023-02-23,2024-02-23
POL-004305,Southern Cross Insurance,0810,Darwin NT,T-W,SME,2881258,Roof Tie-Down,21046.71,2023-04-01,2024-03-31
POL-004306,Coral Coast Mutual,4703,Rockhampton QLD,Q-S,Home,543016,Roof Tie-Down,2989.36,2024-08-26,2025-08-26
POL-004307,Pacific Rim Insurance,4737,Bowen QLD,Q-S,Strata,11687464,Roof Tie-Down,66063.57,2023-08-08,2024-08-07
POL-004308,Pacific Rim Insurance,4870,Cairns QLD,T-W,Home,518803,Roof Tie-Down,4488.32,2024-06-17,2025-06-17
POL-004309,Pacific Rim Insurance,6714,Karratha WA,T-W,SME,2788814,None,25380.19,2023-03-17,2024-03-16
POL-004310,Coral Coast Mutual,0800,Darwin NT,T-W,Home,300100,None,3111.55,2023-08-27,2024-08-26
POL-004311,Outback Assurance Group,4737,Bowen QLD,Q-S,Home,625817,Shutters Installed,3722.29,2025-09-07,2026-09-07
POL-004312,Northbeam General,0850,Alice Springs NT,B-F,Home,841815,Roof Tie-Down,1244.54,2023-08-15,2024-08-14
POL-004313,Pacific Rim Insurance,4655,Hervey Bay QLD,L-P,Home,518275,None,2335.45,2025-02-16,2026-02-16
POL-004314,Outback Assurance Group,4655,Hervey Bay QLD,L-P,SME,2135902,None,9571.32,2023-12-06,2024-12-05
POL-004315,Northbeam General,0810,Darwin NT,T-W,Home,810774,Roof Tie-Down,6761.15,2025-06-12,2026-06-12
POL-004316,Pacific Rim Insurance,4720,Charters Towers QLD,L-P,Strata,2027018,None,8956.41,2023-04-24,2024-04-23
POL-004317,Pacific Rim Insurance,4703,Rockhampton QLD,Q-S,Home,293761,Elevated Slab,1602.51,2024-06-06,2025-06-06
POL-004318,Outback Assurance Group,6714,Karratha WA,T-W,Home,692924,None,6562.97,2024-02-24,2025-02-23
POL-004319,Northbeam General,4720,Charters Towers QLD,L-P,Home,542072,None,2196.54,2024-07-18,2025-07-18
POL-004320,Outback Assurance Group,0850,Alice Springs NT,B-F,Strata,11639049,None,20218.93,2024-08-11,2025-08-11
POL-004321,Coral Coast Mutual,6714,Karratha WA,T-W,Home,460413,Shutters Installed,3406.4,2024-05-04,2025-05-04
POL-004322,Pacific Rim Insurance,4680,Gladstone QLD,L-P,SME,2915325,None,12559.07,2025-08-03,2026-08-03
POL-004323,Southern Cross Insurance,4810,Townsville QLD,T-W,Home,729570,None,7576.0,2023-03-31,2024-03-30
POL-004324,Southern Cross Insurance,6721,Port Hedland WA,T-W,Strata,4625471,Elevated Slab,36816.88,2023-11-27,2024-11-26
POL-004325,Coral Coast Mutual,0800,Darwin NT,T-W,SME,2180065,None,19704.79,2023-08-18,2024-08-17
POL-004326,Outback Assurance Group,4810,Townsville QLD,T-W,Home,325436,None,3257.05,2025-03-08,2026-03-08
POL-004327,Northbeam General,6721,Port Hedland WA,T-W,SME,2248009,None,21481.61,2024-03-13,2025-03-13
POL-004328,Northbeam General,4870,Cairns QLD,T-W,Strata,5465248,Roof Tie-Down,42816.42,2024-05-31,2025-05-31
POL-004329,Coral Coast Mutual,4740,Mackay QLD,Q-S,SME,1203927,Elevated Slab,7100.19,2023-03-29,2024-03-28
POL-004330,Northbeam General,4802,Townsville QLD,T-W,Home,430933,None,4439.36,2023-05-29,2024-05-28
POL-004331,Pacific Rim Insurance,4720,Charters Towers QLD,L-P,Home,475408,None,1918.97,2024-11-09,2025-11-09
POL-004332,Coral Coast Mutual,4700,Rockhampton QLD,Q-S,Home,301191,Elevated Slab,1686.62,2024-06-16,2025-06-16
POL-004333,Pacific Rim Insurance,4879,Innisfail QLD,T-W,SME,747341,Roof Tie-Down,6402.25,2025-06-14,2026-06-14
POL-004334,Southern Cross Insurance,4740,Mackay QLD,Q-S,Home,456081,None,3207.61,2024-07-20,2025-07-20
POL-004335,Coral Coast Mutual,4825,Mount Isa QLD,B-F,SME,1319280,Shutters Installed,1993.72,2023-09-05,2024-09-04
POL-004336,Coral Coast Mutual,4720,Charters Towers QLD,L-P,Home,759576,None,2937.76,2023-12-21,2024-12-20
POL-004337,Outback Assurance Group,6000,Perth WA,B-F,Home,611811,None,1045.11,2023-06-07,2024-06-06
POL-004338,Outback Assurance Group,4740,Mackay QLD,Q-S,Home,530308,Elevated Slab,3182.74,2025-04-24,2026-04-24
POL-004339,Coral Coast Mutual,0810,Darwin NT,T-W,Home,598921,Roof Tie-Down,5077.51,2024-02-09,2025-02-08
POL-004340,Coral Coast Mutual,4810,Townsville QLD,T-W,Home,410596,Roof Tie-Down,3455.21,2025-04-20,2026-04-20
POL-004341,Southern Cross Insurance,4879,Innisfail QLD,T-W,Home,411023,None,4141.36,2024-01-09,2025-01-08
POL-004342,Northbeam General,4700,Rockhampton QLD,Q-S,Strata,7996458,None,56861.25,2025-01-09,2026-01-09
POL-004343,Coral Coast Mutual,4825,Cloncurry QLD,B-F,Home,771275,Roof Tie-Down,1169.19,2025-06-14,2026-06-14
POL-004344,Northbeam General,4825,Cloncurry QLD,B-F,Home,655041,None,1104.18,2023-09-24,2024-09-23
POL-004345,Outback Assurance Group,4810,Townsville QLD,T-W,Home,786869,None,7126.9,2025-02-05,2026-02-05
POL-004346,Coral Coast Mutual,4870,Cairns QLD,T-W,Home,273462,None,2769.97,2025-04-30,2026-04-30
POL-004347,Pacific Rim Insurance,4825,Mount Isa QLD,B-F,SME,2788731,None,5459.6,2024-09-13,2025-09-13
POL-004348,Coral Coast Mutual,4825,Mount Isa QLD,B-F,Home,321850,Elevated Slab,458.27,2024-11-24,2025-11-24
POL-004349,Southern Cross Insurance,6721,Port Hedland WA,T-W,Home,423236,Shutters Installed,3307.62,2024-11-19,2025-11-19
POL-004350,Northbeam General,4879,Innisfail QLD,T-W,Strata,4983710,None,47534.75,2024-11-20,2025-11-20
POL-004351,Outback Assurance Group,4720,Charters Towers QLD,L-P,SME,2792282,Shutters Installed,9920.34,2024-03-26,2025-03-26
POL-004352,Southern Cross Insurance,4879,Innisfail QLD,T-W,Home,860637,None,8826.69,2024-05-07,2025-05-07
POL-004353,Northbeam General,4680,Gladstone QLD,L-P,Home,526115,None,2275.37,2024-12-26,2025-12-26
POL-004354,Southern Cross Insurance,6721,Port Hedland WA,T-W,Home,813130,None,7679.55,2024-05-19,2025-05-19
POL-004355,Southern Cross Insurance,6714,Karratha WA,T-W,SME,1132834,None,11732.11,2025-01-13,2026-01-13
POL-004356,Northbeam General,4802,Townsville QLD,T-W,Home,306380,None,2902.97,2025-08-27,2026-08-27
POL-004357,Southern Cross Insurance,6721,Port Hedland WA,T-W,SME,1909706,Shutters Installed,15709.99,2024-04-22,2025-04-22
POL-004358,Outback Assurance Group,4740,Mackay QLD,Q-S,SME,1796811,Roof Tie-Down,10212.2,2024-04-18,2025-04-18
POL-004359,Coral Coast Mutual,4350,Toowoomba QLD,B-F,SME,1502391,None,2563.89,2023-03-15,2024-03-14
POL-004360,Coral Coast Mutual,4825,Cloncurry QLD,B-F,Home,633026,Roof Tie-Down,962.39,2024-05-27,2025-05-27
POL-004361,Outback Assurance Group,4655,Hervey Bay QLD,L-P,Home,533496,Shutters Installed,1961.02,2025-01-18,2026-01-18
POL-004362,Coral Coast Mutual,6721,Port Hedland WA,T-W,Home,642264,None,6061.96,2024-09-26,2025-09-26
POL-004363,Pacific Rim Insurance,0810,Darwin NT,T-W,Home,634532,Roof Tie-Down,5602.14,2023-12-24,2024-12-23
POL-004364,Coral Coast Mutual,4870,Cairns QLD,T-W,SME,2841391,None,28535.91,2025-05-06,2026-05-06
POL-004365,Southern Cross Insurance,0850,Alice Springs NT,B-F,SME,2445977,Shutters Installed,3639.15,2024-05-28,2025-05-28
POL-004366,Southern Cross Insurance,4879,Innisfail QLD,T-W,Home,806692,Roof Tie-Down,6870.24,2023-09-26,2024-09-25
POL-004367,Southern Cross Insurance,4703,Rockhampton QLD,Q-S,Home,566619,Shutters Installed,3095.53,2023-11-04,2024-11-03
POL-004368,Southern Cross Insurance,4737,Bowen QLD,Q-S,Home,871703,Elevated Slab,5294.97,2024-03-31,2025-03-31
POL-004369,Northbeam General,6000,Perth WA,B-F,SME,2874082,None,5162.11,2025-04-08,2026-04-08
POL-004370,Pacific Rim Insurance,6721,Port Hedland WA,T-W,Home,584854,Shutters Installed,4790.61,2023-02-12,2024-02-12
POL-004371,Southern Cross Insurance,4703,Rockhampton QLD,Q-S,Home,671970,Shutters Installed,3368.9,2024-04-17,2025-04-17
POL-004372,Pacific Rim Insurance,4703,Rockhampton QLD,Q-S,Home,270232,Elevated Slab,1366.97,2023-12-23,2024-12-22
POL-004373,Outback Assurance Group,4870,Cairns QLD,T-W,SME,839815,Roof Tie-Down,6697.86,2023-02-06,2024-02-06
POL-004374,Outback Assurance Group,4737,Bowen QLD,Q-S,Home,852536,None,5024.4,2024-07-10,2025-07-10
POL-004375,Northbeam General,4810,Townsville QLD,T-W,Home,579059,None,5698.99,2024-02-12,2025-02-11
POL-004376,Pacific Rim Insurance,0800,Darwin NT,T-W,SME,1391326,Elevated Slab,11604.77,2025-02-28,2026-02-28
POL-004377,Outback Assurance Group,4879,Innisfail QLD,T-W,Home,620085,None,6477.78,2025-03-20,2026-03-20
POL-004378,Pacific Rim Insurance,0850,Alice Springs NT,B-F,Strata,13304601,Elevated Slab,21559.42,2024-12-21,2025-12-21
POL-004379,Pacific Rim Insurance,4810,Townsville QLD,T-W,Home,726530,None,6388.64,2024-06-30,2025-06-30
POL-004380,Southern Cross Insurance,4703,Rockhampton QLD,Q-S,Home,474008,Roof Tie-Down,2477.73,2023-12-20,2024-12-19
POL-004381,Coral Coast Mutual,4703,Rockhampton QLD,Q-S,Home,448769,Roof Tie-Down,2254.87,2024-04-24,2025-04-24
POL-004382,Northbeam General,4700,Rockhampton QLD,Q-S,Home,894335,Shutters Installed,4671.13,2024-02-19,2025-02-18
POL-004383,Southern Cross Insurance,6714,Karratha WA,T-W,Home,845356,None,7892.83,2025-02-26,2026-02-26
POL-004384,Outback Assurance Group,6000,Perth WA,B-F,Home,261538,Roof Tie-Down,413.29,2025-07-25,2026-07-25
POL-004385,Northbeam General,4350,Toowoomba QLD,B-F,SME,2232713,None,4294.97,2024-07-28,2025-07-28
POL-004386,Outback Assurance Group,4655,Hervey Bay QLD,L-P,SME,1837409,None,7225.5,2024-11-16,2025-11-16
POL-004387,Southern Cross Insurance,4350,Toowoomba QLD,B-F,SME,2880081,None,5646.55,2024-12-25,2025-12-25
POL-004388,Pacific Rim Insurance,0810,Darwin NT,T-W,SME,2593998,None,24102.51,2025-08-19,2026-08-19
POL-004389,Northbeam General,0800,Darwin NT,T-W,Home,384660,Roof Tie-Down,3389.98,2025-03-26,2026-03-26
POL-004390,Outback Assurance Group,4825,Mount Isa QLD,B-F,Home,587925,None,1135.89,2025-04-04,2026-04-04
POL-004391,Northbeam General,4825,Mount Isa QLD,B-F,Strata,12769482,None,23199.08,2025-04-05,2026-04-05
POL-004392,Coral Coast Mutual,6714,Karratha WA,T-W,SME,2053874,None,21372.24,2025-02-15,2026-02-15
POL-004393,Northbeam General,4737,Bowen QLD,Q-S,Strata,6577636,None,41707.51,2024-01-17,2025-01-16
POL-004394,Southern Cross Insurance,4700,Rockhampton QLD,Q-S,Home,543773,None,3383.54,2023-03-20,2024-03-19
POL-004395,Coral Coast Mutual,4720,Charters Towers QLD,L-P,Home,808181,None,3506.87,2025-02-21,2026-02-21
POL-004396,Coral Coast Mutual,4825,Mount Isa QLD,B-F,Home,446692,None,805.85,2023-01-19,2024-01-19
POL-004397,Northbeam General,0810,Darwin NT,T-W,Home,816099,None,7133.12,2024-08-30,2025-08-30
POL-004398,Pacific Rim Insurance,4737,Bowen QLD,Q-S,SME,2551640,None,15925.25,2023-04-13,2024-04-12
POL-004399,Northbeam General,6000,Perth WA,B-F,SME,1491235,None,2620.88,2023-05-18,2024-05-17
POL-004400,Coral Coast Mutual,4870,Cairns QLD,T-W,Strata,10761524,Shutters Installed,82447.11,2023-09-06,2024-09-05
POL-004401,Pacific Rim Insurance,6000,Perth WA,B-F,Strata,3867171,None,6521.79,2023-06-23,2024-06-22
POL-004402,Outback Assurance Group,4703,Rockhampton QLD,Q-S,Strata,2027169,Roof Tie-Down,11218.38,2025-06-18,2026-06-18
POL-004403,Outback Assurance Group,6721,Port Hedland WA,T-W,Home,850844,None,7291.8,2024-03-07,2025-03-07
POL-004404,Pacific Rim Insurance,4879,Innisfail QLD,T-W,Home,737621,None,6835.32,2025-01-28,2026-01-28
POL-004405,Outback Assurance Group,4680,Gladstone QLD,L-P,Home,756231,Elevated Slab,2801.82,2023-03-09,2024-03-08
POL-004406,Pacific Rim Insurance,4700,Rockhampton QLD,Q-S,Strata,2701231,None,16792.26,2024-06-20,2025-06-20
POL-004407,Pacific Rim Insurance,4655,Hervey Bay QLD,L-P,Home,357980,None,1503.82,2025-04-13,2026-04-13
POL-004408,Coral Coast Mutual,4350,Toowoomba QLD,B-F,Home,419696,None,738.4,2023-11-01,2024-10-31
POL-004409,Southern Cross Insurance,4655,Hervey Bay QLD,L-P,Home,563011,Elevated Slab,1852.85,2024-09-19,2025-09-19
POL-004410,Outback Assurance Group,4655,Hervey Bay QLD,L-P,Home,491897,None,2111.1,2023-01-21,2024-01-21
POL-004411,Outback Assurance Group,6000,Perth WA,B-F,SME,2767935,None,5200.82,2025-02-07,2026-02-07
POL-004412,Outback Assurance Group,4870,Cairns QLD,T-W,Home,370054,Roof Tie-Down,3110.8,2024-09-02,2025-09-02
POL-004413,Northbeam General,4740,Mackay QLD,Q-S,Home,641919,Roof Tie-Down,3588.21,2023-04-13,2024-04-12
POL-004414,Outback Assurance Group,4655,Hervey Bay QLD,L-P,Strata,8564250,Roof Tie-Down,30357.58,2023-01-12,2024-01-12
POL-004415,Outback Assurance Group,6000,Perth WA,B-F,Home,508581,None,836.17,2023-09-12,2024-09-11
POL-004416,Northbeam General,0810,Darwin NT,T-W,SME,1120884,Shutters Installed,8872.88,2023-01-04,2024-01-04
POL-004417,Outback Assurance Group,4700,Rockhampton QLD,Q-S,Home,276302,None,1814.07,2024-06-06,2025-06-06
POL-004418,Pacific Rim Insurance,4680,Gladstone QLD,L-P,SME,993764,None,4478.36,2025-08-08,2026-08-08
POL-004419,Coral Coast Mutual,4350,Toowoomba QLD,B-F,Home,821721,None,1399.46,2024-05-30,2025-05-30
POL-004420,Outback Assurance Group,4703,Rockhampton QLD,Q-S,SME,746797,None,4372.9,2024-01-06,2025-01-05
POL-004421,Coral Coast Mutual,4350,Toowoomba QLD,B-F,SME,754255,Shutters Installed,1149.4,2023-12-13,2024-12-12
POL-004422,Northbeam General,4655,Hervey Bay QLD,L-P,Home,611927,None,2375.85,2025-06-16,2026-06-16
POL-004423,Northbeam General,4825,Mount Isa QLD,B-F,Home,342722,None,573.78,2024-07-10,2025-07-10
POL-004424,Outback Assurance Group,4703,Rockhampton QLD,Q-S,Home,788157,Shutters Installed,4747.8,2024-08-19,2025-08-19
POL-004425,Pacific Rim Insurance,4802,Townsville QLD,T-W,Home,605335,None,6104.95,2025-06-02,2026-06-02
POL-004426,Southern Cross Insurance,4737,Bowen QLD,Q-S,Home,335402,None,2335.78,2024-12-17,2025-12-17
POL-004427,Pacific Rim Insurance,4703,Rockhampton QLD,Q-S,Home,723852,Elevated Slab,4325.27,2025-07-03,2026-07-03
POL-004428,Outback Assurance Group,6721,Port Hedland WA,T-W,Home,650542,Shutters Installed,4732.87,2023-04-06,2024-04-05
POL-004429,Northbeam General,6000,Perth WA,B-F,Home,832253,Shutters Installed,1296.42,2023-08-02,2024-08-01
POL-004430,Outback Assurance Group,4737,Bowen QLD,Q-S,Home,834426,Shutters Installed,4567.37,2025-05-02,2026-05-02
POL-004431,Northbeam General,4737,Bowen QLD,Q-S,Home,313586,None,1838.31,2023-10-14,2024-10-13
POL-004432,Northbeam General,6721,Port Hedland WA,T-W,Home,865642,None,8715.43,2024-04-10,2025-04-10
POL-004433,Northbeam General,4825,Mount Isa QLD,B-F,Home,497814,None,814.45,2023-08-20,2024-08-19
POL-004434,Outback Assurance Group,6000,Perth WA,B-F,Home,723105,Elevated Slab,1069.47,2025-02-12,2026-02-12
POL-004435,Pacific Rim Insurance,6000,Perth WA,B-F,Strata,2005407,Shutters Installed,2946.89,2023-10-15,2024-10-14
POL-004436,Southern Cross Insurance,4740,Mackay QLD,Q-S,Home,710103,None,4823.71,2023-08-11,2024-08-10
POL-004437,Coral Coast Mutual,4825,Cloncurry QLD,B-F,Home,270482,Shutters Installed,443.34,2025-05-15,2026-05-15
POL-004438,Pacific Rim Insurance,4700,Rockhampton QLD,Q-S,Home,862028,None,6041.35,2024-01-04,2025-01-03
POL-004439,Outback Assurance Group,6721,Port Hedland WA,T-W,SME,892272,Elevated Slab,6636.16,2023-02-22,2024-02-22
POL-004440,Coral Coast Mutual,4802,Townsville QLD,T-W,Home,721413,Shutters Installed,5664.7,2024-11-20,2025-11-20
POL-004441,Northbeam General,4879,Innisfail QLD,T-W,Home,842733,Roof Tie-Down,7200.1,2023-06-05,2024-06-04
POL-004442,Southern Cross Insurance,4655,Hervey Bay QLD,L-P,SME,2526134,Shutters Installed,8725.84,2025-08-23,2026-08-23
POL-004443,Pacific Rim Insurance,4703,Rockhampton QLD,Q-S,Home,520345,None,3691.13,2024-01-25,2025-01-24
POL-004444,Pacific Rim Insurance,4680,Gladstone QLD,L-P,SME,2219796,Roof Tie-Down,7732.83,2024-08-27,2025-08-27
POL-004445,Northbeam General,4700,Rockhampton QLD,Q-S,Strata,14043167,None,97905.78,2023-03-11,2024-03-10
POL-004446,Outback Assurance Group,4720,Charters Towers QLD,L-P,Home,824474,Elevated Slab,2929.45,2024-10-01,2025-10-01
POL-004447,Northbeam General,4737,Bowen QLD,Q-S,SME,1971124,Elevated Slab,10821.6,2025-02-14,2026-02-14
POL-004448,Outback Assurance Group,4802,Townsville QLD,T-W,Home,401325,None,3718.22,2024-05-23,2025-05-23
POL-004449,Southern Cross Insurance,4802,Townsville QLD,T-W,Home,715608,None,6213.3,2025-03-15,2026-03-15
POL-004450,Pacific Rim Insurance,4740,Mackay QLD,Q-S,Strata,7999371,None,48077.53,2024-07-21,2025-07-21
POL-004451,Northbeam General,4879,Innisfail QLD,T-W,Home,284059,None,2648.3,2025-09-17,2026-09-17
POL-004452,Northbeam General,6721,Port Hedland WA,T-W,Home,503604,Shutters Installed,3702.14,2023-05-27,2024-05-26
POL-004453,Outback Assurance Group,4810,Townsville QLD,T-W,Home,543520,Shutters Installed,4282.79,2025-03-17,2026-03-17
POL-004454,Coral Coast Mutual,4870,Cairns QLD,T-W,SME,1984800,None,19104.49,2025-09-24,2026-09-24
POL-004455,Northbeam General,4350,Toowoomba QLD,B-F,SME,2966796,Roof Tie-Down,4397.38,2023-05-14,2024-05-13
POL-004456,Coral Coast Mutual,6714,Karratha WA,T-W,Home,588814,None,5905.34,2024-09-05,2025-09-05
POL-004457,Southern Cross Insurance,4825,Mount Isa QLD,B-F,Home,755826,Shutters Installed,1206.23,2023-02-19,2024-02-19
POL-004458,Coral Coast Mutual,4655,Hervey Bay QLD,L-P,SME,2627437,Shutters Installed,10103.67,2024-07-23,2025-07-23
POL-004459,Pacific Rim Insurance,6721,Port Hedland WA,T-W,Home,607189,None,5474.58,2023-04-30,2024-04-29
POL-004460,Northbeam General,4720,Charters Towers QLD,L-P,SME,1918799,Shutters Installed,6644.7,2023-11-15,2024-11-14
POL-004461,Northbeam General,4720,Charters Towers QLD,L-P,SME,2262549,Shutters Installed,7932.23,2023-11-06,2024-11-05
POL-004462,Outback Assurance Group,4680,Gladstone QLD,L-P,Home,834194,Roof Tie-Down,3192.28,2025-09-01,2026-09-01
POL-004463,Northbeam General,4825,Cloncurry QLD,B-F,Home,820799,None,1446.97,2024-11-26,2025-11-26
POL-004464,Southern Cross Insurance,4740,Mackay QLD,Q-S,Home,386379,None,2345.1,2023-09-13,2024-09-12
POL-004465,Outback Assurance Group,0850,Alice Springs NT,B-F,Home,591865,None,1078.18,2025-09-14,2026-09-14
POL-004466,Outback Assurance Group,4703,Rockhampton QLD,Q-S,Strata,13103717,None,78900.55,2025-04-10,2026-04-10
POL-004467,Southern Cross Insurance,4802,Townsville QLD,T-W,Home,794624,None,7544.49,2025-04-26,2026-04-26
POL-004468,Northbeam General,6000,Perth WA,B-F,SME,2779780,None,4865.8,2024-02-23,2025-02-22
POL-004469,Southern Cross Insurance,4802,Townsville QLD,T-W,SME,2821948,None,26231.06,2023-11-04,2024-11-03
POL-004470,Southern Cross Insurance,4879,Innisfail QLD,T-W,Home,441628,Roof Tie-Down,3596.03,2024-06-02,2025-06-02
POL-004471,Coral Coast Mutual,0850,Alice Springs NT,B-F,Home,293334,Shutters Installed,419.97,2024-05-14,2025-05-14
POL-004472,Southern Cross Insurance,6714,Karratha WA,T-W,SME,488928,Roof Tie-Down,3669.47,2023-06-13,2024-06-12
POL-004473,Southern Cross Insurance,4825,Mount Isa QLD,B-F,SME,1648046,None,2887.32,2023-10-06,2024-10-05
POL-004474,Southern Cross Insurance,4655,Hervey Bay QLD,L-P,Home,394167,None,1708.0,2024-12-13,2025-12-13
POL-004475,Coral Coast Mutual,4740,Mackay QLD,Q-S,SME,2140856,Shutters Installed,10956.74,2024-04-22,2025-04-22
POL-004476,Outback Assurance Group,4870,Cairns QLD,T-W,SME,2101854,Elevated Slab,17586.69,2024-08-07,2025-08-07
POL-004477,Southern Cross Insurance,6000,Perth WA,B-F,Home,490975,None,948.75,2024-02-12,2025-02-11
POL-004478,Northbeam General,0850,Alice Springs NT,B-F,Home,556556,None,1048.87,2025-08-12,2026-08-12
POL-004479,Northbeam General,4703,Rockhampton QLD,Q-S,Home,782350,None,5545.34,2023-05-26,2024-05-25
POL-004480,Southern Cross Insurance,4825,Cloncurry QLD,B-F,Home,260974,None,462.82,2025-03-25,2026-03-25
POL-004481,Outback Assurance Group,6000,Perth WA,B-F,Home,410986,None,699.7,2024-02-15,2025-02-14
POL-004482,Pacific Rim Insurance,4825,Mount Isa QLD,B-F,Home,608865,None,1095.99,2023-04-13,2024-04-12
POL-004483,Pacific Rim Insurance,4737,Bowen QLD,Q-S,Home,362048,Elevated Slab,2026.52,2024-05-23,2025-05-23
POL-004484,Northbeam General,0850,Alice Springs NT,B-F,SME,941596,Roof Tie-Down,1397.54,2024-08-08,2025-08-08
POL-004485,Northbeam General,4740,Mackay QLD,Q-S,Home,826411,None,5612.13,2023-12-28,2024-12-27
POL-004486,Coral Coast Mutual,4350,Toowoomba QLD,B-F,Home,842552,Roof Tie-Down,1276.2,2023-01-04,2024-01-04
POL-004487,Northbeam General,4802,Townsville QLD,T-W,Home,749769,Roof Tie-Down,6157.9,2024-06-01,2025-06-01
POL-004488,Coral Coast Mutual,4802,Townsville QLD,T-W,Strata,12597040,Shutters Installed,110032.82,2025-07-25,2026-07-25
POL-004489,Coral Coast Mutual,0800,Darwin NT,T-W,Home,883715,None,8640.31,2023-03-27,2024-03-26
POL-004490,Outback Assurance Group,4810,Townsville QLD,T-W,Home,739313,Roof Tie-Down,5772.04,2025-08-16,2026-08-16
POL-004491,Pacific Rim Insurance,6721,Port Hedland WA,T-W,SME,1699282,Roof Tie-Down,14859.89,2023-11-03,2024-11-02
POL-004492,Pacific Rim Insurance,4737,Bowen QLD,Q-S,SME,1064593,None,6761.36,2023-12-21,2024-12-20
POL-004493,Pacific Rim Insurance,4825,Mount Isa QLD,B-F,Home,323494,None,544.77,2024-10-30,2025-10-30
POL-004494,Outback Assurance Group,0850,Alice Springs NT,B-F,SME,2221348,Shutters Installed,3540.24,2024-04-17,2025-04-17
POL-004495,Coral Coast Mutual,4700,Rockhampton QLD,Q-S,SME,1202241,Shutters Installed,6822.2,2023-07-22,2024-07-21
POL-004496,Outback Assurance Group,6721,Port Hedland WA,T-W,Home,769472,None,6819.91,2025-09-24,2026-09-24
POL-004497,Coral Coast Mutual,4680,Gladstone QLD,L-P,Home,675827,Shutters Installed,2534.63,2025-05-21,2026-05-21
POL-004498,Pacific Rim Insurance,4350,Toowoomba QLD,B-F,SME,580399,None,1114.7,2024-09-20,2025-09-20
POL-004499,Coral Coast Mutual,4740,Mackay QLD,Q-S,SME,2639510,Shutters Installed,15012.84,2024-10-18,2025-10-18
POL-004500,Southern Cross Insurance,0810,Darwin NT,T-W,Home,689103,None,7150.08,2024-10-03,2025-10-03
POL-004501,Outback Assurance Group,4740,Mackay QLD,Q-S,Home,319012,Roof Tie-Down,1733.97,2023-12-29,2024-12-28
POL-004502,Northbeam General,4350,Toowoomba QLD,B-F,Home,425943,Roof Tie-Down,639.38,2024-12-12,2025-12-12
POL-004503,Pacific Rim Insurance,0810,Darwin NT,T-W,Home,284658,None,2553.26,2025-03-11,2026-03-11
POL-004504,Southern Cross Insurance,4350,Toowoomba QLD,B-F,Home,531469,None,1037.57,2024-10-06,2025-10-06
POL-004505,Southern Cross Insurance,0800,Darwin NT,T-W,SME,1413875,Roof Tie-Down,10523.62,2024-12-28,2025-12-28
POL-004506,Outback Assurance Group,4737,Bowen QLD,Q-S,Home,575833,Roof Tie-Down,3443.28,2023-09-22,2024-09-21
POL-004507,Southern Cross Insurance,6714,Karratha WA,T-W,Home,263367,None,2691.54,2024-10-11,2025-10-11
POL-004508,Pacific Rim Insurance,4720,Charters Towers QLD,L-P,Home,483595,None,1916.31,2023-12-04,2024-12-03
POL-004509,Pacific Rim Insurance,4720,Charters Towers QLD,L-P,Strata,7136761,Shutters Installed,23763.98,2024-08-12,2025-08-12
POL-004510,Outback Assurance Group,4350,Toowoomba QLD,B-F,SME,1754936,None,3232.46,2024-12-01,2025-12-01
POL-004511,Pacific Rim Insurance,0850,Alice Springs NT,B-F,SME,745694,None,1471.89,2023-09-13,2024-09-12
POL-004512,Northbeam General,4870,Cairns QLD,T-W,SME,1085876,Roof Tie-Down,9192.41,2024-04-21,2025-04-21
POL-004513,Southern Cross Insurance,4655,Hervey Bay QLD,L-P,Home,462643,Roof Tie-Down,1533.79,2024-07-30,2025-07-30
POL-004514,Outback Assurance Group,4802,Townsville QLD,T-W,Home,308303,None,2889.24,2025-05-12,2026-05-12
POL-004515,Pacific Rim Insurance,4879,Innisfail QLD,T-W,Home,576908,None,5262.61,2024-04-07,2025-04-07
POL-004516,Southern Cross Insurance,0850,Alice Springs NT,B-F,Home,590667,None,1024.52,2024-11-05,2025-11-05
POL-004517,Northbeam General,6721,Port Hedland WA,T-W,Home,670009,Shutters Installed,5539.35,2024-09-05,2025-09-05
POL-004518,Pacific Rim Insurance,4740,Mackay QLD,Q-S,SME,1925404,Elevated Slab,11300.44,2023-10-02,2024-10-01
POL-004519,Pacific Rim Insurance,4350,Toowoomba QLD,B-F,Home,492428,Shutters Installed,781.13,2024-02-14,2025-02-13
POL-004520,Coral Coast Mutual,4870,Cairns QLD,T-W,Home,868622,None,8854.51,2025-03-21,2026-03-21
POL-004521,Northbeam General,4700,Rockhampton QLD,Q-S,Home,483236,None,3036.99,2023-07-22,2024-07-21
POL-004522,Coral Coast Mutual,4720,Charters Towers QLD,L-P,Home,270650,Shutters Installed,1050.14,2023-08-27,2024-08-26
POL-004523,Outback Assurance Group,6714,Karratha WA,T-W,Home,468304,None,4048.91,2023-08-24,2024-08-23
POL-004524,Coral Coast Mutual,6721,Port Hedland WA,T-W,Home,557358,Roof Tie-Down,4733.04,2025-08-13,2026-08-13
POL-004525,Northbeam General,4870,Cairns QLD,T-W,Home,450149,None,4459.94,2024-04-14,2025-04-14
POL-004526,Southern Cross Insurance,4740,Mackay QLD,Q-S,Home,589944,Shutters Installed,3530.53,2024-02-14,2025-02-13
POL-004527,Southern Cross Insurance,0810,Darwin NT,T-W,Home,350492,Roof Tie-Down,3010.71,2024-05-14,2025-05-14
POL-004528,Coral Coast Mutual,4680,Gladstone QLD,L-P,Strata,10366064,Shutters Installed,33706.87,2024-08-24,2025-08-24
POL-004529,Coral Coast Mutual,4740,Mackay QLD,Q-S,Home,563685,Roof Tie-Down,3392.35,2024-02-07,2025-02-06
POL-004530,Southern Cross Insurance,4825,Mount Isa QLD,B-F,Home,639373,None,1222.92,2025-05-26,2026-05-26
POL-004531,Pacific Rim Insurance,0810,Darwin NT,T-W,Home,287322,None,2970.51,2025-02-28,2026-02-28
POL-004532,Northbeam General,4825,Mount Isa QLD,B-F,Home,612030,None,1190.54,2023-12-24,2024-12-23
POL-004533,Outback Assurance Group,6721,Port Hedland WA,T-W,Home,321703,Shutters Installed,2658.26,2025-06-14,2026-06-14
POL-004534,Southern Cross Insurance,0800,Darwin NT,T-W,Home,579314,None,5347.12,2025-08-30,2026-08-30
POL-004535,Coral Coast Mutual,4655,Hervey Bay QLD,L-P,Home,789944,Shutters Installed,2894.44,2023-05-15,2024-05-14
POL-004536,Northbeam General,4879,Innisfail QLD,T-W,Home,701499,None,6158.19,2024-02-25,2025-02-24
POL-004537,Outback Assurance Group,4825,Mount Isa QLD,B-F,SME,1929595,None,3745.42,2025-01-03,2026-01-03
POL-004538,Southern Cross Insurance,4350,Toowoomba QLD,B-F,Home,250813,Roof Tie-Down,380.54,2025-08-20,2026-08-20
POL-004539,Outback Assurance Group,6714,Karratha WA,T-W,Home,579664,Roof Tie-Down,4781.06,2024-11-06,2025-11-06
POL-004540,Southern Cross Insurance,4720,Charters Towers QLD,L-P,SME,2161720,None,9252.9,2024-04-16,2025-04-16
POL-004541,Pacific Rim Insurance,6721,Port Hedland WA,T-W,Home,692979,Shutters Installed,5063.06,2025-08-13,2026-08-13
POL-004542,Coral Coast Mutual,4740,Mackay QLD,Q-S,SME,858455,None,5071.21,2025-07-27,2026-07-27
POL-004543,Pacific Rim Insurance,4879,Innisfail QLD,T-W,SME,1308272,None,12676.9,2024-05-12,2025-05-12
POL-004544,Outback Assurance Group,4720,Charters Towers QLD,L-P,Home,872745,Roof Tie-Down,2933.2,2023-10-15,2024-10-14
POL-004545,Pacific Rim Insurance,0800,Darwin NT,T-W,Home,798408,Shutters Installed,5949.27,2025-09-17,2026-09-17
POL-004546,Coral Coast Mutual,0850,Alice Springs NT,B-F,SME,771594,None,1396.49,2024-12-02,2025-12-02
POL-004547,Pacific Rim Insurance,4879,Innisfail QLD,T-W,Strata,7880705,Roof Tie-Down,65262.11,2024-11-07,2025-11-07
POL-004548,Outback Assurance Group,4655,Hervey Bay QLD,L-P,Home,833851,Elevated Slab,2998.46,2023-06-14,2024-06-13
POL-004549,Outback Assurance Group,0850,Alice Springs NT,B-F,Home,752443,Roof Tie-Down,1254.68,2025-01-01,2026-01-01
POL-004550,Coral Coast Mutual,4700,Rockhampton QLD,Q-S,SME,2723542,None,16330.19,2024-11-15,2025-11-15
POL-004551,Southern Cross Insurance,4737,Bowen QLD,Q-S,Home,471017,Roof Tie-Down,2525.19,2023-10-17,2024-10-16
POL-004552,Southern Cross Insurance,4737,Bowen QLD,Q-S,Home,280176,None,1988.48,2023-08-16,2024-08-15
POL-004553,Pacific Rim Insurance,4655,Hervey Bay QLD,L-P,Home,795709,None,3515.92,2024-08-21,2025-08-21
POL-004554,Outback Assurance Group,4680,Gladstone QLD,L-P,Home,547853,Shutters Installed,1997.91,2023-07-29,2024-07-28
POL-004555,Outback Assurance Group,4737,Bowen QLD,Q-S,SME,2416646,Shutters Installed,12720.25,2023-02-06,2024-02-06
POL-004556,Pacific Rim Insurance,4655,Hervey Bay QLD,L-P,Home,721272,None,2952.14,2025-06-08,2026-06-08
POL-004557,Outback Assurance Group,6714,Karratha WA,T-W,SME,752326,None,7039.87,2023-12-29,2024-12-28
POL-004558,Coral Coast Mutual,4740,Mackay QLD,Q-S,Home,633194,None,4380.01,2023-08-01,2024-07-31
POL-004559,Outback Assurance Group,4350,Toowoomba QLD,B-F,Strata,2818971,Roof Tie-Down,4671.96,2024-11-02,2025-11-02
POL-004560,Coral Coast Mutual,4703,Rockhampton QLD,Q-S,Home,283944,Roof Tie-Down,1454.18,2024-06-25,2025-06-25
POL-004561,Outback Assurance Group,4879,Innisfail QLD,T-W,Home,501895,None,5025.98,2024-12-21,2025-12-21
POL-004562,Pacific Rim Insurance,0850,Alice Springs NT,B-F,SME,1239124,Roof Tie-Down,1743.97,2024-05-22,2025-05-22
POL-004563,Pacific Rim Insurance,0850,Alice Springs NT,B-F,Home,685875,None,1137.72,2023-10-17,2024-10-16
POL-004564,Southern Cross Insurance,0850,Alice Springs NT,B-F,SME,834095,Roof Tie-Down,1185.19,2024-11-11,2025-11-11
POL-004565,Southern Cross Insurance,0810,Darwin NT,T-W,Strata,6866606,None,63106.37,2023-01-25,2024-01-25
POL-004566,Southern Cross Insurance,6714,Karratha WA,T-W,Home,781922,None,8161.47,2025-01-07,2026-01-07
POL-004567,Outback Assurance Group,4802,Townsville QLD,T-W,Home,468922,None,4515.37,2024-05-22,2025-05-22
POL-004568,Outback Assurance Group,4737,Bowen QLD,Q-S,Home,391667,None,2449.02,2023-04-10,2024-04-09
POL-004569,Southern Cross Insurance,4703,Rockhampton QLD,Q-S,Home,545801,None,3369.42,2023-08-14,2024-08-13
POL-004570,Coral Coast Mutual,4870,Cairns QLD,T-W,Home,484253,Roof Tie-Down,3764.0,2024-09-21,2025-09-21
POL-004571,Coral Coast Mutual,4810,Townsville QLD,T-W,Strata,10249669,None,101103.96,2025-01-01,2026-01-01
POL-004572,Outback Assurance Group,0800,Darwin NT,T-W,Home,682827,None,6245.66,2023-10-05,2024-10-04
POL-004573,Pacific Rim Insurance,4655,Hervey Bay QLD,L-P,Home,454106,None,1853.55,2024-06-18,2025-06-18
POL-004574,Outback Assurance Group,4655,Hervey Bay QLD,L-P,Home,724314,Shutters Installed,2729.57,2024-10-09,2025-10-09
POL-004575,Coral Coast Mutual,4740,Mackay QLD,Q-S,Home,289169,Roof Tie-Down,1479.32,2025-07-07,2026-07-07
POL-004576,Southern Cross Insurance,4740,Mackay QLD,Q-S,Home,723545,None,5035.19,2025-09-26,2026-09-26
POL-004577,Coral Coast Mutual,4700,Rockhampton QLD,Q-S,Home,793851,None,5225.94,2023-02-14,2024-02-14
POL-004578,Southern Cross Insurance,0800,Darwin NT,T-W,Strata,4785047,None,47932.7,2024-06-03,2025-06-03
POL-004579,Southern Cross Insurance,6714,Karratha WA,T-W,Home,295554,Elevated Slab,2486.66,2025-03-31,2026-03-31
POL-004580,Coral Coast Mutual,4700,Rockhampton QLD,Q-S,Home,802813,Roof Tie-Down,4482.85,2025-02-28,2026-02-28
POL-004581,Outback Assurance Group,0850,Alice Springs NT,B-F,Home,833924,Roof Tie-Down,1245.69,2023-07-18,2024-07-17
POL-004582,Coral Coast Mutual,4825,Mount Isa QLD,B-F,Home,891203,None,1547.36,2024-07-18,2025-07-18
POL-004583,Pacific Rim Insurance,6721,Port Hedland WA,T-W,Home,417846,Roof Tie-Down,3576.04,2023-09-23,2024-09-22
POL-004584,Northbeam General,0810,Darwin NT,T-W,Home,661971,None,5900.58,2023-03-14,2024-03-13
POL-004585,Southern Cross Insurance,4737,Bowen QLD,Q-S,Home,634818,Roof Tie-Down,3185.78,2025-08-23,2026-08-23
POL-004586,Pacific Rim Insurance,0800,Darwin NT,T-W,Strata,4558518,Roof Tie-Down,35928.5,2024-01-25,2025-01-24
POL-004587,Pacific Rim Insurance,0800,Darwin NT,T-W,Strata,12138182,None,121360.5,2024-11-16,2025-11-16
POL-004588,Southern Cross Insurance,4879,Innisfail QLD,T-W,Home,526503,Roof Tie-Down,4212.57,2025-03-12,2026-03-12
POL-004589,Pacific Rim Insurance,4720,Charters Towers QLD,L-P,Home,356887,None,1593.23,2025-04-03,2026-04-03
POL-004590,Pacific Rim Insurance,0810,Darwin NT,T-W,SME,1986978,None,20599.37,2024-11-23,2025-11-23
POL-004591,Northbeam General,0810,Darwin NT,T-W,SME,2116338,None,20347.27,2024-11-16,2025-11-16
POL-004592,Northbeam General,6721,Port Hedland WA,T-W,Home,524552,Roof Tie-Down,3878.68,2023-04-06,2024-04-05
POL-004593,Southern Cross Insurance,4825,Mount Isa QLD,B-F,Home,839680,Roof Tie-Down,1319.01,2023-11-16,2024-11-15
POL-004594,Southern Cross Insurance,6714,Karratha WA,T-W,Strata,5883185,None,52051.41,2024-10-13,2025-10-13
POL-004595,Pacific Rim Insurance,4737,Bowen QLD,Q-S,SME,1699050,None,10628.18,2023-02-09,2024-02-09
POL-004596,Outback Assurance Group,4680,Gladstone QLD,L-P,Home,538243,None,2392.81,2025-04-06,2026-04-06
POL-004597,Southern Cross Insurance,4737,Bowen QLD,Q-S,Home,777778,None,5013.87,2023-08-06,2024-08-05
POL-004598,Coral Coast Mutual,4870,Cairns QLD,T-W,Home,620868,Shutters Installed,5277.15,2024-02-04,2025-02-03
POL-004599,Outback Assurance Group,6714,Karratha WA,T-W,Home,409872,None,3860.86,2024-11-08,2025-11-08
POL-004600,Outback Assurance Group,4810,Townsville QLD,T-W,Home,530734,Roof Tie-Down,3880.53,2023-08-08,2024-08-07
POL-004601,Outback Assurance Group,6000,Perth WA,B-F,Home,893235,None,1743.24,2024-06-21,2025-06-21
POL-004602,Outback Assurance Group,4870,Cairns QLD,T-W,Home,888015,Shutters Installed,6606.45,2023-08-23,2024-08-22
POL-004603,Southern Cross Insurance,4810,Townsville QLD,T-W,Home,674170,Roof Tie-Down,5948.54,2023-03-14,2024-03-13
POL-004604,Southern Cross Insurance,4655,Hervey Bay QLD,L-P,Home,722824,Roof Tie-Down,2503.37,2025-08-20,2026-08-20
POL-004605,Southern Cross Insurance,4825,Cloncurry QLD,B-F,Home,665841,None,1136.54,2024-12-02,2025-12-02
POL-004606,Outback Assurance Group,4825,Mount Isa QLD,B-F,Home,675770,None,1251.42,2023-10-30,2024-10-29
POL-004607,Southern Cross Insurance,0800,Darwin NT,T-W,Home,289271,Shutters Installed,2283.77,2023-10-23,2024-10-22
POL-004608,Coral Coast Mutual,4740,Mackay QLD,Q-S,Home,796364,Shutters Installed,4311.92,2024-09-05,2025-09-05
POL-004609,Coral Coast Mutual,4825,Cloncurry QLD,B-F,Home,862240,None,1650.22,2024-08-28,2025-08-28
POL-004610,Outback Assurance Group,4720,Charters Towers QLD,L-P,Home,262705,Roof Tie-Down,1012.54,2023-09-10,2024-09-09
POL-004611,Southern Cross Insurance,0800,Darwin NT,T-W,Home,728145,Roof Tie-Down,6230.13,2023-01-05,2024-01-05
POL-004612,Pacific Rim Insurance,4737,Bowen QLD,Q-S,Home,482703,None,3234.11,2023-11-17,2024-11-16
POL-004613,Southern Cross Insurance,6721,Port Hedland WA,T-W,Home,288768,None,2712.65,2023-04-16,2024-04-15
POL-004614,Coral Coast Mutual,4825,Mount Isa QLD,B-F,Home,693677,None,1331.56,2023-02-07,2024-02-07
POL-004615,Coral Coast Mutual,4810,Townsville QLD,T-W,Home,531070,None,4829.85,2023-03-30,2024-03-29
POL-004616,Pacific Rim Insurance,6714,Karratha WA,T-W,SME,1571536,Elevated Slab,11998.41,2023-08-27,2024-08-26
POL-004617,Northbeam General,6721,Port Hedland WA,T-W,SME,1836310,None,17005.42,2023-06-15,2024-06-14
POL-004618,Northbeam General,4802,Townsville QLD,T-W,Strata,13403574,None,115275.78,2023-08-05,2024-08-04
POL-004619,Pacific Rim Insurance,4680,Gladstone QLD,L-P,Home,308092,Roof Tie-Down,1058.34,2024-12-12,2025-12-12
POL-004620,Southern Cross Insurance,4802,Townsville QLD,T-W,Home,614887,None,5507.81,2024-01-31,2025-01-30
POL-004621,Northbeam General,4810,Townsville QLD,T-W,Home,496790,None,4345.5,2024-04-10,2025-04-10
POL-004622,Northbeam General,4802,Townsville QLD,T-W,SME,1049153,None,9514.55,2024-05-22,2025-05-22
POL-004623,Coral Coast Mutual,4703,Rockhampton QLD,Q-S,SME,1863795,None,12952.51,2024-01-21,2025-01-20
POL-004624,Pacific Rim Insurance,4350,Toowoomba QLD,B-F,SME,2409752,Roof Tie-Down,3804.06,2024-02-02,2025-02-01
POL-004625,Northbeam General,4737,Bowen QLD,Q-S,SME,728166,Shutters Installed,4418.21,2025-09-08,2026-09-08
POL-004626,Outback Assurance Group,6000,Perth WA,B-F,Home,754999,None,1472.45,2024-02-04,2025-02-03
POL-004627,Northbeam General,4740,Mackay QLD,Q-S,Home,836379,Elevated Slab,4751.38,2024-05-04,2025-05-04
POL-004628,Southern Cross Insurance,6714,Karratha WA,T-W,Home,377333,Roof Tie-Down,2979.07,2023-12-14,2024-12-13
POL-004629,Coral Coast Mutual,4655,Hervey Bay QLD,L-P,SME,2968405,None,11689.29,2025-06-16,2026-06-16
POL-004630,Outback Assurance Group,6000,Perth WA,B-F,Home,871312,Elevated Slab,1342.47,2024-09-02,2025-09-02
POL-004631,Northbeam General,4870,Cairns QLD,T-W,Home,593573,Shutters Installed,4659.49,2023-01-06,2024-01-06
POL-004632,Southern Cross Insurance,4810,Townsville QLD,T-W,SME,954991,Shutters Installed,7673.67,2025-05-10,2026-05-10
POL-004633,Coral Coast Mutual,4825,Cloncurry QLD,B-F,Strata,14538672,Elevated Slab,22614.27,2023-06-04,2024-06-03
POL-004634,Northbeam General,6714,Karratha WA,T-W,Home,307420,None,2820.77,2024-09-28,2025-09-28
POL-004635,Southern Cross Insurance,4655,Hervey Bay QLD,L-P,Strata,13187201,Roof Tie-Down,43125.65,2025-09-08,2026-09-08
POL-004636,Pacific Rim Insurance,4740,Mackay QLD,Q-S,Home,327384,Shutters Installed,1778.15,2025-05-16,2026-05-16
POL-004637,Pacific Rim Insurance,4737,Bowen QLD,Q-S,Home,514638,Shutters Installed,3109.48,2025-02-03,2026-02-03
POL-004638,Pacific Rim Insurance,4720,Charters Towers QLD,L-P,Home,492208,None,1861.05,2024-11-19,2025-11-19
POL-004639,Outback Assurance Group,4720,Charters Towers QLD,L-P,Home,806642,None,3627.55,2024-11-12,2025-11-12
POL-004640,Northbeam General,4802,Townsville QLD,T-W,Home,837917,None,8521.72,2024-05-04,2025-05-04
POL-004641,Pacific Rim Insurance,4703,Rockhampton QLD,Q-S,SME,657368,Shutters Installed,3460.31,2023-09-26,2024-09-25
POL-004642,Outback Assurance Group,0800,Darwin NT,T-W,Home,738850,None,7648.95,2023-09-08,2024-09-07
POL-004643,Southern Cross Insurance,4680,Gladstone QLD,L-P,Strata,3177882,None,13629.82,2023-05-10,2024-05-09
POL-004644,Southern Cross Insurance,4720,Charters Towers QLD,L-P,Home,272010,None,1122.03,2025-02-07,2026-02-07
POL-004645,Southern Cross Insurance,4720,Charters Towers QLD,L-P,SME,1605556,Elevated Slab,5298.01,2024-01-29,2025-01-28
POL-004646,Outback Assurance Group,4350,Toowoomba QLD,B-F,SME,2134176,Roof Tie-Down,3109.73,2023-04-30,2024-04-29
POL-004647,Pacific Rim Insurance,4810,Townsville QLD,T-W,Home,582256,None,5988.4,2024-09-16,2025-09-16
POL-004648,Northbeam General,4825,Mount Isa QLD,B-F,Home,537220,None,873.19,2023-09-07,2024-09-06
POL-004649,Northbeam General,4350,Toowoomba QLD,B-F,SME,2797318,None,5270.99,2024-11-05,2025-11-05
POL-004650,Outback Assurance Group,6714,Karratha WA,T-W,Home,406431,None,4158.79,2024-10-12,2025-10-12
POL-004651,Coral Coast Mutual,4737,Bowen QLD,Q-S,Strata,12108322,Roof Tie-Down,63425.11,2024-08-20,2025-08-20
POL-004652,Northbeam General,4810,Townsville QLD,T-W,SME,1093804,None,11297.83,2023-11-17,2024-11-16
POL-004653,Northbeam General,4810,Townsville QLD,T-W,Home,565919,Shutters Installed,4737.78,2023-10-13,2024-10-12
POL-004654,Southern Cross Insurance,4879,Innisfail QLD,T-W,SME,2224548,None,21164.04,2025-06-12,2026-06-12
POL-004655,Southern Cross Insurance,4825,Mount Isa QLD,B-F,Home,481511,None,788.08,2023-09-21,2024-09-20
POL-004656,Coral Coast Mutual,4810,Townsville QLD,T-W,SME,2756899,Roof Tie-Down,22260.54,2023-03-29,2024-03-28
POL-004657,Outback Assurance Group,6714,Karratha WA,T-W,SME,633984,None,6349.19,2025-07-20,2026-07-20
POL-004658,Coral Coast Mutual,4700,Rockhampton QLD,Q-S,SME,2957476,None,17501.66,2025-08-02,2026-08-02
POL-004659,Northbeam General,4802,Townsville QLD,T-W,Home,529389,Roof Tie-Down,4663.42,2025-09-03,2026-09-03
POL-004660,Northbeam General,4737,Bowen QLD,Q-S,Home,666113,Elevated Slab,3603.19,2023-01-24,2024-01-24
POL-004661,Northbeam General,0810,Darwin NT,T-W,Home,325980,None,3118.6,2023-01-07,2024-01-07
POL-004662,Outback Assurance Group,4810,Townsville QLD,T-W,Home,868069,None,8358.44,2024-05-16,2025-05-16
POL-004663,Coral Coast Mutual,4350,Toowoomba QLD,B-F,SME,2795996,None,4726.36,2025-04-30,2026-04-30
POL-004664,Northbeam General,0850,Alice Springs NT,B-F,SME,1852305,Shutters Installed,2588.85,2025-09-11,2026-09-11
POL-004665,Northbeam General,6000,Perth WA,B-F,SME,757935,Shutters Installed,1060.72,2024-05-05,2025-05-05
POL-004666,Northbeam General,4655,Hervey Bay QLD,L-P,Strata,5664445,None,24792.18,2024-03-11,2025-03-11
POL-004667,Coral Coast Mutual,4680,Gladstone QLD,L-P,Home,702029,None,2715.04,2023-06-14,2024-06-13
POL-004668,Southern Cross Insurance,4825,Cloncurry QLD,B-F,Home,465258,None,788.56,2025-03-26,2026-03-26
POL-004669,Pacific Rim Insurance,4825,Cloncurry QLD,B-F,Home,511352,Elevated Slab,709.15,2025-08-28,2026-08-28
POL-004670,Northbeam General,0810,Darwin NT,T-W,Home,515023,Roof Tie-Down,4569.89,2024-07-26,2025-07-26
POL-004671,Outback Assurance Group,4720,Charters Towers QLD,L-P,Home,429603,None,1912.37,2023-02-10,2024-02-10
POL-004672,Coral Coast Mutual,4720,Charters Towers QLD,L-P,Home,712817,Roof Tie-Down,2407.1,2024-03-13,2025-03-13
POL-004673,Southern Cross Insurance,6721,Port Hedland WA,T-W,Home,252799,Roof Tie-Down,2029.89,2023-01-07,2024-01-07
POL-004674,Coral Coast Mutual,4810,Townsville QLD,T-W,Home,559253,Roof Tie-Down,4188.77,2024-04-26,2025-04-26
POL-004675,Northbeam General,4825,Mount Isa QLD,B-F,Home,763861,None,1406.04,2024-03-16,2025-03-16
POL-004676,Southern Cross Insurance,4655,Hervey Bay QLD,L-P,Home,593133,Roof Tie-Down,2055.44,2023-04-04,2024-04-03
POL-004677,Coral Coast Mutual,4870,Cairns QLD,T-W,Strata,2542928,None,24221.92,2024-09-25,2025-09-25
POL-004678,Northbeam General,4825,Cloncurry QLD,B-F,SME,940315,None,1668.63,2023-06-27,2024-06-26
POL-004679,Coral Coast Mutual,4740,Mackay QLD,Q-S,Home,723743,Elevated Slab,3706.49,2023-09-04,2024-09-03
POL-004680,Northbeam General,4740,Mackay QLD,Q-S,Home,492130,None,2880.77,2025-07-15,2026-07-15
POL-004681,Coral Coast Mutual,6000,Perth WA,B-F,SME,1551999,None,2624.58,2024-04-12,2025-04-12
POL-004682,Pacific Rim Insurance,4703,Rockhampton QLD,Q-S,Home,850967,None,5134.74,2025-09-06,2026-09-06
POL-004683,Southern Cross Insurance,4870,Cairns QLD,T-W,SME,2142913,Roof Tie-Down,18028.94,2023-08-15,2024-08-14
POL-004684,Outback Assurance Group,4879,Innisfail QLD,T-W,SME,2967821,None,27548.69,2024-07-25,2025-07-25
POL-004685,Coral Coast Mutual,6721,Port Hedland WA,T-W,Home,251504,Shutters Installed,1931.07,2023-10-13,2024-10-12
POL-004686,Outback Assurance Group,4825,Mount Isa QLD,B-F,Strata,9313089,Elevated Slab,13938.29,2024-08-17,2025-08-17
POL-004687,Pacific Rim Insurance,4870,Cairns QLD,T-W,Home,554244,None,5569.42,2023-12-06,2024-12-05
POL-004688,Northbeam General,4870,Cairns QLD,T-W,Home,349597,None,3314.4,2023-11-03,2024-11-02
POL-004689,Northbeam General,4802,Townsville QLD,T-W,Strata,4851395,None,46233.19,2024-08-23,2025-08-23
POL-004690,Pacific Rim Insurance,6721,Port Hedland WA,T-W,Home,583291,Elevated Slab,5009.75,2024-10-31,2025-10-31
POL-004691,Northbeam General,4879,Innisfail QLD,T-W,Home,685895,None,5993.05,2025-01-06,2026-01-06
POL-004692,Northbeam General,0800,Darwin NT,T-W,Home,597515,Roof Tie-Down,4701.88,2024-12-15,2025-12-15
POL-004693,Pacific Rim Insurance,4700,Rockhampton QLD,Q-S,Home,829521,None,5861.46,2023-11-29,2024-11-28
POL-004694,Coral Coast Mutual,4825,Cloncurry QLD,B-F,Home,716672,None,1325.09,2023-08-29,2024-08-28
POL-004695,Northbeam General,6000,Perth WA,B-F,SME,1683719,None,3028.84,2024-02-19,2025-02-18
POL-004696,Southern Cross Insurance,6714,Karratha WA,T-W,SME,2899026,None,26792.37,2025-03-01,2026-03-01
POL-004697,Pacific Rim Insurance,4825,Mount Isa QLD,B-F,Home,416888,Shutters Installed,678.29,2023-11-24,2024-11-23
POL-004698,Outback Assurance Group,4879,Innisfail QLD,T-W,SME,2678756,None,25713.67,2023-07-01,2024-06-30
POL-004699,Northbeam General,4740,Mackay QLD,Q-S,Home,539784,None,3530.72,2023-01-20,2024-01-20
POL-004700,Southern Cross Insurance,4870,Cairns QLD,T-W,Home,809569,None,8292.17,2024-06-03,2025-06-03
POL-004701,Coral Coast Mutual,4802,Townsville QLD,T-W,Home,702739,None,6098.42,2025-06-29,2026-06-29
POL-004702,Coral Coast Mutual,0810,Darwin NT,T-W,Home,480881,None,4447.74,2024-12-20,2025-12-20
POL-004703,Coral Coast Mutual,6721,Port Hedland WA,T-W,SME,1159364,Elevated Slab,8510.3,2025-01-24,2026-01-24
POL-004704,Southern Cross Insurance,4802,Townsville QLD,T-W,Home,770015,Shutters Installed,6341.71,2025-05-23,2026-05-23
POL-004705,Southern Cross Insurance,0800,Darwin NT,T-W,SME,2884765,None,29035.78,2023-08-17,2024-08-16
POL-004706,Coral Coast Mutual,6721,Port Hedland WA,T-W,SME,998929,None,9380.03,2023-09-14,2024-09-13
POL-004707,Coral Coast Mutual,0800,Darwin NT,T-W,Home,826184,Elevated Slab,6764.82,2025-07-02,2026-07-02
POL-004708,Coral Coast Mutual,4720,Charters Towers QLD,L-P,Home,290869,None,1294.46,2023-04-22,2024-04-21
POL-004709,Pacific Rim Insurance,4700,Rockhampton QLD,Q-S,Home,461201,None,2925.21,2024-06-18,2025-06-18
POL-004710,Southern Cross Insurance,4655,Hervey Bay QLD,L-P,Home,455266,None,1825.04,2024-03-19,2025-03-19
POL-004711,Northbeam General,0810,Darwin NT,T-W,SME,2565162,None,24791.65,2025-01-08,2026-01-08
POL-004712,Southern Cross Insurance,4870,Cairns QLD,T-W,SME,1577606,None,14658.78,2023-04-19,2024-04-18
POL-004713,Pacific Rim Insurance,4350,Toowoomba QLD,B-F,SME,2409761,None,4404.64,2025-05-30,2026-05-30
POL-004714,Southern Cross Insurance,0810,Darwin NT,T-W,Home,594310,None,5867.19,2025-08-15,2026-08-15
POL-004715,Coral Coast Mutual,4350,Toowoomba QLD,B-F,Home,817282,None,1583.48,2024-11-23,2025-11-23
POL-004716,Outback Assurance Group,0810,Darwin NT,T-W,Home,838063,None,8536.08,2024-06-08,2025-06-08
POL-004717,Pacific Rim Insurance,4720,Charters Towers QLD,L-P,SME,1482980,None,6572.26,2025-09-19,2026-09-19
POL-004718,Outback Assurance Group,4737,Bowen QLD,Q-S,Home,846087,Shutters Installed,4215.16,2023-01-05,2024-01-05
POL-004719,Coral Coast Mutual,4350,Toowoomba QLD,B-F,Home,860682,Shutters Installed,1443.32,2025-05-20,2026-05-20
POL-004720,Coral Coast Mutual,6000,Perth WA,B-F,Home,514923,None,995.37,2023-11-14,2024-11-13
POL-004721,Northbeam General,0800,Darwin NT,T-W,SME,2090270,Roof Tie-Down,17154.16,2025-04-28,2026-04-28
POL-004722,Coral Coast Mutual,4879,Innisfail QLD,T-W,Home,610038,None,5545.94,2023-08-26,2024-08-25
POL-004723,Coral Coast Mutual,4737,Bowen QLD,Q-S,SME,857704,None,5786.23,2023-02-01,2024-02-01
POL-004724,Pacific Rim Insurance,4350,Toowoomba QLD,B-F,Home,790428,None,1340.05,2024-09-17,2025-09-17
POL-004725,Pacific Rim Insurance,6714,Karratha WA,T-W,Strata,11524287,None,114752.71,2024-04-18,2025-04-18
POL-004726,Northbeam General,4802,Townsville QLD,T-W,Strata,7271833,Elevated Slab,58138.01,2025-02-13,2026-02-13
POL-004727,Pacific Rim Insurance,0850,Alice Springs NT,B-F,Home,828985,None,1364.46,2024-05-03,2025-05-03
POL-004728,Northbeam General,6721,Port Hedland WA,T-W,Strata,7143609,Shutters Installed,59728.88,2024-05-15,2025-05-15
POL-004729,Outback Assurance Group,4740,Mackay QLD,Q-S,Strata,3641846,None,25122.48,2025-05-10,2026-05-10
POL-004730,Coral Coast Mutual,4737,Bowen QLD,Q-S,Strata,13510549,Roof Tie-Down,76688.4,2023-07-17,2024-07-16
POL-004731,Pacific Rim Insurance,4870,Cairns QLD,T-W,Home,782530,Roof Tie-Down,6362.66,2024-02-02,2025-02-01
POL-004732,Northbeam General,4700,Rockhampton QLD,Q-S,Home,775388,Roof Tie-Down,4131.12,2023-01-14,2024-01-14
POL-004733,Coral Coast Mutual,4703,Rockhampton QLD,Q-S,Home,606586,None,3650.96,2024-07-21,2025-07-21
POL-004734,Outback Assurance Group,4740,Mackay QLD,Q-S,SME,979839,Shutters Installed,5878.85,2024-11-30,2025-11-30
POL-004735,Coral Coast Mutual,6714,Karratha WA,T-W,Home,578793,None,5712.27,2024-12-28,2025-12-28
POL-004736,Northbeam General,0800,Darwin NT,T-W,Home,525232,None,5083.75,2023-02-24,2024-02-24
POL-004737,Outback Assurance Group,0810,Darwin NT,T-W,Strata,10087816,Shutters Installed,81252.19,2023-10-27,2024-10-26
POL-004738,Coral Coast Mutual,4810,Townsville QLD,T-W,Home,504830,Roof Tie-Down,4248.01,2023-11-18,2024-11-17
POL-004739,Southern Cross Insurance,4680,Gladstone QLD,L-P,SME,575748,None,2618.0,2023-06-02,2024-06-01
POL-004740,Coral Coast Mutual,4740,Mackay QLD,Q-S,Home,327220,None,1997.0,2025-09-24,2026-09-24
POL-004741,Outback Assurance Group,6000,Perth WA,B-F,Strata,11455652,None,19688.53,2024-04-26,2025-04-26
POL-004742,Pacific Rim Insurance,0800,Darwin NT,T-W,SME,2764406,Roof Tie-Down,21203.24,2024-11-09,2025-11-09
POL-004743,Southern Cross Insurance,4825,Mount Isa QLD,B-F,Strata,13358188,Roof Tie-Down,21388.07,2025-03-15,2026-03-15
POL-004744,Northbeam General,4879,Innisfail QLD,T-W,Home,674905,Elevated Slab,5017.54,2023-06-07,2024-06-06
POL-004745,Southern Cross Insurance,0810,Darwin NT,T-W,Strata,5973772,None,58523.9,2024-10-09,2025-10-09
POL-004746,Southern Cross Insurance,4680,Gladstone QLD,L-P,Home,834536,Shutters Installed,3095.47,2023-09-12,2024-09-11
POL-004747,Northbeam General,6000,Perth WA,B-F,Home,606630,Shutters Installed,943.11,2023-02-22,2024-02-22
POL-004748,Pacific Rim Insurance,4879,Innisfail QLD,T-W,Home,256938,Shutters Installed,2074.66,2024-05-13,2025-05-13
POL-004749,Outback Assurance Group,4810,Townsville QLD,T-W,SME,1307594,Shutters Installed,9993.05,2023-05-21,2024-05-20
POL-004750,Outback Assurance Group,4879,Innisfail QLD,T-W,SME,2919124,Roof Tie-Down,21505.69,2024-11-25,2025-11-25
POL-004751,Northbeam General,4740,Mackay QLD,Q-S,Home,506058,Roof Tie-Down,2740.22,2024-01-22,2025-01-21
POL-004752,Northbeam General,4879,Innisfail QLD,T-W,SME,1170668,None,12115.47,2023-07-08,2024-07-07
POL-004753,Southern Cross Insurance,4740,Mackay QLD,Q-S,Home,603536,Elevated Slab,3452.27,2024-02-15,2025-02-14
POL-004754,Southern Cross Insurance,4737,Bowen QLD,Q-S,SME,2338721,Roof Tie-Down,11690.69,2025-01-08,2026-01-08
POL-004755,Northbeam General,6714,Karratha WA,T-W,SME,634113,Roof Tie-Down,4820.61,2025-05-18,2026-05-18
POL-004756,Northbeam General,6000,Perth WA,B-F,Home,707623,Roof Tie-Down,1104.13,2025-07-04,2026-07-04
POL-004757,Northbeam General,0800,Darwin NT,T-W,Home,828009,None,8100.58,2024-12-03,2025-12-03
POL-004758,Pacific Rim Insurance,4350,Toowoomba QLD,B-F,Home,326093,None,615.22,2023-06-11,2024-06-10
POL-004759,Northbeam General,4655,Hervey Bay QLD,L-P,SME,871753,None,3297.02,2023-12-12,2024-12-11
POL-004760,Pacific Rim Insurance,4870,Cairns QLD,T-W,Home,688203,Roof Tie-Down,5048.33,2023-02-26,2024-02-26
POL-004761,Northbeam General,0810,Darwin NT,T-W,SME,2343225,None,22013.42,2023-10-14,2024-10-13
POL-004762,Pacific Rim Insurance,4737,Bowen QLD,Q-S,SME,2747383,Shutters Installed,14645.44,2025-01-22,2026-01-22
POL-004763,Outback Assurance Group,4825,Cloncurry QLD,B-F,SME,2696390,None,5274.33,2023-03-05,2024-03-04
POL-004764,Southern Cross Insurance,4703,Rockhampton QLD,Q-S,Home,793742,None,5500.45,2025-02-04,2026-02-04
POL-004765,Coral Coast Mutual,4825,Mount Isa QLD,B-F,Strata,11679136,Roof Tie-Down,18059.94,2025-07-12,2026-07-12
POL-004766,Coral Coast Mutual,6000,Perth WA,B-F,Home,777716,Elevated Slab,1208.85,2023-05-21,2024-05-20
POL-004767,Southern Cross Insurance,0850,Alice Springs NT,B-F,Home,687210,None,1315.77,2025-04-21,2026-04-21
POL-004768,Coral Coast Mutual,4879,Innisfail QLD,T-W,SME,2245328,None,19861.5,2024-10-04,2025-10-04
POL-004769,Coral Coast Mutual,6714,Karratha WA,T-W,Home,725055,None,6957.06,2024-12-12,2025-12-12
POL-004770,Pacific Rim Insurance,0850,Alice Springs NT,B-F,Home,523543,None,850.8,2023-01-04,2024-01-04
POL-004771,Outback Assurance Group,6000,Perth WA,B-F,Home,730403,None,1387.15,2023-02-24,2024-02-24
POL-004772,Northbeam General,4825,Mount Isa QLD,B-F,Home,774417,None,1423.69,2025-09-03,2026-09-03
POL-004773,Pacific Rim Insurance,4825,Cloncurry QLD,B-F,Home,314274,Elevated Slab,509.26,2023-05-20,2024-05-19
POL-004774,Outback Assurance Group,0810,Darwin NT,T-W,SME,698637,None,6912.41,2025-02-13,2026-02-13
POL-004775,Southern Cross Insurance,6000,Perth WA,B-F,Home,608193,Roof Tie-Down,873.94,2024-05-19,2025-05-19
POL-004776,Pacific Rim Insurance,4720,Charters Towers QLD,L-P,Strata,8496013,Roof Tie-Down,31717.71,2024-02-12,2025-02-11
POL-004777,Pacific Rim Insurance,4720,Charters Towers QLD,L-P,Home,670918,Shutters Installed,2336.73,2024-04-28,2025-04-28
POL-004778,Southern Cross Insurance,4680,Gladstone QLD,L-P,Home,860935,Roof Tie-Down,3088.1,2025-07-08,2026-07-08
POL-004779,Northbeam General,4700,Rockhampton QLD,Q-S,SME,960091,None,6311.29,2024-01-05,2025-01-04
POL-004780,Pacific Rim Insurance,4680,Gladstone QLD,L-P,SME,2073147,Shutters Installed,7833.07,2023-03-28,2024-03-27
POL-004781,Outback Assurance Group,4810,Townsville QLD,T-W,Home,524403,None,5037.79,2024-06-18,2025-06-18
POL-004782,Outback Assurance Group,4870,Cairns QLD,T-W,Strata,2019707,Roof Tie-Down,16935.86,2025-03-09,2026-03-09
POL-004783,Southern Cross Insurance,0850,Alice Springs NT,B-F,SME,1115338,Roof Tie-Down,1549.27,2024-04-23,2025-04-23
POL-004784,Pacific Rim Insurance,4740,Mackay QLD,Q-S,Home,548824,Shutters Installed,2866.14,2024-03-10,2025-03-10
POL-004785,Coral Coast Mutual,4802,Townsville QLD,T-W,Home,647732,Elevated Slab,5181.28,2023-06-05,2024-06-04
POL-004786,Pacific Rim Insurance,4879,Innisfail QLD,T-W,Home,320646,Roof Tie-Down,2377.72,2025-08-06,2026-08-06
POL-004787,Coral Coast Mutual,4870,Cairns QLD,T-W,Home,361290,None,3429.76,2025-01-24,2026-01-24
POL-004788,Coral Coast Mutual,4870,Cairns QLD,T-W,SME,601600,Roof Tie-Down,4516.5,2024-11-12,2025-11-12
POL-004789,Northbeam General,4802,Townsville QLD,T-W,Home,490798,None,4852.19,2024-09-24,2025-09-24
POL-004790,Outback Assurance Group,4740,Mackay QLD,Q-S,Home,430510,None,2865.53,2025-06-25,2026-06-25
POL-004791,Coral Coast Mutual,4680,Gladstone QLD,L-P,Strata,9941847,None,39826.9,2024-04-16,2025-04-16
POL-004792,Coral Coast Mutual,4350,Toowoomba QLD,B-F,SME,2895623,Elevated Slab,4755.55,2024-04-07,2025-04-07
POL-004793,Pacific Rim Insurance,6000,Perth WA,B-F,SME,1034799,Roof Tie-Down,1546.38,2024-11-25,2025-11-25
POL-004794,Southern Cross Insurance,6000,Perth WA,B-F,SME,1579776,Roof Tie-Down,2215.66,2023-10-19,2024-10-18
POL-004795,Coral Coast Mutual,4680,Gladstone QLD,L-P,SME,1623565,Shutters Installed,5262.13,2025-03-23,2026-03-23
POL-004796,Pacific Rim Insurance,4825,Mount Isa QLD,B-F,Strata,5998941,None,10708.66,2025-03-10,2026-03-10
POL-004797,Pacific Rim Insurance,4350,Toowoomba QLD,B-F,SME,2058720,None,3884.72,2025-02-28,2026-02-28
POL-004798,Pacific Rim Insurance,4737,Bowen QLD,Q-S,Home,645023,Roof Tie-Down,3754.14,2023-01-05,2024-01-05
POL-004799,Southern Cross Insurance,6714,Karratha WA,T-W,Home,730043,None,6659.63,2024-11-04,2025-11-04
POL-004800,Coral Coast Mutual,4680,Gladstone QLD,L-P,Home,659977,None,2780.89,2023-03-22,2024-03-21
POL-004801,Coral Coast Mutual,6000,Perth WA,B-F,Home,311144,Roof Tie-Down,448.58,2025-04-19,2026-04-19
POL-004802,Coral Coast Mutual,4720,Charters Towers QLD,L-P,Home,297325,Shutters Installed,1098.35,2024-03-30,2025-03-30
POL-004803,Northbeam General,6000,Perth WA,B-F,Home,855614,None,1557.92,2023-08-03,2024-08-02
POL-004804,Pacific Rim Insurance,6000,Perth WA,B-F,Home,402417,Shutters Installed,674.07,2025-01-24,2026-01-24
POL-004805,Coral Coast Mutual,0800,Darwin NT,T-W,Home,309510,Roof Tie-Down,2704.76,2024-06-14,2025-06-14
POL-004806,Pacific Rim Insurance,4825,Mount Isa QLD,B-F,Strata,13365356,Shutters Installed,20139.36,2024-06-07,2025-06-07
POL-004807,Southern Cross Insurance,4825,Cloncurry QLD,B-F,SME,2901710,None,4933.06,2023-06-19,2024-06-18
POL-004808,Southern Cross Insurance,4350,Toowoomba QLD,B-F,Home,373505,None,672.32,2023-08-03,2024-08-02
POL-004809,Pacific Rim Insurance,4737,Bowen QLD,Q-S,SME,1553426,Roof Tie-Down,8914.28,2025-05-21,2026-05-21
POL-004810,Outback Assurance Group,4870,Cairns QLD,T-W,SME,1055136,Roof Tie-Down,7920.05,2025-05-29,2026-05-29
POL-004811,Southern Cross Insurance,6000,Perth WA,B-F,Home,769401,None,1429.99,2023-05-18,2024-05-17
POL-004812,Outback Assurance Group,6714,Karratha WA,T-W,SME,1087720,Shutters Installed,9350.1,2024-06-13,2025-06-13
POL-004813,Coral Coast Mutual,4825,Cloncurry QLD,B-F,SME,991003,None,1950.91,2025-05-24,2026-05-24
POL-004814,Coral Coast Mutual,0850,Alice Springs NT,B-F,Strata,14227971,Shutters Installed,21942.22,2024-04-02,2025-04-02
POL-004815,Southern Cross Insurance,4655,Hervey Bay QLD,L-P,Home,509948,Roof Tie-Down,1979.07,2025-09-08,2026-09-08
POL-004816,Northbeam General,0850,Alice Springs NT,B-F,SME,2389944,None,4720.62,2025-06-19,2026-06-19
POL-004817,Southern Cross Insurance,4825,Mount Isa QLD,B-F,Home,442058,Roof Tie-Down,676.22,2024-07-02,2025-07-02
POL-004818,Outback Assurance Group,6000,Perth WA,B-F,Home,439718,Roof Tie-Down,662.52,2025-06-04,2026-06-04
POL-004819,Pacific Rim Insurance,4810,Townsville QLD,T-W,Strata,12379381,None,116545.59,2024-07-08,2025-07-08
POL-004820,Outback Assurance Group,4737,Bowen QLD,Q-S,Strata,6677163,Shutters Installed,35632.52,2023-09-22,2024-09-21
POL-004821,Northbeam General,6721,Port Hedland WA,T-W,Strata,2071662,Shutters Installed,15442.39,2024-09-17,2025-09-17
POL-004822,Southern Cross Insurance,4802,Townsville QLD,T-W,Strata,8978463,None,93734.88,2025-07-27,2026-07-27
POL-004823,Southern Cross Insurance,6714,Karratha WA,T-W,Strata,13666531,Elevated Slab,109334.85,2024-11-10,2025-11-10
POL-004824,Southern Cross Insurance,4802,Townsville QLD,T-W,Home,511300,Elevated Slab,4141.9,2023-01-28,2024-01-28
POL-004825,Outback Assurance Group,0810,Darwin NT,T-W,SME,2614533,None,23776.7,2023-10-29,2024-10-28
POL-004826,Southern Cross Insurance,4810,Townsville QLD,T-W,Home,616448,None,5747.47,2025-08-01,2026-08-01
POL-004827,Northbeam General,4680,Gladstone QLD,L-P,Home,392714,None,1717.11,2024-12-19,2025-12-19
POL-004828,Pacific Rim Insurance,4740,Mackay QLD,Q-S,Strata,2473501,None,16583.34,2023-12-10,2024-12-09
POL-004829,Northbeam General,6000,Perth WA,B-F,Home,493338,None,817.35,2023-02-05,2024-02-05
POL-004830,Outback Assurance Group,0810,Darwin NT,T-W,Home,502992,None,4537.66,2023-08-07,2024-08-06
POL-004831,Northbeam General,4700,Rockhampton QLD,Q-S,SME,2463840,None,14629.36,2024-02-28,2025-02-27
POL-004832,Southern Cross Insurance,6721,Port Hedland WA,T-W,Home,619249,None,5786.82,2025-06-01,2026-06-01
POL-004833,Pacific Rim Insurance,0800,Darwin NT,T-W,Home,820012,Roof Tie-Down,6884.51,2024-05-18,2025-05-18
POL-004834,Southern Cross Insurance,4700,Rockhampton QLD,Q-S,Home,299792,None,2106.94,2024-03-02,2025-03-02
POL-004835,Outback Assurance Group,6714,Karratha WA,T-W,SME,2541850,Shutters Installed,19833.03,2024-02-15,2025-02-14
POL-004836,Southern Cross Insurance,4350,Toowoomba QLD,B-F,Home,560852,Shutters Installed,786.01,2025-08-10,2026-08-10
POL-004837,Southern Cross Insurance,4700,Rockhampton QLD,Q-S,Home,797622,None,4848.61,2023-05-23,2024-05-22
POL-004838,Southern Cross Insurance,4700,Rockhampton QLD,Q-S,Strata,11064637,None,70211.69,2024-08-21,2025-08-21
POL-004839,Pacific Rim Insurance,6714,Karratha WA,T-W,SME,2036253,None,19690.02,2025-01-01,2026-01-01
POL-004840,Pacific Rim Insurance,4720,Charters Towers QLD,L-P,SME,2503449,Roof Tie-Down,9635.43,2024-12-10,2025-12-10
POL-004841,Northbeam General,6721,Port Hedland WA,T-W,Home,411601,Roof Tie-Down,3020.86,2023-03-23,2024-03-22
POL-004842,Northbeam General,4700,Rockhampton QLD,Q-S,SME,2330518,None,13909.75,2025-01-21,2026-01-21
POL-004843,Outback Assurance Group,4703,Rockhampton QLD,Q-S,SME,1272352,None,8878.09,2025-08-25,2026-08-25
POL-004844,Outback Assurance Group,4720,Charters Towers QLD,L-P,Home,714009,Shutters Installed,2767.96,2025-02-05,2026-02-05
POL-004845,Coral Coast Mutual,4825,Cloncurry QLD,B-F,Home,817886,Elevated Slab,1302.03,2025-03-07,2026-03-07
POL-004846,Northbeam General,4700,Rockhampton QLD,Q-S,Home,647115,None,4611.36,2025-01-09,2026-01-09
POL-004847,Coral Coast Mutual,0810,Darwin NT,T-W,Home,756585,None,7114.01,2023-08-20,2024-08-19
POL-004848,Pacific Rim Insurance,4737,Bowen QLD,Q-S,Strata,2121687,None,13533.63,2024-11-12,2025-11-12
POL-004849,Coral Coast Mutual,4350,Toowoomba QLD,B-F,SME,1855250,Shutters Installed,3016.38,2025-02-11,2026-02-11
POL-004850,Northbeam General,0850,Alice Springs NT,B-F,Home,431911,None,729.69,2024-10-27,2025-10-27
POL-004851,Northbeam General,4737,Bowen QLD,Q-S,Home,288326,None,1707.67,2023-12-05,2024-12-04
POL-004852,Northbeam General,6714,Karratha WA,T-W,Home,742638,None,6657.61,2025-08-22,2026-08-22
POL-004853,Outback Assurance Group,4737,Bowen QLD,Q-S,Home,382711,None,2323.55,2023-12-19,2024-12-18
POL-004854,Northbeam General,4870,Cairns QLD,T-W,Home,516939,Roof Tie-Down,3791.72,2025-01-14,2026-01-14
POL-004855,Northbeam General,6714,Karratha WA,T-W,Home,680487,Shutters Installed,5518.24,2025-01-13,2026-01-13
POL-004856,Southern Cross Insurance,4802,Townsville QLD,T-W,SME,2321634,None,22713.83,2023-10-28,2024-10-27
POL-004857,Coral Coast Mutual,0800,Darwin NT,T-W,Home,813543,None,8275.55,2023-03-12,2024-03-11
POL-004858,Outback Assurance Group,4802,Townsville QLD,T-W,Home,549357,None,5114.23,2024-10-22,2025-10-22
POL-004859,Coral Coast Mutual,4350,Toowoomba QLD,B-F,Home,609944,None,1071.57,2023-01-11,2024-01-11
POL-004860,Outback Assurance Group,6000,Perth WA,B-F,Home,527407,None,996.06,2024-03-17,2025-03-17
POL-004861,Coral Coast Mutual,4350,Toowoomba QLD,B-F,Home,323980,None,637.38,2023-06-16,2024-06-15
POL-004862,Southern Cross Insurance,4825,Cloncurry QLD,B-F,Home,737844,Elevated Slab,1223.28,2024-03-24,2025-03-24
POL-004863,Coral Coast Mutual,4870,Cairns QLD,T-W,SME,1078138,Elevated Slab,8251.78,2024-09-21,2025-09-21
POL-004864,Coral Coast Mutual,6714,Karratha WA,T-W,Home,542602,None,5627.81,2024-03-07,2025-03-07
POL-004865,Southern Cross Insurance,4740,Mackay QLD,Q-S,Home,832125,Roof Tie-Down,4684.51,2023-07-31,2024-07-30
POL-004866,Pacific Rim Insurance,4825,Mount Isa QLD,B-F,Home,486337,None,938.34,2023-09-08,2024-09-07
POL-004867,Outback Assurance Group,4720,Charters Towers QLD,L-P,Home,779063,Roof Tie-Down,2780.59,2025-06-06,2026-06-06
POL-004868,Coral Coast Mutual,0810,Darwin NT,T-W,Home,694909,Shutters Installed,5667.19,2023-02-24,2024-02-24
POL-004869,Southern Cross Insurance,4825,Cloncurry QLD,B-F,SME,2668439,Roof Tie-Down,4224.51,2025-08-27,2026-08-27
POL-004870,Coral Coast Mutual,4680,Gladstone QLD,L-P,SME,1575258,Shutters Installed,6003.5,2023-07-22,2024-07-21
POL-004871,Outback Assurance Group,4655,Hervey Bay QLD,L-P,Home,721703,Roof Tie-Down,2571.84,2024-06-07,2025-06-07
POL-004872,Pacific Rim Insurance,4825,Mount Isa QLD,B-F,Strata,8137345,None,14964.05,2024-11-06,2025-11-06
POL-004873,Coral Coast Mutual,4680,Gladstone QLD,L-P,Home,560184,None,2283.81,2024-05-21,2025-05-21
POL-004874,Coral Coast Mutual,4802,Townsville QLD,T-W,Home,635712,None,5466.04,2023-12-17,2024-12-16
POL-004875,Outback Assurance Group,4350,Toowoomba QLD,B-F,SME,2762001,Elevated Slab,4403.41,2023-03-26,2024-03-25
POL-004876,Northbeam General,0800,Darwin NT,T-W,Home,550128,Elevated Slab,4795.51,2024-07-26,2025-07-26
POL-004877,Coral Coast Mutual,4810,Townsville QLD,T-W,Home,578144,Roof Tie-Down,4323.96,2025-05-23,2026-05-23
POL-004878,Pacific Rim Insurance,0810,Darwin NT,T-W,SME,2300569,Roof Tie-Down,20041.79,2025-03-03,2026-03-03
POL-004879,Southern Cross Insurance,4720,Charters Towers QLD,L-P,Home,663513,None,2870.42,2023-04-09,2024-04-08
POL-004880,Outback Assurance Group,4810,Townsville QLD,T-W,Home,563911,Roof Tie-Down,4856.15,2024-01-19,2025-01-18
POL-004881,Northbeam General,6721,Port Hedland WA,T-W,SME,651835,Shutters Installed,5583.41,2023-02-11,2024-02-11
POL-004882,Pacific Rim Insurance,0850,Alice Springs NT,B-F,Home,524807,None,937.71,2023-01-27,2024-01-27
POL-004883,Northbeam General,4825,Cloncurry QLD,B-F,Home,447711,None,857.86,2024-01-07,2025-01-06
POL-004884,Coral Coast Mutual,4700,Rockhampton QLD,Q-S,SME,1106871,Roof Tie-Down,6406.35,2023-10-19,2024-10-18
POL-004885,Northbeam General,4870,Cairns QLD,T-W,SME,1240014,Roof Tie-Down,11011.76,2024-03-22,2025-03-22
POL-004886,Northbeam General,6721,Port Hedland WA,T-W,Home,273123,None,2634.04,2023-04-03,2024-04-02
POL-004887,Northbeam General,4825,Mount Isa QLD,B-F,SME,1917068,None,3601.47,2024-11-06,2025-11-06
POL-004888,Coral Coast Mutual,4680,Gladstone QLD,L-P,Home,845783,Shutters Installed,2754.42,2023-01-28,2024-01-28
POL-004889,Northbeam General,0850,Alice Springs NT,B-F,Home,392916,Shutters Installed,637.29,2024-11-02,2025-11-02
POL-004890,Southern Cross Insurance,0810,Darwin NT,T-W,Home,340538,Elevated Slab,2779.37,2024-08-31,2025-08-31
POL-004891,Coral Coast Mutual,0800,Darwin NT,T-W,Home,494552,Shutters Installed,3803.41,2024-05-29,2025-05-29
POL-004892,Outback Assurance Group,0850,Alice Springs NT,B-F,Home,703409,Shutters Installed,1117.52,2025-07-02,2026-07-02
POL-004893,Northbeam General,4879,Innisfail QLD,T-W,Home,767544,Roof Tie-Down,5874.66,2025-04-19,2026-04-19
POL-004894,Northbeam General,0800,Darwin NT,T-W,SME,1093839,Roof Tie-Down,9043.4,2025-06-23,2026-06-23
POL-004895,Coral Coast Mutual,4720,Charters Towers QLD,L-P,Home,346748,Shutters Installed,1185.9,2025-05-29,2026-05-29
POL-004896,Pacific Rim Insurance,4825,Cloncurry QLD,B-F,Home,881601,None,1444.3,2024-07-12,2025-07-12
POL-004897,Northbeam General,4825,Mount Isa QLD,B-F,Home,566689,None,1083.19,2023-06-11,2024-06-10
POL-004898,Pacific Rim Insurance,0800,Darwin NT,T-W,SME,2814722,Roof Tie-Down,24405.63,2023-02-06,2024-02-06
POL-004899,Northbeam General,0810,Darwin NT,T-W,Home,586523,Shutters Installed,4634.4,2024-07-29,2025-07-29
POL-004900,Outback Assurance Group,0800,Darwin NT,T-W,Home,701976,Roof Tie-Down,6100.39,2024-10-03,2025-10-03
POL-004901,Southern Cross Insurance,0850,Alice Springs NT,B-F,Home,322566,Shutters Installed,534.12,2023-03-29,2024-03-28
POL-004902,Pacific Rim Insurance,4703,Rockhampton QLD,Q-S,SME,786889,None,5235.88,2025-06-28,2026-06-28
POL-004903,Northbeam General,0850,Alice Springs NT,B-F,Home,281638,Shutters Installed,397.47,2025-01-09,2026-01-09
POL-004904,Coral Coast Mutual,4700,Rockhampton QLD,Q-S,Home,511111,None,3171.01,2025-03-29,2026-03-29
POL-004905,Pacific Rim Insurance,4802,Townsville QLD,T-W,Home,767045,Roof Tie-Down,5669.41,2025-07-04,2026-07-04
POL-004906,Northbeam General,0850,Alice Springs NT,B-F,SME,2480087,Shutters Installed,3759.46,2025-02-08,2026-02-08
POL-004907,Outback Assurance Group,4680,Gladstone QLD,L-P,SME,1037634,None,4119.32,2025-04-25,2026-04-25
POL-004908,Pacific Rim Insurance,4703,Rockhampton QLD,Q-S,Home,455359,Roof Tie-Down,2597.44,2025-09-09,2026-09-09
POL-004909,Outback Assurance Group,4825,Mount Isa QLD,B-F,Home,307535,None,533.13,2025-06-29,2026-06-29
POL-004910,Northbeam General,4870,Cairns QLD,T-W,Strata,11618899,None,112853.18,2025-05-30,2026-05-30
POL-004911,Pacific Rim Insurance,4740,Mackay QLD,Q-S,Home,273813,None,1606.67,2024-08-31,2025-08-31
POL-004912,Northbeam General,6000,Perth WA,B-F,Home,666182,None,1174.48,2024-09-11,2025-09-11
POL-004913,Outback Assurance Group,0810,Darwin NT,T-W,Strata,13576644,Shutters Installed,108780.94,2023-01-30,2024-01-30
POL-004914,Outback Assurance Group,0800,Darwin NT,T-W,SME,437339,Shutters Installed,3730.23,2024-08-16,2025-08-16
POL-004915,Northbeam General,4825,Mount Isa QLD,B-F,Home,691299,Roof Tie-Down,993.78,2023-07-06,2024-07-05
POL-004916,Outback Assurance Group,6721,Port Hedland WA,T-W,Home,675953,Roof Tie-Down,5281.08,2024-07-01,2025-07-01
POL-004917,Northbeam General,6721,Port Hedland WA,T-W,Home,801690,None,7695.35,2024-09-30,2025-09-30
POL-004918,Northbeam General,4350,Toowoomba QLD,B-F,Home,255456,None,491.16,2024-05-19,2025-05-19
POL-004919,Coral Coast Mutual,0810,Darwin NT,T-W,Home,818054,None,8297.59,2023-05-25,2024-05-24
POL-004920,Southern Cross Insurance,4825,Cloncurry QLD,B-F,Strata,7973875,None,13825.83,2025-06-10,2026-06-10
POL-004921,Southern Cross Insurance,4703,Rockhampton QLD,Q-S,Home,854093,Roof Tie-Down,5148.11,2025-03-11,2026-03-11
POL-004922,Outback Assurance Group,4703,Rockhampton QLD,Q-S,Strata,4769803,None,32729.3,2023-08-29,2024-08-28
POL-004923,Outback Assurance Group,0850,Alice Springs NT,B-F,Home,824414,None,1546.4,2023-07-20,2024-07-19
POL-004924,Coral Coast Mutual,4802,Townsville QLD,T-W,SME,1408816,Roof Tie-Down,11448.74,2023-02-03,2024-02-03
POL-004925,Coral Coast Mutual,4350,Toowoomba QLD,B-F,Home,794087,Elevated Slab,1169.08,2024-03-07,2025-03-07
POL-004926,Outback Assurance Group,4720,Charters Towers QLD,L-P,Home,528657,None,2041.96,2023-08-25,2024-08-24
POL-004927,Northbeam General,4825,Mount Isa QLD,B-F,Home,360781,Elevated Slab,547.29,2023-12-20,2024-12-19
POL-004928,Coral Coast Mutual,4802,Townsville QLD,T-W,Home,377746,Elevated Slab,2903.97,2024-06-09,2025-06-09
POL-004929,Coral Coast Mutual,4870,Cairns QLD,T-W,Home,532438,Roof Tie-Down,4087.1,2023-03-23,2024-03-22
POL-004930,Outback Assurance Group,4737,Bowen QLD,Q-S,Home,576742,Roof Tie-Down,3321.19,2024-12-20,2025-12-20
POL-004931,Southern Cross Insurance,4825,Mount Isa QLD,B-F,Home,374007,None,619.62,2024-01-31,2025-01-30
POL-004932,Southern Cross Insurance,4703,Rockhampton QLD,Q-S,SME,2565926,Roof Tie-Down,14481.74,2024-02-14,2025-02-13
POL-004933,Coral Coast Mutual,6714,Karratha WA,T-W,Home,532710,None,4938.36,2023-12-26,2024-12-25
POL-004934,Coral Coast Mutual,4700,Rockhampton QLD,Q-S,SME,1435148,None,9104.16,2025-02-10,2026-02-10
POL-004935,Coral Coast Mutual,4350,Toowoomba QLD,B-F,Home,529883,Roof Tie-Down,860.49,2023-07-23,2024-07-22
POL-004936,Outback Assurance Group,6000,Perth WA,B-F,Home,604379,Shutters Installed,988.98,2023-12-29,2024-12-28
POL-004937,Pacific Rim Insurance,4879,Innisfail QLD,T-W,Home,257282,Shutters Installed,2223.49,2023-04-05,2024-04-04
POL-004938,Northbeam General,4879,Innisfail QLD,T-W,Home,770663,Roof Tie-Down,6565.92,2025-09-06,2026-09-06
POL-004939,Southern Cross Insurance,4720,Charters Towers QLD,L-P,Home,530028,None,2309.37,2024-12-08,2025-12-08
POL-004940,Pacific Rim Insurance,4737,Bowen QLD,Q-S,SME,2038206,None,14037.52,2023-08-26,2024-08-25
POL-004941,Outback Assurance Group,4680,Gladstone QLD,L-P,SME,2836596,None,11496.35,2024-11-26,2025-11-26
POL-004942,Pacific Rim Insurance,4870,Cairns QLD,T-W,Strata,6339221,None,54554.17,2025-01-03,2026-01-03
POL-004943,Southern Cross Insurance,4802,Townsville QLD,T-W,Home,628233,None,5410.96,2023-04-27,2024-04-26
POL-004944,Southern Cross Insurance,4703,Rockhampton QLD,Q-S,Home,522233,None,3636.29,2025-02-10,2026-02-10
POL-004945,Outback Assurance Group,4350,Toowoomba QLD,B-F,Home,514112,None,936.87,2023-07-13,2024-07-12
POL-004946,Pacific Rim Insurance,4737,Bowen QLD,Q-S,Home,431110,None,2976.22,2025-08-08,2026-08-08
POL-004947,Pacific Rim Insurance,6714,Karratha WA,T-W,SME,920570,None,8404.14,2023-07-05,2024-07-04
POL-004948,Coral Coast Mutual,4680,Gladstone QLD,L-P,Home,656006,None,2715.41,2023-12-04,2024-12-03
POL-004949,Coral Coast Mutual,0810,Darwin NT,T-W,SME,2396401,None,24325.58,2024-12-15,2025-12-15
POL-004950,Southern Cross Insurance,4879,Innisfail QLD,T-W,Home,774801,Shutters Installed,5640.57,2023-01-13,2024-01-13
POL-004951,Outback Assurance Group,4879,Innisfail QLD,T-W,Strata,14053589,None,143237.74,2024-10-25,2025-10-25
POL-004952,Pacific Rim Insurance,4703,Rockhampton QLD,Q-S,Home,548389,None,3705.05,2023-11-23,2024-11-22
POL-004953,Northbeam General,4700,Rockhampton QLD,Q-S,Home,679181,None,4601.5,2024-07-18,2025-07-18
POL-004954,Southern Cross Insurance,4700,Rockhampton QLD,Q-S,Home,789373,None,5239.74,2025-01-05,2026-01-05
POL-004955,Southern Cross Insurance,4740,Mackay QLD,Q-S,Home,737717,Elevated Slab,4121.69,2025-08-26,2026-08-26
POL-004956,Southern Cross Insurance,0810,Darwin NT,T-W,SME,1817007,None,17083.67,2025-09-01,2026-09-01
POL-004957,Southern Cross Insurance,4350,Toowoomba QLD,B-F,Home,843786,Shutters Installed,1239.8,2023-10-16,2024-10-15
POL-004958,Northbeam General,6721,Port Hedland WA,T-W,Home,507135,None,4637.96,2023-12-26,2024-12-25
POL-004959,Outback Assurance Group,4825,Cloncurry QLD,B-F,Home,427190,Shutters Installed,676.41,2025-04-09,2026-04-09
POL-004960,Northbeam General,4680,Gladstone QLD,L-P,SME,2806600,None,12951.28,2023-05-08,2024-05-07
POL-004961,Outback Assurance Group,4740,Mackay QLD,Q-S,Strata,7464531,Elevated Slab,40238.19,2024-10-14,2025-10-14
POL-004962,Southern Cross Insurance,0850,Alice Springs NT,B-F,Home,792798,Roof Tie-Down,1227.63,2025-06-23,2026-06-23
POL-004963,Pacific Rim Insurance,4720,Charters Towers QLD,L-P,SME,557366,None,2422.93,2024-06-18,2025-06-18
POL-004964,Southern Cross Insurance,6000,Perth WA,B-F,Home,252127,None,452.71,2024-08-13,2025-08-13
POL-004965,Coral Coast Mutual,0800,Darwin NT,T-W,Strata,7044854,Roof Tie-Down,61813.91,2023-09-21,2024-09-20
POL-004966,Pacific Rim Insurance,4655,Hervey Bay QLD,L-P,SME,832311,Roof Tie-Down,3268.1,2025-05-26,2026-05-26
POL-004967,Coral Coast Mutual,4350,Toowoomba QLD,B-F,Home,630885,None,1203.78,2023-06-26,2024-06-25
POL-004968,Coral Coast Mutual,0850,Alice Springs NT,B-F,Home,791254,None,1543.11,2025-05-28,2026-05-28
POL-004969,Outback Assurance Group,4700,Rockhampton QLD,Q-S,Home,756307,None,5378.58,2024-07-26,2025-07-26
POL-004970,Northbeam General,4737,Bowen QLD,Q-S,Home,837736,None,5867.14,2024-10-09,2025-10-09
POL-004971,Pacific Rim Insurance,6714,Karratha WA,T-W,Home,349412,Shutters Installed,2627.85,2025-02-07,2026-02-07
POL-004972,Pacific Rim Insurance,4870,Cairns QLD,T-W,Home,424060,Roof Tie-Down,3360.03,2024-08-08,2025-08-08
POL-004973,Pacific Rim Insurance,4740,Mackay QLD,Q-S,Home,681944,None,4634.78,2023-06-01,2024-05-31
POL-004974,Pacific Rim Insurance,4879,Innisfail QLD,T-W,Home,463142,None,4443.24,2023-08-09,2024-08-08
POL-004975,Pacific Rim Insurance,4680,Gladstone QLD,L-P,Home,672063,Elevated Slab,2523.06,2024-11-15,2025-11-15
POL-004976,Outback Assurance Group,0810,Darwin NT,T-W,Strata,2019526,None,20448.32,2023-07-13,2024-07-12
POL-004977,Northbeam General,4870,Cairns QLD,T-W,SME,488814,None,4594.53,2025-04-10,2026-04-10
POL-004978,Outback Assurance Group,0850,Alice Springs NT,B-F,Home,786992,Roof Tie-Down,1264.74,2024-03-02,2025-03-02
POL-004979,Pacific Rim Insurance,4802,Townsville QLD,T-W,Home,286829,Roof Tie-Down,2348.87,2025-06-29,2026-06-29
POL-004980,Outback Assurance Group,4350,Toowoomba QLD,B-F,Home,412058,Shutters Installed,652.18,2024-12-09,2025-12-09
POL-004981,Pacific Rim Insurance,0850,Alice Springs NT,B-F,SME,2117005,None,4141.27,2023-06-30,2024-06-29
POL-004982,Coral Coast Mutual,4879,Innisfail QLD,T-W,Home,550309,None,5409.03,2023-10-03,2024-10-02
POL-004983,Coral Coast Mutual,4655,Hervey Bay QLD,L-P,Home,743765,Roof Tie-Down,2599.57,2024-11-24,2025-11-24
POL-004984,Coral Coast Mutual,4825,Mount Isa QLD,B-F,SME,2506149,None,4152.86,2024-08-23,2025-08-23
POL-004985,Northbeam General,0850,Alice Springs NT,B-F,Home,292318,Elevated Slab,419.86,2023-12-08,2024-12-07
POL-004986,Northbeam General,0810,Darwin NT,T-W,Home,438273,Elevated Slab,3466.29,2025-09-27,2026-09-27
POL-004987,Coral Coast Mutual,4740,Mackay QLD,Q-S,Home,657833,None,4415.57,2025-07-14,2026-07-14
POL-004988,Pacific Rim Insurance,4680,Gladstone QLD,L-P,Home,714835,None,2835.79,2023-01-11,2024-01-11
POL-004989,Outback Assurance Group,4740,Mackay QLD,Q-S,Strata,6327018,None,43392.13,2023-02-10,2024-02-10
POL-004990,Coral Coast Mutual,4350,Toowoomba QLD,B-F,Home,609482,Elevated Slab,866.6,2023-06-02,2024-06-01
POL-004991,Pacific Rim Insurance,4737,Bowen QLD,Q-S,Home,378106,None,2273.43,2024-12-26,2025-12-26
POL-004992,Coral Coast Mutual,4703,Rockhampton QLD,Q-S,Home,872387,None,6218.79,2023-03-05,2024-03-04
POL-004993,Northbeam General,4703,Rockhampton QLD,Q-S,Home,678023,None,4495.71,2023-08-02,2024-08-01
POL-004994,Coral Coast Mutual,9999,Unknown Region,T-W,Home,520398,Shutters Installed,3890.85,2024-06-29,2025-06-29
POL-004995,Northbeam General,4655,Hervey Bay QLD,L-P,Home,794877,None,795877.00,2023-05-24,2024-05-23
POL-004996,Northbeam General,0850,Alice Springs NT,B-F,SME,2831564,Roof Tie-Down,4079.2,2023-02-06,2022-01-01
POL-004997,Pacific Rim Insurance,4350,Toowoomba QLD,B-F,SME,623164,None,"1,234.56",2024-12-10,2025-12-10
POL-004998,Southern Cross Insurance,6721,Port Hedland WA,T-W,Home,abc,Shutters Installed,2170.51,2024-04-01,2025-04-01
POL-004999,Pacific Rim Insurance,,Perth WA,B-F,Home,456205,Shutters Installed,723.51,2024-10-09,2025-10-09
,Southern Cross Insurance,4720,Charters Towers QLD,L-P,Home,667987,Shutters Installed,2448.92,2025-09-18,2026-09-18
POL-004991,Pacific Rim Insurance,4737,Bowen QLD,Q-S,Home,378106,None,2323.43,2024-12-26,2025-12-26
POL-004990,Coral Coast Mutual,4350,Toowoomba QLD,B-F,Home,609482,Elevated Slab,916.60,2023-06-02,2024-06-01
POL-004989,Outback Assurance Group,4740,Mackay QLD,Q-S,Strata,6327018,None,43442.13,2023-02-10,2024-02-10
